entry_type,sheet_name,field_name,code_group,code,label_or_definition,decision_rule,data_type,required_stage,missing_rule,rq_mapping,phase_boundary,schema_version
field,01_STUDY_MASTER,study_cluster_id,,,Locked Phase B study-level primary key.,Required in the Phase D baseline or when a row is created.,text,baseline,Must not be blank.,,Phase_D_raw_evidence,phase_d_schema_v1.0_pilot_locked
field,01_STUDY_MASTER,canonical_screening_record_id,,,Canonical report identifier from the final Phase B cluster register.,Required in the Phase D baseline or when a row is created.,text,baseline,Must not be blank.,,Phase_D_raw_evidence,phase_d_schema_v1.0_pilot_locked
field,01_STUDY_MASTER,primary_extraction_screening_record_id,,,Designated eligible report used as the first extraction source.,Required in the Phase D baseline or when a row is created.,text,baseline,Must not be blank.,,Phase_D_raw_evidence,phase_d_schema_v1.0_pilot_locked
field,01_STUDY_MASTER,eligible_report_count,,,Number of include_primary reports mapped to the study.,Complete during extraction when applicable; do not infer unsupported content.,number,extraction_or_verification,Blank=not reviewed; after review use reported/NR/NA/UNC where applicable.,,Phase_D_raw_evidence,phase_d_schema_v1.0_pilot_locked
field,01_STUDY_MASTER,known_lineage_report_count,,,"All known reports/versions in the Phase B cluster, including non-primary lineage.",Complete during extraction when applicable; do not infer unsupported content.,number,extraction_or_verification,Blank=not reviewed; after review use reported/NR/NA/UNC where applicable.,,Phase_D_raw_evidence,phase_d_schema_v1.0_pilot_locked
field,01_STUDY_MASTER,retrieved_272_lineage_report_count,,,retrieved 272 lineage report count,Complete during extraction when applicable; do not infer unsupported content.,number,extraction_or_verification,Blank=not reviewed; after review use reported/NR/NA/UNC where applicable.,,Phase_D_raw_evidence,phase_d_schema_v1.0_pilot_locked
field,01_STUDY_MASTER,noneligible_or_external_lineage_count,,,noneligible or external lineage count,Complete during extraction when applicable; do not infer unsupported content.,number,extraction_or_verification,Blank=not reviewed; after review use reported/NR/NA/UNC where applicable.,,Phase_D_raw_evidence,phase_d_schema_v1.0_pilot_locked
field,01_STUDY_MASTER,all_known_screening_record_ids,,,all known screening record ids,Complete during extraction when applicable; do not infer unsupported content.,text,extraction_or_verification,Blank=not reviewed; after review use reported/NR/NA/UNC where applicable.,,Phase_D_raw_evidence,phase_d_schema_v1.0_pilot_locked
field,01_STUDY_MASTER,all_eligible_screening_record_ids,,,all eligible screening record ids,Complete during extraction when applicable; do not infer unsupported content.,text,extraction_or_verification,Blank=not reviewed; after review use reported/NR/NA/UNC where applicable.,,Phase_D_raw_evidence,phase_d_schema_v1.0_pilot_locked
field,01_STUDY_MASTER,all_report_roles,,,all report roles,Complete during extraction when applicable; do not infer unsupported content.,text,extraction_or_verification,Blank=not reviewed; after review use reported/NR/NA/UNC where applicable.,,Phase_D_raw_evidence,phase_d_schema_v1.0_pilot_locked
field,01_STUDY_MASTER,relation_codes,,,relation codes,Complete during extraction when applicable; do not infer unsupported content.,text,extraction_or_verification,Blank=not reviewed; after review use reported/NR/NA/UNC where applicable.,,Phase_D_raw_evidence,phase_d_schema_v1.0_pilot_locked
field,01_STUDY_MASTER,batch_primary,,,batch primary,Complete during extraction when applicable; do not infer unsupported content.,text,extraction_or_verification,Blank=not reviewed; after review use reported/NR/NA/UNC where applicable.,,Phase_D_raw_evidence,phase_d_schema_v1.0_pilot_locked
field,01_STUDY_MASTER,preferred_citation,,,preferred citation,Complete during extraction when applicable; do not infer unsupported content.,text,extraction_or_verification,Blank=not reviewed; after review use reported/NR/NA/UNC where applicable.,,Phase_D_raw_evidence,phase_d_schema_v1.0_pilot_locked
field,01_STUDY_MASTER,title,,,title,Complete during extraction when applicable; do not infer unsupported content.,text,extraction_or_verification,Blank=not reviewed; after review use reported/NR/NA/UNC where applicable.,,Phase_D_raw_evidence,phase_d_schema_v1.0_pilot_locked
field,01_STUDY_MASTER,authors,,,authors,Complete during extraction when applicable; do not infer unsupported content.,text,extraction_or_verification,Blank=not reviewed; after review use reported/NR/NA/UNC where applicable.,,Phase_D_raw_evidence,phase_d_schema_v1.0_pilot_locked
field,01_STUDY_MASTER,year,,,year,Complete during extraction when applicable; do not infer unsupported content.,number,extraction_or_verification,Blank=not reviewed; after review use reported/NR/NA/UNC where applicable.,,Phase_D_raw_evidence,phase_d_schema_v1.0_pilot_locked
field,01_STUDY_MASTER,venue,,,venue,Complete during extraction when applicable; do not infer unsupported content.,text,extraction_or_verification,Blank=not reviewed; after review use reported/NR/NA/UNC where applicable.,,Phase_D_raw_evidence,phase_d_schema_v1.0_pilot_locked
field,01_STUDY_MASTER,doi,,,doi,Complete during extraction when applicable; do not infer unsupported content.,text,extraction_or_verification,Blank=not reviewed; after review use reported/NR/NA/UNC where applicable.,,Phase_D_raw_evidence,phase_d_schema_v1.0_pilot_locked
field,01_STUDY_MASTER,publication_available_date,,,publication available date,Complete during extraction when applicable; do not infer unsupported content.,date_or_iso_text,extraction_or_verification,Blank=not reviewed; after review use reported/NR/NA/UNC where applicable.,,Phase_D_raw_evidence,phase_d_schema_v1.0_pilot_locked
field,01_STUDY_MASTER,document_type,,,document type,Complete during extraction when applicable; do not infer unsupported content.,text,extraction_or_verification,Blank=not reviewed; after review use reported/NR/NA/UNC where applicable.,,Phase_D_raw_evidence,phase_d_schema_v1.0_pilot_locked
field,01_STUDY_MASTER,database_sources,,,database sources,Complete during extraction when applicable; do not infer unsupported content.,text,extraction_or_verification,Blank=not reviewed; after review use reported/NR/NA/UNC where applicable.,,Phase_D_raw_evidence,phase_d_schema_v1.0_pilot_locked
field,01_STUDY_MASTER,source_url,,,source url,Complete during extraction when applicable; do not infer unsupported content.,text,extraction_or_verification,Blank=not reviewed; after review use reported/NR/NA/UNC where applicable.,,Phase_D_raw_evidence,phase_d_schema_v1.0_pilot_locked
field,01_STUDY_MASTER,primary_source_path,,,primary source path,Complete during extraction when applicable; do not infer unsupported content.,text,extraction_or_verification,Blank=not reviewed; after review use reported/NR/NA/UNC where applicable.,,Phase_D_raw_evidence,phase_d_schema_v1.0_pilot_locked
field,01_STUDY_MASTER,primary_source_exists,,,primary source exists,Complete during extraction when applicable; do not infer unsupported content.,text,extraction_or_verification,Blank=not reviewed; after review use reported/NR/NA/UNC where applicable.,,Phase_D_raw_evidence,phase_d_schema_v1.0_pilot_locked
field,01_STUDY_MASTER,primary_source_sha256,,,primary source sha256,Complete during extraction when applicable; do not infer unsupported content.,text,extraction_or_verification,Blank=not reviewed; after review use reported/NR/NA/UNC where applicable.,,Phase_D_raw_evidence,phase_d_schema_v1.0_pilot_locked
field,01_STUDY_MASTER,primary_source_size_bytes,,,primary source size bytes,Complete during extraction when applicable; do not infer unsupported content.,number,extraction_or_verification,Blank=not reviewed; after review use reported/NR/NA/UNC where applicable.,,Phase_D_raw_evidence,phase_d_schema_v1.0_pilot_locked
field,01_STUDY_MASTER,date_eligibility_status,,,date eligibility status,Complete during extraction when applicable; do not infer unsupported content.,text,extraction_or_verification,Blank=not reviewed; after review use reported/NR/NA/UNC where applicable.,,Phase_D_raw_evidence,phase_d_schema_v1.0_pilot_locked
field,01_STUDY_MASTER,corpus_role,,,corpus role,Complete during extraction when applicable; do not infer unsupported content.,text,extraction_or_verification,Blank=not reviewed; after review use reported/NR/NA/UNC where applicable.,,Phase_D_raw_evidence,phase_d_schema_v1.0_pilot_locked
field,01_STUDY_MASTER,pilot_selected,,,pilot selected,Complete during extraction when applicable; do not infer unsupported content.,text,extraction_or_verification,Blank=not reviewed; after review use reported/NR/NA/UNC where applicable.,,Phase_D_raw_evidence,phase_d_schema_v1.0_pilot_locked
field,01_STUDY_MASTER,pilot_order,,,pilot order,Complete during extraction when applicable; do not infer unsupported content.,number,extraction_or_verification,Blank=not reviewed; after review use reported/NR/NA/UNC where applicable.,,Phase_D_raw_evidence,phase_d_schema_v1.0_pilot_locked
field,01_STUDY_MASTER,extraction_status,,,extraction status,Complete during extraction when applicable; do not infer unsupported content.,text,extraction_or_verification,Blank=not reviewed; after review use reported/NR/NA/UNC where applicable.,,Phase_D_raw_evidence,phase_d_schema_v1.0_pilot_locked
field,01_STUDY_MASTER,extractor_id,,,extractor id,Complete during extraction when applicable; do not infer unsupported content.,text,extraction_or_verification,Blank=not reviewed; after review use reported/NR/NA/UNC where applicable.,,Phase_D_raw_evidence,phase_d_schema_v1.0_pilot_locked
field,01_STUDY_MASTER,extractor_actor_type,,,extractor actor type,Complete during extraction when applicable; do not infer unsupported content.,text,extraction_or_verification,Blank=not reviewed; after review use reported/NR/NA/UNC where applicable.,,Phase_D_raw_evidence,phase_d_schema_v1.0_pilot_locked
field,01_STUDY_MASTER,extraction_date,,,extraction date,Complete during extraction when applicable; do not infer unsupported content.,date_or_iso_text,extraction_or_verification,Blank=not reviewed; after review use reported/NR/NA/UNC where applicable.,,Phase_D_raw_evidence,phase_d_schema_v1.0_pilot_locked
field,01_STUDY_MASTER,verifier_id,,,verifier id,Complete during extraction when applicable; do not infer unsupported content.,text,extraction_or_verification,Blank=not reviewed; after review use reported/NR/NA/UNC where applicable.,,Phase_D_raw_evidence,phase_d_schema_v1.0_pilot_locked
field,01_STUDY_MASTER,verifier_actor_type,,,verifier actor type,Complete during extraction when applicable; do not infer unsupported content.,text,extraction_or_verification,Blank=not reviewed; after review use reported/NR/NA/UNC where applicable.,,Phase_D_raw_evidence,phase_d_schema_v1.0_pilot_locked
field,01_STUDY_MASTER,verification_status,,,verification status,Complete during extraction when applicable; do not infer unsupported content.,text,extraction_or_verification,Blank=not reviewed; after review use reported/NR/NA/UNC where applicable.,,Phase_D_raw_evidence,phase_d_schema_v1.0_pilot_locked
field,01_STUDY_MASTER,verification_date,,,verification date,Complete during extraction when applicable; do not infer unsupported content.,date_or_iso_text,extraction_or_verification,Blank=not reviewed; after review use reported/NR/NA/UNC where applicable.,,Phase_D_raw_evidence,phase_d_schema_v1.0_pilot_locked
field,01_STUDY_MASTER,adjudication_status,,,adjudication status,Complete during extraction when applicable; do not infer unsupported content.,text,extraction_or_verification,Blank=not reviewed; after review use reported/NR/NA/UNC where applicable.,,Phase_D_raw_evidence,phase_d_schema_v1.0_pilot_locked
field,01_STUDY_MASTER,human_review_required,,,Whether the study requires source-open human review before lock.,Complete during extraction when applicable; do not infer unsupported content.,text,extraction_or_verification,Blank=not reviewed; after review use reported/NR/NA/UNC where applicable.,,Phase_D_raw_evidence,phase_d_schema_v1.0_pilot_locked
field,01_STUDY_MASTER,human_review_reason,,,human review reason,Complete during extraction when applicable; do not infer unsupported content.,text,extraction_or_verification,Blank=not reviewed; after review use reported/NR/NA/UNC where applicable.,,Phase_D_raw_evidence,phase_d_schema_v1.0_pilot_locked
field,01_STUDY_MASTER,qa_flag,,,qa flag,Complete during extraction when applicable; do not infer unsupported content.,text,extraction_or_verification,Blank=not reviewed; after review use reported/NR/NA/UNC where applicable.,,Phase_D_raw_evidence,phase_d_schema_v1.0_pilot_locked
field,01_STUDY_MASTER,record_lock_status,,,Current baseline/pilot/full-corpus lock state.,Complete during extraction when applicable; do not infer unsupported content.,text,extraction_or_verification,Blank=not reviewed; after review use reported/NR/NA/UNC where applicable.,,Phase_D_raw_evidence,phase_d_schema_v1.0_pilot_locked
field,01_STUDY_MASTER,primary_optical_modality_code,,,primary optical modality code,Complete during extraction when applicable; do not infer unsupported content.,text,extraction_or_verification,Blank=not reviewed; after review use reported/NR/NA/UNC where applicable.,RQ1|RQ5,Phase_D_raw_evidence,phase_d_schema_v1.0_pilot_locked
field,01_STUDY_MASTER,integration_level_code,,,integration level code,Complete during extraction when applicable; do not infer unsupported content.,text,extraction_or_verification,Blank=not reviewed; after review use reported/NR/NA/UNC where applicable.,RQ1|RQ5,Phase_D_raw_evidence,phase_d_schema_v1.0_pilot_locked
field,01_STUDY_MASTER,integration_mechanism_codes,,,integration mechanism codes,Complete during extraction when applicable; do not infer unsupported content.,text,extraction_or_verification,Blank=not reviewed; after review use reported/NR/NA/UNC where applicable.,RQ1|RQ5,Phase_D_raw_evidence,phase_d_schema_v1.0_pilot_locked
field,01_STUDY_MASTER,shared_hardware_waveform_resource,,,shared hardware waveform resource,Complete during extraction when applicable; do not infer unsupported content.,text,extraction_or_verification,Blank=not reviewed; after review use reported/NR/NA/UNC where applicable.,,Phase_D_raw_evidence,phase_d_schema_v1.0_pilot_locked
field,01_STUDY_MASTER,communication_functions,,,communication functions,Complete during extraction when applicable; do not infer unsupported content.,text,extraction_or_verification,Blank=not reviewed; after review use reported/NR/NA/UNC where applicable.,RQ1|RQ5,Phase_D_raw_evidence,phase_d_schema_v1.0_pilot_locked
field,01_STUDY_MASTER,sensing_tasks,,,sensing tasks,Complete during extraction when applicable; do not infer unsupported content.,text,extraction_or_verification,Blank=not reviewed; after review use reported/NR/NA/UNC where applicable.,RQ1|RQ5,Phase_D_raw_evidence,phase_d_schema_v1.0_pilot_locked
field,01_STUDY_MASTER,waveform_modulation,,,waveform modulation,Complete during extraction when applicable; do not infer unsupported content.,text,extraction_or_verification,Blank=not reviewed; after review use reported/NR/NA/UNC where applicable.,,Phase_D_raw_evidence,phase_d_schema_v1.0_pilot_locked
field,01_STUDY_MASTER,optical_front_end,,,optical front end,Complete during extraction when applicable; do not infer unsupported content.,text,extraction_or_verification,Blank=not reviewed; after review use reported/NR/NA/UNC where applicable.,,Phase_D_raw_evidence,phase_d_schema_v1.0_pilot_locked
field,01_STUDY_MASTER,network_setting,,,network setting,Complete during extraction when applicable; do not infer unsupported content.,text,extraction_or_verification,Blank=not reviewed; after review use reported/NR/NA/UNC where applicable.,,Phase_D_raw_evidence,phase_d_schema_v1.0_pilot_locked
field,01_STUDY_MASTER,channel_models,,,channel models,Complete during extraction when applicable; do not infer unsupported content.,text,extraction_or_verification,Blank=not reviewed; after review use reported/NR/NA/UNC where applicable.,,Phase_D_raw_evidence,phase_d_schema_v1.0_pilot_locked
field,01_STUDY_MASTER,hardware_assumptions,,,hardware assumptions,Complete during extraction when applicable; do not infer unsupported content.,text,extraction_or_verification,Blank=not reviewed; after review use reported/NR/NA/UNC where applicable.,,Phase_D_raw_evidence,phase_d_schema_v1.0_pilot_locked
field,01_STUDY_MASTER,signal_processing_methods,,,signal processing methods,Complete during extraction when applicable; do not infer unsupported content.,text,extraction_or_verification,Blank=not reviewed; after review use reported/NR/NA/UNC where applicable.,,Phase_D_raw_evidence,phase_d_schema_v1.0_pilot_locked
field,01_STUDY_MASTER,system_design_strategies,,,system design strategies,Complete during extraction when applicable; do not infer unsupported content.,text,extraction_or_verification,Blank=not reviewed; after review use reported/NR/NA/UNC where applicable.,,Phase_D_raw_evidence,phase_d_schema_v1.0_pilot_locked
field,01_STUDY_MASTER,validation_type_codes,,,validation type codes,Complete during extraction when applicable; do not infer unsupported content.,text,extraction_or_verification,Blank=not reviewed; after review use reported/NR/NA/UNC where applicable.,RQ6,Phase_D_raw_evidence,phase_d_schema_v1.0_pilot_locked
field,01_STUDY_MASTER,scenario_environment,,,scenario environment,Complete during extraction when applicable; do not infer unsupported content.,text,extraction_or_verification,Blank=not reviewed; after review use reported/NR/NA/UNC where applicable.,,Phase_D_raw_evidence,phase_d_schema_v1.0_pilot_locked
field,01_STUDY_MASTER,application_domain_codes,,,application domain codes,Complete during extraction when applicable; do not infer unsupported content.,text,extraction_or_verification,Blank=not reviewed; after review use reported/NR/NA/UNC where applicable.,,Phase_D_raw_evidence,phase_d_schema_v1.0_pilot_locked
field,01_STUDY_MASTER,enabling_technology_codes,,,enabling technology codes,Complete during extraction when applicable; do not infer unsupported content.,text,extraction_or_verification,Blank=not reviewed; after review use reported/NR/NA/UNC where applicable.,,Phase_D_raw_evidence,phase_d_schema_v1.0_pilot_locked
field,01_STUDY_MASTER,six_g_relevance_code,,,six g relevance code,Complete during extraction when applicable; do not infer unsupported content.,text,extraction_or_verification,Blank=not reviewed; after review use reported/NR/NA/UNC where applicable.,,Phase_D_raw_evidence,phase_d_schema_v1.0_pilot_locked
field,01_STUDY_MASTER,rate_sensing_tradeoff_screening_status,,,rate sensing tradeoff screening status,Complete during extraction when applicable; do not infer unsupported content.,text,extraction_or_verification,Blank=not reviewed; after review use reported/NR/NA/UNC where applicable.,RQ4,Phase_D_raw_evidence,phase_d_schema_v1.0_pilot_locked
field,01_STUDY_MASTER,dataset_availability_status,,,dataset availability status,Complete during extraction when applicable; do not infer unsupported content.,text,extraction_or_verification,Blank=not reviewed; after review use reported/NR/NA/UNC where applicable.,RQ6,Phase_D_raw_evidence,phase_d_schema_v1.0_pilot_locked
field,01_STUDY_MASTER,code_model_availability_status,,,code model availability status,Complete during extraction when applicable; do not infer unsupported content.,text,extraction_or_verification,Blank=not reviewed; after review use reported/NR/NA/UNC where applicable.,RQ6,Phase_D_raw_evidence,phase_d_schema_v1.0_pilot_locked
field,01_STUDY_MASTER,repeatable_parameters_status,,,repeatable parameters status,Complete during extraction when applicable; do not infer unsupported content.,text,extraction_or_verification,Blank=not reviewed; after review use reported/NR/NA/UNC where applicable.,,Phase_D_raw_evidence,phase_d_schema_v1.0_pilot_locked
field,01_STUDY_MASTER,baseline_comparator_summary,,,baseline comparator summary,Complete during extraction when applicable; do not infer unsupported content.,text,extraction_or_verification,Blank=not reviewed; after review use reported/NR/NA/UNC where applicable.,,Phase_D_raw_evidence,phase_d_schema_v1.0_pilot_locked
field,01_STUDY_MASTER,author_reported_limitations,,,author reported limitations,Complete during extraction when applicable; do not infer unsupported content.,text,extraction_or_verification,Blank=not reviewed; after review use reported/NR/NA/UNC where applicable.,,Phase_D_raw_evidence,phase_d_schema_v1.0_pilot_locked
field,01_STUDY_MASTER,author_reported_research_gaps,,,author reported research gaps,Complete during extraction when applicable; do not infer unsupported content.,text,extraction_or_verification,Blank=not reviewed; after review use reported/NR/NA/UNC where applicable.,,Phase_D_raw_evidence,phase_d_schema_v1.0_pilot_locked
field,01_STUDY_MASTER,funding,,,funding,Complete during extraction when applicable; do not infer unsupported content.,text,extraction_or_verification,Blank=not reviewed; after review use reported/NR/NA/UNC where applicable.,,Phase_D_raw_evidence,phase_d_schema_v1.0_pilot_locked
field,01_STUDY_MASTER,conflicts_of_interest,,,conflicts of interest,Complete during extraction when applicable; do not infer unsupported content.,text,extraction_or_verification,Blank=not reviewed; after review use reported/NR/NA/UNC where applicable.,,Phase_D_raw_evidence,phase_d_schema_v1.0_pilot_locked
field,01_STUDY_MASTER,missing_data_summary,,,missing data summary,Complete during extraction when applicable; do not infer unsupported content.,text,extraction_or_verification,Blank=not reviewed; after review use reported/NR/NA/UNC where applicable.,,Phase_D_raw_evidence,phase_d_schema_v1.0_pilot_locked
field,01_STUDY_MASTER,assumptions_summary,,,assumptions summary,Complete during extraction when applicable; do not infer unsupported content.,text,extraction_or_verification,Blank=not reviewed; after review use reported/NR/NA/UNC where applicable.,,Phase_D_raw_evidence,phase_d_schema_v1.0_pilot_locked
field,01_STUDY_MASTER,derived_or_digitized_data_present,,,derived or digitized data present,Complete during extraction when applicable; do not infer unsupported content.,text,extraction_or_verification,Blank=not reviewed; after review use reported/NR/NA/UNC where applicable.,,Phase_D_raw_evidence,phase_d_schema_v1.0_pilot_locked
field,01_STUDY_MASTER,author_contact_needed,,,author contact needed,Complete during extraction when applicable; do not infer unsupported content.,text,extraction_or_verification,Blank=not reviewed; after review use reported/NR/NA/UNC where applicable.,,Phase_D_raw_evidence,phase_d_schema_v1.0_pilot_locked
field,01_STUDY_MASTER,extraction_notes,,,extraction notes,Complete during extraction when applicable; do not infer unsupported content.,text,extraction_or_verification,Blank=not reviewed; after review use reported/NR/NA/UNC where applicable.,,Phase_D_raw_evidence,phase_d_schema_v1.0_pilot_locked
field,01_STUDY_MASTER,schema_version,,,Version of the extraction schema applied to the row.,Required in the Phase D baseline or when a row is created.,text,baseline,Must not be blank.,,Phase_D_raw_evidence,phase_d_schema_v1.0_pilot_locked
field,01_STUDY_MASTER,last_updated_at,,,last updated at,Complete during extraction when applicable; do not infer unsupported content.,date_or_iso_text,extraction_or_verification,Blank=not reviewed; after review use reported/NR/NA/UNC where applicable.,,Phase_D_raw_evidence,phase_d_schema_v1.0_pilot_locked
field,02_REPORT_LINEAGE,study_cluster_id,,,Locked Phase B study-level primary key.,Required in the Phase D baseline or when a row is created.,text,baseline,Must not be blank.,,Phase_D_raw_evidence,phase_d_schema_v1.0_pilot_locked
field,02_REPORT_LINEAGE,screening_record_id,,,screening record id,Required in the Phase D baseline or when a row is created.,text,baseline,Must not be blank.,,Phase_D_raw_evidence,phase_d_schema_v1.0_pilot_locked
field,02_REPORT_LINEAGE,report_id,,,report id,Required in the Phase D baseline or when a row is created.,text,baseline,Must not be blank.,,Phase_D_raw_evidence,phase_d_schema_v1.0_pilot_locked
field,02_REPORT_LINEAGE,canonical_report_flag,,,canonical report flag,Complete during extraction when applicable; do not infer unsupported content.,text,extraction_or_verification,Blank=not reviewed; after review use reported/NR/NA/UNC where applicable.,,Phase_D_raw_evidence,phase_d_schema_v1.0_pilot_locked
field,02_REPORT_LINEAGE,primary_extraction_report_flag,,,primary extraction report flag,Complete during extraction when applicable; do not infer unsupported content.,text,extraction_or_verification,Blank=not reviewed; after review use reported/NR/NA/UNC where applicable.,,Phase_D_raw_evidence,phase_d_schema_v1.0_pilot_locked
field,02_REPORT_LINEAGE,evidence_use_role,,,evidence use role,Complete during extraction when applicable; do not infer unsupported content.,text,extraction_or_verification,Blank=not reviewed; after review use reported/NR/NA/UNC where applicable.,,Phase_D_raw_evidence,phase_d_schema_v1.0_pilot_locked
field,02_REPORT_LINEAGE,final_relation_code,,,final relation code,Complete during extraction when applicable; do not infer unsupported content.,text,extraction_or_verification,Blank=not reviewed; after review use reported/NR/NA/UNC where applicable.,,Phase_D_raw_evidence,phase_d_schema_v1.0_pilot_locked
field,02_REPORT_LINEAGE,final_report_role,,,final report role,Complete during extraction when applicable; do not infer unsupported content.,text,extraction_or_verification,Blank=not reviewed; after review use reported/NR/NA/UNC where applicable.,,Phase_D_raw_evidence,phase_d_schema_v1.0_pilot_locked
field,02_REPORT_LINEAGE,final_decision,,,final decision,Required in the Phase D baseline or when a row is created.,text,baseline,Must not be blank.,,Phase_D_raw_evidence,phase_d_schema_v1.0_pilot_locked
field,02_REPORT_LINEAGE,final_double_count_disposition,,,final double count disposition,Complete during extraction when applicable; do not infer unsupported content.,text,extraction_or_verification,Blank=not reviewed; after review use reported/NR/NA/UNC where applicable.,,Phase_D_raw_evidence,phase_d_schema_v1.0_pilot_locked
field,02_REPORT_LINEAGE,batch,,,batch,Complete during extraction when applicable; do not infer unsupported content.,text,extraction_or_verification,Blank=not reviewed; after review use reported/NR/NA/UNC where applicable.,,Phase_D_raw_evidence,phase_d_schema_v1.0_pilot_locked
field,02_REPORT_LINEAGE,title,,,title,Complete during extraction when applicable; do not infer unsupported content.,text,extraction_or_verification,Blank=not reviewed; after review use reported/NR/NA/UNC where applicable.,,Phase_D_raw_evidence,phase_d_schema_v1.0_pilot_locked
field,02_REPORT_LINEAGE,authors,,,authors,Complete during extraction when applicable; do not infer unsupported content.,text,extraction_or_verification,Blank=not reviewed; after review use reported/NR/NA/UNC where applicable.,,Phase_D_raw_evidence,phase_d_schema_v1.0_pilot_locked
field,02_REPORT_LINEAGE,year,,,year,Complete during extraction when applicable; do not infer unsupported content.,number,extraction_or_verification,Blank=not reviewed; after review use reported/NR/NA/UNC where applicable.,,Phase_D_raw_evidence,phase_d_schema_v1.0_pilot_locked
field,02_REPORT_LINEAGE,venue,,,venue,Complete during extraction when applicable; do not infer unsupported content.,text,extraction_or_verification,Blank=not reviewed; after review use reported/NR/NA/UNC where applicable.,,Phase_D_raw_evidence,phase_d_schema_v1.0_pilot_locked
field,02_REPORT_LINEAGE,doi,,,doi,Complete during extraction when applicable; do not infer unsupported content.,text,extraction_or_verification,Blank=not reviewed; after review use reported/NR/NA/UNC where applicable.,,Phase_D_raw_evidence,phase_d_schema_v1.0_pilot_locked
field,02_REPORT_LINEAGE,document_type,,,document type,Complete during extraction when applicable; do not infer unsupported content.,text,extraction_or_verification,Blank=not reviewed; after review use reported/NR/NA/UNC where applicable.,,Phase_D_raw_evidence,phase_d_schema_v1.0_pilot_locked
field,02_REPORT_LINEAGE,database_sources,,,database sources,Complete during extraction when applicable; do not infer unsupported content.,text,extraction_or_verification,Blank=not reviewed; after review use reported/NR/NA/UNC where applicable.,,Phase_D_raw_evidence,phase_d_schema_v1.0_pilot_locked
field,02_REPORT_LINEAGE,source_path,,,source path,Complete during extraction when applicable; do not infer unsupported content.,text,extraction_or_verification,Blank=not reviewed; after review use reported/NR/NA/UNC where applicable.,,Phase_D_raw_evidence,phase_d_schema_v1.0_pilot_locked
field,02_REPORT_LINEAGE,source_exists,,,source exists,Complete during extraction when applicable; do not infer unsupported content.,text,extraction_or_verification,Blank=not reviewed; after review use reported/NR/NA/UNC where applicable.,,Phase_D_raw_evidence,phase_d_schema_v1.0_pilot_locked
field,02_REPORT_LINEAGE,source_extension,,,source extension,Complete during extraction when applicable; do not infer unsupported content.,text,extraction_or_verification,Blank=not reviewed; after review use reported/NR/NA/UNC where applicable.,,Phase_D_raw_evidence,phase_d_schema_v1.0_pilot_locked
field,02_REPORT_LINEAGE,source_pdf_signature,,,source pdf signature,Complete during extraction when applicable; do not infer unsupported content.,text,extraction_or_verification,Blank=not reviewed; after review use reported/NR/NA/UNC where applicable.,,Phase_D_raw_evidence,phase_d_schema_v1.0_pilot_locked
field,02_REPORT_LINEAGE,source_size_bytes,,,source size bytes,Complete during extraction when applicable; do not infer unsupported content.,number,extraction_or_verification,Blank=not reviewed; after review use reported/NR/NA/UNC where applicable.,,Phase_D_raw_evidence,phase_d_schema_v1.0_pilot_locked
field,02_REPORT_LINEAGE,source_sha256,,,source sha256,Complete during extraction when applicable; do not infer unsupported content.,text,extraction_or_verification,Blank=not reviewed; after review use reported/NR/NA/UNC where applicable.,,Phase_D_raw_evidence,phase_d_schema_v1.0_pilot_locked
field,02_REPORT_LINEAGE,mapping_lock_status,,,mapping lock status,Complete during extraction when applicable; do not infer unsupported content.,text,extraction_or_verification,Blank=not reviewed; after review use reported/NR/NA/UNC where applicable.,,Phase_D_raw_evidence,phase_d_schema_v1.0_pilot_locked
field,02_REPORT_LINEAGE,contradiction_flag,,,contradiction flag,Complete during extraction when applicable; do not infer unsupported content.,text,extraction_or_verification,Blank=not reviewed; after review use reported/NR/NA/UNC where applicable.,,Phase_D_raw_evidence,phase_d_schema_v1.0_pilot_locked
field,02_REPORT_LINEAGE,lineage_note,,,lineage note,Complete during extraction when applicable; do not infer unsupported content.,text,extraction_or_verification,Blank=not reviewed; after review use reported/NR/NA/UNC where applicable.,,Phase_D_raw_evidence,phase_d_schema_v1.0_pilot_locked
field,02_REPORT_LINEAGE,schema_version,,,Version of the extraction schema applied to the row.,Required in the Phase D baseline or when a row is created.,text,baseline,Must not be blank.,,Phase_D_raw_evidence,phase_d_schema_v1.0_pilot_locked
field,03_EVIDENCE_ITEMS,evidence_id,,,Unique evidence-item identifier.,Complete during extraction when applicable; do not infer unsupported content.,text,extraction_or_verification,Blank=not reviewed; after review use reported/NR/NA/UNC where applicable.,,Phase_D_raw_evidence,phase_d_schema_v1.0_pilot_locked
field,03_EVIDENCE_ITEMS,study_cluster_id,,,Locked Phase B study-level primary key.,Required in the Phase D baseline or when a row is created.,text,baseline,Must not be blank.,,Phase_D_raw_evidence,phase_d_schema_v1.0_pilot_locked
field,03_EVIDENCE_ITEMS,scope_type,,,scope type,Complete during extraction when applicable; do not infer unsupported content.,text,extraction_or_verification,Blank=not reviewed; after review use reported/NR/NA/UNC where applicable.,,Phase_D_raw_evidence,phase_d_schema_v1.0_pilot_locked
field,03_EVIDENCE_ITEMS,scope_record_id,,,scope record id,Complete during extraction when applicable; do not infer unsupported content.,text,extraction_or_verification,Blank=not reviewed; after review use reported/NR/NA/UNC where applicable.,,Phase_D_raw_evidence,phase_d_schema_v1.0_pilot_locked
field,03_EVIDENCE_ITEMS,source_screening_record_id,,,Report-level foreign key identifying the exact evidence source.,Required in the Phase D baseline or when a row is created.,text,baseline,Must not be blank.,,Phase_D_raw_evidence,phase_d_schema_v1.0_pilot_locked
field,03_EVIDENCE_ITEMS,evidence_domain,,,evidence domain,Complete during extraction when applicable; do not infer unsupported content.,text,extraction_or_verification,Blank=not reviewed; after review use reported/NR/NA/UNC where applicable.,,Phase_D_raw_evidence,phase_d_schema_v1.0_pilot_locked
field,03_EVIDENCE_ITEMS,variable_code,,,variable code,Complete during extraction when applicable; do not infer unsupported content.,text,extraction_or_verification,Blank=not reviewed; after review use reported/NR/NA/UNC where applicable.,,Phase_D_raw_evidence,phase_d_schema_v1.0_pilot_locked
field,03_EVIDENCE_ITEMS,value_status,,,Evidence-status code; blank means not yet reviewed.,Complete during extraction when applicable; do not infer unsupported content.,text,extraction_or_verification,Blank=not reviewed; after review use reported/NR/NA/UNC where applicable.,,Phase_D_raw_evidence,phase_d_schema_v1.0_pilot_locked
field,03_EVIDENCE_ITEMS,value_code,,,value code,Complete during extraction when applicable; do not infer unsupported content.,text,extraction_or_verification,Blank=not reviewed; after review use reported/NR/NA/UNC where applicable.,,Phase_D_raw_evidence,phase_d_schema_v1.0_pilot_locked
field,03_EVIDENCE_ITEMS,value_text,,,value text,Complete during extraction when applicable; do not infer unsupported content.,text,extraction_or_verification,Blank=not reviewed; after review use reported/NR/NA/UNC where applicable.,,Phase_D_raw_evidence,phase_d_schema_v1.0_pilot_locked
field,03_EVIDENCE_ITEMS,value_numeric,,,value numeric,Complete during extraction when applicable; do not infer unsupported content.,number,extraction_or_verification,Blank=not reviewed; after review use reported/NR/NA/UNC where applicable.,,Phase_D_raw_evidence,phase_d_schema_v1.0_pilot_locked
field,03_EVIDENCE_ITEMS,unit_reported,,,unit reported,Complete during extraction when applicable; do not infer unsupported content.,text,extraction_or_verification,Blank=not reviewed; after review use reported/NR/NA/UNC where applicable.,,Phase_D_raw_evidence,phase_d_schema_v1.0_pilot_locked
field,03_EVIDENCE_ITEMS,value_origin,,,"Whether the value is reported, calculated or digitized.",Complete during extraction when applicable; do not infer unsupported content.,text,extraction_or_verification,Blank=not reviewed; after review use reported/NR/NA/UNC where applicable.,,Phase_D_raw_evidence,phase_d_schema_v1.0_pilot_locked
field,03_EVIDENCE_ITEMS,is_primary_evidence,,,is primary evidence,Complete during extraction when applicable; do not infer unsupported content.,text,extraction_or_verification,Blank=not reviewed; after review use reported/NR/NA/UNC where applicable.,,Phase_D_raw_evidence,phase_d_schema_v1.0_pilot_locked
field,03_EVIDENCE_ITEMS,pdf_page,,,PDF page index/number used to locate the evidence.,Complete during extraction when applicable; do not infer unsupported content.,text,extraction_or_verification,Blank=not reviewed; after review use reported/NR/NA/UNC where applicable.,,Phase_D_raw_evidence,phase_d_schema_v1.0_pilot_locked
field,03_EVIDENCE_ITEMS,printed_page,,,Printed page number when it differs from the PDF page.,Complete during extraction when applicable; do not infer unsupported content.,text,extraction_or_verification,Blank=not reviewed; after review use reported/NR/NA/UNC where applicable.,,Phase_D_raw_evidence,phase_d_schema_v1.0_pilot_locked
field,03_EVIDENCE_ITEMS,section_heading,,,section heading,Complete during extraction when applicable; do not infer unsupported content.,text,extraction_or_verification,Blank=not reviewed; after review use reported/NR/NA/UNC where applicable.,,Phase_D_raw_evidence,phase_d_schema_v1.0_pilot_locked
field,03_EVIDENCE_ITEMS,table_id,,,table id,Complete during extraction when applicable; do not infer unsupported content.,text,extraction_or_verification,Blank=not reviewed; after review use reported/NR/NA/UNC where applicable.,,Phase_D_raw_evidence,phase_d_schema_v1.0_pilot_locked
field,03_EVIDENCE_ITEMS,figure_id,,,figure id,Complete during extraction when applicable; do not infer unsupported content.,text,extraction_or_verification,Blank=not reviewed; after review use reported/NR/NA/UNC where applicable.,,Phase_D_raw_evidence,phase_d_schema_v1.0_pilot_locked
field,03_EVIDENCE_ITEMS,equation_id,,,equation id,Complete during extraction when applicable; do not infer unsupported content.,text,extraction_or_verification,Blank=not reviewed; after review use reported/NR/NA/UNC where applicable.,,Phase_D_raw_evidence,phase_d_schema_v1.0_pilot_locked
field,03_EVIDENCE_ITEMS,evidence_note,,,evidence note,Complete during extraction when applicable; do not infer unsupported content.,text,extraction_or_verification,Blank=not reviewed; after review use reported/NR/NA/UNC where applicable.,,Phase_D_raw_evidence,phase_d_schema_v1.0_pilot_locked
field,03_EVIDENCE_ITEMS,source_path,,,source path,Complete during extraction when applicable; do not infer unsupported content.,text,extraction_or_verification,Blank=not reviewed; after review use reported/NR/NA/UNC where applicable.,,Phase_D_raw_evidence,phase_d_schema_v1.0_pilot_locked
field,03_EVIDENCE_ITEMS,extraction_status,,,extraction status,Complete during extraction when applicable; do not infer unsupported content.,text,extraction_or_verification,Blank=not reviewed; after review use reported/NR/NA/UNC where applicable.,,Phase_D_raw_evidence,phase_d_schema_v1.0_pilot_locked
field,03_EVIDENCE_ITEMS,extractor_id,,,extractor id,Complete during extraction when applicable; do not infer unsupported content.,text,extraction_or_verification,Blank=not reviewed; after review use reported/NR/NA/UNC where applicable.,,Phase_D_raw_evidence,phase_d_schema_v1.0_pilot_locked
field,03_EVIDENCE_ITEMS,extraction_date,,,extraction date,Complete during extraction when applicable; do not infer unsupported content.,date_or_iso_text,extraction_or_verification,Blank=not reviewed; after review use reported/NR/NA/UNC where applicable.,,Phase_D_raw_evidence,phase_d_schema_v1.0_pilot_locked
field,03_EVIDENCE_ITEMS,verifier_id,,,verifier id,Complete during extraction when applicable; do not infer unsupported content.,text,extraction_or_verification,Blank=not reviewed; after review use reported/NR/NA/UNC where applicable.,,Phase_D_raw_evidence,phase_d_schema_v1.0_pilot_locked
field,03_EVIDENCE_ITEMS,verification_status,,,verification status,Complete during extraction when applicable; do not infer unsupported content.,text,extraction_or_verification,Blank=not reviewed; after review use reported/NR/NA/UNC where applicable.,,Phase_D_raw_evidence,phase_d_schema_v1.0_pilot_locked
field,03_EVIDENCE_ITEMS,adjudication_status,,,adjudication status,Complete during extraction when applicable; do not infer unsupported content.,text,extraction_or_verification,Blank=not reviewed; after review use reported/NR/NA/UNC where applicable.,,Phase_D_raw_evidence,phase_d_schema_v1.0_pilot_locked
field,03_EVIDENCE_ITEMS,qa_flag,,,qa flag,Complete during extraction when applicable; do not infer unsupported content.,text,extraction_or_verification,Blank=not reviewed; after review use reported/NR/NA/UNC where applicable.,,Phase_D_raw_evidence,phase_d_schema_v1.0_pilot_locked
field,03_EVIDENCE_ITEMS,schema_version,,,Version of the extraction schema applied to the row.,Required in the Phase D baseline or when a row is created.,text,baseline,Must not be blank.,,Phase_D_raw_evidence,phase_d_schema_v1.0_pilot_locked
field,04_METRIC_RESULTS,metric_record_id,,,Unique metric-result identifier.,Complete during extraction when applicable; do not infer unsupported content.,text,extraction_or_verification,Blank=not reviewed; after review use reported/NR/NA/UNC where applicable.,RQ2|RQ3,Phase_D_raw_evidence,phase_d_schema_v1.0_pilot_locked
field,04_METRIC_RESULTS,study_cluster_id,,,Locked Phase B study-level primary key.,Required in the Phase D baseline or when a row is created.,text,baseline,Must not be blank.,,Phase_D_raw_evidence,phase_d_schema_v1.0_pilot_locked
field,04_METRIC_RESULTS,source_screening_record_id,,,Report-level foreign key identifying the exact evidence source.,Required in the Phase D baseline or when a row is created.,text,baseline,Must not be blank.,,Phase_D_raw_evidence,phase_d_schema_v1.0_pilot_locked
field,04_METRIC_RESULTS,condition_set_id,,,condition set id,Complete during extraction when applicable; do not infer unsupported content.,text,extraction_or_verification,Blank=not reviewed; after review use reported/NR/NA/UNC where applicable.,,Phase_D_raw_evidence,phase_d_schema_v1.0_pilot_locked
field,04_METRIC_RESULTS,tradeoff_id,,,Unique rate–sensing tradeoff identifier.,Complete during extraction when applicable; do not infer unsupported content.,text,extraction_or_verification,Blank=not reviewed; after review use reported/NR/NA/UNC where applicable.,RQ4,Phase_D_raw_evidence,phase_d_schema_v1.0_pilot_locked
field,04_METRIC_RESULTS,metric_domain,,,metric domain,Complete during extraction when applicable; do not infer unsupported content.,text,extraction_or_verification,Blank=not reviewed; after review use reported/NR/NA/UNC where applicable.,RQ2|RQ3,Phase_D_raw_evidence,phase_d_schema_v1.0_pilot_locked
field,04_METRIC_RESULTS,metric_family_code,,,metric family code,Complete during extraction when applicable; do not infer unsupported content.,text,extraction_or_verification,Blank=not reviewed; after review use reported/NR/NA/UNC where applicable.,RQ2|RQ3,Phase_D_raw_evidence,phase_d_schema_v1.0_pilot_locked
field,04_METRIC_RESULTS,metric_name_reported,,,metric name reported,Complete during extraction when applicable; do not infer unsupported content.,text,extraction_or_verification,Blank=not reviewed; after review use reported/NR/NA/UNC where applicable.,RQ2|RQ3,Phase_D_raw_evidence,phase_d_schema_v1.0_pilot_locked
field,04_METRIC_RESULTS,metric_definition_reported,,,metric definition reported,Complete during extraction when applicable; do not infer unsupported content.,text,extraction_or_verification,Blank=not reviewed; after review use reported/NR/NA/UNC where applicable.,RQ2|RQ3,Phase_D_raw_evidence,phase_d_schema_v1.0_pilot_locked
field,04_METRIC_RESULTS,measurement_plane_code,,,measurement plane code,Complete during extraction when applicable; do not infer unsupported content.,text,extraction_or_verification,Blank=not reviewed; after review use reported/NR/NA/UNC where applicable.,,Phase_D_raw_evidence,phase_d_schema_v1.0_pilot_locked
field,04_METRIC_RESULTS,validation_type_code,,,validation type code,Complete during extraction when applicable; do not infer unsupported content.,text,extraction_or_verification,Blank=not reviewed; after review use reported/NR/NA/UNC where applicable.,RQ6,Phase_D_raw_evidence,phase_d_schema_v1.0_pilot_locked
field,04_METRIC_RESULTS,result_representation,,,result representation,Complete during extraction when applicable; do not infer unsupported content.,text,extraction_or_verification,Blank=not reviewed; after review use reported/NR/NA/UNC where applicable.,,Phase_D_raw_evidence,phase_d_schema_v1.0_pilot_locked
field,04_METRIC_RESULTS,comparison_operator,,,comparison operator,Complete during extraction when applicable; do not infer unsupported content.,text,extraction_or_verification,Blank=not reviewed; after review use reported/NR/NA/UNC where applicable.,,Phase_D_raw_evidence,phase_d_schema_v1.0_pilot_locked
field,04_METRIC_RESULTS,value_numeric,,,value numeric,Complete during extraction when applicable; do not infer unsupported content.,number,extraction_or_verification,Blank=not reviewed; after review use reported/NR/NA/UNC where applicable.,,Phase_D_raw_evidence,phase_d_schema_v1.0_pilot_locked
field,04_METRIC_RESULTS,value_low,,,value low,Complete during extraction when applicable; do not infer unsupported content.,number,extraction_or_verification,Blank=not reviewed; after review use reported/NR/NA/UNC where applicable.,,Phase_D_raw_evidence,phase_d_schema_v1.0_pilot_locked
field,04_METRIC_RESULTS,value_high,,,value high,Complete during extraction when applicable; do not infer unsupported content.,number,extraction_or_verification,Blank=not reviewed; after review use reported/NR/NA/UNC where applicable.,,Phase_D_raw_evidence,phase_d_schema_v1.0_pilot_locked
field,04_METRIC_RESULTS,uncertainty_type,,,uncertainty type,Complete during extraction when applicable; do not infer unsupported content.,text,extraction_or_verification,Blank=not reviewed; after review use reported/NR/NA/UNC where applicable.,,Phase_D_raw_evidence,phase_d_schema_v1.0_pilot_locked
field,04_METRIC_RESULTS,uncertainty_value,,,uncertainty value,Complete during extraction when applicable; do not infer unsupported content.,number,extraction_or_verification,Blank=not reviewed; after review use reported/NR/NA/UNC where applicable.,,Phase_D_raw_evidence,phase_d_schema_v1.0_pilot_locked
field,04_METRIC_RESULTS,unit_reported,,,unit reported,Complete during extraction when applicable; do not infer unsupported content.,text,extraction_or_verification,Blank=not reviewed; after review use reported/NR/NA/UNC where applicable.,,Phase_D_raw_evidence,phase_d_schema_v1.0_pilot_locked
field,04_METRIC_RESULTS,value_reported_text,,,value reported text,Complete during extraction when applicable; do not infer unsupported content.,text,extraction_or_verification,Blank=not reviewed; after review use reported/NR/NA/UNC where applicable.,,Phase_D_raw_evidence,phase_d_schema_v1.0_pilot_locked
field,04_METRIC_RESULTS,value_status,,,Evidence-status code; blank means not yet reviewed.,Complete during extraction when applicable; do not infer unsupported content.,text,extraction_or_verification,Blank=not reviewed; after review use reported/NR/NA/UNC where applicable.,,Phase_D_raw_evidence,phase_d_schema_v1.0_pilot_locked
field,04_METRIC_RESULTS,value_origin,,,"Whether the value is reported, calculated or digitized.",Complete during extraction when applicable; do not infer unsupported content.,text,extraction_or_verification,Blank=not reviewed; after review use reported/NR/NA/UNC where applicable.,,Phase_D_raw_evidence,phase_d_schema_v1.0_pilot_locked
field,04_METRIC_RESULTS,normalization_status,,,normalization status,Complete during extraction when applicable; do not infer unsupported content.,text,extraction_or_verification,Blank=not reviewed; after review use reported/NR/NA/UNC where applicable.,,Phase_D_raw_evidence,phase_d_schema_v1.0_pilot_locked
field,04_METRIC_RESULTS,normalized_value,,,normalized value,Complete during extraction when applicable; do not infer unsupported content.,number,extraction_or_verification,Blank=not reviewed; after review use reported/NR/NA/UNC where applicable.,,Phase_D_raw_evidence,phase_d_schema_v1.0_pilot_locked
field,04_METRIC_RESULTS,normalized_unit,,,normalized unit,Complete during extraction when applicable; do not infer unsupported content.,text,extraction_or_verification,Blank=not reviewed; after review use reported/NR/NA/UNC where applicable.,,Phase_D_raw_evidence,phase_d_schema_v1.0_pilot_locked
field,04_METRIC_RESULTS,normalization_formula,,,Explicit auditable formula used for any normalized value.,Complete during extraction when applicable; do not infer unsupported content.,text,extraction_or_verification,Blank=not reviewed; after review use reported/NR/NA/UNC where applicable.,,Phase_D_raw_evidence,phase_d_schema_v1.0_pilot_locked
field,04_METRIC_RESULTS,normalization_input_ids,,,Evidence or metric IDs used as inputs to normalization.,Complete during extraction when applicable; do not infer unsupported content.,text,extraction_or_verification,Blank=not reviewed; after review use reported/NR/NA/UNC where applicable.,,Phase_D_raw_evidence,phase_d_schema_v1.0_pilot_locked
field,04_METRIC_RESULTS,scenario_summary,,,scenario summary,Complete during extraction when applicable; do not infer unsupported content.,text,extraction_or_verification,Blank=not reviewed; after review use reported/NR/NA/UNC where applicable.,,Phase_D_raw_evidence,phase_d_schema_v1.0_pilot_locked
field,04_METRIC_RESULTS,baseline_comparator,,,baseline comparator,Complete during extraction when applicable; do not infer unsupported content.,text,extraction_or_verification,Blank=not reviewed; after review use reported/NR/NA/UNC where applicable.,,Phase_D_raw_evidence,phase_d_schema_v1.0_pilot_locked
field,04_METRIC_RESULTS,comparison_group_id,,,comparison group id,Complete during extraction when applicable; do not infer unsupported content.,text,extraction_or_verification,Blank=not reviewed; after review use reported/NR/NA/UNC where applicable.,,Phase_D_raw_evidence,phase_d_schema_v1.0_pilot_locked
field,04_METRIC_RESULTS,metric_comparability_class,,,Final metric-level comparability category under the locked four-class rule.,Complete during extraction when applicable; do not infer unsupported content.,text,extraction_or_verification,Blank=not reviewed; after review use reported/NR/NA/UNC where applicable.,RQ2|RQ3,Phase_D_raw_evidence,phase_d_schema_v1.0_pilot_locked
field,04_METRIC_RESULTS,metric_comparison_admissibility_class,,,Metric-level decision on whether direct comparison is defensible.,Complete during extraction when applicable; do not infer unsupported content.,text,extraction_or_verification,Blank=not reviewed; after review use reported/NR/NA/UNC where applicable.,RQ2|RQ3,Phase_D_raw_evidence,phase_d_schema_v1.0_pilot_locked
field,04_METRIC_RESULTS,comparability_adjudication_rationale,,,comparability adjudication rationale,Complete during extraction when applicable; do not infer unsupported content.,text,extraction_or_verification,Blank=not reviewed; after review use reported/NR/NA/UNC where applicable.,,Phase_D_raw_evidence,phase_d_schema_v1.0_pilot_locked
field,04_METRIC_RESULTS,human_adjudicator_id,,,Human reviewer responsible for the final comparability/admissibility decision.,Complete during extraction when applicable; do not infer unsupported content.,text,extraction_or_verification,Blank=not reviewed; after review use reported/NR/NA/UNC where applicable.,,Phase_D_raw_evidence,phase_d_schema_v1.0_pilot_locked
field,04_METRIC_RESULTS,pdf_page,,,PDF page index/number used to locate the evidence.,Complete during extraction when applicable; do not infer unsupported content.,text,extraction_or_verification,Blank=not reviewed; after review use reported/NR/NA/UNC where applicable.,,Phase_D_raw_evidence,phase_d_schema_v1.0_pilot_locked
field,04_METRIC_RESULTS,section_heading,,,section heading,Complete during extraction when applicable; do not infer unsupported content.,text,extraction_or_verification,Blank=not reviewed; after review use reported/NR/NA/UNC where applicable.,,Phase_D_raw_evidence,phase_d_schema_v1.0_pilot_locked
field,04_METRIC_RESULTS,table_id,,,table id,Complete during extraction when applicable; do not infer unsupported content.,text,extraction_or_verification,Blank=not reviewed; after review use reported/NR/NA/UNC where applicable.,,Phase_D_raw_evidence,phase_d_schema_v1.0_pilot_locked
field,04_METRIC_RESULTS,figure_id,,,figure id,Complete during extraction when applicable; do not infer unsupported content.,text,extraction_or_verification,Blank=not reviewed; after review use reported/NR/NA/UNC where applicable.,,Phase_D_raw_evidence,phase_d_schema_v1.0_pilot_locked
field,04_METRIC_RESULTS,equation_id,,,equation id,Complete during extraction when applicable; do not infer unsupported content.,text,extraction_or_verification,Blank=not reviewed; after review use reported/NR/NA/UNC where applicable.,,Phase_D_raw_evidence,phase_d_schema_v1.0_pilot_locked
field,04_METRIC_RESULTS,source_path,,,source path,Complete during extraction when applicable; do not infer unsupported content.,text,extraction_or_verification,Blank=not reviewed; after review use reported/NR/NA/UNC where applicable.,,Phase_D_raw_evidence,phase_d_schema_v1.0_pilot_locked
field,04_METRIC_RESULTS,extraction_status,,,extraction status,Complete during extraction when applicable; do not infer unsupported content.,text,extraction_or_verification,Blank=not reviewed; after review use reported/NR/NA/UNC where applicable.,,Phase_D_raw_evidence,phase_d_schema_v1.0_pilot_locked
field,04_METRIC_RESULTS,extractor_id,,,extractor id,Complete during extraction when applicable; do not infer unsupported content.,text,extraction_or_verification,Blank=not reviewed; after review use reported/NR/NA/UNC where applicable.,,Phase_D_raw_evidence,phase_d_schema_v1.0_pilot_locked
field,04_METRIC_RESULTS,extraction_date,,,extraction date,Complete during extraction when applicable; do not infer unsupported content.,date_or_iso_text,extraction_or_verification,Blank=not reviewed; after review use reported/NR/NA/UNC where applicable.,,Phase_D_raw_evidence,phase_d_schema_v1.0_pilot_locked
field,04_METRIC_RESULTS,verifier_id,,,verifier id,Complete during extraction when applicable; do not infer unsupported content.,text,extraction_or_verification,Blank=not reviewed; after review use reported/NR/NA/UNC where applicable.,,Phase_D_raw_evidence,phase_d_schema_v1.0_pilot_locked
field,04_METRIC_RESULTS,verification_status,,,verification status,Complete during extraction when applicable; do not infer unsupported content.,text,extraction_or_verification,Blank=not reviewed; after review use reported/NR/NA/UNC where applicable.,,Phase_D_raw_evidence,phase_d_schema_v1.0_pilot_locked
field,04_METRIC_RESULTS,conflict_flag,,,conflict flag,Complete during extraction when applicable; do not infer unsupported content.,text,extraction_or_verification,Blank=not reviewed; after review use reported/NR/NA/UNC where applicable.,,Phase_D_raw_evidence,phase_d_schema_v1.0_pilot_locked
field,04_METRIC_RESULTS,conflict_note,,,conflict note,Complete during extraction when applicable; do not infer unsupported content.,text,extraction_or_verification,Blank=not reviewed; after review use reported/NR/NA/UNC where applicable.,,Phase_D_raw_evidence,phase_d_schema_v1.0_pilot_locked
field,04_METRIC_RESULTS,schema_version,,,Version of the extraction schema applied to the row.,Required in the Phase D baseline or when a row is created.,text,baseline,Must not be blank.,,Phase_D_raw_evidence,phase_d_schema_v1.0_pilot_locked
field,05_TRADEOFF_EVIDENCE,tradeoff_id,,,Unique rate–sensing tradeoff identifier.,Complete during extraction when applicable; do not infer unsupported content.,text,extraction_or_verification,Blank=not reviewed; after review use reported/NR/NA/UNC where applicable.,RQ4,Phase_D_raw_evidence,phase_d_schema_v1.0_pilot_locked
field,05_TRADEOFF_EVIDENCE,study_cluster_id,,,Locked Phase B study-level primary key.,Required in the Phase D baseline or when a row is created.,text,baseline,Must not be blank.,,Phase_D_raw_evidence,phase_d_schema_v1.0_pilot_locked
field,05_TRADEOFF_EVIDENCE,source_screening_record_id,,,Report-level foreign key identifying the exact evidence source.,Required in the Phase D baseline or when a row is created.,text,baseline,Must not be blank.,,Phase_D_raw_evidence,phase_d_schema_v1.0_pilot_locked
field,05_TRADEOFF_EVIDENCE,reported_status,,,reported status,Complete during extraction when applicable; do not infer unsupported content.,text,extraction_or_verification,Blank=not reviewed; after review use reported/NR/NA/UNC where applicable.,,Phase_D_raw_evidence,phase_d_schema_v1.0_pilot_locked
field,05_TRADEOFF_EVIDENCE,evidence_type,,,evidence type,Complete during extraction when applicable; do not infer unsupported content.,text,extraction_or_verification,Blank=not reviewed; after review use reported/NR/NA/UNC where applicable.,,Phase_D_raw_evidence,phase_d_schema_v1.0_pilot_locked
field,05_TRADEOFF_EVIDENCE,communication_metric_record_id,,,communication metric record id,Complete during extraction when applicable; do not infer unsupported content.,text,extraction_or_verification,Blank=not reviewed; after review use reported/NR/NA/UNC where applicable.,RQ2|RQ3,Phase_D_raw_evidence,phase_d_schema_v1.0_pilot_locked
field,05_TRADEOFF_EVIDENCE,sensing_metric_record_id,,,sensing metric record id,Complete during extraction when applicable; do not infer unsupported content.,text,extraction_or_verification,Blank=not reviewed; after review use reported/NR/NA/UNC where applicable.,RQ2|RQ3,Phase_D_raw_evidence,phase_d_schema_v1.0_pilot_locked
field,05_TRADEOFF_EVIDENCE,communication_axis_or_variable,,,communication axis or variable,Complete during extraction when applicable; do not infer unsupported content.,text,extraction_or_verification,Blank=not reviewed; after review use reported/NR/NA/UNC where applicable.,RQ1|RQ5,Phase_D_raw_evidence,phase_d_schema_v1.0_pilot_locked
field,05_TRADEOFF_EVIDENCE,sensing_axis_or_variable,,,sensing axis or variable,Complete during extraction when applicable; do not infer unsupported content.,text,extraction_or_verification,Blank=not reviewed; after review use reported/NR/NA/UNC where applicable.,RQ1|RQ5,Phase_D_raw_evidence,phase_d_schema_v1.0_pilot_locked
field,05_TRADEOFF_EVIDENCE,optimization_objective,,,optimization objective,Complete during extraction when applicable; do not infer unsupported content.,text,extraction_or_verification,Blank=not reviewed; after review use reported/NR/NA/UNC where applicable.,,Phase_D_raw_evidence,phase_d_schema_v1.0_pilot_locked
field,05_TRADEOFF_EVIDENCE,constraints,,,constraints,Complete during extraction when applicable; do not infer unsupported content.,text,extraction_or_verification,Blank=not reviewed; after review use reported/NR/NA/UNC where applicable.,,Phase_D_raw_evidence,phase_d_schema_v1.0_pilot_locked
field,05_TRADEOFF_EVIDENCE,quantitative_flag,,,quantitative flag,Complete during extraction when applicable; do not infer unsupported content.,text,extraction_or_verification,Blank=not reviewed; after review use reported/NR/NA/UNC where applicable.,,Phase_D_raw_evidence,phase_d_schema_v1.0_pilot_locked
field,05_TRADEOFF_EVIDENCE,result_summary,,,result summary,Complete during extraction when applicable; do not infer unsupported content.,text,extraction_or_verification,Blank=not reviewed; after review use reported/NR/NA/UNC where applicable.,,Phase_D_raw_evidence,phase_d_schema_v1.0_pilot_locked
field,05_TRADEOFF_EVIDENCE,pdf_page,,,PDF page index/number used to locate the evidence.,Complete during extraction when applicable; do not infer unsupported content.,text,extraction_or_verification,Blank=not reviewed; after review use reported/NR/NA/UNC where applicable.,,Phase_D_raw_evidence,phase_d_schema_v1.0_pilot_locked
field,05_TRADEOFF_EVIDENCE,section_heading,,,section heading,Complete during extraction when applicable; do not infer unsupported content.,text,extraction_or_verification,Blank=not reviewed; after review use reported/NR/NA/UNC where applicable.,,Phase_D_raw_evidence,phase_d_schema_v1.0_pilot_locked
field,05_TRADEOFF_EVIDENCE,table_id,,,table id,Complete during extraction when applicable; do not infer unsupported content.,text,extraction_or_verification,Blank=not reviewed; after review use reported/NR/NA/UNC where applicable.,,Phase_D_raw_evidence,phase_d_schema_v1.0_pilot_locked
field,05_TRADEOFF_EVIDENCE,figure_id,,,figure id,Complete during extraction when applicable; do not infer unsupported content.,text,extraction_or_verification,Blank=not reviewed; after review use reported/NR/NA/UNC where applicable.,,Phase_D_raw_evidence,phase_d_schema_v1.0_pilot_locked
field,05_TRADEOFF_EVIDENCE,equation_id,,,equation id,Complete during extraction when applicable; do not infer unsupported content.,text,extraction_or_verification,Blank=not reviewed; after review use reported/NR/NA/UNC where applicable.,,Phase_D_raw_evidence,phase_d_schema_v1.0_pilot_locked
field,05_TRADEOFF_EVIDENCE,source_path,,,source path,Complete during extraction when applicable; do not infer unsupported content.,text,extraction_or_verification,Blank=not reviewed; after review use reported/NR/NA/UNC where applicable.,,Phase_D_raw_evidence,phase_d_schema_v1.0_pilot_locked
field,05_TRADEOFF_EVIDENCE,extraction_status,,,extraction status,Complete during extraction when applicable; do not infer unsupported content.,text,extraction_or_verification,Blank=not reviewed; after review use reported/NR/NA/UNC where applicable.,,Phase_D_raw_evidence,phase_d_schema_v1.0_pilot_locked
field,05_TRADEOFF_EVIDENCE,extractor_id,,,extractor id,Complete during extraction when applicable; do not infer unsupported content.,text,extraction_or_verification,Blank=not reviewed; after review use reported/NR/NA/UNC where applicable.,,Phase_D_raw_evidence,phase_d_schema_v1.0_pilot_locked
field,05_TRADEOFF_EVIDENCE,verifier_id,,,verifier id,Complete during extraction when applicable; do not infer unsupported content.,text,extraction_or_verification,Blank=not reviewed; after review use reported/NR/NA/UNC where applicable.,,Phase_D_raw_evidence,phase_d_schema_v1.0_pilot_locked
field,05_TRADEOFF_EVIDENCE,verification_status,,,verification status,Complete during extraction when applicable; do not infer unsupported content.,text,extraction_or_verification,Blank=not reviewed; after review use reported/NR/NA/UNC where applicable.,,Phase_D_raw_evidence,phase_d_schema_v1.0_pilot_locked
field,05_TRADEOFF_EVIDENCE,qa_flag,,,qa flag,Complete during extraction when applicable; do not infer unsupported content.,text,extraction_or_verification,Blank=not reviewed; after review use reported/NR/NA/UNC where applicable.,,Phase_D_raw_evidence,phase_d_schema_v1.0_pilot_locked
field,05_TRADEOFF_EVIDENCE,schema_version,,,Version of the extraction schema applied to the row.,Required in the Phase D baseline or when a row is created.,text,baseline,Must not be blank.,,Phase_D_raw_evidence,phase_d_schema_v1.0_pilot_locked
value,,,missing_value_status,reported,A value or explicit statement is present in the source.,Use the code exactly as written; add a source note when the classification is borderline.,controlled_text,when_applicable,Do not substitute an empty cell for an assessed NR/NA/UNC state.,,Phase_D_raw_evidence,phase_d_schema_v1.0_pilot_locked
value,,,missing_value_status,NR,Not reported after the relevant source section was reviewed.,Use the code exactly as written; add a source note when the classification is borderline.,controlled_text,when_applicable,Do not substitute an empty cell for an assessed NR/NA/UNC state.,,Phase_D_raw_evidence,phase_d_schema_v1.0_pilot_locked
value,,,missing_value_status,NA,Not applicable to this study/result.,Use the code exactly as written; add a source note when the classification is borderline.,controlled_text,when_applicable,Do not substitute an empty cell for an assessed NR/NA/UNC state.,,Phase_D_raw_evidence,phase_d_schema_v1.0_pilot_locked
value,,,missing_value_status,UNC,Reported information remains ambiguous after source review.,Use the code exactly as written; add a source note when the classification is borderline.,controlled_text,when_applicable,Do not substitute an empty cell for an assessed NR/NA/UNC state.,,Phase_D_raw_evidence,phase_d_schema_v1.0_pilot_locked
value,,,value_origin,reported,Copied or faithfully transcribed from the source.,Use the code exactly as written; add a source note when the classification is borderline.,controlled_text,when_applicable,Do not substitute an empty cell for an assessed NR/NA/UNC state.,,Phase_D_raw_evidence,phase_d_schema_v1.0_pilot_locked
value,,,value_origin,calculated,Calculated from reported inputs; formula and input IDs required.,Use the code exactly as written; add a source note when the classification is borderline.,controlled_text,when_applicable,Do not substitute an empty cell for an assessed NR/NA/UNC state.,,Phase_D_raw_evidence,phase_d_schema_v1.0_pilot_locked
value,,,value_origin,digitized_from_figure,Digitized from a figure; method and source figure required.,Use the code exactly as written; add a source note when the classification is borderline.,controlled_text,when_applicable,Do not substitute an empty cell for an assessed NR/NA/UNC state.,,Phase_D_raw_evidence,phase_d_schema_v1.0_pilot_locked
value,,,extraction_status,not_started,No source-level extraction has begun.,Use the code exactly as written; add a source note when the classification is borderline.,controlled_text,when_applicable,Do not substitute an empty cell for an assessed NR/NA/UNC state.,,Phase_D_raw_evidence,phase_d_schema_v1.0_pilot_locked
value,,,extraction_status,in_progress,Extraction is underway.,Use the code exactly as written; add a source note when the classification is borderline.,controlled_text,when_applicable,Do not substitute an empty cell for an assessed NR/NA/UNC state.,,Phase_D_raw_evidence,phase_d_schema_v1.0_pilot_locked
value,,,extraction_status,extracted,Initial extraction is complete.,Use the code exactly as written; add a source note when the classification is borderline.,controlled_text,when_applicable,Do not substitute an empty cell for an assessed NR/NA/UNC state.,,Phase_D_raw_evidence,phase_d_schema_v1.0_pilot_locked
value,,,extraction_status,pending_verification,Awaiting human verification.,Use the code exactly as written; add a source note when the classification is borderline.,controlled_text,when_applicable,Do not substitute an empty cell for an assessed NR/NA/UNC state.,,Phase_D_raw_evidence,phase_d_schema_v1.0_pilot_locked
value,,,extraction_status,needs_revision,Verification found a correctable issue.,Use the code exactly as written; add a source note when the classification is borderline.,controlled_text,when_applicable,Do not substitute an empty cell for an assessed NR/NA/UNC state.,,Phase_D_raw_evidence,phase_d_schema_v1.0_pilot_locked
value,,,extraction_status,adjudication_required,A scientific or provenance decision is unresolved.,Use the code exactly as written; add a source note when the classification is borderline.,controlled_text,when_applicable,Do not substitute an empty cell for an assessed NR/NA/UNC state.,,Phase_D_raw_evidence,phase_d_schema_v1.0_pilot_locked
value,,,extraction_status,verified,Human verification completed.,Use the code exactly as written; add a source note when the classification is borderline.,controlled_text,when_applicable,Do not substitute an empty cell for an assessed NR/NA/UNC state.,,Phase_D_raw_evidence,phase_d_schema_v1.0_pilot_locked
value,,,extraction_status,locked,Record locked after QA.,Use the code exactly as written; add a source note when the classification is borderline.,controlled_text,when_applicable,Do not substitute an empty cell for an assessed NR/NA/UNC state.,,Phase_D_raw_evidence,phase_d_schema_v1.0_pilot_locked
value,,,verification_status,not_checked,No human verification yet.,Use the code exactly as written; add a source note when the classification is borderline.,controlled_text,when_applicable,Do not substitute an empty cell for an assessed NR/NA/UNC state.,,Phase_D_raw_evidence,phase_d_schema_v1.0_pilot_locked
value,,,verification_status,verified,Verified against original source.,Use the code exactly as written; add a source note when the classification is borderline.,controlled_text,when_applicable,Do not substitute an empty cell for an assessed NR/NA/UNC state.,,Phase_D_raw_evidence,phase_d_schema_v1.0_pilot_locked
value,,,verification_status,needs_revision,Correction required.,Use the code exactly as written; add a source note when the classification is borderline.,controlled_text,when_applicable,Do not substitute an empty cell for an assessed NR/NA/UNC state.,,Phase_D_raw_evidence,phase_d_schema_v1.0_pilot_locked
value,,,verification_status,conflict,Unresolved discrepancy exists.,Use the code exactly as written; add a source note when the classification is borderline.,controlled_text,when_applicable,Do not substitute an empty cell for an assessed NR/NA/UNC state.,,Phase_D_raw_evidence,phase_d_schema_v1.0_pilot_locked
value,,,optical_modality,fiber,Fiber-optic communication-sensing platform.,Use the code exactly as written; add a source note when the classification is borderline.,controlled_text,when_applicable,Do not substitute an empty cell for an assessed NR/NA/UNC state.,,Phase_D_raw_evidence,phase_d_schema_v1.0_pilot_locked
value,,,optical_modality,FSO,Free-space/optical wireless platform excluding VLC/LiFi when distinguishable.,Use the code exactly as written; add a source note when the classification is borderline.,controlled_text,when_applicable,Do not substitute an empty cell for an assessed NR/NA/UNC state.,,Phase_D_raw_evidence,phase_d_schema_v1.0_pilot_locked
value,,,optical_modality,VLC_LiFi,Visible-light communication or LiFi platform.,Use the code exactly as written; add a source note when the classification is borderline.,controlled_text,when_applicable,Do not substitute an empty cell for an assessed NR/NA/UNC state.,,Phase_D_raw_evidence,phase_d_schema_v1.0_pilot_locked
value,,,optical_modality,photonic_THz,Photonically generated/processed THz or mmWave platform.,Use the code exactly as written; add a source note when the classification is borderline.,controlled_text,when_applicable,Do not substitute an empty cell for an assessed NR/NA/UNC state.,,Phase_D_raw_evidence,phase_d_schema_v1.0_pilot_locked
value,,,optical_modality,hybrid_optical,Material combination of two or more optical/photonic modalities.,Use the code exactly as written; add a source note when the classification is borderline.,controlled_text,when_applicable,Do not substitute an empty cell for an assessed NR/NA/UNC state.,,Phase_D_raw_evidence,phase_d_schema_v1.0_pilot_locked
value,,,optical_modality,other_optical,Eligible optical platform not represented above; note required.,Use the code exactly as written; add a source note when the classification is borderline.,controlled_text,when_applicable,Do not substitute an empty cell for an assessed NR/NA/UNC state.,,Phase_D_raw_evidence,phase_d_schema_v1.0_pilot_locked
value,,,optical_modality,unclear,Optical modality cannot yet be resolved.,Use the code exactly as written; add a source note when the classification is borderline.,controlled_text,when_applicable,Do not substitute an empty cell for an assessed NR/NA/UNC state.,,Phase_D_raw_evidence,phase_d_schema_v1.0_pilot_locked
value,,,integration_level,device_component,Integration is primarily at device/component level.,Use the code exactly as written; add a source note when the classification is borderline.,controlled_text,when_applicable,Do not substitute an empty cell for an assessed NR/NA/UNC state.,,Phase_D_raw_evidence,phase_d_schema_v1.0_pilot_locked
value,,,integration_level,link,Integration occurs within a common optical/wireless link.,Use the code exactly as written; add a source note when the classification is borderline.,controlled_text,when_applicable,Do not substitute an empty cell for an assessed NR/NA/UNC state.,,Phase_D_raw_evidence,phase_d_schema_v1.0_pilot_locked
value,,,integration_level,channel,Integration is organized around a shared channel model.,Use the code exactly as written; add a source note when the classification is borderline.,controlled_text,when_applicable,Do not substitute an empty cell for an assessed NR/NA/UNC state.,,Phase_D_raw_evidence,phase_d_schema_v1.0_pilot_locked
value,,,integration_level,system,Integration spans the end-to-end system.,Use the code exactly as written; add a source note when the classification is borderline.,controlled_text,when_applicable,Do not substitute an empty cell for an assessed NR/NA/UNC state.,,Phase_D_raw_evidence,phase_d_schema_v1.0_pilot_locked
value,,,integration_level,network,Integration is evaluated at network/resource-allocation level.,Use the code exactly as written; add a source note when the classification is borderline.,controlled_text,when_applicable,Do not substitute an empty cell for an assessed NR/NA/UNC state.,,Phase_D_raw_evidence,phase_d_schema_v1.0_pilot_locked
value,,,integration_level,application,Functions are jointly evaluated within a shared application scenario.,Use the code exactly as written; add a source note when the classification is borderline.,controlled_text,when_applicable,Do not substitute an empty cell for an assessed NR/NA/UNC state.,,Phase_D_raw_evidence,phase_d_schema_v1.0_pilot_locked
value,,,integration_level,multi_level,Two or more explicit levels apply.,Use the code exactly as written; add a source note when the classification is borderline.,controlled_text,when_applicable,Do not substitute an empty cell for an assessed NR/NA/UNC state.,,Phase_D_raw_evidence,phase_d_schema_v1.0_pilot_locked
value,,,integration_level,unclear,Level cannot yet be resolved.,Use the code exactly as written; add a source note when the classification is borderline.,controlled_text,when_applicable,Do not substitute an empty cell for an assessed NR/NA/UNC state.,,Phase_D_raw_evidence,phase_d_schema_v1.0_pilot_locked
value,,,integration_mechanism,shared_waveform,Same waveform carries or supports both functions.,Use the code exactly as written; add a source note when the classification is borderline.,controlled_text,when_applicable,Do not substitute an empty cell for an assessed NR/NA/UNC state.,,Phase_D_raw_evidence,phase_d_schema_v1.0_pilot_locked
value,,,integration_mechanism,shared_hardware,Material hardware is shared.,Use the code exactly as written; add a source note when the classification is borderline.,controlled_text,when_applicable,Do not substitute an empty cell for an assessed NR/NA/UNC state.,,Phase_D_raw_evidence,phase_d_schema_v1.0_pilot_locked
value,,,integration_mechanism,shared_optical_carrier,Optical carrier/source is shared.,Use the code exactly as written; add a source note when the classification is borderline.,controlled_text,when_applicable,Do not substitute an empty cell for an assessed NR/NA/UNC state.,,Phase_D_raw_evidence,phase_d_schema_v1.0_pilot_locked
value,,,integration_mechanism,shared_link_or_channel,Common link/channel supports both functions.,Use the code exactly as written; add a source note when the classification is borderline.,controlled_text,when_applicable,Do not substitute an empty cell for an assessed NR/NA/UNC state.,,Phase_D_raw_evidence,phase_d_schema_v1.0_pilot_locked
value,,,integration_mechanism,shared_resource_allocation,Time/frequency/power/spatial resources are jointly allocated.,Use the code exactly as written; add a source note when the classification is borderline.,controlled_text,when_applicable,Do not substitute an empty cell for an assessed NR/NA/UNC state.,,Phase_D_raw_evidence,phase_d_schema_v1.0_pilot_locked
value,,,integration_mechanism,joint_design_or_optimization,Functions are co-designed or co-optimized.,Use the code exactly as written; add a source note when the classification is borderline.,controlled_text,when_applicable,Do not substitute an empty cell for an assessed NR/NA/UNC state.,,Phase_D_raw_evidence,phase_d_schema_v1.0_pilot_locked
value,,,integration_mechanism,shared_application_scenario,Integration is at common application-scenario level.,Use the code exactly as written; add a source note when the classification is borderline.,controlled_text,when_applicable,Do not substitute an empty cell for an assessed NR/NA/UNC state.,,Phase_D_raw_evidence,phase_d_schema_v1.0_pilot_locked
value,,,integration_mechanism,mixed,Multiple mechanisms apply.,Use the code exactly as written; add a source note when the classification is borderline.,controlled_text,when_applicable,Do not substitute an empty cell for an assessed NR/NA/UNC state.,,Phase_D_raw_evidence,phase_d_schema_v1.0_pilot_locked
value,,,integration_mechanism,other,Other mechanism; note required.,Use the code exactly as written; add a source note when the classification is borderline.,controlled_text,when_applicable,Do not substitute an empty cell for an assessed NR/NA/UNC state.,,Phase_D_raw_evidence,phase_d_schema_v1.0_pilot_locked
value,,,integration_mechanism,unclear,Mechanism cannot yet be resolved.,Use the code exactly as written; add a source note when the classification is borderline.,controlled_text,when_applicable,Do not substitute an empty cell for an assessed NR/NA/UNC state.,,Phase_D_raw_evidence,phase_d_schema_v1.0_pilot_locked
value,,,measurement_plane,device_component,Device/component measurement plane.,Use the code exactly as written; add a source note when the classification is borderline.,controlled_text,when_applicable,Do not substitute an empty cell for an assessed NR/NA/UNC state.,,Phase_D_raw_evidence,phase_d_schema_v1.0_pilot_locked
value,,,measurement_plane,link,End-to-end or segment link plane.,Use the code exactly as written; add a source note when the classification is borderline.,controlled_text,when_applicable,Do not substitute an empty cell for an assessed NR/NA/UNC state.,,Phase_D_raw_evidence,phase_d_schema_v1.0_pilot_locked
value,,,measurement_plane,channel,Channel-estimation/model plane.,Use the code exactly as written; add a source note when the classification is borderline.,controlled_text,when_applicable,Do not substitute an empty cell for an assessed NR/NA/UNC state.,,Phase_D_raw_evidence,phase_d_schema_v1.0_pilot_locked
value,,,measurement_plane,network,Network-level plane.,Use the code exactly as written; add a source note when the classification is borderline.,controlled_text,when_applicable,Do not substitute an empty cell for an assessed NR/NA/UNC state.,,Phase_D_raw_evidence,phase_d_schema_v1.0_pilot_locked
value,,,measurement_plane,application,Application/task plane.,Use the code exactly as written; add a source note when the classification is borderline.,controlled_text,when_applicable,Do not substitute an empty cell for an assessed NR/NA/UNC state.,,Phase_D_raw_evidence,phase_d_schema_v1.0_pilot_locked
value,,,measurement_plane,system,Integrated system plane.,Use the code exactly as written; add a source note when the classification is borderline.,controlled_text,when_applicable,Do not substitute an empty cell for an assessed NR/NA/UNC state.,,Phase_D_raw_evidence,phase_d_schema_v1.0_pilot_locked
value,,,measurement_plane,unclear,Plane cannot yet be resolved.,Use the code exactly as written; add a source note when the classification is borderline.,controlled_text,when_applicable,Do not substitute an empty cell for an assessed NR/NA/UNC state.,,Phase_D_raw_evidence,phase_d_schema_v1.0_pilot_locked
value,,,validation_type,analytical,"Closed-form, theoretical or formal analytical validation.",Use the code exactly as written; add a source note when the classification is borderline.,controlled_text,when_applicable,Do not substitute an empty cell for an assessed NR/NA/UNC state.,,Phase_D_raw_evidence,phase_d_schema_v1.0_pilot_locked
value,,,validation_type,numerical_analysis,Numerical evaluation not described as stochastic simulation.,Use the code exactly as written; add a source note when the classification is borderline.,controlled_text,when_applicable,Do not substitute an empty cell for an assessed NR/NA/UNC state.,,Phase_D_raw_evidence,phase_d_schema_v1.0_pilot_locked
value,,,validation_type,simulation,Software/synthetic simulation.,Use the code exactly as written; add a source note when the classification is borderline.,controlled_text,when_applicable,Do not substitute an empty cell for an assessed NR/NA/UNC state.,,Phase_D_raw_evidence,phase_d_schema_v1.0_pilot_locked
value,,,validation_type,dataset_based,Validation on a defined dataset.,Use the code exactly as written; add a source note when the classification is borderline.,controlled_text,when_applicable,Do not substitute an empty cell for an assessed NR/NA/UNC state.,,Phase_D_raw_evidence,phase_d_schema_v1.0_pilot_locked
value,,,validation_type,laboratory_experiment,Controlled laboratory experiment.,Use the code exactly as written; add a source note when the classification is borderline.,controlled_text,when_applicable,Do not substitute an empty cell for an assessed NR/NA/UNC state.,,Phase_D_raw_evidence,phase_d_schema_v1.0_pilot_locked
value,,,validation_type,prototype_testbed,Integrated prototype or testbed demonstration.,Use the code exactly as written; add a source note when the classification is borderline.,controlled_text,when_applicable,Do not substitute an empty cell for an assessed NR/NA/UNC state.,,Phase_D_raw_evidence,phase_d_schema_v1.0_pilot_locked
value,,,validation_type,field_experiment,Operational or real-world field experiment.,Use the code exactly as written; add a source note when the classification is borderline.,controlled_text,when_applicable,Do not substitute an empty cell for an assessed NR/NA/UNC state.,,Phase_D_raw_evidence,phase_d_schema_v1.0_pilot_locked
value,,,validation_type,mixed,More than one validation type.,Use the code exactly as written; add a source note when the classification is borderline.,controlled_text,when_applicable,Do not substitute an empty cell for an assessed NR/NA/UNC state.,,Phase_D_raw_evidence,phase_d_schema_v1.0_pilot_locked
value,,,metric_domain,communication,Communication performance metric.,Use the code exactly as written; add a source note when the classification is borderline.,controlled_text,when_applicable,Do not substitute an empty cell for an assessed NR/NA/UNC state.,,Phase_D_raw_evidence,phase_d_schema_v1.0_pilot_locked
value,,,metric_domain,sensing,Sensing/perception/localization metric.,Use the code exactly as written; add a source note when the classification is borderline.,controlled_text,when_applicable,Do not substitute an empty cell for an assessed NR/NA/UNC state.,,Phase_D_raw_evidence,phase_d_schema_v1.0_pilot_locked
value,,,metric_domain,joint,Joint objective or coupled metric.,Use the code exactly as written; add a source note when the classification is borderline.,controlled_text,when_applicable,Do not substitute an empty cell for an assessed NR/NA/UNC state.,,Phase_D_raw_evidence,phase_d_schema_v1.0_pilot_locked
value,,,communication_function,data_transmission,User/data-bearing transmission.,Use the code exactly as written; add a source note when the classification is borderline.,controlled_text,when_applicable,Do not substitute an empty cell for an assessed NR/NA/UNC state.,,Phase_D_raw_evidence,phase_d_schema_v1.0_pilot_locked
value,,,communication_function,channel_estimation,Communication-channel estimation or equalization support.,Use the code exactly as written; add a source note when the classification is borderline.,controlled_text,when_applicable,Do not substitute an empty cell for an assessed NR/NA/UNC state.,,Phase_D_raw_evidence,phase_d_schema_v1.0_pilot_locked
value,,,communication_function,network_access,Access/connectivity function.,Use the code exactly as written; add a source note when the classification is borderline.,controlled_text,when_applicable,Do not substitute an empty cell for an assessed NR/NA/UNC state.,,Phase_D_raw_evidence,phase_d_schema_v1.0_pilot_locked
value,,,communication_function,fronthaul_backhaul,"Fronthaul, backhaul or transport function.",Use the code exactly as written; add a source note when the classification is borderline.,controlled_text,when_applicable,Do not substitute an empty cell for an assessed NR/NA/UNC state.,,Phase_D_raw_evidence,phase_d_schema_v1.0_pilot_locked
value,,,communication_function,resource_allocation,Communication resource-allocation or scheduling function.,Use the code exactly as written; add a source note when the classification is borderline.,controlled_text,when_applicable,Do not substitute an empty cell for an assessed NR/NA/UNC state.,,Phase_D_raw_evidence,phase_d_schema_v1.0_pilot_locked
value,,,communication_function,control_signaling,Control or coordination signaling.,Use the code exactly as written; add a source note when the classification is borderline.,controlled_text,when_applicable,Do not substitute an empty cell for an assessed NR/NA/UNC state.,,Phase_D_raw_evidence,phase_d_schema_v1.0_pilot_locked
value,,,communication_function,secure_communication,Communication security or physical-layer protection.,Use the code exactly as written; add a source note when the classification is borderline.,controlled_text,when_applicable,Do not substitute an empty cell for an assessed NR/NA/UNC state.,,Phase_D_raw_evidence,phase_d_schema_v1.0_pilot_locked
value,,,communication_function,other,Other communication function; note required.,Use the code exactly as written; add a source note when the classification is borderline.,controlled_text,when_applicable,Do not substitute an empty cell for an assessed NR/NA/UNC state.,,Phase_D_raw_evidence,phase_d_schema_v1.0_pilot_locked
value,,,sensing_task,ranging,Distance/range estimation.,Use the code exactly as written; add a source note when the classification is borderline.,controlled_text,when_applicable,Do not substitute an empty cell for an assessed NR/NA/UNC state.,,Phase_D_raw_evidence,phase_d_schema_v1.0_pilot_locked
value,,,sensing_task,localization,Position/localization estimation.,Use the code exactly as written; add a source note when the classification is borderline.,controlled_text,when_applicable,Do not substitute an empty cell for an assessed NR/NA/UNC state.,,Phase_D_raw_evidence,phase_d_schema_v1.0_pilot_locked
value,,,sensing_task,detection,"Target, event or object detection.",Use the code exactly as written; add a source note when the classification is borderline.,controlled_text,when_applicable,Do not substitute an empty cell for an assessed NR/NA/UNC state.,,Phase_D_raw_evidence,phase_d_schema_v1.0_pilot_locked
value,,,sensing_task,imaging,Image or scene reconstruction/recognition.,Use the code exactly as written; add a source note when the classification is borderline.,controlled_text,when_applicable,Do not substitute an empty cell for an assessed NR/NA/UNC state.,,Phase_D_raw_evidence,phase_d_schema_v1.0_pilot_locked
value,,,sensing_task,monitoring,General state or environmental monitoring.,Use the code exactly as written; add a source note when the classification is borderline.,controlled_text,when_applicable,Do not substitute an empty cell for an assessed NR/NA/UNC state.,,Phase_D_raw_evidence,phase_d_schema_v1.0_pilot_locked
value,,,sensing_task,distributed_acoustic_sensing,Distributed acoustic sensing.,Use the code exactly as written; add a source note when the classification is borderline.,controlled_text,when_applicable,Do not substitute an empty cell for an assessed NR/NA/UNC state.,,Phase_D_raw_evidence,phase_d_schema_v1.0_pilot_locked
value,,,sensing_task,vibration_sensing,"Vibration detection, estimation or localization.",Use the code exactly as written; add a source note when the classification is borderline.,controlled_text,when_applicable,Do not substitute an empty cell for an assessed NR/NA/UNC state.,,Phase_D_raw_evidence,phase_d_schema_v1.0_pilot_locked
value,,,sensing_task,channel_sensing,Channel/propagation perturbation sensing or estimation.,Use the code exactly as written; add a source note when the classification is borderline.,controlled_text,when_applicable,Do not substitute an empty cell for an assessed NR/NA/UNC state.,,Phase_D_raw_evidence,phase_d_schema_v1.0_pilot_locked
value,,,sensing_task,environmental_perception,Environmental perception beyond channel estimation.,Use the code exactly as written; add a source note when the classification is borderline.,controlled_text,when_applicable,Do not substitute an empty cell for an assessed NR/NA/UNC state.,,Phase_D_raw_evidence,phase_d_schema_v1.0_pilot_locked
value,,,sensing_task,health_vital_sign_sensing,Physiological or vital-sign sensing.,Use the code exactly as written; add a source note when the classification is borderline.,controlled_text,when_applicable,Do not substitute an empty cell for an assessed NR/NA/UNC state.,,Phase_D_raw_evidence,phase_d_schema_v1.0_pilot_locked
value,,,sensing_task,motion_pose_gesture,"Motion, pose or gesture sensing.",Use the code exactly as written; add a source note when the classification is borderline.,controlled_text,when_applicable,Do not substitute an empty cell for an assessed NR/NA/UNC state.,,Phase_D_raw_evidence,phase_d_schema_v1.0_pilot_locked
value,,,sensing_task,spectrum_polarization_sensing,Spectrum or polarization-state sensing.,Use the code exactly as written; add a source note when the classification is borderline.,controlled_text,when_applicable,Do not substitute an empty cell for an assessed NR/NA/UNC state.,,Phase_D_raw_evidence,phase_d_schema_v1.0_pilot_locked
value,,,sensing_task,other,Other sensing task; note required.,Use the code exactly as written; add a source note when the classification is borderline.,controlled_text,when_applicable,Do not substitute an empty cell for an assessed NR/NA/UNC state.,,Phase_D_raw_evidence,phase_d_schema_v1.0_pilot_locked
value,,,communication_metric_family,BER,Bit error rate.,Use the code exactly as written; add a source note when the classification is borderline.,controlled_text,when_applicable,Do not substitute an empty cell for an assessed NR/NA/UNC state.,,Phase_D_raw_evidence,phase_d_schema_v1.0_pilot_locked
value,,,communication_metric_family,data_rate,Reported gross or net data rate.,Use the code exactly as written; add a source note when the classification is borderline.,controlled_text,when_applicable,Do not substitute an empty cell for an assessed NR/NA/UNC state.,,Phase_D_raw_evidence,phase_d_schema_v1.0_pilot_locked
value,,,communication_metric_family,capacity,Channel/system capacity.,Use the code exactly as written; add a source note when the classification is borderline.,controlled_text,when_applicable,Do not substitute an empty cell for an assessed NR/NA/UNC state.,,Phase_D_raw_evidence,phase_d_schema_v1.0_pilot_locked
value,,,communication_metric_family,throughput,Measured or simulated throughput.,Use the code exactly as written; add a source note when the classification is borderline.,controlled_text,when_applicable,Do not substitute an empty cell for an assessed NR/NA/UNC state.,,Phase_D_raw_evidence,phase_d_schema_v1.0_pilot_locked
value,,,communication_metric_family,spectral_efficiency,"Bit-rate efficiency per bandwidth or data-subcarrier fraction, with definition retained.",Use the code exactly as written; add a source note when the classification is borderline.,controlled_text,when_applicable,Do not substitute an empty cell for an assessed NR/NA/UNC state.,,Phase_D_raw_evidence,phase_d_schema_v1.0_pilot_locked
value,,,communication_metric_family,latency,Communication latency.,Use the code exactly as written; add a source note when the classification is borderline.,controlled_text,when_applicable,Do not substitute an empty cell for an assessed NR/NA/UNC state.,,Phase_D_raw_evidence,phase_d_schema_v1.0_pilot_locked
value,,,communication_metric_family,SNR,Signal-to-noise ratio.,Use the code exactly as written; add a source note when the classification is borderline.,controlled_text,when_applicable,Do not substitute an empty cell for an assessed NR/NA/UNC state.,,Phase_D_raw_evidence,phase_d_schema_v1.0_pilot_locked
value,,,communication_metric_family,OSNR,Optical signal-to-noise ratio.,Use the code exactly as written; add a source note when the classification is borderline.,controlled_text,when_applicable,Do not substitute an empty cell for an assessed NR/NA/UNC state.,,Phase_D_raw_evidence,phase_d_schema_v1.0_pilot_locked
value,,,communication_metric_family,ESNR,Effective signal-to-noise ratio.,Use the code exactly as written; add a source note when the classification is borderline.,controlled_text,when_applicable,Do not substitute an empty cell for an assessed NR/NA/UNC state.,,Phase_D_raw_evidence,phase_d_schema_v1.0_pilot_locked
value,,,communication_metric_family,link_budget,Link-budget quantity.,Use the code exactly as written; add a source note when the classification is borderline.,controlled_text,when_applicable,Do not substitute an empty cell for an assessed NR/NA/UNC state.,,Phase_D_raw_evidence,phase_d_schema_v1.0_pilot_locked
value,,,communication_metric_family,coverage,Communication coverage or reach.,Use the code exactly as written; add a source note when the classification is borderline.,controlled_text,when_applicable,Do not substitute an empty cell for an assessed NR/NA/UNC state.,,Phase_D_raw_evidence,phase_d_schema_v1.0_pilot_locked
value,,,communication_metric_family,outage_probability,Outage probability.,Use the code exactly as written; add a source note when the classification is borderline.,controlled_text,when_applicable,Do not substitute an empty cell for an assessed NR/NA/UNC state.,,Phase_D_raw_evidence,phase_d_schema_v1.0_pilot_locked
value,,,communication_metric_family,EVM,Error vector magnitude.,Use the code exactly as written; add a source note when the classification is borderline.,controlled_text,when_applicable,Do not substitute an empty cell for an assessed NR/NA/UNC state.,,Phase_D_raw_evidence,phase_d_schema_v1.0_pilot_locked
value,,,communication_metric_family,Q_factor,Optical/electrical Q-factor.,Use the code exactly as written; add a source note when the classification is borderline.,controlled_text,when_applicable,Do not substitute an empty cell for an assessed NR/NA/UNC state.,,Phase_D_raw_evidence,phase_d_schema_v1.0_pilot_locked
value,,,communication_metric_family,PAPR_PAOPR,Peak-to-average electrical or optical power ratio.,Use the code exactly as written; add a source note when the classification is borderline.,controlled_text,when_applicable,Do not substitute an empty cell for an assessed NR/NA/UNC state.,,Phase_D_raw_evidence,phase_d_schema_v1.0_pilot_locked
value,,,communication_metric_family,other,Other communication metric; retain reported name and definition.,Use the code exactly as written; add a source note when the classification is borderline.,controlled_text,when_applicable,Do not substitute an empty cell for an assessed NR/NA/UNC state.,,Phase_D_raw_evidence,phase_d_schema_v1.0_pilot_locked
value,,,sensing_metric_family,range_accuracy,Range accuracy or error.,Use the code exactly as written; add a source note when the classification is borderline.,controlled_text,when_applicable,Do not substitute an empty cell for an assessed NR/NA/UNC state.,,Phase_D_raw_evidence,phase_d_schema_v1.0_pilot_locked
value,,,sensing_metric_family,localization_error,Localization/positioning error.,Use the code exactly as written; add a source note when the classification is borderline.,controlled_text,when_applicable,Do not substitute an empty cell for an assessed NR/NA/UNC state.,,Phase_D_raw_evidence,phase_d_schema_v1.0_pilot_locked
value,,,sensing_metric_family,detection_probability,Probability of detection.,Use the code exactly as written; add a source note when the classification is borderline.,controlled_text,when_applicable,Do not substitute an empty cell for an assessed NR/NA/UNC state.,,Phase_D_raw_evidence,phase_d_schema_v1.0_pilot_locked
value,,,sensing_metric_family,false_alarm_rate,False-alarm probability or rate.,Use the code exactly as written; add a source note when the classification is borderline.,controlled_text,when_applicable,Do not substitute an empty cell for an assessed NR/NA/UNC state.,,Phase_D_raw_evidence,phase_d_schema_v1.0_pilot_locked
value,,,sensing_metric_family,resolution,"Range, spatial, angular or temporal resolution.",Use the code exactly as written; add a source note when the classification is borderline.,controlled_text,when_applicable,Do not substitute an empty cell for an assessed NR/NA/UNC state.,,Phase_D_raw_evidence,phase_d_schema_v1.0_pilot_locked
value,,,sensing_metric_family,CRB,Cramér-Rao bound.,Use the code exactly as written; add a source note when the classification is borderline.,controlled_text,when_applicable,Do not substitute an empty cell for an assessed NR/NA/UNC state.,,Phase_D_raw_evidence,phase_d_schema_v1.0_pilot_locked
value,,,sensing_metric_family,FIM,Fisher information matrix or derived information quantity.,Use the code exactly as written; add a source note when the classification is borderline.,controlled_text,when_applicable,Do not substitute an empty cell for an assessed NR/NA/UNC state.,,Phase_D_raw_evidence,phase_d_schema_v1.0_pilot_locked
value,,,sensing_metric_family,estimation_error,General estimation-error metric.,Use the code exactly as written; add a source note when the classification is borderline.,controlled_text,when_applicable,Do not substitute an empty cell for an assessed NR/NA/UNC state.,,Phase_D_raw_evidence,phase_d_schema_v1.0_pilot_locked
value,,,sensing_metric_family,MAPE,Mean absolute pilot error as defined by the source.,Use the code exactly as written; add a source note when the classification is borderline.,controlled_text,when_applicable,Do not substitute an empty cell for an assessed NR/NA/UNC state.,,Phase_D_raw_evidence,phase_d_schema_v1.0_pilot_locked
value,,,sensing_metric_family,sensing_SNR,Sensing signal-to-noise ratio.,Use the code exactly as written; add a source note when the classification is borderline.,controlled_text,when_applicable,Do not substitute an empty cell for an assessed NR/NA/UNC state.,,Phase_D_raw_evidence,phase_d_schema_v1.0_pilot_locked
value,,,sensing_metric_family,sensing_rate,Sensing/update/acquisition rate.,Use the code exactly as written; add a source note when the classification is borderline.,controlled_text,when_applicable,Do not substitute an empty cell for an assessed NR/NA/UNC state.,,Phase_D_raw_evidence,phase_d_schema_v1.0_pilot_locked
value,,,sensing_metric_family,other,Other sensing metric; retain reported name and definition.,Use the code exactly as written; add a source note when the classification is borderline.,controlled_text,when_applicable,Do not substitute an empty cell for an assessed NR/NA/UNC state.,,Phase_D_raw_evidence,phase_d_schema_v1.0_pilot_locked
value,,,comparison_operator,eq,Equal to.,Use the code exactly as written; add a source note when the classification is borderline.,controlled_text,when_applicable,Do not substitute an empty cell for an assessed NR/NA/UNC state.,,Phase_D_raw_evidence,phase_d_schema_v1.0_pilot_locked
value,,,comparison_operator,lt,Less than.,Use the code exactly as written; add a source note when the classification is borderline.,controlled_text,when_applicable,Do not substitute an empty cell for an assessed NR/NA/UNC state.,,Phase_D_raw_evidence,phase_d_schema_v1.0_pilot_locked
value,,,comparison_operator,le,Less than or equal to.,Use the code exactly as written; add a source note when the classification is borderline.,controlled_text,when_applicable,Do not substitute an empty cell for an assessed NR/NA/UNC state.,,Phase_D_raw_evidence,phase_d_schema_v1.0_pilot_locked
value,,,comparison_operator,gt,Greater than.,Use the code exactly as written; add a source note when the classification is borderline.,controlled_text,when_applicable,Do not substitute an empty cell for an assessed NR/NA/UNC state.,,Phase_D_raw_evidence,phase_d_schema_v1.0_pilot_locked
value,,,comparison_operator,ge,Greater than or equal to.,Use the code exactly as written; add a source note when the classification is borderline.,controlled_text,when_applicable,Do not substitute an empty cell for an assessed NR/NA/UNC state.,,Phase_D_raw_evidence,phase_d_schema_v1.0_pilot_locked
value,,,comparison_operator,approx,Approximately equal to.,Use the code exactly as written; add a source note when the classification is borderline.,controlled_text,when_applicable,Do not substitute an empty cell for an assessed NR/NA/UNC state.,,Phase_D_raw_evidence,phase_d_schema_v1.0_pilot_locked
value,,,comparison_operator,range,Within a stated interval.,Use the code exactly as written; add a source note when the classification is borderline.,controlled_text,when_applicable,Do not substitute an empty cell for an assessed NR/NA/UNC state.,,Phase_D_raw_evidence,phase_d_schema_v1.0_pilot_locked
value,,,application_domain,6G_access,6G-oriented access/connectivity.,Use the code exactly as written; add a source note when the classification is borderline.,controlled_text,when_applicable,Do not substitute an empty cell for an assessed NR/NA/UNC state.,,Phase_D_raw_evidence,phase_d_schema_v1.0_pilot_locked
value,,,application_domain,indoor_positioning,Indoor positioning or navigation.,Use the code exactly as written; add a source note when the classification is borderline.,controlled_text,when_applicable,Do not substitute an empty cell for an assessed NR/NA/UNC state.,,Phase_D_raw_evidence,phase_d_schema_v1.0_pilot_locked
value,,,application_domain,vehicular,Vehicular/V2X/transport.,Use the code exactly as written; add a source note when the classification is borderline.,controlled_text,when_applicable,Do not substitute an empty cell for an assessed NR/NA/UNC state.,,Phase_D_raw_evidence,phase_d_schema_v1.0_pilot_locked
value,,,application_domain,industrial,Industrial automation or monitoring.,Use the code exactly as written; add a source note when the classification is borderline.,controlled_text,when_applicable,Do not substitute an empty cell for an assessed NR/NA/UNC state.,,Phase_D_raw_evidence,phase_d_schema_v1.0_pilot_locked
value,,,application_domain,security,"Security, encryption or surveillance.",Use the code exactly as written; add a source note when the classification is borderline.,controlled_text,when_applicable,Do not substitute an empty cell for an assessed NR/NA/UNC state.,,Phase_D_raw_evidence,phase_d_schema_v1.0_pilot_locked
value,,,application_domain,environment_monitoring,Environmental monitoring.,Use the code exactly as written; add a source note when the classification is borderline.,controlled_text,when_applicable,Do not substitute an empty cell for an assessed NR/NA/UNC state.,,Phase_D_raw_evidence,phase_d_schema_v1.0_pilot_locked
value,,,application_domain,underwater,Underwater application.,Use the code exactly as written; add a source note when the classification is borderline.,controlled_text,when_applicable,Do not substitute an empty cell for an assessed NR/NA/UNC state.,,Phase_D_raw_evidence,phase_d_schema_v1.0_pilot_locked
value,,,application_domain,aerospace,"Aerospace, satellite or UAV application.",Use the code exactly as written; add a source note when the classification is borderline.,controlled_text,when_applicable,Do not substitute an empty cell for an assessed NR/NA/UNC state.,,Phase_D_raw_evidence,phase_d_schema_v1.0_pilot_locked
value,,,application_domain,datacenter,Datacenter/interconnect setting.,Use the code exactly as written; add a source note when the classification is borderline.,controlled_text,when_applicable,Do not substitute an empty cell for an assessed NR/NA/UNC state.,,Phase_D_raw_evidence,phase_d_schema_v1.0_pilot_locked
value,,,application_domain,optical_access_network,Optical access-network setting.,Use the code exactly as written; add a source note when the classification is borderline.,controlled_text,when_applicable,Do not substitute an empty cell for an assessed NR/NA/UNC state.,,Phase_D_raw_evidence,phase_d_schema_v1.0_pilot_locked
value,,,application_domain,healthcare,Healthcare or vital-sign application.,Use the code exactly as written; add a source note when the classification is borderline.,controlled_text,when_applicable,Do not substitute an empty cell for an assessed NR/NA/UNC state.,,Phase_D_raw_evidence,phase_d_schema_v1.0_pilot_locked
value,,,application_domain,smart_infrastructure,Smart infrastructure or built-environment monitoring.,Use the code exactly as written; add a source note when the classification is borderline.,controlled_text,when_applicable,Do not substitute an empty cell for an assessed NR/NA/UNC state.,,Phase_D_raw_evidence,phase_d_schema_v1.0_pilot_locked
value,,,application_domain,other,Other application domain; note required.,Use the code exactly as written; add a source note when the classification is borderline.,controlled_text,when_applicable,Do not substitute an empty cell for an assessed NR/NA/UNC state.,,Phase_D_raw_evidence,phase_d_schema_v1.0_pilot_locked
value,,,enabling_technology,OFDM,Orthogonal frequency-division multiplexing.,Use the code exactly as written; add a source note when the classification is borderline.,controlled_text,when_applicable,Do not substitute an empty cell for an assessed NR/NA/UNC state.,,Phase_D_raw_evidence,phase_d_schema_v1.0_pilot_locked
value,,,enabling_technology,beamforming,Beamforming or beam steering.,Use the code exactly as written; add a source note when the classification is borderline.,controlled_text,when_applicable,Do not substitute an empty cell for an assessed NR/NA/UNC state.,,Phase_D_raw_evidence,phase_d_schema_v1.0_pilot_locked
value,,,enabling_technology,MIMO,Multiple-input multiple-output processing.,Use the code exactly as written; add a source note when the classification is borderline.,controlled_text,when_applicable,Do not substitute an empty cell for an assessed NR/NA/UNC state.,,Phase_D_raw_evidence,phase_d_schema_v1.0_pilot_locked
value,,,enabling_technology,coherent_optics,Coherent optical modulation/detection.,Use the code exactly as written; add a source note when the classification is borderline.,controlled_text,when_applicable,Do not substitute an empty cell for an assessed NR/NA/UNC state.,,Phase_D_raw_evidence,phase_d_schema_v1.0_pilot_locked
value,,,enabling_technology,photonic_integration,Photonic integration or PIC.,Use the code exactly as written; add a source note when the classification is borderline.,controlled_text,when_applicable,Do not substitute an empty cell for an assessed NR/NA/UNC state.,,Phase_D_raw_evidence,phase_d_schema_v1.0_pilot_locked
value,,,enabling_technology,photonic_THz_generation,Photonically assisted THz/mmWave generation or processing.,Use the code exactly as written; add a source note when the classification is borderline.,controlled_text,when_applicable,Do not substitute an empty cell for an assessed NR/NA/UNC state.,,Phase_D_raw_evidence,phase_d_schema_v1.0_pilot_locked
value,,,enabling_technology,ML_AI,Machine-learning or AI method.,Use the code exactly as written; add a source note when the classification is borderline.,controlled_text,when_applicable,Do not substitute an empty cell for an assessed NR/NA/UNC state.,,Phase_D_raw_evidence,phase_d_schema_v1.0_pilot_locked
value,,,enabling_technology,RIS_ORIS,"Reconfigurable intelligent surface, including optical RIS.",Use the code exactly as written; add a source note when the classification is borderline.,controlled_text,when_applicable,Do not substitute an empty cell for an assessed NR/NA/UNC state.,,Phase_D_raw_evidence,phase_d_schema_v1.0_pilot_locked
value,,,enabling_technology,OPA,Optical phased array.,Use the code exactly as written; add a source note when the classification is borderline.,controlled_text,when_applicable,Do not substitute an empty cell for an assessed NR/NA/UNC state.,,Phase_D_raw_evidence,phase_d_schema_v1.0_pilot_locked
value,,,enabling_technology,digital_twin,Digital-twin method or environment.,Use the code exactly as written; add a source note when the classification is borderline.,controlled_text,when_applicable,Do not substitute an empty cell for an assessed NR/NA/UNC state.,,Phase_D_raw_evidence,phase_d_schema_v1.0_pilot_locked
value,,,enabling_technology,fiber_DAS,Distributed fiber sensing/DAS technology.,Use the code exactly as written; add a source note when the classification is borderline.,controlled_text,when_applicable,Do not substitute an empty cell for an assessed NR/NA/UNC state.,,Phase_D_raw_evidence,phase_d_schema_v1.0_pilot_locked
value,,,enabling_technology,FMCW,Frequency-modulated continuous-wave method.,Use the code exactly as written; add a source note when the classification is borderline.,controlled_text,when_applicable,Do not substitute an empty cell for an assessed NR/NA/UNC state.,,Phase_D_raw_evidence,phase_d_schema_v1.0_pilot_locked
value,,,enabling_technology,other,Other enabling technology; note required.,Use the code exactly as written; add a source note when the classification is borderline.,controlled_text,when_applicable,Do not substitute an empty cell for an assessed NR/NA/UNC state.,,Phase_D_raw_evidence,phase_d_schema_v1.0_pilot_locked
value,,,result_representation,scalar,Single numerical value.,Use the code exactly as written; add a source note when the classification is borderline.,controlled_text,when_applicable,Do not substitute an empty cell for an assessed NR/NA/UNC state.,,Phase_D_raw_evidence,phase_d_schema_v1.0_pilot_locked
value,,,result_representation,range,Numerical interval.,Use the code exactly as written; add a source note when the classification is borderline.,controlled_text,when_applicable,Do not substitute an empty cell for an assessed NR/NA/UNC state.,,Phase_D_raw_evidence,phase_d_schema_v1.0_pilot_locked
value,,,result_representation,threshold,Bound or threshold.,Use the code exactly as written; add a source note when the classification is borderline.,controlled_text,when_applicable,Do not substitute an empty cell for an assessed NR/NA/UNC state.,,Phase_D_raw_evidence,phase_d_schema_v1.0_pilot_locked
value,,,result_representation,mean_SD,Mean and standard deviation.,Use the code exactly as written; add a source note when the classification is borderline.,controlled_text,when_applicable,Do not substitute an empty cell for an assessed NR/NA/UNC state.,,Phase_D_raw_evidence,phase_d_schema_v1.0_pilot_locked
value,,,result_representation,curve,Graphical curve or surface.,Use the code exactly as written; add a source note when the classification is borderline.,controlled_text,when_applicable,Do not substitute an empty cell for an assessed NR/NA/UNC state.,,Phase_D_raw_evidence,phase_d_schema_v1.0_pilot_locked
value,,,result_representation,table,Tabulated values.,Use the code exactly as written; add a source note when the classification is borderline.,controlled_text,when_applicable,Do not substitute an empty cell for an assessed NR/NA/UNC state.,,Phase_D_raw_evidence,phase_d_schema_v1.0_pilot_locked
value,,,result_representation,qualitative,Non-numerical result.,Use the code exactly as written; add a source note when the classification is borderline.,controlled_text,when_applicable,Do not substitute an empty cell for an assessed NR/NA/UNC state.,,Phase_D_raw_evidence,phase_d_schema_v1.0_pilot_locked
value,,,tradeoff_status,explicit_quantitative,Quantitative coupled tradeoff is reported.,Use the code exactly as written; add a source note when the classification is borderline.,controlled_text,when_applicable,Do not substitute an empty cell for an assessed NR/NA/UNC state.,,Phase_D_raw_evidence,phase_d_schema_v1.0_pilot_locked
value,,,tradeoff_status,partial,Only part of a tradeoff relationship is quantified.,Use the code exactly as written; add a source note when the classification is borderline.,controlled_text,when_applicable,Do not substitute an empty cell for an assessed NR/NA/UNC state.,,Phase_D_raw_evidence,phase_d_schema_v1.0_pilot_locked
value,,,tradeoff_status,qualitative,Tradeoff is discussed without quantitative paired evidence.,Use the code exactly as written; add a source note when the classification is borderline.,controlled_text,when_applicable,Do not substitute an empty cell for an assessed NR/NA/UNC state.,,Phase_D_raw_evidence,phase_d_schema_v1.0_pilot_locked
value,,,tradeoff_status,absent,Relevant source sections were reviewed and no tradeoff was reported.,Use the code exactly as written; add a source note when the classification is borderline.,controlled_text,when_applicable,Do not substitute an empty cell for an assessed NR/NA/UNC state.,,Phase_D_raw_evidence,phase_d_schema_v1.0_pilot_locked
value,,,tradeoff_status,unclear,Tradeoff evidence cannot yet be resolved.,Use the code exactly as written; add a source note when the classification is borderline.,controlled_text,when_applicable,Do not substitute an empty cell for an assessed NR/NA/UNC state.,,Phase_D_raw_evidence,phase_d_schema_v1.0_pilot_locked
value,,,tradeoff_evidence_type,explicit_curve,Tradeoff curve/surface.,Use the code exactly as written; add a source note when the classification is borderline.,controlled_text,when_applicable,Do not substitute an empty cell for an assessed NR/NA/UNC state.,,Phase_D_raw_evidence,phase_d_schema_v1.0_pilot_locked
value,,,tradeoff_evidence_type,tabulated_pairs,Paired communication and sensing values.,Use the code exactly as written; add a source note when the classification is borderline.,controlled_text,when_applicable,Do not substitute an empty cell for an assessed NR/NA/UNC state.,,Phase_D_raw_evidence,phase_d_schema_v1.0_pilot_locked
value,,,tradeoff_evidence_type,joint_optimization,Joint objective optimization.,Use the code exactly as written; add a source note when the classification is borderline.,controlled_text,when_applicable,Do not substitute an empty cell for an assessed NR/NA/UNC state.,,Phase_D_raw_evidence,phase_d_schema_v1.0_pilot_locked
value,,,tradeoff_evidence_type,constraint_analysis,One domain appears as a constraint on the other.,Use the code exactly as written; add a source note when the classification is borderline.,controlled_text,when_applicable,Do not substitute an empty cell for an assessed NR/NA/UNC state.,,Phase_D_raw_evidence,phase_d_schema_v1.0_pilot_locked
value,,,tradeoff_evidence_type,qualitative_discussion,Narrative tradeoff discussion.,Use the code exactly as written; add a source note when the classification is borderline.,controlled_text,when_applicable,Do not substitute an empty cell for an assessed NR/NA/UNC state.,,Phase_D_raw_evidence,phase_d_schema_v1.0_pilot_locked
value,,,tradeoff_evidence_type,partial,Incomplete tradeoff evidence.,Use the code exactly as written; add a source note when the classification is borderline.,controlled_text,when_applicable,Do not substitute an empty cell for an assessed NR/NA/UNC state.,,Phase_D_raw_evidence,phase_d_schema_v1.0_pilot_locked
value,,,tradeoff_evidence_type,absent,No evidence after review.,Use the code exactly as written; add a source note when the classification is borderline.,controlled_text,when_applicable,Do not substitute an empty cell for an assessed NR/NA/UNC state.,,Phase_D_raw_evidence,phase_d_schema_v1.0_pilot_locked
value,,,tradeoff_evidence_type,unclear,Evidence remains unclear.,Use the code exactly as written; add a source note when the classification is borderline.,controlled_text,when_applicable,Do not substitute an empty cell for an assessed NR/NA/UNC state.,,Phase_D_raw_evidence,phase_d_schema_v1.0_pilot_locked
value,,,metric_comparability,directly_comparable,"Same metric, plane, similar scenario and validation condition.",Use the code exactly as written; add a source note when the classification is borderline.,controlled_text,when_applicable,Do not substitute an empty cell for an assessed NR/NA/UNC state.,,Phase_D_raw_evidence,phase_d_schema_v1.0_pilot_locked
value,,,metric_comparability,conditionally_comparable,Same metric family but conditions differ and must be stated.,Use the code exactly as written; add a source note when the classification is borderline.,controlled_text,when_applicable,Do not substitute an empty cell for an assessed NR/NA/UNC state.,,Phase_D_raw_evidence,phase_d_schema_v1.0_pilot_locked
value,,,metric_comparability,not_comparable,"Definition, plane or validation context prevents comparison.",Use the code exactly as written; add a source note when the classification is borderline.,controlled_text,when_applicable,Do not substitute an empty cell for an assessed NR/NA/UNC state.,,Phase_D_raw_evidence,phase_d_schema_v1.0_pilot_locked
value,,,metric_comparability,descriptive_only,Insufficient detail for numerical or operational comparison.,Use the code exactly as written; add a source note when the classification is borderline.,controlled_text,when_applicable,Do not substitute an empty cell for an assessed NR/NA/UNC state.,,Phase_D_raw_evidence,phase_d_schema_v1.0_pilot_locked
value,,,comparison_admissibility,admissible,Direct comparison is methodologically defensible.,Use the code exactly as written; add a source note when the classification is borderline.,controlled_text,when_applicable,Do not substitute an empty cell for an assessed NR/NA/UNC state.,,Phase_D_raw_evidence,phase_d_schema_v1.0_pilot_locked
value,,,comparison_admissibility,conditionally_admissible,Comparison is defensible only with explicit conditions.,Use the code exactly as written; add a source note when the classification is borderline.,controlled_text,when_applicable,Do not substitute an empty cell for an assessed NR/NA/UNC state.,,Phase_D_raw_evidence,phase_d_schema_v1.0_pilot_locked
value,,,comparison_admissibility,not_admissible,Direct comparison would be misleading.,Use the code exactly as written; add a source note when the classification is borderline.,controlled_text,when_applicable,Do not substitute an empty cell for an assessed NR/NA/UNC state.,,Phase_D_raw_evidence,phase_d_schema_v1.0_pilot_locked
value,,,comparison_admissibility,insufficient_information,Evidence is insufficient for a decision.,Use the code exactly as written; add a source note when the classification is borderline.,controlled_text,when_applicable,Do not substitute an empty cell for an assessed NR/NA/UNC state.,,Phase_D_raw_evidence,phase_d_schema_v1.0_pilot_locked
value,,,availability_status,open,Publicly accessible.,Use the code exactly as written; add a source note when the classification is borderline.,controlled_text,when_applicable,Do not substitute an empty cell for an assessed NR/NA/UNC state.,,Phase_D_raw_evidence,phase_d_schema_v1.0_pilot_locked
value,,,availability_status,supplementary,Available in supplementary material.,Use the code exactly as written; add a source note when the classification is borderline.,controlled_text,when_applicable,Do not substitute an empty cell for an assessed NR/NA/UNC state.,,Phase_D_raw_evidence,phase_d_schema_v1.0_pilot_locked
value,,,availability_status,on_request,Authors state availability on request.,Use the code exactly as written; add a source note when the classification is borderline.,controlled_text,when_applicable,Do not substitute an empty cell for an assessed NR/NA/UNC state.,,Phase_D_raw_evidence,phase_d_schema_v1.0_pilot_locked
value,,,availability_status,restricted,Restricted access.,Use the code exactly as written; add a source note when the classification is borderline.,controlled_text,when_applicable,Do not substitute an empty cell for an assessed NR/NA/UNC state.,,Phase_D_raw_evidence,phase_d_schema_v1.0_pilot_locked
value,,,availability_status,mentioned_no_access,Mentioned but no usable access route is reported.,Use the code exactly as written; add a source note when the classification is borderline.,controlled_text,when_applicable,Do not substitute an empty cell for an assessed NR/NA/UNC state.,,Phase_D_raw_evidence,phase_d_schema_v1.0_pilot_locked
value,,,availability_status,NR,Not reported.,Use the code exactly as written; add a source note when the classification is borderline.,controlled_text,when_applicable,Do not substitute an empty cell for an assessed NR/NA/UNC state.,,Phase_D_raw_evidence,phase_d_schema_v1.0_pilot_locked
value,,,availability_status,UNC,Unclear.,Use the code exactly as written; add a source note when the classification is borderline.,controlled_text,when_applicable,Do not substitute an empty cell for an assessed NR/NA/UNC state.,,Phase_D_raw_evidence,phase_d_schema_v1.0_pilot_locked
value,,,availability_status,NA,Not applicable.,Use the code exactly as written; add a source note when the classification is borderline.,controlled_text,when_applicable,Do not substitute an empty cell for an assessed NR/NA/UNC state.,,Phase_D_raw_evidence,phase_d_schema_v1.0_pilot_locked
value,,,parameter_reporting_status,complete,Parameters needed to reproduce the reported configuration are comprehensively stated.,Use the code exactly as written; add a source note when the classification is borderline.,controlled_text,when_applicable,Do not substitute an empty cell for an assessed NR/NA/UNC state.,,Phase_D_raw_evidence,phase_d_schema_v1.0_pilot_locked
value,,,parameter_reporting_status,partial,"Some material parameters are stated, but one or more important elements are missing.",Use the code exactly as written; add a source note when the classification is borderline.,controlled_text,when_applicable,Do not substitute an empty cell for an assessed NR/NA/UNC state.,,Phase_D_raw_evidence,phase_d_schema_v1.0_pilot_locked
value,,,parameter_reporting_status,insufficient,Reported parameters are not sufficient to reconstruct the configuration.,Use the code exactly as written; add a source note when the classification is borderline.,controlled_text,when_applicable,Do not substitute an empty cell for an assessed NR/NA/UNC state.,,Phase_D_raw_evidence,phase_d_schema_v1.0_pilot_locked
value,,,parameter_reporting_status,NR,Repeatability parameters are not reported.,Use the code exactly as written; add a source note when the classification is borderline.,controlled_text,when_applicable,Do not substitute an empty cell for an assessed NR/NA/UNC state.,,Phase_D_raw_evidence,phase_d_schema_v1.0_pilot_locked
value,,,parameter_reporting_status,UNC,Parameter completeness cannot yet be determined.,Use the code exactly as written; add a source note when the classification is borderline.,controlled_text,when_applicable,Do not substitute an empty cell for an assessed NR/NA/UNC state.,,Phase_D_raw_evidence,phase_d_schema_v1.0_pilot_locked
value,,,parameter_reporting_status,NA,Not applicable.,Use the code exactly as written; add a source note when the classification is borderline.,controlled_text,when_applicable,Do not substitute an empty cell for an assessed NR/NA/UNC state.,,Phase_D_raw_evidence,phase_d_schema_v1.0_pilot_locked
value,,,six_g_relevance,direct,The report explicitly frames the work for 6G.,Use the code exactly as written; add a source note when the classification is borderline.,controlled_text,when_applicable,Do not substitute an empty cell for an assessed NR/NA/UNC state.,,Phase_D_raw_evidence,phase_d_schema_v1.0_pilot_locked
value,,,six_g_relevance,inferred,Technical context supports a 6G link without explicit primary framing.,Use the code exactly as written; add a source note when the classification is borderline.,controlled_text,when_applicable,Do not substitute an empty cell for an assessed NR/NA/UNC state.,,Phase_D_raw_evidence,phase_d_schema_v1.0_pilot_locked
value,,,six_g_relevance,weak,Only a limited or generic 6G connection is present.,Use the code exactly as written; add a source note when the classification is borderline.,controlled_text,when_applicable,Do not substitute an empty cell for an assessed NR/NA/UNC state.,,Phase_D_raw_evidence,phase_d_schema_v1.0_pilot_locked
value,,,six_g_relevance,not_applicable,No meaningful 6G relevance code is applicable.,Use the code exactly as written; add a source note when the classification is borderline.,controlled_text,when_applicable,Do not substitute an empty cell for an assessed NR/NA/UNC state.,,Phase_D_raw_evidence,phase_d_schema_v1.0_pilot_locked
value,,,evidence_use_role,primary_source,Designated primary extraction report.,Use the code exactly as written; add a source note when the classification is borderline.,controlled_text,when_applicable,Do not substitute an empty cell for an assessed NR/NA/UNC state.,,Phase_D_raw_evidence,phase_d_schema_v1.0_pilot_locked
value,,,evidence_use_role,supplementary_source,Eligible companion report used only with explicit provenance.,Use the code exactly as written; add a source note when the classification is borderline.,controlled_text,when_applicable,Do not substitute an empty cell for an assessed NR/NA/UNC state.,,Phase_D_raw_evidence,phase_d_schema_v1.0_pilot_locked
value,,,evidence_use_role,lineage_only,Known related report not used as primary technical evidence.,Use the code exactly as written; add a source note when the classification is borderline.,controlled_text,when_applicable,Do not substitute an empty cell for an assessed NR/NA/UNC state.,,Phase_D_raw_evidence,phase_d_schema_v1.0_pilot_locked
value,,,source_access_status,yes,Local source exists and is readable.,Use the code exactly as written; add a source note when the classification is borderline.,controlled_text,when_applicable,Do not substitute an empty cell for an assessed NR/NA/UNC state.,,Phase_D_raw_evidence,phase_d_schema_v1.0_pilot_locked
value,,,source_access_status,no,Local source is missing or unreadable.,Use the code exactly as written; add a source note when the classification is borderline.,controlled_text,when_applicable,Do not substitute an empty cell for an assessed NR/NA/UNC state.,,Phase_D_raw_evidence,phase_d_schema_v1.0_pilot_locked
value,,,human_response,yes,Human reviewer confirms.,Use the code exactly as written; add a source note when the classification is borderline.,controlled_text,when_applicable,Do not substitute an empty cell for an assessed NR/NA/UNC state.,,Phase_D_raw_evidence,phase_d_schema_v1.0_pilot_locked
value,,,human_response,no,Human reviewer rejects or identifies an error.,Use the code exactly as written; add a source note when the classification is borderline.,controlled_text,when_applicable,Do not substitute an empty cell for an assessed NR/NA/UNC state.,,Phase_D_raw_evidence,phase_d_schema_v1.0_pilot_locked
value,,,human_response,unclear,Human reviewer cannot resolve from current evidence.,Use the code exactly as written; add a source note when the classification is borderline.,controlled_text,when_applicable,Do not substitute an empty cell for an assessed NR/NA/UNC state.,,Phase_D_raw_evidence,phase_d_schema_v1.0_pilot_locked
value,,,human_response,not_applicable,Checklist item does not apply.,Use the code exactly as written; add a source note when the classification is borderline.,controlled_text,when_applicable,Do not substitute an empty cell for an assessed NR/NA/UNC state.,,Phase_D_raw_evidence,phase_d_schema_v1.0_pilot_locked
value,,,human_response,approve,Pilot record accepted.,Use the code exactly as written; add a source note when the classification is borderline.,controlled_text,when_applicable,Do not substitute an empty cell for an assessed NR/NA/UNC state.,,Phase_D_raw_evidence,phase_d_schema_v1.0_pilot_locked
value,,,human_response,revise,Pilot record requires revision.,Use the code exactly as written; add a source note when the classification is borderline.,controlled_text,when_applicable,Do not substitute an empty cell for an assessed NR/NA/UNC state.,,Phase_D_raw_evidence,phase_d_schema_v1.0_pilot_locked
value,,,human_response,hold,Pilot record cannot yet be finalized.,Use the code exactly as written; add a source note when the classification is borderline.,controlled_text,when_applicable,Do not substitute an empty cell for an assessed NR/NA/UNC state.,,Phase_D_raw_evidence,phase_d_schema_v1.0_pilot_locked
value,,,canonical_unit_rule,data_rate,Retain reported unit; optional normalized unit is bit/s with explicit formula.,Use the code exactly as written; add a source note when the classification is borderline.,controlled_text,when_applicable,Do not substitute an empty cell for an assessed NR/NA/UNC state.,,Phase_D_raw_evidence,phase_d_schema_v1.0_pilot_locked
value,,,canonical_unit_rule,BER,Unitless probability/ratio; retain reported scientific notation.,Use the code exactly as written; add a source note when the classification is borderline.,controlled_text,when_applicable,Do not substitute an empty cell for an assessed NR/NA/UNC state.,,Phase_D_raw_evidence,phase_d_schema_v1.0_pilot_locked
value,,,canonical_unit_rule,spectral_efficiency,Canonical unit bit/s/Hz.,Use the code exactly as written; add a source note when the classification is borderline.,controlled_text,when_applicable,Do not substitute an empty cell for an assessed NR/NA/UNC state.,,Phase_D_raw_evidence,phase_d_schema_v1.0_pilot_locked
value,,,canonical_unit_rule,latency,Canonical SI unit s; retain reported unit.,Use the code exactly as written; add a source note when the classification is borderline.,controlled_text,when_applicable,Do not substitute an empty cell for an assessed NR/NA/UNC state.,,Phase_D_raw_evidence,phase_d_schema_v1.0_pilot_locked
value,,,canonical_unit_rule,SNR_OSNR_ESNR,Canonical display unit dB; do not conflate definitions.,Use the code exactly as written; add a source note when the classification is borderline.,controlled_text,when_applicable,Do not substitute an empty cell for an assessed NR/NA/UNC state.,,Phase_D_raw_evidence,phase_d_schema_v1.0_pilot_locked
value,,,canonical_unit_rule,range_or_distance,Canonical SI unit m; retain reported unit.,Use the code exactly as written; add a source note when the classification is borderline.,controlled_text,when_applicable,Do not substitute an empty cell for an assessed NR/NA/UNC state.,,Phase_D_raw_evidence,phase_d_schema_v1.0_pilot_locked
value,,,canonical_unit_rule,range_or_localization_error,Canonical SI unit m; preserve definition and statistic.,Use the code exactly as written; add a source note when the classification is borderline.,controlled_text,when_applicable,Do not substitute an empty cell for an assessed NR/NA/UNC state.,,Phase_D_raw_evidence,phase_d_schema_v1.0_pilot_locked
value,,,canonical_unit_rule,range_resolution,Canonical SI unit m.,Use the code exactly as written; add a source note when the classification is borderline.,controlled_text,when_applicable,Do not substitute an empty cell for an assessed NR/NA/UNC state.,,Phase_D_raw_evidence,phase_d_schema_v1.0_pilot_locked
value,,,canonical_unit_rule,velocity,Canonical SI unit m/s.,Use the code exactly as written; add a source note when the classification is borderline.,controlled_text,when_applicable,Do not substitute an empty cell for an assessed NR/NA/UNC state.,,Phase_D_raw_evidence,phase_d_schema_v1.0_pilot_locked
value,,,canonical_unit_rule,frequency,Canonical SI unit Hz.,Use the code exactly as written; add a source note when the classification is borderline.,controlled_text,when_applicable,Do not substitute an empty cell for an assessed NR/NA/UNC state.,,Phase_D_raw_evidence,phase_d_schema_v1.0_pilot_locked
value,,,canonical_unit_rule,probability,Unitless; preserve percentage versus proportion.,Use the code exactly as written; add a source note when the classification is borderline.,controlled_text,when_applicable,Do not substitute an empty cell for an assessed NR/NA/UNC state.,,Phase_D_raw_evidence,phase_d_schema_v1.0_pilot_locked
value,,,canonical_unit_rule,angle,Retain deg/rad and record any conversion formula.,Use the code exactly as written; add a source note when the classification is borderline.,controlled_text,when_applicable,Do not substitute an empty cell for an assessed NR/NA/UNC state.,,Phase_D_raw_evidence,phase_d_schema_v1.0_pilot_locked
value,,,communication_metric_family,FEC_threshold,FEC threshold; pilot-specific reported metric family retained without semantic collapse to other.,Confirmed at the pilot human schema lock on 2026-08-02; retain the source-reported construct and do not collapse it into another metric family.,controlled_text,locked_phase_d,Do not substitute an empty cell for an assessed NR/NA/UNC state.,RQ2,Phase_D_raw_evidence,phase_d_schema_v1.0_pilot_locked
value,,,communication_metric_family,receiver_bandwidth,receiver bandwidth; pilot-specific reported metric family retained without semantic collapse to other.,Confirmed at the pilot human schema lock on 2026-08-02; retain the source-reported construct and do not collapse it into another metric family.,controlled_text,locked_phase_d,Do not substitute an empty cell for an assessed NR/NA/UNC state.,RQ2,Phase_D_raw_evidence,phase_d_schema_v1.0_pilot_locked
value,,,communication_metric_family,occupied_bandwidth,occupied bandwidth; pilot-specific reported metric family retained without semantic collapse to other.,Confirmed at the pilot human schema lock on 2026-08-02; retain the source-reported construct and do not collapse it into another metric family.,controlled_text,locked_phase_d,Do not substitute an empty cell for an assessed NR/NA/UNC state.,RQ2,Phase_D_raw_evidence,phase_d_schema_v1.0_pilot_locked
value,,,communication_metric_family,lens_focal_length,lens focal length; pilot-specific reported metric family retained without semantic collapse to other.,Confirmed at the pilot human schema lock on 2026-08-02; retain the source-reported construct and do not collapse it into another metric family.,controlled_text,locked_phase_d,Do not substitute an empty cell for an assessed NR/NA/UNC state.,RQ2,Phase_D_raw_evidence,phase_d_schema_v1.0_pilot_locked
value,,,communication_metric_family,propagation_distance,propagation distance; pilot-specific reported metric family retained without semantic collapse to other.,Confirmed at the pilot human schema lock on 2026-08-02; retain the source-reported construct and do not collapse it into another metric family.,controlled_text,locked_phase_d,Do not substitute an empty cell for an assessed NR/NA/UNC state.,RQ2,Phase_D_raw_evidence,phase_d_schema_v1.0_pilot_locked
value,,,communication_metric_family,intermediate_frequency,intermediate frequency; pilot-specific reported metric family retained without semantic collapse to other.,Confirmed at the pilot human schema lock on 2026-08-02; retain the source-reported construct and do not collapse it into another metric family.,controlled_text,locked_phase_d,Do not substitute an empty cell for an assessed NR/NA/UNC state.,RQ2,Phase_D_raw_evidence,phase_d_schema_v1.0_pilot_locked
value,,,communication_metric_family,THz_carrier_frequency,THz carrier frequency; pilot-specific reported metric family retained without semantic collapse to other.,Confirmed at the pilot human schema lock on 2026-08-02; retain the source-reported construct and do not collapse it into another metric family.,controlled_text,locked_phase_d,Do not substitute an empty cell for an assessed NR/NA/UNC state.,RQ2,Phase_D_raw_evidence,phase_d_schema_v1.0_pilot_locked
value,,,communication_metric_family,local_oscillator_frequency,local oscillator frequency; pilot-specific reported metric family retained without semantic collapse to other.,Confirmed at the pilot human schema lock on 2026-08-02; retain the source-reported construct and do not collapse it into another metric family.,controlled_text,locked_phase_d,Do not substitute an empty cell for an assessed NR/NA/UNC state.,RQ2,Phase_D_raw_evidence,phase_d_schema_v1.0_pilot_locked
value,,,sensing_metric_family,FMCW_bandwidth,FMCW bandwidth; pilot-specific reported metric family retained without semantic collapse to other.,Confirmed at the pilot human schema lock on 2026-08-02; retain the source-reported construct and do not collapse it into another metric family.,controlled_text,locked_phase_d,Do not substitute an empty cell for an assessed NR/NA/UNC state.,RQ3,Phase_D_raw_evidence,phase_d_schema_v1.0_pilot_locked
value,,,sensing_metric_family,chirp_duration,chirp duration; pilot-specific reported metric family retained without semantic collapse to other.,Confirmed at the pilot human schema lock on 2026-08-02; retain the source-reported construct and do not collapse it into another metric family.,controlled_text,locked_phase_d,Do not substitute an empty cell for an assessed NR/NA/UNC state.,RQ3,Phase_D_raw_evidence,phase_d_schema_v1.0_pilot_locked
value,,,sensing_metric_family,ranging_error,ranging error; pilot-specific reported metric family retained without semantic collapse to other.,Confirmed at the pilot human schema lock on 2026-08-02; retain the source-reported construct and do not collapse it into another metric family.,controlled_text,locked_phase_d,Do not substitute an empty cell for an assessed NR/NA/UNC state.,RQ3,Phase_D_raw_evidence,phase_d_schema_v1.0_pilot_locked
value,,,sensing_metric_family,sweep_linearity,sweep linearity; pilot-specific reported metric family retained without semantic collapse to other.,Confirmed at the pilot human schema lock on 2026-08-02; retain the source-reported construct and do not collapse it into another metric family.,controlled_text,locked_phase_d,Do not substitute an empty cell for an assessed NR/NA/UNC state.,RQ3,Phase_D_raw_evidence,phase_d_schema_v1.0_pilot_locked
value,,,sensing_metric_family,lens_focal_length,lens focal length; pilot-specific reported metric family retained without semantic collapse to other.,Confirmed at the pilot human schema lock on 2026-08-02; retain the source-reported construct and do not collapse it into another metric family.,controlled_text,locked_phase_d,Do not substitute an empty cell for an assessed NR/NA/UNC state.,RQ3,Phase_D_raw_evidence,phase_d_schema_v1.0_pilot_locked
value,,,sensing_metric_family,range_resolution,range resolution; pilot-specific reported metric family retained without semantic collapse to other.,Confirmed at the pilot human schema lock on 2026-08-02; retain the source-reported construct and do not collapse it into another metric family.,controlled_text,locked_phase_d,Do not substitute an empty cell for an assessed NR/NA/UNC state.,RQ3,Phase_D_raw_evidence,phase_d_schema_v1.0_pilot_locked
value,,,sensing_metric_family,local_oscillator_frequency,local oscillator frequency; pilot-specific reported metric family retained without semantic collapse to other.,Confirmed at the pilot human schema lock on 2026-08-02; retain the source-reported construct and do not collapse it into another metric family.,controlled_text,locked_phase_d,Do not substitute an empty cell for an assessed NR/NA/UNC state.,RQ3,Phase_D_raw_evidence,phase_d_schema_v1.0_pilot_locked
value,,,sensing_metric_family,THz_carrier_frequency,THz carrier frequency; pilot-specific reported metric family retained without semantic collapse to other.,Confirmed at the pilot human schema lock on 2026-08-02; retain the source-reported construct and do not collapse it into another metric family.,controlled_text,locked_phase_d,Do not substitute an empty cell for an assessed NR/NA/UNC state.,RQ3,Phase_D_raw_evidence,phase_d_schema_v1.0_pilot_locked
value,,,sensing_metric_family,intermediate_frequency,intermediate frequency; pilot-specific reported metric family retained without semantic collapse to other.,Confirmed at the pilot human schema lock on 2026-08-02; retain the source-reported construct and do not collapse it into another metric family.,controlled_text,locked_phase_d,Do not substitute an empty cell for an assessed NR/NA/UNC state.,RQ3,Phase_D_raw_evidence,phase_d_schema_v1.0_pilot_locked
value,,,sensing_metric_family,reference_distance,reference distance; pilot-specific reported metric family retained without semantic collapse to other.,Confirmed at the pilot human schema lock on 2026-08-02; retain the source-reported construct and do not collapse it into another metric family.,controlled_text,locked_phase_d,Do not substitute an empty cell for an assessed NR/NA/UNC state.,RQ3,Phase_D_raw_evidence,phase_d_schema_v1.0_pilot_locked
value,,,joint_metric_family,optical_frequency,optical frequency; pilot-specific reported metric family retained without semantic collapse to other.,Confirmed at the pilot human schema lock on 2026-08-02; retain the source-reported construct and do not collapse it into another metric family.,controlled_text,locked_phase_d,Do not substitute an empty cell for an assessed NR/NA/UNC state.,RQ2|RQ3,Phase_D_raw_evidence,phase_d_schema_v1.0_pilot_locked
value,,,joint_metric_family,waveform_period,waveform period; pilot-specific reported metric family retained without semantic collapse to other.,Confirmed at the pilot human schema lock on 2026-08-02; retain the source-reported construct and do not collapse it into another metric family.,controlled_text,locked_phase_d,Do not substitute an empty cell for an assessed NR/NA/UNC state.,RQ2|RQ3,Phase_D_raw_evidence,phase_d_schema_v1.0_pilot_locked
value,,,joint_metric_family,occupied_bandwidth,occupied bandwidth; pilot-specific reported metric family retained without semantic collapse to other.,Confirmed at the pilot human schema lock on 2026-08-02; retain the source-reported construct and do not collapse it into another metric family.,controlled_text,locked_phase_d,Do not substitute an empty cell for an assessed NR/NA/UNC state.,RQ2|RQ3,Phase_D_raw_evidence,phase_d_schema_v1.0_pilot_locked
value,,,joint_metric_family,THz_frequency,THz frequency; pilot-specific reported metric family retained without semantic collapse to other.,Confirmed at the pilot human schema lock on 2026-08-02; retain the source-reported construct and do not collapse it into another metric family.,controlled_text,locked_phase_d,Do not substitute an empty cell for an assessed NR/NA/UNC state.,RQ2|RQ3,Phase_D_raw_evidence,phase_d_schema_v1.0_pilot_locked
value,,,joint_metric_family,laser_linewidth,laser linewidth; pilot-specific reported metric family retained without semantic collapse to other.,Confirmed at the pilot human schema lock on 2026-08-02; retain the source-reported construct and do not collapse it into another metric family.,controlled_text,locked_phase_d,Do not substitute an empty cell for an assessed NR/NA/UNC state.,RQ2|RQ3,Phase_D_raw_evidence,phase_d_schema_v1.0_pilot_locked
value,,,joint_metric_family,laser_switching_time,laser switching time; pilot-specific reported metric family retained without semantic collapse to other.,Confirmed at the pilot human schema lock on 2026-08-02; retain the source-reported construct and do not collapse it into another metric family.,controlled_text,locked_phase_d,Do not substitute an empty cell for an assessed NR/NA/UNC state.,RQ2|RQ3,Phase_D_raw_evidence,phase_d_schema_v1.0_pilot_locked
