paper_id,section,macro_domain,variant,match_type,strength,rationale,quote,line_start,line_end,heading_path,json_path,json_value,medium,application_domains_json,application_domains_canonical,macro_domains_json,scenario_description,scenario_labels,llm_model_pass1,llm_label_pass1,llm_model_pass2,llm_label_pass2,llm_escalated
O_ISAC_001,7E,space_satellite,space communication,lexical,NONE,The text does not mention space satellites directly or indirectly.,"The next generation of wireless networks, commonly referred to as 6G, is expected to revolutionize the landscape of telecommunication by enabling ubiquitous connectivity, extreme reliability, ultra-low latency, and integration with sensing and intelligence. Optical Wireless Communication (OWC), which includes free-space communications mainly in visible light (VLC) or infrared free space optics (FSO), is gaining recognition as a complementary technology to traditional radio frequency (RF) communication [1]. OWC offers several advantages, including ultra-large unlicensed bandwidth, immunity to electromagnetic interference, and enhanced physical layer security due to its spatial confinement [2].",19,19,Modulation Strategies for Robust Optical Wireless Communications and Sensing in 6G > I. INTRODUCTION,,,wireless_vlc,indoor_positioning;6g_networks,indoor_positioning;6g_networks,indoor_environments,VLC system for indoor positioning and 6G networks,VLC system with CE-OFDM,meta-llama/llama-4-scout-17b-16e-instruct,NONE,llama-3.3-70b-versatile,NONE,True
O_ISAC_001,7E,space_satellite,space communication,fuzzy:89.47368421052632,NONE,The text does not mention space satellites directly or indirectly.,"The dual use of communication signals for both data transmission and environmental sensing is emerging as a key feature in 6G wireless systems. This approach, often referred to as integrated sensing and communication (ISAC), enables devices to extract contextual information, such as position, motion, or occupancy. from the same signals used for communication, reducing hardware complexity and power consumption. While ISAC has been primarily explored in the RF domain, its application to VLC [9,10] systems is gaining traction due to the unique properties of optical carriers. VLC inherently offers high spatial resolution and low interference, making it well-suited for indoor sensing tasks such as gesture recognition, object detection, and user localization. By leveraging the high bandwidth and directionality of optical channels, VLC systems can support high-speed communication while simultaneously enabling fine-grained sensing capabilities. This dual functionality is particularly attractive for smart environments, such as intelligent homes, offices, and factories, where minimizing infrastructure costs and maximizing system intelligence are crucial. Moreover, integrating sensing into VLC may enhance security and context-awareness, enabling adaptive communication strategies. As research progresses, new waveform designs,",35,35,Modulation Strategies for Robust Optical Wireless Communications and Sensing in 6G > I. INTRODUCTION,,,wireless_vlc,indoor_positioning;6g_networks,indoor_positioning;6g_networks,indoor_environments,VLC system for indoor positioning and 6G networks,VLC system with CE-OFDM,meta-llama/llama-4-scout-17b-16e-instruct,NONE,llama-3.3-70b-versatile,NONE,True
O_ISAC_002,7E,space_satellite,space communication,fuzzy:89.47368421052632,NONE,The text does not mention space satellites.,"**Abstract:** This paper explores the role of photonic terahertz technologies in integrated sensing and communication systems, focusing on integrated waveform design, optical processing, and algorithms to enhance communication capabilities and sensing performance. © 2025 The Author(s)",11,11,**Photonic Terahertz Integrated Sensing and Communication (ISAC) Systems**,,,hybrid,6g_networks;indoor_positioning,6g_networks;indoor_positioning,indoor_environments,Photonic terahertz integrated sensing and communication system for indoor positioning and 6G networks,Indoor Photonic Terahertz ISAC System,meta-llama/llama-4-scout-17b-16e-instruct,NONE,llama-3.3-70b-versatile,NONE,True
O_ISAC_002,7E,space_satellite,space communication,fuzzy:89.47368421052632,NONE,"The text discusses photonic terahertz technologies and integrated sensing and communication systems, but does not mention space satellites.","Despite the development of various THz-ISAC systems utilizing multi-dimensional multiplexing, challenges remain, including high hardware costs and a lack of additional integration gains [5-6]. These issues limit the synergy between communication and sensing, underscoring the need for new waveform and system design research that optimally aligns time and frequency resources to enhance ISAC system performance [12]. This paper overviews the vital role of photonic THz technologies in ISAC systems, with a focus on key areas such as integrated waveform design, optical coherent fusion processing for THz ISAC systems, and the development of algorithms and system designs that use photonic THz sensing to enhance communication capabilities.",17,17,**Photonic Terahertz Integrated Sensing and Communication (ISAC) Systems** > **1. Introduction**,,,hybrid,6g_networks;indoor_positioning,6g_networks;indoor_positioning,indoor_environments,Photonic terahertz integrated sensing and communication system for indoor positioning and 6G networks,Indoor Photonic Terahertz ISAC System,meta-llama/llama-4-scout-17b-16e-instruct,NONE,llama-3.3-70b-versatile,NONE,True
O_ISAC_002,7E,space_satellite,space communication,fuzzy:89.47368421052632,NONE,"The text describes a multi-channel coherent fusion ISAC system architecture and photonic THz sensing, but does not mention space satellites.",#### 4. Photonic THz Sensing enhanced Communications,39,39,**Photonic Terahertz Integrated Sensing and Communication (ISAC) Systems** > **1. Introduction** > **2. Photonic THz ISAC Waveform Design** > 4. Photonic THz Sensing enhanced Communications,,,hybrid,6g_networks;indoor_positioning,6g_networks;indoor_positioning,indoor_environments,Photonic terahertz integrated sensing and communication system for indoor positioning and 6G networks,Indoor Photonic Terahertz ISAC System,meta-llama/llama-4-scout-17b-16e-instruct,NONE,llama-3.3-70b-versatile,NONE,True
O_ISAC_002,7E,space_satellite,space communication,fuzzy:89.47368421052632,NONE,"The text discusses photonic THz-ISAC prototypes and sensing enhanced communications, but does not mention space satellites.","Recent photonic THz-ISAC prototypes have achieved timing resolution at the nanosecond level and positioning resolution on a millimeter scale, highlighting their potential to enhance communication performance without the need for separate sensing devices. Using the proposed LFM-PSK waveform depicted in Fig. 1, a complementary LFM sensing signal—featuring an opposite chirp slope and fractional amplitude—is periodically inserted to compensate for communication performance, as shown in Fig. 3a [10]. Theoretical analysis confirms that this LFM pair exhibits quasi-orthogonality, which enables adaptive synchronization in both time and frequency domains. Through matched filtering and the fractional Fourier transform (FrFT), time and frequency synchronization (in Fig. 3b) have been achieved in a 20 Gbit/s wireless link with a minimal synchronization overhead of only 0.5% [10-11]. Additionally, this concurrent sensing signal can support multipath channel estimation using a frequency-domain",41,41,**Photonic Terahertz Integrated Sensing and Communication (ISAC) Systems** > **1. Introduction** > **2. Photonic THz ISAC Waveform Design** > 4. Photonic THz Sensing enhanced Communications,,,hybrid,6g_networks;indoor_positioning,6g_networks;indoor_positioning,indoor_environments,Photonic terahertz integrated sensing and communication system for indoor positioning and 6G networks,Indoor Photonic Terahertz ISAC System,meta-llama/llama-4-scout-17b-16e-instruct,NONE,llama-3.3-70b-versatile,NONE,True
O_ISAC_002,7E,space_satellite,space communication,fuzzy:89.47368421052632,NONE,"The snippet does not mention space_satellite explicitly or implicitly, it appears to be discussing experimental results of photonic THz sensing-enhanced communications.","Fig. 3 Experimental results of photonic THz sensing-enhanced communications on (a) time-synchronization, (b) frequency-synchronization, and (c) multipath channel compensation.",49,49,**Photonic Terahertz Integrated Sensing and Communication (ISAC) Systems** > **1. Introduction** > **2. Photonic THz ISAC Waveform Design** > 4. Photonic THz Sensing enhanced Communications,,,hybrid,6g_networks;indoor_positioning,6g_networks;indoor_positioning,indoor_environments,Photonic terahertz integrated sensing and communication system for indoor positioning and 6G networks,Indoor Photonic Terahertz ISAC System,meta-llama/llama-4-scout-17b-16e-instruct,NONE,llama-3.3-70b-versatile,NONE,True
O_ISAC_004,7E,space_satellite,satellite communication,fuzzy:85.0,NONE,The snippet does not mention space satellites or any related concepts.,# Adiabatic-tapered few-mode-fiber-based system for integrating optical fiber sensing and telecommunication,5,5,Adiabatic-tapered few-mode-fiber-based system for integrating optical fiber sensing and telecommunication,,,hybrid,telecommunication;sensing,telecommunication;sensing,smart_infrastructure,Integration of optical fiber sensing and telecommunication for smart monitoring in telecommunication networks,Adiabatic-tapered FMF-based system for integrated optical sensing and signal transmission,meta-llama/llama-4-scout-17b-16e-instruct,NONE,llama-3.3-70b-versatile,NONE,True
O_ISAC_004,7E,space_satellite,satellite communication systems,fuzzy:87.09677419354838,NONE,"The snippet discusses optical fiber sensing and telecommunication systems, but does not mention space satellites or any related concepts.","In conclusion, we propose an adiabatic-tapered few-modefiber-based system for integrating sensing and telecommunication functions in a long-haul FMF, which can effectively integrate the existing infrastructure of fiber optical systems and telecommunication systems. The integration of optical fiber sensing and telecommunication transforms passive fiber networks into intelligent, self-monitoring systems, where the applications include smart cities, defense, and healthcare, with ongoing advancements in artificial intelligence and distributed sensing enhancing performance.",73,73,Adiabatic-tapered few-mode-fiber-based system for integrating optical fiber sensing and telecommunication > III. RESULTS AND DISCUSSIONS > IV. CONCLUSION,,,hybrid,telecommunication;sensing,telecommunication;sensing,smart_infrastructure,Integration of optical fiber sensing and telecommunication for smart monitoring in telecommunication networks,Adiabatic-tapered FMF-based system for integrated optical sensing and signal transmission,meta-llama/llama-4-scout-17b-16e-instruct,NONE,llama-3.3-70b-versatile,NONE,True
O_ISAC_005,7E,space_satellite,space communication,fuzzy:88.88888888888889,NONE,"The text does not mention space satellites. It discusses FSO signal, UAV-user communication, and channel gain, which are unrelated to space satellites.",#### C. UAV-User Communication,70,70,Integrated Sensing and Communication for UAV Trajectory Optimization in Mixed FSO-RF Networks in Dynamic Weather Conditions > I. INTRODUCTION > II. SYSTEM MODEL > C. UAV-User Communication,,,hybrid,uav_aerial,uav_aerial,automotive_transportation,UAV-aided mixed FSO-RF network for edge user capacity enhancement,UAV-aided mixed FSO-RF network,meta-llama/llama-4-scout-17b-16e-instruct,NONE,llama-3.3-70b-versatile,NONE,True
O_ISAC_005,7E,space_satellite,space communication,fuzzy:88.88888888888889,NONE,"The text does not mention space satellites. It discusses UAV's sum-throughput, number of users covered by the UAV, and GBS-to-user channels, which are unrelated to space satellites.",#### D. GBS-User Communication,108,108,Integrated Sensing and Communication for UAV Trajectory Optimization in Mixed FSO-RF Networks in Dynamic Weather Conditions > I. INTRODUCTION > II. SYSTEM MODEL > D. GBS-User Communication,,,hybrid,uav_aerial,uav_aerial,automotive_transportation,UAV-aided mixed FSO-RF network for edge user capacity enhancement,UAV-aided mixed FSO-RF network,meta-llama/llama-4-scout-17b-16e-instruct,NONE,llama-3.3-70b-versatile,NONE,True
O_ISAC_006,7E,space_satellite,space communication,fuzzy:89.47368421052632,NONE,"The provided snippet does not mention space satellites. It appears to be related to fiber optic sensing and communication technologies, with references to various research papers and conferences in the field of optical communications and networking.","- [24] M F. Huang, M. Salemi, Y. Chen, et al., ""First field trial of distributed fiber optical sensing and high-speed communication over an operational telecom network,"" Journal of Lightwave Technology ,2020, vol. 38, pp. 75-81.",185,185,REFERENCES,,,cabled_fibre,industrial_manufacturing;environmental_monitoring,industrial_manufacturing;environmental_monitoring,smart_infrastructure,"The paper discusses the use of ISAC-OF systems for vibration detection and localization in various scenarios, including industrial manufacturing and environmental monitoring.",Vibration detection using forward transmitted light,meta-llama/llama-4-scout-17b-16e-instruct,NONE,llama-3.3-70b-versatile,NONE,True
O_ISAC_007,7E,space_satellite,,json,DIRECT,Structured study-level application domain mapping,Precision measurement of R angles and small rough spots in narrow spaces,,,,study_level.application.application_domain,industrial_manufacturing,cabled_fibre,industrial_manufacturing,industrial_manufacturing,smart_infrastructure;space_satellite,Precision measurement of R angles and small rough spots in narrow spaces,Narrow space measurement,json,DIRECT,,,False
O_ISAC_009,7E,space_satellite,satellite link,fuzzy:85.71428571428572,INDIRECT,"The text mentions 'four satellites' in the context of GPS service, which is related to space satellites, but it does not directly discuss space satellites or their specific functions.","For the calculation of PD coordinate  $\mathbf{c}_D = [x_D, y_D, z_D]$ , the three distances between the PD and three LEDs have to be estimated, so that the three variables of  $x_D$ ,  $y_D$  and  $z_D$  can be determined by triangulation. Nonetheless, when the LEDs and the PD are not perfectly synchronized, four LEDs have to be harnessed for determining an additional variable related to a synchronization error.' This technique is known as the time-difference-of-arrival (TDoA) [67]. For the same reason, the common GPS service requires four satellites instead of three. In this work, we focus our attention on the fundamental VLPC waveform design related to the detection of the distance between an LED transmitter and a PD receiver, as demonstrated by Fig. 1.",225,225,"<span id=""page-2-0""></span>*A. Scenarios and System Description* > <span id=""page-4-7""></span>E. Localization and Synchronization",,,wireless_vlc,indoor_positioning,indoor_positioning,indoor_environments,The system is designed for indoor positioning and communication applications.,Indoor VLC with bi-static sensing,meta-llama/llama-4-scout-17b-16e-instruct,INDIRECT,llama-3.3-70b-versatile,INDIRECT,True
O_ISAC_011,7E,space_satellite,space communication,fuzzy:89.47368421052632,NONE,"The snippet does not mention space satellites, instead discussing indoor environments, optical ISAC, and communication systems.","In this paper, we propose a retroreflective optical ISAC supporting 3D Positioning in indoor environments, and it achieves the combination of high-speed communication and positioning functions by adding a small amount of complexity. Because its ranging way is passive, it will not lead to the deterioration of communication, only one CCR has been added at the receiving end. At the same time, multiple LEDs supply the diversity gain for the communication. And compared with radio frequency ISAC, it has higher bandwidth which means it can get higher ranging resolution. Simulation results show we can increase the length of cross-correlation calculation to well defend the influence of noise and make the system can adapt worse channel.",185,185,IV. CONCLUSION,,,hybrid,indoor_positioning,indoor_positioning,indoor_environments,3D positioning in indoor environments,Indoor 3D positioning,meta-llama/llama-4-scout-17b-16e-instruct,NONE,llama-3.3-70b-versatile,NONE,True
O_ISAC_016,7E,space_satellite,space communication,fuzzy:89.47368421052632,NONE,"The text does not mention space satellites, it discusses photonic sub-THz integrated sensing and communication systems.","*Abstract—***The intelligence of future society necessitates an immediate requirement for ultra-high-speed communication and ultra-resolution sensing in the 6G era. In this demonstration, we present a photonic sub-THz integrated sensing and communication system. The demonstrated system achieves a real-time line rate of 251.03 Gbps and an offline sensing resolution of 2.5 cm, resulting in an impressive capacityresolution quotient of up to 100.41 Gbps/cm. The ultra-highspeed real-time communication is based on a fiber-THz-fiber transmission architecture, which boasts ultra-wideband realtime processing capability. Meanwhile, the ultra-resolution sensing is accomplished utilizing an optical frequency comb with low frequency offset and low phase noise.**",13,13,Demonstration of Photonic Sub-THz ISAC System with Real-Time 251.03-Gbps Communication Rate and Offline 2.5-cm Sensing Resolution,,,hybrid,6g_networks,6g_networks,,Photonic sub-THz ISAC system for high-speed real-time communication and high-resolution sensing,Photonic sub-THz ISAC system,meta-llama/llama-4-scout-17b-16e-instruct,NONE,llama-3.3-70b-versatile,NONE,True
O_ISAC_016,7E,space_satellite,space communication,fuzzy:89.47368421052632,NONE,"The text talks about 6G mobile communication networks and integrated sensing and communication, but does not mention space satellites.","The sixth-generation (6G) mobile communication network is under active development worldwide to meet the growing demand for advanced communication services in future society. Wireless communication frequency bands are gradually transitioning to higher frequency ranges, encompassing millimeter-wave (mmW) and terahertz (THz), to fulfill the ultra-high data rate requirements of future 6G. Integration of sensing and communication in mmW and THz bands is a crucial opportunity driven by the application of mmW/THz techniques in radar and mobile communication and the pressing need for collaboration between sensing and communication in prospective intelligent applications. Consequently, integrated sensing and communication (ISAC) has emerged as one of the pivotal 6G hallmarks of IMT-2030.",19,19,Demonstration of Photonic Sub-THz ISAC System with Real-Time 251.03-Gbps Communication Rate and Offline 2.5-cm Sensing Resolution > I. INTRODUCTION,,,hybrid,6g_networks,6g_networks,,Photonic sub-THz ISAC system for high-speed real-time communication and high-resolution sensing,Photonic sub-THz ISAC system,meta-llama/llama-4-scout-17b-16e-instruct,NONE,llama-3.3-70b-versatile,NONE,True
O_ISAC_016,7E,space_satellite,space communication,fuzzy:89.47368421052632,NONE,"The text describes a photonics-aided ISAC transmission system, but does not mention space satellites.","This study experimentally demonstrates a photonics-aided ISAC transmission system at the D band (110-170 GHz), which integrates high-speed real-time communication and high-resolution offline sensing. The proof-of-concept experimental results indicate that a pair of FDM-based sub-THz ISAC signals is successfully transmitted over a 10.3-m wireless distance through a multiple-input multiple-output construction. We successfully achieve a real-time 251.03- Gbps communication rate based on an ultra-wideband fiber-THz-fiber transmission architecture we proposed [9]. Meanwhile, an offline 2.5-cm radial resolution is realized by using an optical frequency comb (OFC) to eliminate the frequency offset and phase noise caused by the free-ruing laser beats. To the best of our knowledge, this is the first achievement of integrating 200 Gbps-scale communication and cm-scale sensing.",39,39,Demonstration of Photonic Sub-THz ISAC System with Real-Time 251.03-Gbps Communication Rate and Offline 2.5-cm Sensing Resolution > I. INTRODUCTION,,,hybrid,6g_networks,6g_networks,,Photonic sub-THz ISAC system for high-speed real-time communication and high-resolution sensing,Photonic sub-THz ISAC system,meta-llama/llama-4-scout-17b-16e-instruct,NONE,llama-3.3-70b-versatile,NONE,True
O_ISAC_018,7E,space_satellite,space communication,fuzzy:89.47368421052632,NONE,"The snippet does not mention space satellites or any related concepts, focusing instead on radio-over-fiber technology and its applications in communication networks.","Abstract—The radio access network requires high-speed transmission and multifunctionality to support the increasing demand for advanced communication services. Radio-over-fiber (RoF) technology fulfills these requirements by enabling the delivery of millimeter-wave (MMW) band wireless signals via optical fiber front-haul. This paper presents an ultra-simple RoF system that achieves the coexistence of distributed sensing and telecommunication. A commercially available coherent modulator achieves signal modulation and remote up-conversion by the beat between the residual carrier and the modulated radio signal. The linearfrequency modulated carrier enables distributed sensing while simultaneously serving as the beat tone of RoF communication, showcasing the potential for integrated sensing and communication (ISAC) applications in next-generation radio access networks. We demonstrate the sensing and transmission performance over a 10-km fiber link and a 1-m wireless MMW channel. The system achieves a distributed sensing detection sensitivity of 28 p $\varepsilon/\sqrt{\text{Hz}}$ and supports 1.6 GBaud 16 QAM radio transmission in the Kaband of 28 GHz.",9,9,Coexistence of Distributed Sensing and Ultra-Simple Coherent RoF Based Front-Haul for Radio Access Network,,,hybrid,vehicular,vehicular,automotive_transportation,Distributed sensing and RoF communication for radio access networks,Distributed sensing and RoF communication,meta-llama/llama-4-scout-17b-16e-instruct,NONE,llama-3.3-70b-versatile,NONE,True
O_ISAC_019,7E,space_satellite,satellite communication,fuzzy:88.23529411764706,NONE,No mention of space satellite in the context.,Telecommunications,10,10,Full-duplex Integrated Sensing and Communication System Based on Microwave Photonics,,,cabled_fibre,industrial_manufacturing,industrial_manufacturing,automotive_transportation;smart_infrastructure,"The proposed system can be used in various fields such as intelligent transportation, environmental monitoring, and extended reality.",Indoor ISAC System,meta-llama/llama-4-scout-17b-16e-instruct,NONE,llama-3.3-70b-versatile,NONE,True
O_ISAC_019,7E,space_satellite,satellite communication,fuzzy:88.23529411764706,NONE,No mention of space satellite in the context.,Telecommunications,17,17,Full-duplex Integrated Sensing and Communication System Based on Microwave Photonics,,,cabled_fibre,industrial_manufacturing,industrial_manufacturing,automotive_transportation;smart_infrastructure,"The proposed system can be used in various fields such as intelligent transportation, environmental monitoring, and extended reality.",Indoor ISAC System,meta-llama/llama-4-scout-17b-16e-instruct,NONE,llama-3.3-70b-versatile,NONE,True
O_ISAC_019,7E,space_satellite,satellite communication,fuzzy:88.23529411764706,NONE,No mention of space satellite in the context.,Telecommunications,24,24,Full-duplex Integrated Sensing and Communication System Based on Microwave Photonics,,,cabled_fibre,industrial_manufacturing,industrial_manufacturing,automotive_transportation;smart_infrastructure,"The proposed system can be used in various fields such as intelligent transportation, environmental monitoring, and extended reality.",Indoor ISAC System,meta-llama/llama-4-scout-17b-16e-instruct,NONE,llama-3.3-70b-versatile,NONE,True
O_ISAC_019,7E,space_satellite,satellite communication,fuzzy:88.23529411764706,NONE,No mention of space satellite in the context.,Telecommunications,31,31,Full-duplex Integrated Sensing and Communication System Based on Microwave Photonics,,,cabled_fibre,industrial_manufacturing,industrial_manufacturing,automotive_transportation;smart_infrastructure,"The proposed system can be used in various fields such as intelligent transportation, environmental monitoring, and extended reality.",Indoor ISAC System,meta-llama/llama-4-scout-17b-16e-instruct,NONE,llama-3.3-70b-versatile,NONE,True
O_ISAC_019,7E,space_satellite,satellite connectivity,fuzzy:86.36363636363636,NONE,"The snippet does not mention space satellites or any related concepts, focusing instead on 6G technology, ISAC, and microwave photonic technology.","The emergence of 6G as the next generation of intelligent integrated digital information infrastructure is driven by the synergy with artificial intelligence, big data, advanced computing, and other information technologies. This convergence aims to achieve a deep integration of communication and sensing, as well as computing and control. Consequently, 6G is expected to fulfill the vision of ""intelligent connectivity of everything and digital twins.""",41,41,I. INTRODUCTION,,,cabled_fibre,industrial_manufacturing,industrial_manufacturing,automotive_transportation;smart_infrastructure,"The proposed system can be used in various fields such as intelligent transportation, environmental monitoring, and extended reality.",Indoor ISAC System,meta-llama/llama-4-scout-17b-16e-instruct,NONE,llama-3.3-70b-versatile,NONE,True
O_ISAC_020,7E,space_satellite,satellite communication systems,fuzzy:85.71428571428572,NONE,"The snippet does not mention space satellites, instead focusing on ocean wave analysis using submarine telecommunication fiber and photonic ISAC systems.","The pre-existing submarine telecommunication fiber cables with distributed sensing technology provide researchers with a new approach to studying the ocean wave phenomena, including ocean surface gravity waves and ocean seismic waves [5, 6]. With the photonic ISAC system, we are able to detect and analyze different small ocean signals using the mass submarine optical fiber networks without invading the current optical communication systems.",61,61,Photonic Integrated Sensing and Communication System Harnessing Submarine Fiber Optic Cables for Coastal Event Monitoring > Ocean Wave AnalysisUsing Photonic ISAC withSubmarine Telecommunication Fiber,,,cabled_fibre,environmental_monitoring;oceanography;geophysics,environmental_monitoring;oceanography;geophysics,smart_infrastructure;underwater_harsh,Coastal event monitoring using submarine fiber optic cables,Ocean wave analysis,meta-llama/llama-4-scout-17b-16e-instruct,NONE,llama-3.3-70b-versatile,NONE,True
O_ISAC_022,7E,space_satellite,space communication,fuzzy:89.47368421052632,NONE,"The provided snippet does not mention space satellites directly or indirectly. It discusses communication systems, sub-millimetre waves, MIMO technologies, terahertz communications, and optical wireless communication, but does not relate these concepts to space satellites.","The sensing and communication functions are usually designed and implemented separately, on different hardware that operate on distinct frequency bands. However, the emergence of sub-millimetre waves and massive multiple-input multiple-output (MIMO) technologies is paving the way for communication systems with increased angular and temporal resolution providing high-accuracy sensing and high-speed data transmission over the same frequency band by using the same hardware. For this purpose, several critical technologies have been identified, such as terahertz communications which operate over a wide spectrum from 0.1 to 10 THz and provide high transmission rates, good resilience to interference along with easy integration of high-performance communication and sensing [3], [4], [5].",23,23,Joint Visible Light Sensing and Communication Using *m*-CAP Modulation > I. Introduction,,,wireless_vlc,indoor_positioning,indoor_positioning,indoor_environments,The system is designed for indoor positioning and communication in a 4m x 4m x 2.5m room.,Indoor positioning and communication,meta-llama/llama-4-scout-17b-16e-instruct,NONE,llama-3.3-70b-versatile,NONE,True
O_ISAC_023,7E,space_satellite,space communication,fuzzy:88.23529411764706,NONE,"The snippet does not mention space satellites, it discusses FSO-ISAC and LiDAR technology, which is unrelated to space satellites.","<span id=""page-1-15""></span><span id=""page-1-0""></span>In this section, we introduce the system model of the DCO-OFDM scheme for FSO-ISAC. Taking the ITS system in Fig. [1](#page-2-0) as an example, the FSO-ISAC transceiver is based on a LiDAR, which provides active sensing abilities for both cooperative and uncooperative targets. Moreover, once the communication receiver of cooperative target is not obstructed, a communication link can be established to achieve sensing– communication integration. The DCO-OFDM signal model is first introduced in Section [II-A,](#page-2-1) where the nonnegative clipping is modeled to elicit an equivalent frequency-selective channel. Subsequently, the channel model, the communication",53,53,II. SYSTEM MODEL,,,wireless_fso,vehicular,vehicular,automotive_transportation,Intelligent transportation systems,"Outdoor FSO, 200m, Clear",meta-llama/llama-4-scout-17b-16e-instruct,NONE,llama-3.3-70b-versatile,NONE,True
O_ISAC_026,7E,space_satellite,satellite communication,lexical,INDIRECT,"The mention of 'LEO Satellite Communication' implies a connection to space satellites, but it is not a direct reference to a space satellite itself.","Shanghai ERC of LEO Satellite Communication and Applications, Shanghai CIC of LEO Satellite Communication Technology, Fudan University.",9,9,W-band Photonic-based Integration of Sensing and Communication with Frequency-division Multiplexed Waveforms in Fiber-wireless Integrated Network > Boyu Dong,,,hybrid,vehicular;industrial_manufacturing;6g_networks,vehicular;industrial_manufacturing;6g_networks,automotive_transportation;smart_infrastructure,"The proposed system can be used in various applications such as smart cities, vehicle-to-everything, and industrial manufacturing.",W-band Photonic-based ISAC System,meta-llama/llama-4-scout-17b-16e-instruct,INDIRECT,llama-3.3-70b-versatile,INDIRECT,True
O_ISAC_026,7E,space_satellite,satellite communication,lexical,INDIRECT,"Similar to the first snippet, the mention of 'LEO Satellite Communication' suggests a connection to space satellites, but it is not a direct reference.","Shanghai ERC of LEO Satellite Communication and Applications, Shanghai CIC of LEO Satellite Communication Technology, Fudan University.",16,16,W-band Photonic-based Integration of Sensing and Communication with Frequency-division Multiplexed Waveforms in Fiber-wireless Integrated Network > Boyu Dong > Guoqiang Li,,,hybrid,vehicular;industrial_manufacturing;6g_networks,vehicular;industrial_manufacturing;6g_networks,automotive_transportation;smart_infrastructure,"The proposed system can be used in various applications such as smart cities, vehicle-to-everything, and industrial manufacturing.",W-band Photonic-based ISAC System,meta-llama/llama-4-scout-17b-16e-instruct,INDIRECT,llama-3.3-70b-versatile,INDIRECT,True
O_ISAC_026,7E,space_satellite,satellite communication,lexical,INDIRECT,"The mention of 'LEO Satellite Communication' and 'Shanghai ERC of LEO Satellite Communication and Applications' implies a connection to space satellites, but it is not a direct reference to a space satellite.","Shanghai ERC of LEO Satellite Communication and Applications, Shanghai CIC of LEO Satellite Communication Technology, Fudan University. Key Laboratory of EMW Information (MoE), Fudan University Shanghai, China e-mail: hpwang@fudan.edu.cn",23,23,HaiPeng Wang,,,hybrid,vehicular;industrial_manufacturing;6g_networks,vehicular;industrial_manufacturing;6g_networks,automotive_transportation;smart_infrastructure,"The proposed system can be used in various applications such as smart cities, vehicle-to-everything, and industrial manufacturing.",W-band Photonic-based ISAC System,meta-llama/llama-4-scout-17b-16e-instruct,INDIRECT,llama-3.3-70b-versatile,INDIRECT,True
O_ISAC_026,7E,space_satellite,satellite communication,lexical,INDIRECT,"The mention of 'LEO Satellite Communication' and 'Shanghai ERC of LEO Satellite Communication and Applications' suggests a connection to space satellites, but it is not a direct reference to a space satellite.","Shanghai ERC of LEO Satellite Communication and Applications, Shanghai CIC of LEO Satellite Communication Technology, Fudan University.",27,27,HaiPeng Wang > Junlian Jia,,,hybrid,vehicular;industrial_manufacturing;6g_networks,vehicular;industrial_manufacturing;6g_networks,automotive_transportation;smart_infrastructure,"The proposed system can be used in various applications such as smart cities, vehicle-to-everything, and industrial manufacturing.",W-band Photonic-based ISAC System,meta-llama/llama-4-scout-17b-16e-instruct,INDIRECT,llama-3.3-70b-versatile,INDIRECT,True
O_ISAC_026,7E,space_satellite,satellite communication,lexical,INDIRECT,"The mention of 'LEO Satellite Communication and Applications' and 'LEO Satellite Communication Technology' implies a connection to space satellites, but it does not directly mention a space satellite.","Shanghai ERC of LEO Satellite Communication and Applications, Shanghai CIC of LEO Satellite Communication Technology, Fudan University. Key Laboratory of EMW Information (MoE), Fudan University",34,34,Jianyang Shi,,,hybrid,vehicular;industrial_manufacturing;6g_networks,vehicular;industrial_manufacturing;6g_networks,automotive_transportation;smart_infrastructure,"The proposed system can be used in various applications such as smart cities, vehicle-to-everything, and industrial manufacturing.",W-band Photonic-based ISAC System,meta-llama/llama-4-scout-17b-16e-instruct,INDIRECT,llama-3.3-70b-versatile,INDIRECT,True
O_ISAC_026,7E,space_satellite,satellite communication,lexical,INDIRECT,"Similar to the first snippet, the mention of 'LEO Satellite Communication and Applications' and 'LEO Satellite Communication Technology' suggests a relationship with space satellites, but it does not explicitly mention a space satellite.","Shanghai ERC of LEO Satellite Communication and Applications, Shanghai CIC of LEO Satellite Communication Technology, Fudan University. Key Laboratory of EMW Information (MoE), Fudan University",42,42,Jianyang Shi > Junwen Zhang\*,,,hybrid,vehicular;industrial_manufacturing;6g_networks,vehicular;industrial_manufacturing;6g_networks,automotive_transportation;smart_infrastructure,"The proposed system can be used in various applications such as smart cities, vehicle-to-everything, and industrial manufacturing.",W-band Photonic-based ISAC System,meta-llama/llama-4-scout-17b-16e-instruct,INDIRECT,llama-3.3-70b-versatile,INDIRECT,True
O_ISAC_029,7E,space_satellite,satellite communication,lexical,INDIRECT,"The text mentions 'Shanghai Engineering Research Center of Low-Earth-Orbit Satellite Communication and Applications' which implies a connection to space satellites, but does not directly discuss them.","The authors are with the Key Laboratory for Information Science of Electromagnetic Waves (MoE), Department of Communication Science and Engineering, Shanghai Engineering Research Center of Low-Earth-Orbit Satellite Communication and Applications, and Shanghai Collaborative Innovation Center of Low-Earth-Orbit Satellite Communication Technology, Fudan University, Shanghai 200433, China (e-mail: bydong21@m.fudan.edu.cn; zhongyali20@fudan.edu.cn; 21110720072@m.fudan.edu.cn; 23110720080@ m.fudan.edu.cn; 22210720312@m.fudan.edu.cn; huangouhan@hdu.edu.cn; jljia20@fudan.edu.cn; jy\_shi@fudan.edu.cn; yingjunzhou@fudan.edu.cn; hpwang@fudan.edu.cn; nanchi@fudan.edu.cn; junwenzhang@fudan.edu.cn). Digital Object Identifier 10.1109/TMTT.2025.3549729",19,19,"THz Integrated Sensing and Communication With Full-Photonic Direct LFM Reception and De-Chirping for D-Band Fiber-Wireless Network > <span id=""page-0-1""></span>I. INTRODUCTION",,,hybrid,6g_networks,6g_networks,,The system is designed for 6G networks with integrated sensing and communication capabilities.,D-band THz ISAC system with full-photonic direct LFM reception and de-chirping,meta-llama/llama-4-scout-17b-16e-instruct,INDIRECT,llama-3.3-70b-versatile,INDIRECT,True
O_ISAC_029,7E,space_satellite,space communication,fuzzy:89.47368421052632,INDIRECT,"Similar to the first snippet, it mentions 'Shanghai Collaborative Innovation Center of Low-Earth-Orbit Satellite Communication Technology', indicating an indirect relation to space satellites.","<span id=""page-0-3""></span>lives. These advanced scenarios depend on high-data-rate communication and necessitate that the nodes within the 6G network have the capability for environmental sensing. Sensing is, thus, set to evolve beyond its traditional standalone function, becoming fundamentally integrated with communication technologies. The concept of integrating sensing and communication plays a pivotal role in this evolution, offering substantial integration and coordination gains [\[4\], th](#page-11-3)ereby enhancing the overall functionality. Acknowledging its significant potential, the International Telecommunication Union (ITU) has designated integration of sensing and communication (ISAC) as one of the foremost enablers for the impending 6G networks [\[5\]. U](#page-11-4)ltrahigh signal bandwidth, furthermore, serves as a critical foundation for both high-performance communication and radar sensing. In contrast to traditional wireless operation frequencies, the vast spectrum within the sub-terahertz (THz) and THz bands is capable of supporting high-data-rate communication and high-resolution sensing functions. The deployment of ISAC in these spectra is, therefore, poised to unlock even more expansive possibilities in the realm of 6G [\[6\].](#page-11-5)",21,21,"THz Integrated Sensing and Communication With Full-Photonic Direct LFM Reception and De-Chirping for D-Band Fiber-Wireless Network > <span id=""page-0-1""></span>I. INTRODUCTION",,,hybrid,6g_networks,6g_networks,,The system is designed for 6G networks with integrated sensing and communication capabilities.,D-band THz ISAC system with full-photonic direct LFM reception and de-chirping,meta-llama/llama-4-scout-17b-16e-instruct,INDIRECT,llama-3.3-70b-versatile,INDIRECT,True
O_ISAC_029,7E,space_satellite,space communication,fuzzy:89.47368421052632,NONE,"This snippet discusses technical aspects of communication systems, such as frequency instability and phase shifts, without any mention or implication of space satellites.","where *f*LO represents the frequency of the LO signal. It is important to note that the fact that ECL-1 and ECL-2 are not phase-locked means that the frequency instability between them significantly impacts communication performance. As a result, any frequency offset leads to a severe rotation of the QAM constellation points, ultimately causing them to rotate into circles of varying amplitudes, rendering the signal unrecoverable. ϕ ′ (*t*) denotes the phase of the received IF signal, which is determined by the phase of the original QAM signal, the two free-run lasers and the LO signal. The length of the optical fiber, moreover, also affects this phase. In the downlink communication, the optical signal transmitted through the fiber includes both the signal light and the LO light, with their frequency difference corresponding to the transmitted THz signal frequency. Because of the wavelength-dependent refractive index of the fiber, the two optical components experience different phase shifts, resulting in a phase difference that varies with the fiber length. This phase difference ultimately manifests in the phase of the IF signal at the receiving end. Since the refractive index variation is minimal, the phase shift introduced by fiber transmission is, however, not the dominant factor. The frequency and phase offsets caused by the above factors can be recovered through frequency offset and carrier phase estimation (FOE & CPE) algorithms in the communication DSP.",138,138,"THz Integrated Sensing and Communication With Full-Photonic Direct LFM Reception and De-Chirping for D-Band Fiber-Wireless Network > <span id=""page-2-2""></span>II. PRINCIPLE",,,hybrid,6g_networks,6g_networks,,The system is designed for 6G networks with integrated sensing and communication capabilities.,D-band THz ISAC system with full-photonic direct LFM reception and de-chirping,meta-llama/llama-4-scout-17b-16e-instruct,NONE,llama-3.3-70b-versatile,NONE,True
O_ISAC_029,7E,space_satellite,space communication,fuzzy:89.47368421052632,NONE,"The text focuses on the communication performance of a system, including experiments with QAM signals and BER, without referencing space satellites.","<span id=""page-10-1""></span>In the experiment to measure the communication performance of the system, the effects of the center frequency and Vpp are initially examined. The system operates in the BtB configuration, using a 25 GBaud QAM signal at the transmitting end. While varying the center frequency and maintaining the Vpp of the signal at 600 mV, the frequency of the LO signal at the UE side is adjusted accordingly. The relationship between the center frequency and BER is illustrated in Fig. [10\(a\).](#page-10-0) In our experimental results, the BER we report corresponds to preforward error correction (FEC) BER. If the pre-FEC BER is below the threshold value corresponding to a specific coding scheme and its associated overhead, the post-FEC BER can be considered to be below 1E-12 or 1E-15 [\[46\].](#page-12-26) The results demonstrate that the communication performance of the system is optimal within the center frequency range of 129–134 GHz, consistent with the findings shown in Fig. [7\(a\).](#page-8-0) Subsequently, with the center frequency fixed at 134 GHz, the relationship between Vpp and BER is examined, as shown in Fig. [10\(b\).](#page-10-0) The results indicate that increasing Vpp initially enhances communication performance, but further increases lead to a decline. This occurs because a low Vpp results in an insufficient modulation index, which fails to provide adequate SNR at the UE side. Conversely, as Vpp continues to increase, nonlinear effects are introduced, further degrading performance. This is corroborated by the insert in Fig. [10\(b\).](#page-10-0)",262,262,THz Integrated Sensing and Communication With Full-Photonic Direct LFM Reception and De-Chirping for D-Band Fiber-Wireless Network > *B. Communication Performance of the System*,,,hybrid,6g_networks,6g_networks,,The system is designed for 6G networks with integrated sensing and communication capabilities.,D-band THz ISAC system with full-photonic direct LFM reception and de-chirping,meta-llama/llama-4-scout-17b-16e-instruct,NONE,llama-3.3-70b-versatile,NONE,True
O_ISAC_029,7E,space_satellite,space communication,fuzzy:89.47368421052632,NONE,The text does not mention space satellites directly or indirectly. It discusses a novel D-band photonic-based ISAC system for fiber-wireless networks.,"<span id=""page-11-19""></span>In summary, a novel D-band photonic-based ISAC system for fiber-wireless networks is proposed and experimentally demonstrated in this article. Owing to the ultra-wideband characteristics of the TFLN-MZM, full-photonic direct reception and PDC of THz LFM echo signals are successfully achieved. This structure significantly enhances the integration of ISAC with fiber-wireless networks, facilitating the uplink transmission of sensing signals through long-distance fibers. This architecture also aligns well with the concept of distributed networks anticipated in 6G. In our experiments, exceptional performance is displayed. At a center frequency of 134 GHz, a range resolution of 6 mm and a peak data rate of 116 Gb/s are achieved. The calibrated mean ranging error is recorded at less than 3 mm. Not only is the downlink transmission of ISAC signals and the uplink transmission of echo signals after de-chirping through the same long-distance fiber accomplished, but the impact of SMF transmission at lengths of 10 and 20 km on communication and sensing performance is also, moreover, assessed. These remarkable achievements position our system at the forefront of photonic-based THz ISAC technology, showcasing its potential for high-performance communication and sensing in future 6G networks.",274,274,THz Integrated Sensing and Communication With Full-Photonic Direct LFM Reception and De-Chirping for D-Band Fiber-Wireless Network > V. CONCLUSION,,,hybrid,6g_networks,6g_networks,,The system is designed for 6G networks with integrated sensing and communication capabilities.,D-band THz ISAC system with full-photonic direct LFM reception and de-chirping,meta-llama/llama-4-scout-17b-16e-instruct,INDIRECT,llama-3.3-70b-versatile,NONE,True
O_ISAC_029,7E,space_satellite,space communication,fuzzy:89.47368421052632,NONE,The text provides references to various research papers but does not mention space satellites directly or indirectly. It appears to be a list of citations related to photonic systems and radar technology.,"- <span id=""page-11-8""></span>[\[9\] S](#page-0-8). Jia et al., ""A unified system with integrated generation of highspeed communication and high-resolution sensing signals based on THz photonics,"" *J. Lightw. Technol.*, vol. 36, no. 19, pp. 4549–4556, Oct. 15, 2018, doi: [10.1109/JLT.2018.2863684.](http://dx.doi.org/10.1109/JLT.2018.2863684)",288,288,THz Integrated Sensing and Communication With Full-Photonic Direct LFM Reception and De-Chirping for D-Band Fiber-Wireless Network > REFERENCES,,,hybrid,6g_networks,6g_networks,,The system is designed for 6G networks with integrated sensing and communication capabilities.,D-band THz ISAC system with full-photonic direct LFM reception and de-chirping,meta-llama/llama-4-scout-17b-16e-instruct,NONE,llama-3.3-70b-versatile,NONE,True
O_ISAC_030,7E,space_satellite,space communication,fuzzy:85.71428571428572,NONE,"The text does not mention space satellites. It discusses visible light communication, up-link transmission, and down-link transmission in the context of a VLC system.","- *1) Up-Link Transmission:* Visible light up-link communication is the transmission of light data from a VLC user to a VLC receiver. In this experiment, the VLC user is an infrared LED set opposite the lamp, and the VLC receiver is the PD originally set in the center of the lamp. To evaluate the up-link transmission of ReflexGest, the experiment setup is shown in Fig. 20. Specifically, we set up two cases: one is putting the VLC user directly *under*the lamp (Fig. 20(a)), and the other is putting the user 15 cm *away* from the lamp (Fig. 20(b)). The average BER results are reported in Fig. 21. As the amount of transmitted data increases, the proportion of gesture time in communication time decreases, and the average BER decreases accordingly. Fig. 22 shows an example of BER when transmitting 8 s of up-link data in the *under* setting while performing gesture LR. In this example, the LR gesture was performed during the 3 s and 4 s, resulting in an increase in BER. Besides, when the VLC user is away from the HGR area, performing gestures would not interfere severely with the communication.",302,302,*C. Performance of cReflexGest* > *D. Communication Performance of ReflexGest*,,,hybrid,human_computer_interaction,human_computer_interaction,indoor_environments,Hand gesture recognition using visible light communication,Hand gesture recognition using ReflexGest,meta-llama/llama-4-scout-17b-16e-instruct,INDIRECT,llama-3.3-70b-versatile,NONE,True
O_ISAC_030,7E,space_satellite,space communication,fuzzy:85.71428571428572,NONE,"The text does not mention space satellites. It discusses the results of down-link transmission experiments, including BER results and throughput, in the context of a VLC system.","As for ReflexGest, the VLC transmitter is the LED arrays of the lamp, and the VLC user is a PD on the table. The experiment setup is also shown in Fig. 20, and we also conduct the *under* and *away* experiments as Section IV-D1. The experiment results are shown in Fig. 23 which are similar with the results of up-link transmission (Fig. 21). Fig. 24 also shows an example of BER when transmitting 64 s of down-link data in the *away* setting while performing gesture UP. In this example, the UP gesture was performed during the 0 s and 8 s, resulting in an increase in BER. Besides, although the data rate is fixed at 50 kbps for the communication experiments, the throughput of the current ReflexGest prototype is up to 220 kbps with the selected frequencies as presented in Section [III-B](#page-3-0) and OOK (On-Off Keying) modulation. Moreover, the BER of down-link is lower than that of up-link thanks to the down-link having a much higher transmission power to achieve both communication and illumination in VLC compared to the up-link from terminal devices. Nevertheless, in realistic LiFi applications via VLC lamps, down-link data is much huger than up-link and VLC users are usually placed around the VLC lamp, we hence believe these evaluations strongly confirm the ISAC capability of ReflexGest for realizing gesture recognition without bothering concurrent data communication.",313,313,*C. Performance of cReflexGest* > *D. Communication Performance of ReflexGest*,,,hybrid,human_computer_interaction,human_computer_interaction,indoor_environments,Hand gesture recognition using visible light communication,Hand gesture recognition using ReflexGest,meta-llama/llama-4-scout-17b-16e-instruct,INDIRECT,llama-3.3-70b-versatile,NONE,True
O_ISAC_033,7E,space_satellite,space communication,fuzzy:89.47368421052632,NONE,"The provided snippet does not mention space satellites or any related concepts, focusing instead on fiber optic sensing, 5G transport networks, and submarine cable systems.","- [4] M.-F. Huang, M. Salemi, Y. Chen, J Zhao, T. J. Xia, G. A. Wellbrock, Y.-K. Huang, G. Milione, E. Ip, P. Ji, T. Wang, Y. Aono, ""First Field Trial of Distributed Fiber Optical Sensing and High-Speed Communication Over an Operational Telecom Network,"" in *Journal of Lightwave Technology*, vol. 38, no. 1, pp. 75-81, 1 Jan.1, 2020, DOI: 10.1109/JLT.2019.2935422.",74,74,Simultaneous Sensing and Communication in Optical Fibers > References,,,cabled_fibre,industrial_manufacturing,industrial_manufacturing,smart_infrastructure,Distributed fiber optical sensing for vibration detection and localization,Vibration detection and localization using modified digital coherent telecom transponders,meta-llama/llama-4-scout-17b-16e-instruct,NONE,llama-3.3-70b-versatile,NONE,True
O_ISAC_034,7E,space_satellite,,json,DIRECT,Structured study-level application domain mapping,Free-space optical communication and sensing for autonomous vehicles,,,,study_level.application.application_domain,vehicular;industrial_manufacturing,wireless_fso,vehicular;industrial_manufacturing,vehicular;industrial_manufacturing,automotive_transportation;smart_infrastructure;space_satellite,Free-space optical communication and sensing for autonomous vehicles,"Outdoor FSO, 500m, Fog",json,DIRECT,,,False
O_ISAC_035,7E,space_satellite,space communication,fuzzy:89.47368421052632,INDIRECT,"The text mentions 'FSO based ISAC can potentially support both wide-bandwidth communication and high-accuracy ranging' which can be related to space satellites as they often use FSO for communication, but it does not directly mention space satellites.","Abstract—The integrated sensing and communication (ISAC) is emerging as a crucial technology due to its reduced hardware costs and broad application scenarios, where the free space optics (FSO) based ISAC can potentially support both wide-bandwidth communication and high-accuracy ranging. However, the majority of the FSO ISAC designs in the literature can only achieve low data-rate communications. In order to simultaneously transmit high-quality communication data and high-accuracy ranging information using a single FSO waveform, in this paper, we propose an integrated waveform design that combines orthogonal chirp division multiplexing (OCDM) with frequency modulated continuous wave (FMCW) light detection and ranging (LiDAR). To elaborate, one subcarrier from OCDM is selected as the FMCW ranging at the LiDAR receiver, while the remaining OCDM subcarriers can be used to enhance communication data rate. Experiments demonstrate the feasibility of our proposed scheme, centimeterlevel ranging accuracy is achieved, with acceptable error vector magnitude (EVM) performance, while simultaneously achieving a communication rate of 3.182 Gbps.",9,9,OCDM-Based FMCW Waveform Design for FSO Integrated Sensing and Communications,,,wireless_fso,6g_networks,6g_networks,,"The proposed system is designed for FSO integrated sensing and communication applications, including 6G networks.",FSO-ISAC system with OCDM-based FMCW waveform design,meta-llama/llama-4-scout-17b-16e-instruct,INDIRECT,llama-3.3-70b-versatile,INDIRECT,True
O_ISAC_035,7E,space_satellite,satellite link,lexical,INDIRECT,"The text mentions 'widely used in satellite links' which implies a connection to space satellites, but it is not the main focus of the passage.","O EFFECTIVELY improve the spectrum and hardware efficiency, the integrated sensing and communication (ISAC) has been investigated for supporting 5G and beyond mobile networks with low-cost solutions [1]. Meanwhile, free space optics (FSO) communication enables high-speed data transmission via light waves in free space, widely used in satellite links, urban wireless backhauls, and secure military networks due to its terahertz bandwidth, near-light-speed latency, and inherent security from directional laser beams. Compared with the radiofrequency (RF)-ISAC, FSO-ISAC offers multiple advantages, e.g., increasing communication rate, enhancing sensing precision, and reducing interference. As a result, FSO-ISAC emerges",15,15,OCDM-Based FMCW Waveform Design for FSO Integrated Sensing and Communications > I. INTRODUCTION,,,wireless_fso,6g_networks,6g_networks,,"The proposed system is designed for FSO integrated sensing and communication applications, including 6G networks.",FSO-ISAC system with OCDM-based FMCW waveform design,meta-llama/llama-4-scout-17b-16e-instruct,INDIRECT,llama-3.3-70b-versatile,INDIRECT,True
O_ISAC_035,7E,space_satellite,space communication,fuzzy:89.47368421052632,NONE,There is no mention of space satellites in this passage.,"On the other hand, our proposed OCDM-based FMCW waveform can simultaneously support the high-speed communications. At the target end-users of Fig. [4,](#page-5-0) the communication data will be demodulated by the OCDM demodulation module. To show our capacity-enhanced communications, we adopt the higher-order modulation format of 4-, 16- and 64- quadrature amplitude modulation (QAM) signal in our system with a maximum capacity of 3.182 Gbps, where as shown in Fig. 9, the error vector magnitude (EVM) of the above three are 7.44%, 6.10% and 5.83%, respectively. The constellation diagrams given by Fig. 9 are clear, indicating that the OCDM-based FMCW waveform can well support the ISAC communications. In this section, lower-order modulation formats such as 4-QAM is included to demonstrate the baseline performance and robustness of the proposed OCDM-FMCW ISAC system under lower modulation complexity, highlighting its adaptability across diverse channel conditions and practical scenarios such as degraded FSO links or mobile uncrewed aerial vehicle (UAV) platforms.",249,249,III. EXPERIMENT DEMONSTRATION AND DISCUSSION > *B. Communications*,,,wireless_fso,6g_networks,6g_networks,,"The proposed system is designed for FSO integrated sensing and communication applications, including 6G networks.",FSO-ISAC system with OCDM-based FMCW waveform design,meta-llama/llama-4-scout-17b-16e-instruct,NONE,llama-3.3-70b-versatile,NONE,True
O_ISAC_035,7E,space_satellite,space communication,fuzzy:89.47368421052632,NONE,There is no mention of space satellites in this passage.,"Therefore, in the context of FSO system, we experimentally demonstrate both the ranging and communication performance of our novel OCDM-based FMCW ISAC waveform design. Moreover, we achieve capacity-enhanced communications, while maintaining the FMCW's high ranging accuracy, with low-complexity FMCW-based ranging receiver.",312,312,*C. Ranging and Communication Subcarrier Power Allocation* > *D. Peak-to-Average Power Ratio Performance*,,,wireless_fso,6g_networks,6g_networks,,"The proposed system is designed for FSO integrated sensing and communication applications, including 6G networks.",FSO-ISAC system with OCDM-based FMCW waveform design,meta-llama/llama-4-scout-17b-16e-instruct,NONE,llama-3.3-70b-versatile,NONE,True
O_ISAC_035,7E,space_satellite,space communication,fuzzy:89.47368421052632,NONE,"The snippet does not mention space satellites, it discusses a novel FSO-ISAC waveform based on OCDM and FMCW LiDAR, focusing on ranging and communication subcarriers, and experimentally demonstrating the FSO-ISAC system.","In this paper, we presented a novel FSO-ISAC waveform based on OCDM and FMCW LiDAR. Specifically, the OCDMbased waveform was split to ranging subcarriers and communication subcarriers. Then, by appropriately re-distributing the bandwidth of the guard bands, hence dynamically allocating the ranging and communication subcarrier power, we can obtain high-accuracy ranging and capacity-enhanced communications. Furthermore, the ranging and the communication data can be carried by the same signal with low-complexity optical-assisted signal processing, where we conceived a simplified FMCW ranging receiver design. Finally, we experimentally demonstrated the FSO-ISAC system, where we achieved the centimeter level ranging, which is comparable with the standard unmodulated FMCW LiDAR. Meanwhile, our system is capable of supporting the high-performance communication of 3.182 Gbps using high-order modulation format.",316,316,*C. Ranging and Communication Subcarrier Power Allocation* > IV. CONCLUSION,,,wireless_fso,6g_networks,6g_networks,,"The proposed system is designed for FSO integrated sensing and communication applications, including 6G networks.",FSO-ISAC system with OCDM-based FMCW waveform design,meta-llama/llama-4-scout-17b-16e-instruct,NONE,llama-3.3-70b-versatile,NONE,True
O_ISAC_041,7E,space_satellite,space communication,fuzzy:89.47368421052632,NONE,The text does not mention space satellites.,"<span id=""page-2-10""></span><span id=""page-2-8""></span>At the signal level, researchers have unveiled a novel avenue for the ISAC in transport network by harnessing linear frequency modulated light as the optical carrier for pulse amplitude modulation 4-Level signal transmission and employing -OTDR as the sensing probes [\[48\]](#page-10-16). Reports on the ISAC in transport network using space-division multiplexing (SDM) appeared in 2023 [\[49\]](#page-10-17), where researchers deployed a cable containing uncoupled seven-core fibers in underground tunnels. They successfully demonstrated high-capacity SDM <span id=""page-2-3""></span><span id=""page-2-1""></span>transmission and conducted real-time monitoring of urban traffic. In 2020, the first field trial of distributed fiber optic sensing (DFOS) and high-speed communication was reported on an operational telecom network [\[50\]](#page-10-18). This solution demonstrated the feasibility of ISAC in transport network based on wavelength division multiplexing systems.",70,70,"Co-Route Fiber Recognition and Status Diagnosis Based on Integrated Sensing and Communication in 6G Transport Networks > <span id=""page-0-2""></span><span id=""page-0-1""></span><span id=""page-0-0""></span>I. INTRODUCTION > <span id=""page-1-6""></span><span id=""page-1-5""></span><span id=""page-1-3""></span><span id=""page-1-2""></span><span id=""page-1-1""></span>II. RELATED WORK",,,hybrid,6g_networks,6g_networks,automotive_transportation,The system is designed for co-route fiber recognition and status diagnosis in 6G transport networks.,Co-route fiber recognition,meta-llama/llama-4-scout-17b-16e-instruct,NONE,llama-3.3-70b-versatile,NONE,True
O_ISAC_041,7E,space_satellite,satellite communication,lexical,INDIRECT,"The text mentions 'LEO satellite communications', which is related to space satellites, but it is not the main focus of the text.","- <span id=""page-9-30""></span>[\[30\]](#page-1-5) J. Shi et al., ""OTFS enabled LEO satellite communications: A promising solution to severe doppler effects,"" *IEEE Netw.*, vol. 38, no. 1, pp. 203–209, Jan. 2024.",480,480,Co-Route Fiber Recognition and Status Diagnosis Based on Integrated Sensing and Communication in 6G Transport Networks > *B. Trench Characterization* > *C. Fiber Vibration Pattern Recognition* > REFERENCES,,,hybrid,6g_networks,6g_networks,automotive_transportation,The system is designed for co-route fiber recognition and status diagnosis in 6G transport networks.,Co-route fiber recognition,meta-llama/llama-4-scout-17b-16e-instruct,INDIRECT,llama-3.3-70b-versatile,INDIRECT,True
O_ISAC_041,7E,space_satellite,space communication,fuzzy:89.47368421052632,NONE,The text does not mention space satellites.,"- <span id=""page-10-18""></span>[\[50\]](#page-2-11) M.-F. Huang et al., ""First field trial of distributed fiber optical sensing and high-speed communication over an operational telecom network,"" *J. Lightw. Technol.*, vol. 38, no. 1, pp. 75–81, Jan. 1, 2020, doi: [10.1109/JLT.2019.2935422.](http://dx.doi.org/10.1109/JLT.2019.2935422)",503,503,Co-Route Fiber Recognition and Status Diagnosis Based on Integrated Sensing and Communication in 6G Transport Networks > *B. Trench Characterization* > *C. Fiber Vibration Pattern Recognition* > REFERENCES,,,hybrid,6g_networks,6g_networks,automotive_transportation,The system is designed for co-route fiber recognition and status diagnosis in 6G transport networks.,Co-route fiber recognition,meta-llama/llama-4-scout-17b-16e-instruct,NONE,llama-3.3-70b-versatile,NONE,True
O_ISAC_041,7E,space_satellite,space communication,fuzzy:85.71428571428572,NONE,The text does not mention space satellites.,"His main research interests include computing power network, UAV networks, vehicle networks, deep learning, and semantic communication.",542,542,Co-Route Fiber Recognition and Status Diagnosis Based on Integrated Sensing and Communication in 6G Transport Networks > *B. Trench Characterization* > *C. Fiber Vibration Pattern Recognition* > REFERENCES,,,hybrid,6g_networks,6g_networks,automotive_transportation,The system is designed for co-route fiber recognition and status diagnosis in 6G transport networks.,Co-route fiber recognition,meta-llama/llama-4-scout-17b-16e-instruct,NONE,llama-3.3-70b-versatile,NONE,True
O_ISAC_043,7E,space_satellite,satellite communication,lexical,DIRECT,"The context mentions 'Shanghai ERC of LEO Satellite Communication and Applications' and 'Shanghai CIC of LEO Satellite Communication Technology', which directly relates to space satellites.","<sup>1</sup>Shanghai ERC of LEO Satellite Communication and Applications, Shanghai CIC of LEO Satellite Communication Technology, Fudan University, Shanghai 200433, China,",9,9,Photonic-based W-band Flexible TFDM Integrated Sensing and Communication System for Fiber-wireless Network,,,hybrid,6g_networks,6g_networks,,Fiber-wireless integrated network,W-band TFDM ISAC system,meta-llama/llama-4-scout-17b-16e-instruct,INDIRECT,llama-3.3-70b-versatile,DIRECT,True
O_ISAC_043,7E,space_satellite,space communication,fuzzy:89.47368421052632,NONE,"The context discusses 6G technology, ISAC systems, and frequency bands, but does not mention space satellites.","The bandwidth of the signal in the traditional electrical ISAC system is seriously limited by the bandwidth of the electronic devices, and the multi-level frequency multiplication makes the system structure complex. The photonic-based ISAC system can quickly generate high-frequency broadband signals and it is more consistent with the architecture of the 6G mobile communication network [2]. The current ISAC systems that can meet the requirements of high-resolution sensing and high-speed communication simultaneously combine radar signals and communication signals in the form of frequency division multiplexing (FDM) [3-4] or time division multiplexing (TDM) [5-6], which is difficult to achieve flexible adjustment between sensing and communication. And the fiber transmission for the photonics ISAC system is rarely included in current research.",21,21,Photonic-based W-band Flexible TFDM Integrated Sensing and Communication System for Fiber-wireless Network > 1. Introduction,,,hybrid,6g_networks,6g_networks,,Fiber-wireless integrated network,W-band TFDM ISAC system,meta-llama/llama-4-scout-17b-16e-instruct,NONE,llama-3.3-70b-versatile,NONE,True
O_ISAC_043,7E,space_satellite,space communication,fuzzy:89.47368421052632,NONE,"The context continues discussing ISAC systems, photonic-based systems, and signal transmission, but does not mention space satellites.","In this paper, we proposed and experimentally demonstrated a W-band flexible time-frequency-division multiplexed (TFDM) photonic-based ISAC system for the fiber-wireless integrated network. In this system, we used optical heterodyne to generate broadband 96.5 GHz W-band signals. The signals were flexibly combined by linear frequency modulation (LFM) signals and subcarrier modulated (SCM) signals in the form of FDM, TDM, or a mixture of the two, which can be flexibly switched between high-resolution sensing and high-speed communication according to application scenarios. In the experiment system, we achieved a high resolution from 1.59 cm to 4.39 cm and a high data rate from 15 Gbit/s to 60 Gbit/s through a 10-km fiber and a 1-m wireless W-band MMW link. The distance errors after calibration were less than 3 cm in all cases.",23,23,Photonic-based W-band Flexible TFDM Integrated Sensing and Communication System for Fiber-wireless Network > 1. Introduction,,,hybrid,6g_networks,6g_networks,,Fiber-wireless integrated network,W-band TFDM ISAC system,meta-llama/llama-4-scout-17b-16e-instruct,NONE,llama-3.3-70b-versatile,NONE,True
O_ISAC_043,7E,space_satellite,space communication,fuzzy:89.47368421052632,NONE,"The context concludes the discussion on ISAC systems and experimental results, but does not mention space satellites.","We proposed and experimentally demonstrated a W-band flexible TFDM photonic-based ISAC system for the fiber-wireless integrated network. The LFM and SCM signal can be flexibly combined according to the application scenarios to realize the trade-off between high-resolution sensing and high-speed communication. In the experimental system, we realized 1.59 cm to 4.39 cm high resolution sensing and 15 Gbit/s to 60 Gbit/s high data rate communication through 10-km fiber and 1-m wireless W-band MMW link.",69,69,3. Experiment and Discussions > 4. Conclusion,,,hybrid,6g_networks,6g_networks,,Fiber-wireless integrated network,W-band TFDM ISAC system,meta-llama/llama-4-scout-17b-16e-instruct,NONE,llama-3.3-70b-versatile,NONE,True
O_ISAC_044,7E,space_satellite,satellite communication,lexical,INDIRECT,"The text mentions the Shanghai Engineering Research Center of Low-Earth-Orbit Satellite Communication and Applications, which implies a connection to space satellites, but does not directly discuss them.","Boyu Dong, Junlian Jia, Guoqiang Li, Zhongya Li, Changle Huang, and Haipeng Wang are with the Key Laboratory for Information Science of Electromagnetic Waves (MoE), Department of Communication Science and Engineering, Fudan University, Shanghai 200433, China, also with the Shanghai Engineering Research Center of Low-Earth-Orbit Satellite Communication and Applications, Shanghai 200433, China, and also with the Shanghai Collaborative Innovation Center of Low-Earth-Orbit Satellite Communication Technology, Shanghai 200433, China (e-mail: bydong21@m.fudan.edu.cn; jljia20@fudan.edu.cn; 19210720066@fudan.edu.cn; zhongyali20@fudan.edu.cn; 21210720146@m.fudan.edu.cn; hpwang@fudan.edu.cn).",15,15,Photonic-Based W-Band Integrated Sensing and Communication System With Flexible Time-Frequency Division Multiplexed Waveforms for Fiber-Wireless Network,,,hybrid,vehicular,vehicular,automotive_transportation,"The system is designed for vehicular applications, such as vehicle-to-everything (V2X) communication and radar sensing.",Vehicular scenario,meta-llama/llama-4-scout-17b-16e-instruct,INDIRECT,llama-3.3-70b-versatile,INDIRECT,True
O_ISAC_044,7E,space_satellite,satellite communication,lexical,INDIRECT,"Similar to the first snippet, this text also mentions the Shanghai Engineering Research Center of Low-Earth-Orbit Satellite Communication and Applications, indicating an indirect connection to space satellites.","Jianyang Shi, Junwen Zhang, and Nan Chi are with the Key Laboratory for Information Science of Electromagnetic Waves (MoE), Department of Communication Science and Engineering, Fudan University, Shanghai 200433, China, also with the Shanghai Engineering Research Center of Low-Earth-Orbit Satellite Communication and Applications, Shanghai 200433, China, also with the Shanghai Collaborative Innovation Center of Low-Earth-Orbit Satellite Communication Technology, Shanghai 200433, China, and also with the Peng Cheng Laboratory, Shenzhen 518055, China (e-mail: jy\_shi@fudan.edu.cn; junwenzhang@fudan.edu.cn; nanchi@fudan.edu.cn).",19,19,Photonic-Based W-Band Integrated Sensing and Communication System With Flexible Time-Frequency Division Multiplexed Waveforms for Fiber-Wireless Network,,,hybrid,vehicular,vehicular,automotive_transportation,"The system is designed for vehicular applications, such as vehicle-to-everything (V2X) communication and radar sensing.",Vehicular scenario,meta-llama/llama-4-scout-17b-16e-instruct,INDIRECT,llama-3.3-70b-versatile,INDIRECT,True
O_ISAC_044,7E,space_satellite,space communication,fuzzy:89.47368421052632,NONE,"This snippet does not mention space satellites or any related concepts, focusing instead on photonic-based MMW generation methods and their applications.","Recently, we proposed and experimentally demonstrated W-band flexible time-frequency-division multiplexed (TFDM) photonic-based MMW ISAC system that fully considered the possibility of integration with the fiber-wireless network [\[14\].](#page-13-0) This paper is an invited extension of the Top-scored Paper at OFC 2023, with some results discussed and presented during the conference. To address the issue of insufficient flexibility in the current time division multiplexing (TDM) or frequency division multiplexing (FDM) photonic-based MMW ISAC system, we designed 10 cases where signals were flexibly combined using LFM signals and subcarrier modulated (SCM) signals in the form of FDM, TDM, or a mixture of the two. These designs enabled flexible switching between high-resolution sensing and high-speed communication according to application scenarios. Moreover, we used the direct laser heterodyning (DLH) method to generate broadband 96.5 GHz W-band signals and incorporated long-distance optical fiber transmission to achieve a more realistic scenario.",47,47,Photonic-Based W-Band Integrated Sensing and Communication System With Flexible Time-Frequency Division Multiplexed Waveforms for Fiber-Wireless Network > I. INTRODUCTION,,,hybrid,vehicular,vehicular,automotive_transportation,"The system is designed for vehicular applications, such as vehicle-to-everything (V2X) communication and radar sensing.",Vehicular scenario,meta-llama/llama-4-scout-17b-16e-instruct,NONE,llama-3.3-70b-versatile,NONE,True
O_ISAC_044,7E,space_satellite,space communication,fuzzy:89.47368421052632,NONE,"This text discusses methods for generating MMW signals, such as the OEO and PFM methods, without any mention of space satellites or related topics.","Based on current research progress, Table I summarizes the waveform design methods, important indicators for sensing and communication, methods for generating MMW signals, and frequency bands of photonic-based MMW ISAC systems. As shown in Table I, the DLH method remains the mainstream solution for generating high-frequency MMW signals. From the perspective of system performance, considering complex scenarios, simple TDM and FDM waveforms struggle to balance high-speed communication and high-resolution sensing, while simple CFCT waveforms suffer from poor sensing or communication performance. Furthermore, integrating the system with the fiber-wireless network necessitates the inclusion of long-distance fiber transmission. However, few studies in current research have considered the impact of long-distance fiber transmission on system performance.",93,93,Photonic-Based W-Band Integrated Sensing and Communication System With Flexible Time-Frequency Division Multiplexed Waveforms for Fiber-Wireless Network > II. CLASSIFICATION AND ANALYSIS OF PHOTONIC-BASED MMW ISAC SYSTEMS,,,hybrid,vehicular,vehicular,automotive_transportation,"The system is designed for vehicular applications, such as vehicle-to-everything (V2X) communication and radar sensing.",Vehicular scenario,meta-llama/llama-4-scout-17b-16e-instruct,NONE,llama-3.3-70b-versatile,NONE,True
O_ISAC_044,7E,space_satellite,space communication,fuzzy:89.47368421052632,NONE,"The text does not mention space satellites directly or indirectly. It discusses photonic-based systems, radar detection, and communication systems, but does not relate to space satellites.","- [16] Y. Wang et al., ""Photonics-assisted joint high-speed communication and high-resolution radar detection system,"" *Opt. Lett.*, vol. 46, no. 24, pp. 6103–6106, Dec. 2021, doi: [10.1364/OL.444252.](https://dx.doi.org/10.1364/OL.444252)",488,488,VI. CONCLUSION > REFERENCES,,,hybrid,vehicular,vehicular,automotive_transportation,"The system is designed for vehicular applications, such as vehicle-to-everything (V2X) communication and radar sensing.",Vehicular scenario,meta-llama/llama-4-scout-17b-16e-instruct,INDIRECT,llama-3.3-70b-versatile,NONE,True
O_ISAC_044,7E,space_satellite,space communication,fuzzy:89.47368421052632,NONE,"Similar to the first snippet, this text does not mention space satellites. It focuses on photonics-assisted systems for communication and radar detection, without any reference to space satellites.","- [17] Y.Wang et al., ""Integrated high-resolution radar and long-distance communication based-on photonic in terahertz band,"" *J. Lightw. Technol.*, vol. 40, no. 9, pp. 2731–2738, May 2022.",489,489,VI. CONCLUSION > REFERENCES,,,hybrid,vehicular,vehicular,automotive_transportation,"The system is designed for vehicular applications, such as vehicle-to-everything (V2X) communication and radar sensing.",Vehicular scenario,meta-llama/llama-4-scout-17b-16e-instruct,INDIRECT,llama-3.3-70b-versatile,NONE,True
O_ISAC_046,7E,space_satellite,space communication,fuzzy:89.47368421052632,NONE,"The provided snippet does not mention space satellites or any related concepts, focusing instead on optical sensing, communication, and fiber technology.","- [10] M. F. Huang, P. Ji, T. Wang, Y. Aono, M. Salemi, Y. Chen, J. Zhao, T. J. Xia, G. A. Wellbrock, Y.-K. Huang, G. Milione, and E. Ip, ""First field trial of distributed fiber optical sensing and high-speed communication over an operational telecom net-work,"" J. Lightwave Technol., vol. 38, no. 1, pp. 75–81, 2020.",90,90,REFERENCES,,,cabled_fibre,submarine_fiber_optical_networks;distributed_sensing,fibre_network_monitoring;distributed_sensing,smart_infrastructure,Ultra-low-frequency distributed acoustic sensing and high-capacity communication over a long-distance fiber link,Ultra-low-frequency DAS and high-capacity communication over 38-km seven-core fiber,meta-llama/llama-4-scout-17b-16e-instruct,NONE,llama-3.3-70b-versatile,NONE,True
O_ISAC_048,7E,space_satellite,,json,DIRECT,Structured study-level application domain mapping,Free space optical integrated sensing and communication,,,,study_level.application.application_domain,vehicular;industrial_manufacturing,wireless_fso,vehicular;industrial_manufacturing,vehicular;industrial_manufacturing,automotive_transportation;smart_infrastructure;space_satellite,Free space optical integrated sensing and communication,"Outdoor FSO, 100m, LoS",json,DIRECT,,,False
O_ISAC_051,7E,space_satellite,space communication,fuzzy:85.71428571428572,NONE,The text does not mention space satellites directly or indirectly. It discusses LiDAR technology and its applications in various fields.,"ISAC [2]. Light detection and ranging (LiDAR) is widely used as a non-contact ranging solution for autonomous driving, robotics, aerospace, surveying and mapping, and intelligent terminals [3], [4], [5]. LiDAR is capable of both sensing 3D scenes and sending message with free-space optical (FSO) communication in each scan time slot [6], [7], [8], [9]. However, few LiDARs are available to realize both targets about the ranging and the communication.",25,25,Remote Phase-Shift LiDAR With Communication > I. INTRODUCTION,,,hybrid,vehicular,vehicular,automotive_transportation,"The PLRC system is designed for vehicular applications, where it can be used for both sensing and communication functions.","Indoor FSO, 10m, Static",meta-llama/llama-4-scout-17b-16e-instruct,INDIRECT,llama-3.3-70b-versatile,NONE,True
O_ISAC_051,7E,space_satellite,space communication,fuzzy:89.47368421052632,NONE,"The text focuses on the technical aspects of signal processing and detection in LiDAR systems, without any reference to space satellites.","respectively, in which  $A_e$  denotes the echo signal amplitude,  $\tau_e$  is the time of flight, and  $\phi_e$  indicates the resulting phase variation after photoelectric detection, and  $\phi_e = 2\pi f_c \tau_e$ ,  $A_e = \mu \Re P_{echo} R_L$ , where  $\Re$  is the responsivity of photodetector,  $P_{echo}$  is the echo light power, and  $R_L$  is the load resistance of the detector.  $A_{LO}$ ,  $\tau_{LO}$ , and  $\phi_{LO}$  denote the local signal amplitude, delay time, and the phase variation of subcarrier signal s(t) after the propagation of the reference arm, respectively, and  $\phi_{LO}=2\pi f_c \tau_{LO}$ .  $n_{echo}(t)$  and  $n_{LO}(t)$ are zero-mean white noise with variance  $\sigma_e^2$  and  $\sigma_L^2$ . The phases of the signals in equations (3) and (4) carry the same communication data. It is evident that the delay time exists in the communication data between both signals as well as in the phases of the subcarriers. This delay time is introduced due to the round-trip of the beam to the target, which is the estimator to be derived in laser ranging. The echo signal and the local signal are separately converted to a standard sine waveform after waveform recovery to estimate their phases, while the correlation operation is carried out to overcome the ambiguity of the phase measurement. Finally, the distance is derived from the phase difference between both phases.",80,80,II. MODEL OF PHASE-SHIFT LASER RANGING WITH COMMUNICATION,,,hybrid,vehicular,vehicular,automotive_transportation,"The PLRC system is designed for vehicular applications, where it can be used for both sensing and communication functions.","Indoor FSO, 10m, Static",meta-llama/llama-4-scout-17b-16e-instruct,NONE,llama-3.3-70b-versatile,NONE,True
O_ISAC_051,7E,space_satellite,satellite networking,fuzzy:85.0,INDIRECT,"The text mentions 'optical satellite networks' in reference [29], which implies a connection to space satellites, although it is not the primary focus of the text.","- [29] A. Dang, ""Simultaneous acquisition and track scheme with multiple terminals based on subspace method for optical satellite networks,"" *IEEE Trans. Aerosp. Electron. Syst.*, vol. 46, no. 1, pp. 263–277, Jan. 2010.",419,419,II. MODEL OF PHASE-SHIFT LASER RANGING WITH COMMUNICATION > *A. Ranging* > B. Communication > REFERENCES,,,hybrid,vehicular,vehicular,automotive_transportation,"The PLRC system is designed for vehicular applications, where it can be used for both sensing and communication functions.","Indoor FSO, 10m, Static",meta-llama/llama-4-scout-17b-16e-instruct,INDIRECT,llama-3.3-70b-versatile,INDIRECT,True
O_ISAC_053,7E,space_satellite,satellite communication,lexical,INDIRECT,"The text mentions 'satellite communication' which is related to space satellites, but it does not directly discuss space satellites, hence it's an indirect reference.","In the course of defining new integral parts for the future communication standard of 6G [1,2], the main directions are the integration of short-range, cellular and satellite communication, new signal processing methods as well as new materials and components [3]. Besides that, one of the main advancements envisioned in the 6G era is the realization of simultaneous communication and sensing, often referred to as integrated sensing and communication (ISAC) systems [4]. ISAC systems are defined as systems that, by sharing the time, the waveforms, or the hardware, can perform the tasks of communication and sensing in parallel with only minimal performance degradation of the individual tasks [4,5]. As the utilized frequency spectra in the envisioned 6G systems are increasingly extending towards the mm (30-300 GHz) and to the THz (0,3 THz – 30 THz) wave ranges [6], also the research activities in realizing ISAC systems in these frequency ranges rose remarkably in the last years. [5] discusses the realization of such a ISAC system in the mm wave range, where the task of performing radio detection and ranging (radar) is combined with the communication of data to potential receivers. In that work, it is shown that both functionalities can be performed with the same hardware and the existing tradeoff between these two functionalities is discussed. For further details on such joint radar/communications systems, please see [7].",17,17,Integrated Sensing and Communication in the Visible Spectral Range: A Novel Closed Loop Controller > I. INTRODUCTION,,,wireless_vlc,industrial_manufacturing;robotics_autonomy,industrial_manufacturing;robotics_autonomy,automotive_transportation;smart_infrastructure,Remote sensing and control of a rotating cylinder,VLC-VLS ISAC system for remote sensing and control,meta-llama/llama-4-scout-17b-16e-instruct,INDIRECT,llama-3.3-70b-versatile,INDIRECT,True
O_ISAC_054,7E,space_satellite,space communication,fuzzy:89.47368421052632,NONE,"The text does not mention space satellites. It discusses ISAC systems, LED-based systems, and optical communication.","Shi et al. [\[27\]](#page-14-9) proposed an LED-based ISAC system architecture, considering the hardware costs and wide availability of LED. This system integrates optical communication with positioning using multiband carrierless amplitude and phase (m-CAP) modulation and received signal strength (RSS) based trilateration. Similarly, Zhang et al. [\[28\]](#page-14-10) introduced a converged underwater wireless system that combines optical communication with sensor networks. Target positioning in this system is determined by calculating cross-correlation values (CCVs) based on RSS. However, the integration of these work is presently limited to concurrent use of transmitted signals. In contrast, the framework proposed in this article goes further by establishing a synergistic relationship between optical communication and sensing. Communication offers essential illumination for sensing, while sensing provides environmental context that enhances communication performance. This dual functionality not only optimizes resource utilization but also enables innovative applications.",79,79,II. RELATED WORK,,,hybrid,indoor_positioning,indoor_positioning,indoor_environments,"The system is designed for indoor IoT applications, where the O-APs are mounted on the ceiling and the devices are equipped with PD arrays.",Indoor O-ISAC with LED-based O-APs,meta-llama/llama-4-scout-17b-16e-instruct,NONE,llama-3.3-70b-versatile,NONE,True
O_ISAC_054,7E,space_satellite,space communication,fuzzy:85.71428571428572,NONE,"The text does not mention space satellites. It discusses optical communication, phase modulation, and coherent detection.",### B. Optical Communication,126,126,II. RELATED WORK > III. PROBLEM FORMULATION > B. Optical Communication,,,hybrid,indoor_positioning,indoor_positioning,indoor_environments,"The system is designed for indoor IoT applications, where the O-APs are mounted on the ceiling and the devices are equipped with PD arrays.",Indoor O-ISAC with LED-based O-APs,meta-llama/llama-4-scout-17b-16e-instruct,NONE,llama-3.3-70b-versatile,NONE,True
O_ISAC_054,7E,space_satellite,space communication,fuzzy:85.71428571428572,NONE,"The text does not mention space satellites. It discusses optical sensing, optical communication, and pinhole cameras.","# <span id=""page-6-2""></span>IV. SYNERGIES BETWEEN OPTICAL SENSING AND OPTICAL COMMUNICATION",297,297,"<span id=""page-6-2""></span>IV. SYNERGIES BETWEEN OPTICAL SENSING AND OPTICAL COMMUNICATION",,,hybrid,indoor_positioning,indoor_positioning,indoor_environments,"The system is designed for indoor IoT applications, where the O-APs are mounted on the ceiling and the devices are equipped with PD arrays.",Indoor O-ISAC with LED-based O-APs,meta-llama/llama-4-scout-17b-16e-instruct,NONE,llama-3.3-70b-versatile,NONE,True
O_ISAC_054,7E,space_satellite,space communication,fuzzy:89.47368421052632,NONE,"The text does not mention space satellites. It discusses optical beamforming, O-ISAC, and light intensity.","<span id=""page-9-0""></span>In the first phase of O-ISAC, the O-APs broadcast control messages to all devices and sense the devices' state with the reflected light. Building on the analysis presented in Section IV, we recognize the pivotal role of superimposed light intensity on the target, or the equivalent channel gain (24), in enhancing system reliability. Consequently, during Phase 2, to enhance communication and sensing performance, we position all O-APs to directly face the target device—moving away from their initial vertical alignment—and employ a TDMA strategy for device service. However, despite these adjustments, the signal's intensity received by the device remains constrained due to the inherent divergence of directionless light. In RF communication, an efficient scheme to address such a problem is beamforming, which uses antenna arrays to direct the signal toward specific angles. In optical communication, however, beamforming cannot be realized due to the uncontrollable phase of light.",549,549,"A. Synergies Between Optical Sensing and Optical Communication and Two-Phase Operation Mechanism > <span id=""page-7-0""></span>B. Source Layout Optimization > V. OPTICAL BEAMFORMING",,,hybrid,indoor_positioning,indoor_positioning,indoor_environments,"The system is designed for indoor IoT applications, where the O-APs are mounted on the ceiling and the devices are equipped with PD arrays.",Indoor O-ISAC with LED-based O-APs,meta-llama/llama-4-scout-17b-16e-instruct,NONE,llama-3.3-70b-versatile,NONE,True
O_ISAC_055,7E,space_satellite,,json,DIRECT,Structured study-level application domain mapping,Free space optical communication and sensing for vehicular networks,,,,study_level.application.application_domain,vehicular,wireless_fso,vehicular,vehicular,automotive_transportation;space_satellite,Free space optical communication and sensing for vehicular networks,"Outdoor FSO, 200m, LoS",json,DIRECT,,,False
O_ISAC_056,7E,space_satellite,space communication,fuzzy:89.47368421052632,NONE,"The text does not mention space satellites, it discusses integrated sensing and communication technologies, specifically optical ISAC, in the context of intelligent transportation systems and smart cities.","Future wireless networks are integrating advanced sensing and communication (S&C) technologies, which are critical for applications such as intelligent transportation systems and smart cities. integrated sensing and communication (ISAC) systems reflect this synergy, where communication and sensing functionalities share hardware, spectrum, and signaling resources [1], [2]. Optical ISAC (O-ISAC) is a promising alternative to radio frequency (RF) ISAC, especially in free space optical (FSO) systems, which leverage the large bandwidth of optical signals for high-speed communication and high-resolution sensing [3]. In transportation, O-ISAC provides low latency, high data rates, and access to unlicensed spectrum, significantly improving vehicle-to-everything (V2X) communication, traffic safety [4], and disaster management [5]. Unlike RF, O-ISAC experiences minimal interference in dense traffic due to laser beam directivity, reducing self-interference and enhancing security via line-of-sight (LoS) links [4]. FSO is especially promising for V2X [4], where straight-line vehicle movement simplifies angle of arrival (AoA) assumptions. Vehicles can also use Light Detection and Ranging (LiDAR) to gather state info, reducing direct communication (sensing-assisted",15,15,I. INTRODUCTION,,,cabled_fibre,indoor_positioning,indoor_positioning,indoor_environments,The system is designed for indoor positioning and sensing applications.,Indoor Positioning,meta-llama/llama-4-scout-17b-16e-instruct,NONE,llama-3.3-70b-versatile,NONE,True
O_ISAC_057,7E,space_satellite,space communication,fuzzy:85.71428571428572,NONE,"The text discusses a photonic mm-wave joint radar and communication system, but does not mention space satellites.","We have proposed and experimentally demonstrated a novel 60GHz photonic mm-wave joint radar and communication system. With the benefits of photonic techniques, the mm-wave radar signal with a 9-GHz bandwidth is experimentally generated to realize a range detection resolution of 1.8-cm resolution. Moreover, simultaneous transmission of 1-Gbits/s OOK communication signal is demonstrated. Our proposal can provide an enabling solution for the joint radar-communication applications requiring super-resolution radar detection and high-capacity wireless communication.",96,96,60-GHz photonic millimeter-wave joint radarcommunication system > IV. CONCLUSION,,,hybrid,vehicular;industrial_manufacturing,vehicular;industrial_manufacturing,automotive_transportation;smart_infrastructure,High-resolution radar detection and high-capacity wireless communication for unmanned aerial vehicles and autonomous vehicles,60-GHz mm-wave joint radar-communication system,meta-llama/llama-4-scout-17b-16e-instruct,NONE,llama-3.3-70b-versatile,NONE,True
O_ISAC_057,7E,space_satellite,space communication,fuzzy:89.47368421052632,NONE,"The text provides references to research papers on integrated communication and radar systems, but does not mention space satellites.","- [7]. S. Jia, X. Yu, S. Wang, K. Liu, X. Pang, H. Zhang, X. Jin, S. Zheng, H. Chi, and X. Zhang, ""A Unified System With Integrated Generation of High-Speed Communication and High-Resolution Sensing Signals Based on THz Photonics,"" *J. Lightwave Technol.*, vol. 36, no. 19, pp. 4549-4556, October, 2018.",110,110,60-GHz photonic millimeter-wave joint radarcommunication system > REFERENCES,,,hybrid,vehicular;industrial_manufacturing,vehicular;industrial_manufacturing,automotive_transportation;smart_infrastructure,High-resolution radar detection and high-capacity wireless communication for unmanned aerial vehicles and autonomous vehicles,60-GHz mm-wave joint radar-communication system,meta-llama/llama-4-scout-17b-16e-instruct,NONE,llama-3.3-70b-versatile,NONE,True
O_ISAC_058,7E,space_satellite,satellite communication,lexical,INDIRECT,"The text mentions the Shanghai Engineering Research Center of Low-Earth-Orbit Satellite Communication and Applications, which implies a connection to space satellites, but does not directly discuss them.","The authors are with the Key Laboratory for Information Science of Electromagnetic Waves, Ministry of Education, Department of Communication Science and Engineering, the Shanghai Engineering Research Center of Low-Earth-Orbit Satellite Communication and Applications, and the Shanghai Collaborative Innovation Center of Low-Earth-Orbit Satellite Communication Technology, Fudan University, Shanghai 200433, China (e-mail: bydong21@m.fudan.edu.cn; jljia20@fudan.edu.cn; zhongyali20@fudan.edu.cn; 19210720066@fudan.edu.cn; jy\_shi@fudan.edu.cn; hpwang@fudan.edu.cn; nanchi@fudan.edu.cn; junwenzhang@fudan.edu.cn).",15,15,Photonic-Based Flexible Integrated Sensing and Communication With Multiple Targets Detection Capability for *W*-Band Fiber-Wireless Network,,,hybrid,vehicular,vehicular,automotive_transportation,"The system is designed for vehicular applications, such as smart transportation systems and autonomous vehicles.",W-band fiber-wireless network,meta-llama/llama-4-scout-17b-16e-instruct,INDIRECT,llama-3.3-70b-versatile,INDIRECT,True
O_ISAC_058,7E,space_satellite,space communication,fuzzy:89.47368421052632,NONE,There is no mention of space satellites in this snippet.,"- <span id=""page-13-24""></span>[\[25\]](#page-1-19) S. Jia et al., ""A unified system with integrated generation of highspeed communication and high-resolution sensing signals based on THz photonics,"" *J. Lightw. Technol.*, vol. 36, no. 19, pp. 4549–4556, Oct. 1, 2018.",523,523,VI. CONCLUSION > REFERENCES,,,hybrid,vehicular,vehicular,automotive_transportation,"The system is designed for vehicular applications, such as smart transportation systems and autonomous vehicles.",W-band fiber-wireless network,meta-llama/llama-4-scout-17b-16e-instruct,NONE,llama-3.3-70b-versatile,NONE,True
O_ISAC_058,7E,space_satellite,space communication,fuzzy:89.47368421052632,NONE,There is no mention of space satellites in this snippet.,"- <span id=""page-13-27""></span>[\[28\]](#page-1-22) Y. Wang et al., ""Photonics-assisted joint high-speed communication and high-resolution radar detection system,"" *Opt. Lett.*, vol. 46, no. 24, p. 6103, Dec. 2021.",526,526,VI. CONCLUSION > REFERENCES,,,hybrid,vehicular,vehicular,automotive_transportation,"The system is designed for vehicular applications, such as smart transportation systems and autonomous vehicles.",W-band fiber-wireless network,meta-llama/llama-4-scout-17b-16e-instruct,NONE,llama-3.3-70b-versatile,NONE,True
O_ISAC_058,7E,space_satellite,space communication,fuzzy:89.47368421052632,NONE,There is no mention of space satellites in this snippet.,"- <span id=""page-13-29""></span>[\[30\]](#page-1-24) Y. Wang et al., ""Integrated high-resolution radar and long-distance communication based-on photonic in terahertz band,"" *J. Lightw. Technol.*, vol. 40, no. 9, pp. 2731–2738, May 1, 2022.",528,528,VI. CONCLUSION > REFERENCES,,,hybrid,vehicular,vehicular,automotive_transportation,"The system is designed for vehicular applications, such as smart transportation systems and autonomous vehicles.",W-band fiber-wireless network,meta-llama/llama-4-scout-17b-16e-instruct,NONE,llama-3.3-70b-versatile,NONE,True
O_ISAC_059,7E,space_satellite,satellite networking,fuzzy:85.0,INDIRECT,"The text mentions non-terrestrial networks, which include space satellites, but does not directly discuss space satellites.","- [4] A. U. Chaudhry and H. Yanikomeroglu, ""Free space optics for nextgeneration satellite networks,"" IEEE Consumer Electronics Magazine, vol. 10, n. 6, pp. 21- 31, 2021",133,133,IV. TN-NTN ARCHITECTURES > ACKNOWLEDGMENT > REFERENCES,,,hybrid,vehicular;industrial_manufacturing;space_sustainability,vehicular;industrial_manufacturing;aerospace_space,automotive_transportation;smart_infrastructure;space_satellite,Integrated Sensing and Communication for 6G networks,ISAC for 6G networks,meta-llama/llama-4-scout-17b-16e-instruct,INDIRECT,llama-3.3-70b-versatile,INDIRECT,True
O_ISAC_059,7E,space_satellite,satellite communication,lexical,INDIRECT,"The text mentions satellite communications, but the primary focus is on integrated sensing and communication, with satellite communications being one aspect of the broader topic.","- [8] M. De Sanctis, E. Cianca, G. Araniti, I. Bisio and R. Prasad, ""Satellite Communications Supporting Internet of Remote Things,"" IEEE Internet of Things J., vol. 3, no. 1, pp. 113-123, Feb. 2016",139,139,IV. TN-NTN ARCHITECTURES > ACKNOWLEDGMENT > REFERENCES,,,hybrid,vehicular;industrial_manufacturing;space_sustainability,vehicular;industrial_manufacturing;aerospace_space,automotive_transportation;smart_infrastructure;space_satellite,Integrated Sensing and Communication for 6G networks,ISAC for 6G networks,meta-llama/llama-4-scout-17b-16e-instruct,INDIRECT,llama-3.3-70b-versatile,INDIRECT,True
O_ISAC_059,7E,space_satellite,,json,DIRECT,Structured study-level application domain mapping,Integrated Sensing and Communication for 6G networks,,,,study_level.application.application_domain,vehicular;industrial_manufacturing;space_sustainability,hybrid,vehicular;industrial_manufacturing;space_sustainability,vehicular;industrial_manufacturing;aerospace_space,automotive_transportation;smart_infrastructure;space_satellite,Integrated Sensing and Communication for 6G networks,ISAC for 6G networks,json,DIRECT,,,False
O_ISAC_060,7E,space_satellite,space communication,fuzzy:89.47368421052632,NONE,"The snippet discusses radio frequency, spread spectrum, and phase modulation in the context of signal transmission and reception, but does not mention space satellites directly or indirectly.","However, radio frequency (RF) has limited available bandwidth and may cause significant broadcast problem since the RF signal is usually transmitted in all directions. Furthermore, the RF ranging method cannot provide high lateral resolution because of its wide beamwidth, which can result in location ambiguity [7]. The optical frequency band has the significant advantages of large bandwidth, no electromagnetic interference and high energy efficiency, which can effectively make up for the shortage of RF. As a result, it has been widely used in independent LiDAR imaging [8] and atmospheric laser communication [9]. At present, the research of ISAC with optical wireless (ISAC-OW) has been developed vigorously, which provides an effective solution for high-precision sensing and high-speed communication. In [10], the DSSS technology was employed to achieve the integrated LiDAR of ranging and communication. However, the working mode of the bidirectional communication system is complicated, and the use of light emitting diode (LED) limits the transmission distance. In [11], an integrated LiDAR of ranging and communication based on pseudorandom code",45,45,A Unified Waveform for Optical Wireless Integrated Sensing and Communication > I. INTRODUCTION,,,wireless_fso,vehicular;industrial_manufacturing,vehicular;industrial_manufacturing,automotive_transportation;smart_infrastructure,Autonomous vehicles,"Outdoor FSO, 100m, Weak Turbulence",meta-llama/llama-4-scout-17b-16e-instruct,NONE,llama-3.3-70b-versatile,NONE,True
O_ISAC_061,7E,space_satellite,space communication,fuzzy:89.47368421052632,NONE,"The text discusses 6G mobile communication systems, communication and sensing systems, and optical wireless ISAC, but does not mention space satellites directly.","<span id=""page-0-3""></span><span id=""page-0-2""></span><span id=""page-0-1""></span><span id=""page-0-0""></span>(6G) mobile communication system, has garnered significant attention from academia and industry in recent years [\[1\].](#page-13-0) As communication and sensing (C&S) systems march from separation to integration, similar trends can be observed during their evolution [\[2\].](#page-13-1) One is the escalating adoption of higher carrier frequencies to broaden available bandwidth, sparking particular interest in millimeter-wave and terahertz ISAC domains [\[3\].](#page-14-0) On the other hand, the expanded antenna arrays of C&S systems allow for more degrees of freedom (DoF) and superior reliability in beamforming [\[4\].](#page-14-1) While the radio-frequency (RF)-ISAC continues to accelerate, the emergence of optical wireless (OW)-ISAC stands out as a promising alternative. Leveraging the expansive unlicensed bandwidth and short wavelengths of the optical spectrum, OW-ISAC provides the ability to deliver Gbps-class communication and precise sensing capabilities down to the centimeter level [\[5\].](#page-14-2) With its blend of high-speed communication and highprecision sensing, OW-ISAC is anticipated to complement and augment its RF counterpart.",29,29,I. INTRODUCTION,,,hybrid,vehicular,vehicular,automotive_transportation,The system is designed for intelligent transportation systems (ITS) and can be used for simultaneous communication and sensing in vehicular environments.,"Outdoor FSO, 500m, Fog",meta-llama/llama-4-scout-17b-16e-instruct,NONE,llama-3.3-70b-versatile,NONE,True
O_ISAC_061,7E,space_satellite,space communication,fuzzy:88.23529411764706,NONE,"The text discusses optimal beampattern and C&S tradeoff, light-field SINR threshold, and power density in the angle domain, but does not mention space satellites directly.","Fig. [6](#page-10-3) displays the optimal beampattern and PD orientations with respect to (w.r.t.) different sensing rounds, which is achieved by solving the joint optimization problem (P0) in PEP formulation with a light-field SINR threshold of Γ = 20 dB. Since the beampattern is calculated on grid, the light field intensity is normalized by the angle resolution, yielding the power density in the angle domain. As shown in Fig. [6,](#page-10-3) the sensing sub-system operates in a scanning manner and steers N<sup>r</sup> probing lobes to desired angle grids. Meanwhile, the FOV of each PD only contains a single probing lobe through all rounds, which alleviates the interference from other grating lobes during the imaging. Additionally, the OPA should also transmit optical power to θa,<sup>1</sup> = 0.43 × 10<sup>−</sup><sup>2</sup> π and θa,<sup>2</sup> = 7.34 × 10<sup>−</sup><sup>2</sup> π to guarantee the communication",630,630,*A. Convergence of BCD Algorithm* > *B. Optimal Beampattern and C&S Tradeoff*,,,hybrid,vehicular,vehicular,automotive_transportation,The system is designed for intelligent transportation systems (ITS) and can be used for simultaneous communication and sensing in vehicular environments.,"Outdoor FSO, 500m, Fog",meta-llama/llama-4-scout-17b-16e-instruct,NONE,llama-3.3-70b-versatile,NONE,True
O_ISAC_065,7E,space_satellite,space communication,fuzzy:89.47368421052632,NONE,"The provided snippet does not mention space satellites directly or indirectly. It discusses various research papers related to terahertz band communication, radar systems, and 6G wireless communication, but does not reference space satellites.","- [5] Y.Wang et al., ""Integrated high-resolution radar and long-distance communication based-on photonic in terahertz band,"" *J. Lightw. Technol.*, vol. 40, no. 9, pp. 2731–2738, May 2022, doi: [10.1109/JLT.2022.3143849.](https://dx.doi.org/10.1109/JLT.2022.3143849)",271,271,*D. Radar Images* > REFERENCES,,,hybrid,industrial_manufacturing,industrial_manufacturing,smart_infrastructure,The system is designed for integrated sensing and communication applications in industrial manufacturing environments.,Terahertz-over-fiber system with OCDM waveform,meta-llama/llama-4-scout-17b-16e-instruct,NONE,llama-3.3-70b-versatile,NONE,True
O_ISAC_068,7E,space_satellite,space communication,fuzzy:89.47368421052632,INDIRECT,"The concept of space_satellite is related to the mention of 'satellite' in the context, specifically referencing the Global Positioning System (GPS), which is a satellite-based system.","Joint Communication and Sensing (JCS), also known as Integrated Sensing And Communication (ISAC), Sensing-Communication Integration (SCI) or Cooperative Sensing and Communication (CSC) is a key aspect within the broader context of the 6G concept. Such an integration holds significant promise for enabling smart applications that demand advanced communication capabilities and accurate and precise sensing functionalities [1]-[3]. In this manuscript, we explore the convergence of communication and sensing systems, with a focus on JCS.",19,19,Joint Communication and Sensing Prospects: Potential Through Visible Light > I. INTRODUCTION,,,hybrid,industrial_manufacturing,industrial_manufacturing,smart_infrastructure,"The paper discusses the potential of JCS systems in various applications, including industrial IoT, robotics, and smart environments.",Indoor JCS system,meta-llama/llama-4-scout-17b-16e-instruct,INDIRECT,llama-3.3-70b-versatile,INDIRECT,True
O_ISAC_068,7E,space_satellite,space communication,fuzzy:89.47368421052632,NONE,There is no mention or relation to space_satellite in the given context.,"Another application is in the field of smart surfaces or IRSs, where materials are engineered to manipulate RF signals for enhanced communication performance as mentioned earlier. By controlling the phase and amplitude of reflected RF waves, these surfaces can optimize signal strength, mitigate interference, and improve coverage in wireless communication systems. Materials with tailored backscatter properties are essential components of IRS, enabling dynamic control of the RF environment to adapt to changing communication requirements [26].",67,67,*A. Sender Approaches* > *D. IRS Approaches aided Backscatter Communication*,,,hybrid,industrial_manufacturing,industrial_manufacturing,smart_infrastructure,"The paper discusses the potential of JCS systems in various applications, including industrial IoT, robotics, and smart environments.",Indoor JCS system,meta-llama/llama-4-scout-17b-16e-instruct,NONE,llama-3.3-70b-versatile,NONE,True
O_ISAC_068,7E,space_satellite,space communication,fuzzy:89.47368421052632,NONE,There is no mention or relation to space_satellite in the given context.,"[49] introduced a visible light communication and sensing system employing Binary Phase-Shift Keying (BPSK) modulation during the active part (ON-Time) of strobing light. Expanding upon this, the authors explored Dark Light Communication (DLC or darkVLC), utilizing the same LEDs for communication during the OFF Time of strobing light. The high switching frequency of LEDs enables DLC, operating at very high sample rates, imperceptible to the human eye. DLC filtered out by the low Frames Per Second (FPS) camera during sensing, forms the foundation for darkVLC in the VLCS system. This dual-use of ON- and OFF-time significantly enhances communication throughput, rendering the system applicable for industrial IoT applications.",151,151,*C. VL Comparison to RF Approaches* > *D. VL Approaches applications*,,,hybrid,industrial_manufacturing,industrial_manufacturing,smart_infrastructure,"The paper discusses the potential of JCS systems in various applications, including industrial IoT, robotics, and smart environments.",Indoor JCS system,meta-llama/llama-4-scout-17b-16e-instruct,NONE,llama-3.3-70b-versatile,NONE,True
O_ISAC_070,7E,space_satellite,space communication,fuzzy:89.47368421052632,INDIRECT,"The text mentions 'integrated sensing and communications' and 'Terahertzband integrated sensing and communications', which is related to space satellites, but does not directly mention space satellites.","- <span id=""page-8-15""></span>[17]S. Jia et al., ""A unified system with integrated generation of high-speed communication and high-resolution sensing signals based on THz photonics,"" *J. Lightw. Technol*., vol. 36, no. 19, pp. 4549-4556, Oct. 2018.",247,247,REFERENCES,,,hybrid,6g_networks,6g_networks,,Photonic THz-ISAC systems for high-speed data transmission and accurate sensing capabilities,Photonic THz-ISAC system with integrated waveform,meta-llama/llama-4-scout-17b-16e-instruct,INDIRECT,llama-3.3-70b-versatile,INDIRECT,True
O_ISAC_070,7E,space_satellite,space communication,fuzzy:89.47368421052632,INDIRECT,"The text mentions 'photonics-based W-band distributed integrated sensing and communication system for 6G', which could be related to space satellites, but does not directly mention space satellites.","- <span id=""page-8-16""></span>[18]Y. Wang et al., ""Photonics-assisted joint high-speed communication and high-resolution radar detection system,"" *Opt. Lett*., vol. 46, no. 24, pp. 6103-6106, Dec. 2021.",248,248,REFERENCES,,,hybrid,6g_networks,6g_networks,,Photonic THz-ISAC systems for high-speed data transmission and accurate sensing capabilities,Photonic THz-ISAC system with integrated waveform,meta-llama/llama-4-scout-17b-16e-instruct,INDIRECT,llama-3.3-70b-versatile,INDIRECT,True
O_ISAC_073,7E,space_satellite,space communication,fuzzy:89.47368421052632,NONE,"The provided snippet does not mention space satellites or any related concepts, focusing instead on microwave transmission, 6G, optical communication, and telecommunications, with no direct or indirect connection to space satellites.","- [20] Haffner, Christian, et al. ""All-plasmonic Mach–Zehnder modulator enabling optical high-speed communication at the microscale."" Nature Photonics 9.8 (2015): 525-528.",194,194,Clock and Carrier Synchronization Using Optical Frequency Combs in Radio Access Networks > IV. EXPERIMENT > V. CONCLUSION > REFERENCES,,,hybrid,6g_networks;industrial_iot;autonomous_vehicles,6g_networks;industrial_manufacturing;autonomous_vehicles,automotive_transportation;smart_infrastructure,Clock and carrier synchronization in wireless communication systems,Clock and carrier synchronization using optical frequency combs,meta-llama/llama-4-scout-17b-16e-instruct,NONE,llama-3.3-70b-versatile,NONE,True
O_ISAC_074,7E,space_satellite,space communication,fuzzy:89.47368421052632,NONE,"The provided snippets do not mention space satellites directly. They discuss topics such as optical communications, fiber optical sensing, and seismic sensing, but do not relate these concepts to space satellites.","- [3] M. F. Huang, P. Ji, T. Wang, Y. Aono, M. Salemi, Y. Chen, J. Zhao, T. J. Xia, G. A. Wellbrock, Y.-K. Huang, G. Milione, and E. Ip, ""First field trial of distributed fiber optical sensing and high-speed communication over an operational telecom network,"" J. Lightwave Technol. vol. 38, no. 1, pp. 75–81, 2020.",70,70,Endogenous ISAC Enabled Interference Fading Free Sensing via Telecom Training Sequence > IV. CONCLUSIONS > **REFERENCES**,,,cabled_fibre,industrial_manufacturing;fibre_network_monitoring,industrial_manufacturing;fibre_network_monitoring,smart_infrastructure,Distributed acoustic sensing for fibre network monitoring,50GBaud 16-QAM transmission with vibration sensing,meta-llama/llama-4-scout-17b-16e-instruct,NONE,llama-3.3-70b-versatile,NONE,True
O_ISAC_075,7E,space_satellite,space communication,fuzzy:88.23529411764706,NONE,"The text discusses communication bit error rate, power allocation ratio, and constellations, but does not mention space satellites directly or indirectly.","Figs. 7(a) and (b) show the ranging RMSE and BER versus  $\beta$  with PPC degrees of n=4 and 8, respectively, at a distance of 72 cm. As we can see, with the increase of  $\beta$  from 0 to 5, the ranging RMSE is gradually decreased while the communication",109,109,"Flexible Waveform Design for RO-ISAC Based on OFDM-Embedded Maximum Length Sequence > <span id=""page-0-0""></span>I. Introduction > II. PRINCIPLE > III. RESULTS AND DISCUSSION",,,retroreflective_optical,indoor_positioning,indoor_positioning,indoor_environments,RO-ISAC system using OFDM-MLS waveform for communication and sensing,RO-ISAC system using OFDM-MLS waveform,meta-llama/llama-4-scout-17b-16e-instruct,NONE,llama-3.3-70b-versatile,NONE,True
O_ISAC_078,7E,space_satellite,satellite transmission,fuzzy:86.36363636363636,NONE,"The text does not mention space satellites or any related concepts, focusing instead on experimental setup for signal transmission and processing.","The experimental setup is illustrated in Fig. 2. At the transmitter side, the Mersenne Twister generator is first employed to generate pseudo-random bit sequence (PRBS), in order to avoid the trap of BER performance over-estimation [30], when NNs are employed as nonlinear equalizers. After the bit-to-symbol mapping and up-sampling to 2 samples per symbol (Sps), the 100 Gb/s PAM-4 signals for each lane are then pulse-shaped by a root-raised cosine (RRC) filter with a roll-off factor of 0.01, followed by resampling to match with the sampling rate of the arbitrary waveform generator (AWG). Meanwhile, clipping is used to reduce the peak-to-average power ratio (PAPR). Thereafter, the signal is loaded into the AWG with a 3-dB bandwidth of 45 GHz and a sampling rate of 120 GSa/s, for the purpose of digital-to-analog-conversion. The generated electrical signals are then amplified by electrical amplifiers (EAs) and introduced to four DMLs (S-HSLD-0818-S01) with central wavelength at 1300.6 nm, 1305.1 nm, 1304 nm, and 1297.2 nm, respectively. The measured frequency responses of four DMLs are shown in the inset (i) of Fig. 2, with the average 10-dB bandwidth of 20.2 GHz, and the bias current is set to 172 mA with the temperature control of 24.8 °C. The optical outputs of four DMLs are wavelength-division multiplexed and launched into the SSMF. After transmission over 10 km SSMF with the attenuation of 0.35 dB/km at the O-band and wavelength divison demultiplexed at the reciever-side, variable optical attenuators (VOAs) are utilized to adjust the received optical power (ROP) for each lane. Meanwhile, since four photodiodes (PDs) without transimpedance amplifiers (TIAs) are used, an O-band SOA is utilized to compensate the transmission loss from both the SSMF and optical components. Next, after optical-to-electrical conversion by four PDs, the received electrical signals for each wavelength lane are digitized by a real-time sampling oscilloscope (RTO) with a sampling rate of 80 GSa/s. As for the receiver-side DSP, the signal of each lane is first resampled to 2 Sps. After the matched RRC filtering and timing recovery, the signals are down-sampled to 1 Sps. For the ease of performance comparison, six kinds of equalizers, including FFE, DFE, VNLE, FNN, AR-RNN and",85,85,O-Band DML Enabled 4×100G Short-Reach Photonic Interconnections With Weighted Decision Aided Recurrent Neural Network > II. PRINCIPLE OF WD-RNN EQUALIZER > III. EXPERIMENTAL SETUP,,,cabled_fibre,optical_interconnects,optical_interconnects,,O-band DML enabled 4×100G short-reach photonic interconnections,O-band DML enabled 4×100G short-reach photonic interconnections,meta-llama/llama-4-scout-17b-16e-instruct,NONE,llama-3.3-70b-versatile,NONE,True
O_ISAC_080,7E,space_satellite,space communication,fuzzy:89.47368421052632,NONE,The text does not mention space satellites. It discusses signal processing and optical communication systems.,"where  $A_s$  and  $A_c$  denote the amplitude of the sensing probe and telecom payload, respectively. The dependence of SOP rotation estimation performance on the SCPR is illustrated in Fig. 4(a). For reference, the benchmark SOP is obtained using the converged weight coefficients of MIMO finite impulse response (FIR) filter of a non-NOMA communication signal. It can be observed that root mean square error (RMSE) improves from  $7.8 \times 10^{-2}$  to  $5.3 \times 10^{-3}$  as the SCPR increases. This performance enhancement is attributed to a more pronounced convergence peak emerging in fraction domain. Fig. 4(b) to (e) depict the estimated SOPs corresponding to SCPR ranging from -26 dB to -18 dB. On the Poincaré sphere representations, yellow circles correspond to the reference SOP, while green triangles represent the measured SOPs obtained via the sensing probe. It is important to note that the Stokes vectors originate from the SOP rotation facilitated by FD-NOMA and the phase retarders which are determined using the converged values of MIMO coefficients. Figs. 4(b) to (e) reveals that higher SCPR levels correlate with a reduction in the average deviation between estimated SOP and reference SOP, which means that higher SCPR values yield enhanced estimation performance. However, excessively high SCPR detrimentally impacts communication signal quality. Consequently, it is imperative to investigate the impact of SCPR on telecom payload and achieve the trade-off between sensing and communication performance. Fig. 5(a) illustrates",136,136,B. Principle of In-band Spectrum Polarization sensing To enable polarization-based sensing without > III. EXPERIMENT SETUP > IV. EXPERIMENTAL RESULTS AND DISCUSSIONS,,,cabled_fibre,industrial_manufacturing,industrial_manufacturing,smart_infrastructure,Vibration sensing in industrial environments,Vibration sensing in industrial environments,meta-llama/llama-4-scout-17b-16e-instruct,NONE,llama-3.3-70b-versatile,NONE,True
O_ISAC_080,7E,space_satellite,space communication,fuzzy:89.47368421052632,NONE,The text does not mention space satellites. It provides a list of references related to optical communication systems and networks.,"- [9] M. F. Huang, P. Ji, T. Wang, Y. Aono, M. Salemi, Y. Chen, J. Zhao, T. J. Xia, G. A. Wellbrock, Y.-K. Huang, G. Milione, and E. Ip. First field trial of distributed fiber optical sensing and high-speed communication over an operational telecom network, *J. Lightwave Technol.,* vol. 38, no. 1, pp. 75–81, 2020.",225,225,REFERENCES,,,cabled_fibre,industrial_manufacturing,industrial_manufacturing,smart_infrastructure,Vibration sensing in industrial environments,Vibration sensing in industrial environments,meta-llama/llama-4-scout-17b-16e-instruct,NONE,llama-3.3-70b-versatile,NONE,True
O_ISAC_082,7E,space_satellite,space communication,fuzzy:89.47368421052632,NONE,"The provided snippet does not mention space satellites or any related concepts, focusing instead on applications like autonomous driving, low-altitude airspace management, and the use of photonic technologies for enhanced communication and sensing.","<span id=""page-0-15""></span>To better support these diverse use cases, ISAC systems often rely on broadband millimeter-wave (MMW) or terahertz (THz) frequencies, providing both enhanced communication capacity and sensing resolution. However, purely electronic implementations of such broadband systems face inherent limitations, including restricted bandwidth, high complexity, and degraded signal quality [17]. Photonic technologies offer a compelling alternative, enabling ultrahigh-capacity, high-resolution MMW/THz ISAC systems with their wide bandwidth, low frequency-dependent losses, and flat frequency response [18].",27,27,"Signal-Signal Beating Interference: From Destructive to Constructive for Photonic THz Integrated Sensing and Communication System Using Self-Coherent OFDM > <span id=""page-0-8""></span><span id=""page-0-7""></span><span id=""page-0-4""></span><span id=""page-0-2""></span><span id=""page-0-1""></span>I. Introduction",,,hybrid,6g,6g_networks,,"The proposed system is designed for 6G applications, including high-speed data transmission and advanced sensing functions.",THz ISAC system with self-coherent OFDM,meta-llama/llama-4-scout-17b-16e-instruct,NONE,llama-3.3-70b-versatile,NONE,True
O_ISAC_083,7E,space_satellite,,json,DIRECT,Structured study-level application domain mapping,Confluent edge networks for 6G,,,,study_level.application.application_domain,vehicular;industrial_manufacturing;indoor_positioning;environmental_monitoring;critical_infrastructure;fibre_network_monitoring;robotics_autonomy;aerospace_space;uav_aerial;maritime_underwater;security_surveillance;6g_networks,hybrid,vehicular;industrial_manufacturing;indoor_positioning;environmental_monitoring;critical_infrastructure;fibre_network_monitoring;robotics_autonomy;aerospace_space;uav_aerial;maritime_underwater;security_surveillance;6g_networks,vehicular;industrial_manufacturing;indoor_positioning;environmental_monitoring;critical_infrastructure;fibre_network_monitoring;robotics_autonomy;aerospace_space;uav_aerial;maritime_underwater;security_surveillance;6g_networks,automotive_transportation;indoor_environments;smart_infrastructure;space_satellite;underwater_harsh,Confluent edge networks for 6G,Confluent mesh networking,json,DIRECT,,,False
O_ISAC_085,7E,space_satellite,satellite communication systems,fuzzy:85.71428571428572,NONE,"The snippet does not mention space satellites or any related concepts, it appears to be a list of authors and their affiliations for a research paper.",# Flexible Vibration Sensing Using Kalman Smoother Integrated in ECL-Based Communication Systems,5,5,Flexible Vibration Sensing Using Kalman Smoother Integrated in ECL-Based Communication Systems,,,cabled_fibre,industrial_manufacturing,industrial_manufacturing,smart_infrastructure,Vibration sensing in optical communication networks,Vibration sensing using KS-based scheme,meta-llama/llama-4-scout-17b-16e-instruct,NONE,llama-3.3-70b-versatile,NONE,True
O_ISAC_086,7E,space_satellite,space communication,fuzzy:89.47368421052632,NONE,"The provided snippet does not mention space satellites directly. It discusses photonics-based integrated communication and radar systems, which could be related to various applications, but does not specifically reference space satellites.","- [22] Y.Wang et al., ""Integrated high-resolution radar and long-distance communication based-on photonic in terahertz band,"" *J. Lightw. Technol.*, vol. 40, no. 9, pp. 2731–2738, 2022.",276,276,REFERENCES,,,hybrid,vehicular,vehicular,automotive_transportation,The proposed system is designed for multiband integrated sensing and communication applications in future 6G wireless networks.,Multiband ISAC system with Ka-band and V-band wireless signals,meta-llama/llama-4-scout-17b-16e-instruct,NONE,llama-3.3-70b-versatile,NONE,True
O_ISAC_089,7E,space_satellite,satellite link,lexical,NONE,The snippet does not provide any direct or indirect information about the concept of space_satellite.,"# Free Space Optical Communication for Inter-Satellite Link: Architecture, Potentials and Trends",5,5,"Free Space Optical Communication for Inter-Satellite Link: Architecture, Potentials and Trends",,,cabled_fibre,vehicular;industrial_manufacturing;indoor_positioning;environmental_monitoring;critical_infrastructure;fibre_network_monitoring;robotics_autonomy;aerospace_space;uav_aerial;maritime_underwater;security_surveillance;6g_networks,vehicular;industrial_manufacturing;indoor_positioning;environmental_monitoring;critical_infrastructure;fibre_network_monitoring;robotics_autonomy;aerospace_space;uav_aerial;maritime_underwater;security_surveillance;6g_networks,automotive_transportation;indoor_environments;smart_infrastructure;space_satellite;underwater_harsh,Satellite communication system with laser inter-satellite links,Laser ISLs for satellite communication,meta-llama/llama-4-scout-17b-16e-instruct,NONE,llama-3.3-70b-versatile,NONE,True
O_ISAC_089,7E,space_satellite,space communication,fuzzy:89.47368421052632,DIRECT,"The snippet directly mentions 'satellite network', 'inter-satellite links (ISLs)', and 'space-borne laser terminals', which are all related to the concept of space_satellite.","The sixth-generation network is expected to achieve global coverage based on the space-airground integrated network, and the latest satellite network will play an important role in it. The introduction of inter-satellite links (ISLs) can significantly improve the throughput of the satellite network, and has recently received a lot of attention from both academia and industry. In this article, we illustrate the advantages of using the laser for ISLs due to its longer communication distance, higher data speed, and stronger security. Specifically, space-borne laser terminals — with the acquisition, pointing, and tracking mechanism, which realizes long-distance communication — are illustrated. Advanced modulation and multiplexing modes that make high communication rates possible are introduced. The security of ISLs ensured by the characteristics of both laser and the optical channel is also analyzed. Moreover, some open issues, such as advanced optical beam steering, routing and scheduling algorithm, and integrated sensing and communication are discussed to direct future research.",13,13,Abstract,,,cabled_fibre,vehicular;industrial_manufacturing;indoor_positioning;environmental_monitoring;critical_infrastructure;fibre_network_monitoring;robotics_autonomy;aerospace_space;uav_aerial;maritime_underwater;security_surveillance;6g_networks,vehicular;industrial_manufacturing;indoor_positioning;environmental_monitoring;critical_infrastructure;fibre_network_monitoring;robotics_autonomy;aerospace_space;uav_aerial;maritime_underwater;security_surveillance;6g_networks,automotive_transportation;indoor_environments;smart_infrastructure;space_satellite;underwater_harsh,Satellite communication system with laser inter-satellite links,Laser ISLs for satellite communication,meta-llama/llama-4-scout-17b-16e-instruct,INDIRECT,llama-3.3-70b-versatile,DIRECT,True
O_ISAC_089,7E,space_satellite,satellite communication,lexical,DIRECT,"The snippet directly mentions 'satellite communication', 'LEO satellites', and 'space technology', which are directly related to the concept of 'space_satellite'.","The terrestrial base stations play an important role in the current wireless network, however, limited by the economic benefits and transmission distance, it is difficult to achieve coverage of remote areas, ocean, and sky. Nevertheless, satellite communication can achieve global coverage because of the high altitude. The throughput of traditional satellite systems, such as Iridium and Globalstar, cannot compare with terrestrial communication because of their high cost, limited number, and scarce spectrum. With the development of space technology, satellite communication systems in recent years such as Starlink, Telesat, and OneWeb utilize plenty of low Earth orbit (LEO) satellites with restricted size, weight, and power (SWaP). Small satellites are easy to be substituted and multiple satellites can be launched within one rocket, which makes a large-scale constellation with thousands of satellites possible. Therefore, a constellation with a large number of satellites makes the system more robust and provides higher throughput up to Tb/s. Moreover, the throughput of Telesat with inter-satellite links (ISLs) can approach that of OneWeb with fewer than half as many satellites because the ISLs enable direct information transfer between satellites without ground stations [1], which implies that the ISLs can improve the performance of the system significantly.",17,17,Introduction,,,cabled_fibre,vehicular;industrial_manufacturing;indoor_positioning;environmental_monitoring;critical_infrastructure;fibre_network_monitoring;robotics_autonomy;aerospace_space;uav_aerial;maritime_underwater;security_surveillance;6g_networks,vehicular;industrial_manufacturing;indoor_positioning;environmental_monitoring;critical_infrastructure;fibre_network_monitoring;robotics_autonomy;aerospace_space;uav_aerial;maritime_underwater;security_surveillance;6g_networks,automotive_transportation;indoor_environments;smart_infrastructure;space_satellite;underwater_harsh,Satellite communication system with laser inter-satellite links,Laser ISLs for satellite communication,meta-llama/llama-4-scout-17b-16e-instruct,DIRECT,,,False
O_ISAC_089,7E,space_satellite,satellite communication,lexical,DIRECT,"The snippet is identical to part of idx 2 and directly mentions 'satellite communication', 'LEO satellites', which are directly related to the concept of 'space_satellite'.","Different bands can be selected for ISLs, as shown in Fig. 1. The millimeter-wave (mmWave) is well-researched and has been utilized in 5G. However, its bandwidth is insufficient for future satellite communication. Meanwhile, the beam width is positively correlated with the wavelength, and so the mmWave beam is wide, which limits the communication distance and rate. The Terahertz has huge bandwidth, which makes communication up to Tb/s possible, and in addition, the beam width is appropriate for inter-satellite communication, theoretically allowing data transmission at Gb/s rates over a distance of more than 1,000 km. However, the energy efficiency of current Terahertz devices still needs to be improved for satellites with limited SWaP. The optical band provides plenty of unlicensed spectrum. The intensity modulation direct detection (IM-DD) that is widely applied in the optical band, does not utilize the frequency and phase of the carrier to carry information, and thus the impact of the Doppler shift is small. However, the coherent modulation still requires additional processing to counteract the Doppler shift. Light-emitting diodes (LEDs) have wide applications in visible light communication with high efficiency. Nonetheless, LEDs emit diffuse and incoherent beams, and have long response times, making them inadequate for ISLs. On the contrary, lasers have good monochromaticity, high energy concentration, and strong directivity, while the response time is also short, allowing wide-band modulation. Therefore, existing terminals can transmit data over thousands of kilometers at 10 Gb/s. Solid-state lasers have high output power and high beam quality, but the disadvantages are low energy efficiency and high heat generation. Laser diodes are power efficient and easy to be integrated on a chip, but the output beam quality is not sufficiently good and needs to be collimated through an optical system. In addition, a new type of laser diode called vertical-cavity surface-emitting laser can improve the beam quality. These transmission approaches are compared in Table 1.",19,19,Introduction,,,cabled_fibre,vehicular;industrial_manufacturing;indoor_positioning;environmental_monitoring;critical_infrastructure;fibre_network_monitoring;robotics_autonomy;aerospace_space;uav_aerial;maritime_underwater;security_surveillance;6g_networks,vehicular;industrial_manufacturing;indoor_positioning;environmental_monitoring;critical_infrastructure;fibre_network_monitoring;robotics_autonomy;aerospace_space;uav_aerial;maritime_underwater;security_surveillance;6g_networks,automotive_transportation;indoor_environments;smart_infrastructure;space_satellite;underwater_harsh,Satellite communication system with laser inter-satellite links,Laser ISLs for satellite communication,meta-llama/llama-4-scout-17b-16e-instruct,DIRECT,,,False
O_ISAC_089,7E,space_satellite,satellite networking,fuzzy:90.0,DIRECT,The snippet mentions 'satellite network' which directly relates to the concept of space_satellite.,FIGURE 1. The architecture of satellite network with different types of ISLs.,27,27,Introduction,,,cabled_fibre,vehicular;industrial_manufacturing;indoor_positioning;environmental_monitoring;critical_infrastructure;fibre_network_monitoring;robotics_autonomy;aerospace_space;uav_aerial;maritime_underwater;security_surveillance;6g_networks,vehicular;industrial_manufacturing;indoor_positioning;environmental_monitoring;critical_infrastructure;fibre_network_monitoring;robotics_autonomy;aerospace_space;uav_aerial;maritime_underwater;security_surveillance;6g_networks,automotive_transportation;indoor_environments;smart_infrastructure;space_satellite;underwater_harsh,Satellite communication system with laser inter-satellite links,Laser ISLs for satellite communication,meta-llama/llama-4-scout-17b-16e-instruct,NONE,llama-3.3-70b-versatile,DIRECT,True
O_ISAC_089,7E,space_satellite,satellite link,fuzzy:85.71428571428572,DIRECT,"The context directly mentions 'satellite' and 'Starlink' which is a satellite constellation, and discusses laser ISLs (Inter-Satellite Links) in the context of satellite communication systems.","At present, laser ISLs have attracted attention and started to be applied in many systems. Starlink is testing the laser ISLs to bypass the ground stations according to its official website. Meanwhile, each satellite has four laser ISLs to connect the neighboring satellites in the same orbit plane (OP) and adjacent OPs [2]. Moreover, the European Data Relay System (EDRS) adopts geostationary orbit (GEO) satellites as relays to forward data from LEO satellites through laser LEO-GEO ISLs [3]. Furthermore, the under-construction Secure and Laser Communication Technology program and the High Throughput Optical Network [4], which utilize laser ISLs, aim to verify quantum communication and achieve ""All-Optical Networks"" over Tb/s. However, some aspects remain to be investigated. The high speed of satellites requires accurate pointing and swift tracking of space-borne transceiver terminals. Meanwhile, the range of laser ISLs is up to thousands of kilometers, and thus laser modulation and multiplexing schemes are vital. Furthermore, ensuring the security of ISLs by the characteristics of the laser and the space channels is also worth discussing.",43,43,Introduction,,,cabled_fibre,vehicular;industrial_manufacturing;indoor_positioning;environmental_monitoring;critical_infrastructure;fibre_network_monitoring;robotics_autonomy;aerospace_space;uav_aerial;maritime_underwater;security_surveillance;6g_networks,vehicular;industrial_manufacturing;indoor_positioning;environmental_monitoring;critical_infrastructure;fibre_network_monitoring;robotics_autonomy;aerospace_space;uav_aerial;maritime_underwater;security_surveillance;6g_networks,automotive_transportation;indoor_environments;smart_infrastructure;space_satellite;underwater_harsh,Satellite communication system with laser inter-satellite links,Laser ISLs for satellite communication,meta-llama/llama-4-scout-17b-16e-instruct,DIRECT,,,False
O_ISAC_089,7E,space_satellite,,json,DIRECT,Structured study-level application domain mapping,Satellite communication system with laser inter-satellite links,,,,study_level.application.application_domain,vehicular;industrial_manufacturing;indoor_positioning;environmental_monitoring;critical_infrastructure;fibre_network_monitoring;robotics_autonomy;aerospace_space;uav_aerial;maritime_underwater;security_surveillance;6g_networks,cabled_fibre,vehicular;industrial_manufacturing;indoor_positioning;environmental_monitoring;critical_infrastructure;fibre_network_monitoring;robotics_autonomy;aerospace_space;uav_aerial;maritime_underwater;security_surveillance;6g_networks,vehicular;industrial_manufacturing;indoor_positioning;environmental_monitoring;critical_infrastructure;fibre_network_monitoring;robotics_autonomy;aerospace_space;uav_aerial;maritime_underwater;security_surveillance;6g_networks,automotive_transportation;indoor_environments;smart_infrastructure;space_satellite;underwater_harsh,Satellite communication system with laser inter-satellite links,Laser ISLs for satellite communication,json,DIRECT,,,False
O_ISAC_092,7E,space_satellite,space communication,fuzzy:89.47368421052632,INDIRECT,"The text mentions 'space shuttles' which is related to space satellites, but does not directly mention 'space satellites'.","In this article, we propose an integrated waveform design scheme for communication and target detection based on visible light, which can flexibly balance communication performance and sensing performance by adjusting the parameter of the pulse amplitude modulation (PAM) waveform. First, we analyze the effects of the integrated waveform parameter on common communication and sensing metrics, including symbol error rate (SER), achievable transmission rate, miss detection probability, and Kullback-Leibler (KL) divergence. Then, based on the achievable transmission rate and KL divergence, we propose an optimization framework for the integrated waveform parameter to achieve a tradeoff between the communication performance and sensing performance under peak power constraint. Finally, we conduct JCAS experiments under short distance of 1 m and long distance of 7 m. Both numerical and experimental results validate the balance between the sensing and communication performance. To the best of our knowledge, this is the first time that the waveform design for joint communication and target detection is proposed and experimentally verified.",41,41,"PAM Waveform Design for Joint Communication and Sensing Based on Visible Light > <span id=""page-0-0""></span>I. INTRODUCTION",,,wireless_vlc,indoor_positioning,indoor_positioning,indoor_environments,The system is designed for indoor positioning and sensing applications.,Indoor positioning and sensing,meta-llama/llama-4-scout-17b-16e-instruct,INDIRECT,llama-3.3-70b-versatile,INDIRECT,True
O_ISAC_092,7E,space_satellite,space communication,fuzzy:85.71428571428572,NONE,There is no mention of space satellites or related concepts in the text.,"research involves various architectures of radio access network in 5G, especially the end-to-end network slicing. He has a rich wireless research experience, including ultra-wideband chips, interference alignment, relay networks, stochastic geometry, and public safety wireless broadband networks. His current research topics include microwave wireless communication, radio over fiber communication, and optical wireless communication.",660,660,"<span id=""page-8-5""></span>VI. CONCLUSION > REFERENCES",,,wireless_vlc,indoor_positioning,indoor_positioning,indoor_environments,The system is designed for indoor positioning and sensing applications.,Indoor positioning and sensing,meta-llama/llama-4-scout-17b-16e-instruct,NONE,llama-3.3-70b-versatile,NONE,True
O_ISAC_093,7E,space_satellite,space communication,fuzzy:89.47368421052632,NONE,The text does not mention space satellites directly or indirectly.,"- Al-enhanced M-ISAC Communication: In M-ISAC systems, AI plays a key role in optimizing resource management and improving channel prediction accuracy. Traditional methods struggle with the complexity of large-scale IoT, especially regarding multi-channel coefficients. Machine learning (ML) offers efficient precoding strategies by learning complex patterns, such as optimizing beamforming with deep neural networks to reduce interference. In channel prediction, AI models like long short-term memory networks (LSTM) and graph neural networks (GNN) provide significant advantages. LSTM captures the nonlinear temporal characteristics of fading channels and integrates multimodal data for precise time series prediction, while GNN analyzes spatial correlations and data coupling across nodes for scalable prediction in large systems. LSTM excels in time-domain modeling,",102,102,C. METHODS > 1) Signal Processing:,,,hybrid,iot,iot,smart_infrastructure,M-ISAC systems integrating multiple sensing modalities with communication components,M-ISAC system with LLMs,meta-llama/llama-4-scout-17b-16e-instruct,NONE,llama-3.3-70b-versatile,NONE,True
O_ISAC_093,7E,space_satellite,satellite communication,fuzzy:86.95652173913044,NONE,The text does not mention space satellites directly or indirectly.,"- and GNN emphasizes spatial coordination. Together, they combine high-dimensional features and scene information, supporting resource scheduling, power control, and network optimization in ISAC systems for intelligent communication and sensing integration [8].",104,104,C. METHODS > 1) Signal Processing:,,,hybrid,iot,iot,smart_infrastructure,M-ISAC systems integrating multiple sensing modalities with communication components,M-ISAC system with LLMs,meta-llama/llama-4-scout-17b-16e-instruct,NONE,llama-3.3-70b-versatile,NONE,True
O_ISAC_093,7E,space_satellite,satellite communication,lexical,INDIRECT,"The text mentions 'satellite communication' as one of the research interests of WEIWEI JIANG, which is related to space satellites.","WEIWEI JIANG (Member, IEEE) received the B.Sc. and Ph.D. degrees from the Department of Electronic Engineering, Tsinghua University, Beijing, China, in 2013 and 2018, respectively. Currently, he is an Assistant Professor with the School of Information and Communication Engineering, Beijing University of Posts and Telecommunications, and Key Laboratory of Universal Wireless Communications, Ministry of Education. His current research interests include artificial intelligence for networking and communication, satellite communication, and smart grid communication.",266,266,V. OPPORTUNITIES > BIOGRAPHIES,,,hybrid,iot,iot,smart_infrastructure,M-ISAC systems integrating multiple sensing modalities with communication components,M-ISAC system with LLMs,meta-llama/llama-4-scout-17b-16e-instruct,INDIRECT,llama-3.3-70b-versatile,INDIRECT,True
O_ISAC_094,7E,space_satellite,space communication,fuzzy:88.23529411764706,NONE,"The text does not mention space satellites directly or indirectly, it talks about UAVs, multimodal sensor integration, and remote sensing, but does not relate to space satellites.","The bandwidth limitations and dynamic characteristics of UAV communications have promoted semantic communication as an effective solution [12] [13]. In [14], it was shown that semantic communication can substantially reduce data transmission volumes while maintaining communication robustness under low SNR conditions. To enhance semantic communication reliability in remote sensing field, a guideinspired Transformer block was designed in [15] to build decoders that improve the accuracy of semantic information extraction. Furthermore, a multipath atrous module was proposed in [16] to address progressive semantic segmentation tasks, further advancing the efficiency of semantic communication",19,19,Perception-Enhanced Multitask Multimodal Semantic Communication for UAV-Assisted Integrated Sensing and Communication System > I. INTRODUCTION,,,hybrid,uav_aerial,uav_aerial,automotive_transportation,UAV-assisted ISAC system for target classification and data reconstruction,UAV-assisted ISAC system for target classification and data reconstruction,meta-llama/llama-4-scout-17b-16e-instruct,NONE,llama-3.3-70b-versatile,NONE,True
O_ISAC_095,7E,space_satellite,space communication,fuzzy:85.71428571428572,NONE,"The snippet does not mention space satellites. It discusses microwave photonics, radar sensing, and wireless communication, but does not relate to space satellites.","Index Terms—Microwave photonics, MMW, radar sensing, radio-over-fiber, wireless communication.",25,25,A Spectrum-Efficient MoF Architecture for Joint Sensing and Communication in B5G Based on Polarization Interleaving and Polarization-Insensitive Filtering,,,hybrid,vehicular,vehicular,automotive_transportation,Joint sensing and communication in B5G optical-wireless converged networks,Joint Sensing and Communication,meta-llama/llama-4-scout-17b-16e-instruct,NONE,llama-3.3-70b-versatile,NONE,True
O_ISAC_096,7E,space_satellite,space communication,fuzzy:89.47368421052632,NONE,The text does not mention space satellites.,"<span id=""page-4-12""></span>The emergence of 5G wireless communications, accompanied by research advancements over the past fifteen years [\[134\]](#page-20-3), [\[135\]](#page-20-4), has assisted the development of meticulously crafted configurations. These configurations are tailored to provide the exponentially faster communication rates of the fifth-generation (5G) and forthcoming sixth-generation (6G) technologies. To enable their applications in various fields like biosensors, medical devices, energy harvesting, light manipulation, optical communications, and nanoscale communications, these configurations need the integration of miniaturized components at the nanoscale [\[116\]](#page-20-2). In order to facilitate these advancements, it is imperative to design practical broadband antennas for both transmitters and receivers that can effectively handle these types of communications. Specifically, these modern antennas need to exhibit compact sizes, low profiles, high gains, wide bandwidths, and desirable radiation patterns. To keep pace with the rapid technological progress, nanoantennas are gaining prominence as they are primarily designed to operate within the terahertz range, enabling communication rates on the order of terabits per second. The nanoantenna serves as a crucial component responsible for the collection and absorption of electromagnetic waves with wavelengths that are proportional to its physical dimensions. By precisely tuning the size and shape of the nanoantenna, it becomes capable of effectively capturing and interacting with electromagnetic waves of specific wavelengths [\[119\]](#page-20-5). Typically, a nanoantenna comprises a ground plane, a resonant cavity, and the transmitter/receiver section, which is the antenna itself. When electromagnetic waves with a specific frequency encounter the metal surface, they initiate the generation of Surface Plasmons (SPs) at the same frequency as the incident waves. The generated Alternating Current (AC) must be converted into a Direct Current (DC) to power an external load, as suggested by the transmission-line model. In other words, the absorbed incident waves are subsequently reflected and concentrated within the cavity using the ground plane section [\[115\]](#page-20-0), [\[119\]](#page-20-5).",149,149,"<span id=""page-4-0""></span>III. NANOANTENNAS AND TERAHERTZ RADIATION > *A. Nano-Antenna Theory*",,,hybrid,6g_networks,6g_networks,,The paper discusses the potential of nanoantennas in 6G wireless communication and other applications.,Nanoantennas for 6G Wireless Communication,meta-llama/llama-4-scout-17b-16e-instruct,NONE,llama-3.3-70b-versatile,NONE,True
O_ISAC_096,7E,space_satellite,space communication,fuzzy:85.71428571428572,NONE,The text does not mention space satellites.,#### A. 6G Wireless Communications,319,319,"<span id=""page-4-0""></span>III. NANOANTENNAS AND TERAHERTZ RADIATION > *A. Nano-Antenna Theory* > B. Antenna Parameters > A. 6G Wireless Communications",,,hybrid,6g_networks,6g_networks,,The paper discusses the potential of nanoantennas in 6G wireless communication and other applications.,Nanoantennas for 6G Wireless Communication,meta-llama/llama-4-scout-17b-16e-instruct,NONE,llama-3.3-70b-versatile,NONE,True
O_ISAC_096,7E,space_satellite,space communication,fuzzy:89.47368421052632,NONE,The text does not mention space satellites.,"- [38] B. Atakan, S. Galmes, and O. B. Akan, ""Nanoscale communication with molecular arrays in nanonetworks,"" *IEEE Trans. NanoBiosci.*, vol. 11, no. 2, pp. 149–160, Jun. 2012.",640,640,VI. CONCLUSION > REFERENCES,,,hybrid,6g_networks,6g_networks,,The paper discusses the potential of nanoantennas in 6G wireless communication and other applications.,Nanoantennas for 6G Wireless Communication,meta-llama/llama-4-scout-17b-16e-instruct,NONE,llama-3.3-70b-versatile,NONE,True
O_ISAC_096,7E,space_satellite,space communication,fuzzy:89.47368421052632,NONE,The text does not mention space satellites.,"- <span id=""page-19-23""></span>[\[64\]](#page-11-4) M. Kuscu and O. B. Akan, ""Nanoscale communications based on fluorescence resonance energy transfer (FRET),"" in *Modeling, Methodologies and Tools for Molecular and Nano-scale Communications: Modeling, Methodologies and Tools*. Cham, Switzerland: Springer Int. Publ., 2017, pp. 349–375.",669,669,VI. CONCLUSION > REFERENCES,,,hybrid,6g_networks,6g_networks,,The paper discusses the potential of nanoantennas in 6G wireless communication and other applications.,Nanoantennas for 6G Wireless Communication,meta-llama/llama-4-scout-17b-16e-instruct,NONE,llama-3.3-70b-versatile,NONE,True
O_ISAC_096,7E,space_satellite,space communication,fuzzy:89.47368421052632,NONE,"The provided snippet does not mention space satellites directly or indirectly. It discusses terahertz communications, sensing, and related technologies, but does not reference space satellites.","- <span id=""page-20-19""></span>[\[127\]](#page-17-9) A. Sangwan and J. M. Jornet, ""Joint nanoscale communication and sensing enabled by plasmonic nano-antennas,"" in *Proc. 8th Annu. ACM Int. Conf. Nanoscale Comput. Commun.*, 2021, pp. 1–6.",736,736,VI. CONCLUSION > REFERENCES,,,hybrid,6g_networks,6g_networks,,The paper discusses the potential of nanoantennas in 6G wireless communication and other applications.,Nanoantennas for 6G Wireless Communication,meta-llama/llama-4-scout-17b-16e-instruct,INDIRECT,llama-3.3-70b-versatile,NONE,True
O_ISAC_096,7E,space_satellite,satellite communication,lexical,DIRECT,"This snippet directly discusses terahertz communication in the context of space, specifically mentioning 'Terahertz wireless communications in space' and 'Terahertz band intersatellite communication links', which directly relate to space satellites.","- [151] M. Civas, T. Yilmaz, and O. B. Akan, ""Terahertz band intersatellite communication links,"" in *Next Generation Wireless Terahertz Communication Networks*. Boca Raton, FL, USA: CRC Press, 2021. pp. 337–354.",761,761,VI. CONCLUSION > REFERENCES,,,hybrid,6g_networks,6g_networks,,The paper discusses the potential of nanoantennas in 6G wireless communication and other applications.,Nanoantennas for 6G Wireless Communication,meta-llama/llama-4-scout-17b-16e-instruct,DIRECT,,,False
O_ISAC_097,7E,space_satellite,space communication,fuzzy:89.47368421052632,NONE,The text does not mention space satellites.,"For joint radar and spectrum sensing systems, the radar detection and frequency measurement functions were commonly simultaneously achieved by sharing the LFM signal [25], [26]. To better meet the application needs of future IoT and IoE, radar, communication, and spectrum sensing should be seamlessly integrated. Shi et al. [27] proposed a joint radar, wireless communications, and spectrum sensing system, which enables precise perception of the surrounding physical and electromagnetic environments while maintaining high-speed communication. Besides spectrum sensing, the functions of conventional sensors, such as temperature sensing, transverse load sensing, magnetic field sensing, etc., are highly desired to be combined within the joint radar and communication system. However, to our knowledge, there is currently no reported microwave photonic system that can meet this requirement. Combining optical fiber sensors with microwave photonic joint radar and communication into an integrated system is feasible and promising.",33,33,Microwave Photonic Integrated Sensing and Communication Based on Polarization Multiplexing and Frequency-to-Time Mapping > I. Introduction,,,hybrid,vehicular,vehicular,automotive_transportation,"The system is designed for simultaneous radar, communication, and sensing in vehicular applications.",Radar and Communication,meta-llama/llama-4-scout-17b-16e-instruct,NONE,llama-3.3-70b-versatile,NONE,True
O_ISAC_097,7E,space_satellite,space communication,fuzzy:89.47368421052632,NONE,The text does not mention space satellites.,"A proof-of-concept experiment based on the setup shown in Fig. 1 is performed to verify the feasibility of the proposed system. The generation of joint radar and communication signals, radar ranging and imaging, as well as high-speed communication, are discussed sequentially in this section. Additionally, we further explore the feasibility of extending the proposed system for microwave frequency measurement.",127,127,Microwave Photonic Integrated Sensing and Communication Based on Polarization Multiplexing and Frequency-to-Time Mapping > I. Introduction > II. PRINCIPLE AND EXPERIMENTAL SETUP > III. EXPERIMENTAL RESULTS,,,hybrid,vehicular,vehicular,automotive_transportation,"The system is designed for simultaneous radar, communication, and sensing in vehicular applications.",Radar and Communication,meta-llama/llama-4-scout-17b-16e-instruct,NONE,llama-3.3-70b-versatile,NONE,True
O_ISAC_097,7E,space_satellite,space communication,fuzzy:89.47368421052632,NONE,The text does not mention space satellites.,# C. High-Speed Communication,185,185,C. High-Speed Communication,,,hybrid,vehicular,vehicular,automotive_transportation,"The system is designed for simultaneous radar, communication, and sensing in vehicular applications.",Radar and Communication,meta-llama/llama-4-scout-17b-16e-instruct,NONE,llama-3.3-70b-versatile,NONE,True
O_ISAC_097,7E,space_satellite,space communication,fuzzy:89.47368421052632,NONE,The text does not mention space satellites.,"Then, high-speed communication using the ASK-LFM signal is demonstrated. At the communication receiving end, limited by the operating bandwidth (RF: 3–15 GHz, LO: 3–15 GHz, IF: DC-3 GHz) of the mixer, the center frequency of the electrical LFM signal is set to 3 GHz, thus the sweep range of the generated ASK-LFM signal is from 9 to 15 GHz. The communication data rate is set to 1 Gbit/s first. After self-mixing, the waveform of the ASK-LFM signal is sampled by the OSC at a sampling rate of 10 GSa/s, as shown in Fig. 7(a). The envelope of the waveform is found and also shown in Fig. 7(a). As can be seen, due to the uneven frequency response of the mixer and other components over the bandwidth of the ASK-LFM signal, the waveform does not have a flat amplitude. It should be noted that the amplitude unevenness is basically consistent for a specific operating frequency band when the system is unchanged. Therefore, once the operating frequency band is determined, compensation can be made to the amplitude unevenness of the waveform to avoid its impact on the setting of the decision threshold and the decision-making. The waveform after compensation is shown in Fig. 7(b), where it is evident that compared to Fig. 7(a), the envelope of the compensated waveform becomes significantly flatter. Fig. 7(c) and (d) display two sections of the waveform in Fig. 7(b) from 0.20 to 0.25  $\mu$ s and from 3.70 to 3.75  $\mu$ s. The dashed orange line shows the corresponding binary sequence transmitted in the system. It can be seen that the waveforms are completely consistent with the binary sequence.",187,187,C. High-Speed Communication,,,hybrid,vehicular,vehicular,automotive_transportation,"The system is designed for simultaneous radar, communication, and sensing in vehicular applications.",Radar and Communication,meta-llama/llama-4-scout-17b-16e-instruct,NONE,llama-3.3-70b-versatile,NONE,True
O_ISAC_097,7E,space_satellite,space communication,fuzzy:89.47368421052632,NONE,The text does not mention space satellites directly or indirectly.,"As demonstrated in Section [III-A](#page-3-4)[–III-D,](#page-6-3) the proposed microwave photonic integrated sensing and communication system is comprehensively studied. Microwave ranging and imaging, high-speed communication, and high-sensitivity transverse load sensing are all verified. The above three functions can be simultaneously achieved through optical signals on the two orthogonal polarization states output by the Dpol-MZM. Based on the principle of transverse load sensing, with minor modifications and adjustments to the system, it can additionally achieve the frequency measurement function. However, it is important to note that the frequency measurement function and the transverse load sensing function cannot be implemented simultaneously, but the frequency measurement function can be achieved concurrently with the other two functions.",227,227,"<span id=""page-6-3""></span>D. Transverse Load Sensing > *E. Extending the System for Frequency Measurement*",,,hybrid,vehicular,vehicular,automotive_transportation,"The system is designed for simultaneous radar, communication, and sensing in vehicular applications.",Radar and Communication,meta-llama/llama-4-scout-17b-16e-instruct,NONE,llama-3.3-70b-versatile,NONE,True
O_ISAC_097,7E,space_satellite,space communication,fuzzy:89.47368421052632,NONE,The text does not mention space satellites directly or indirectly.,"In this work, we show a microwave photonic integrated sensing and communication system based on polarization multiplexing and FTTM. To our knowledge, this is the first time that radar ranging and imaging, high-speed communication, and transverse load sensing are realized simultaneously in a microwave photonic system. Furthermore, the transverse load sensing function can be easily replaced with the spectrum sensing function to achieve a more flexible system configuration. The proposed approach is evaluated experimentally. An ASK-LFM signal is generated to support both radar and communication functions, achieving 2-Gbit/s wireless communication and 4.8-cm radar ranging resolution; while an LFM optical sideband is used in conjunction with a PS-FBG to implement transverse load sensing or frequency measurement functions, achieving a maximum mean weight measurement error of less than 2.4×10−<sup>3</sup> N and a maximum frequency measurement error of less than 20 MHz. The proposed system realizes multiple functions at a relatively low cost, meeting the requirements for miniaturization and integration of multifunctional systems. After further introducing photonic integration for chip-level design and integration, the proposed system will be exceptionally well-suited for offering advanced sensing capabilities of physical targets, parameters, and electromagnetic environments, as well as high-speed information interaction abilities, with a more compact system architecture in the forthcoming interconnected world of everything. This will provide robust support for the further realization of advanced intelligent decision-making and automation.",243,243,IV. CONCLUSION,,,hybrid,vehicular,vehicular,automotive_transportation,"The system is designed for simultaneous radar, communication, and sensing in vehicular applications.",Radar and Communication,meta-llama/llama-4-scout-17b-16e-instruct,NONE,llama-3.3-70b-versatile,NONE,True
O_ISAC_098,7E,space_satellite,space communication,fuzzy:89.47368421052632,NONE,"The text does not mention a space satellite. It discusses an optical integrated sensing and communication system, which does not directly relate to space satellites.","OIRS is  $d_o$ , then  $\tau_c = |v_u \Delta t - d_o|$  is the beam alignment error. In a practical system, users may experience real-time variations in their speed. Therefore, OIRS needs to monitor the user's speed at all times to adjust the beam deflection, so as to ensure the stability of the beam alignment. Based on this scenario, this paper proposes an optical integrated sensing and communication system, which utilizes the cooperative work of OIRS and PD array to perform precise optical sensing and beam tracking while maintaining high-speed communication. Since this system enables the integration of sensing and communication functionalities with a single transmission, a single device, and ultimately a single network infrastructure, this system can be regarded as an optical integrated sensing and communication system [22], [23], [24].",57,57,II. SYSTEM MODEL,,,wireless_fso,vehicular,vehicular,automotive_transportation,Mobile communication scenarios,"Outdoor FSO, 500m, Fog",meta-llama/llama-4-scout-17b-16e-instruct,NONE,llama-3.3-70b-versatile,NONE,True
O_ISAC_099,7E,space_satellite,space communication,fuzzy:89.47368421052632,NONE,"The snippet does not mention space satellites, it discusses a bidirectional RO-ISAC system and its performance in terms of communication and ranging.","In this Letter, we have proposed and demonstrated a bidirectional RO-ISAC system employing TDD and clipped OFDM. To avoid the interference between the reflected downlink signal and the uplink signal, a TDD-based interference cancellation scheme has been proposed, where two types of GIs including fixed GI and adaptive GI are considered. Experimental results show that the proposed bidirectional RO-ISAC system is able to achieve both high-speed communication and high-accuracy ranging at the same time. Moreover, it is also revealed that the clipping ratio in clipped OFDM has a different impact on communication and ranging performance.",119,119,B. TDD-Based Bidirectional Transmission > IV. CONCLUSION,,,retroreflective,indoor_positioning;6g_networks,indoor_positioning;6g_networks,indoor_environments,Bidirectional retroreflective optical ISAC system for indoor positioning and 6G networks,Indoor positioning using bidirectional RO-ISAC,meta-llama/llama-4-scout-17b-16e-instruct,NONE,llama-3.3-70b-versatile,NONE,True
O_ISAC_102,7E,space_satellite,space communication,fuzzy:89.47368421052632,NONE,"The text does not mention space satellites. It discusses advancements in artificial intelligence, machine learning, and optical fiber communication.","Optical fiber communication offers extremely high capacity. For example, a pair of thin optical fiber filaments can simultaneously transmit millions of telephone signals. Additionally, optical fibers are immune to electromagnetic interference, as they do not conduct electricity or produce electromagnetic induction. They are also resistant to moisture and corrosion, and their energy loss is approximately one-tenth that of conventional communication cables. These advantages contribute to enhanced communication quality, with performance significantly surpassing that of conventional limited systems.",41,41,Machine Learning-Enhanced Multi-Pump RFA for High-Performance Optical Backbone in Low-Altitude Sensing and Communication > I. Introduction,,,cabled_fibre,low_altitude_economy,low_altitude_economy,,"The system is designed to support low-altitude sensing and communication applications, such as air-ground integrated communications and intelligent sensing.",Low-altitude sensing and communication,meta-llama/llama-4-scout-17b-16e-instruct,NONE,llama-3.3-70b-versatile,NONE,True
O_ISAC_102,7E,space_satellite,satellite communication,fuzzy:86.95652173913044,NONE,"The text does not mention space satellites. It talks about large-scale distributed optical fiber sensing systems, intelligent communications, and machine learning applications.","Beyond these studies, emerging paradigms in intelligent communications further broaden the research landscape. Generative and semantic communication approaches shift the focus from traditional bit-level transmission to meaning-aware efficiency and resiliency [47], [48]. At the physical layer, learningassisted decoding of protograph LDPC codes has demonstrated notable reliability gains, exemplifying how machine learning can reshape fundamental transmission mechanisms [49]. These developments highlight the breadth of machine learning applications across the communication stack, complementing but distinct from the optical backbone perspective considered in this work.",73,73,II. RELATED WORKS,,,cabled_fibre,low_altitude_economy,low_altitude_economy,,"The system is designed to support low-altitude sensing and communication applications, such as air-ground integrated communications and intelligent sensing.",Low-altitude sensing and communication,meta-llama/llama-4-scout-17b-16e-instruct,NONE,llama-3.3-70b-versatile,NONE,True
O_ISAC_102,7E,space_satellite,satellite communication,fuzzy:100.0,NONE,"The text does not mention space satellites. It appears to be a code snippet or a mathematical equation, but it does not relate to space satellites.",N,352,352,Algorithm 3 Iterative Search and Update Framework of ABC Algorithm,,,cabled_fibre,low_altitude_economy,low_altitude_economy,,"The system is designed to support low-altitude sensing and communication applications, such as air-ground integrated communications and intelligent sensing.",Low-altitude sensing and communication,meta-llama/llama-4-scout-17b-16e-instruct,NONE,llama-3.3-70b-versatile,NONE,True
O_ISAC_105,7E,space_satellite,space communication,fuzzy:89.47368421052632,NONE,"The provided snippet does not directly mention or relate to space satellites. It discusses photonic imaging radar systems, THz InISAR for 3D positioning, and integrated systems for communication and sensing, which do not directly imply the use of space satellites.","- [14] S. Jia et al., ""A unified system with integrated generation of high-speed communication and high-resolution sensing signals based on THz photonics,"" *J. Lightw. Technol.*, vol. 36, no. 19, pp. 4549–4556, Oct. 2018.",239,239,Multi-Channel Photonic THz-ISAC System Based on Integrated LFM-QAM Waveform > *C. Radar Sensing Performance of LFM-QAM Waveform and Muti-Channel Fusion Sensing* > V. CONCLUSION > REFERENCES,,,hybrid,6g_networks,6g_networks,,"The system is designed for 6G networks, where high data rates and range resolutions are required.",THz-ISAC system with integrated LFM-QAM waveform,meta-llama/llama-4-scout-17b-16e-instruct,NONE,llama-3.3-70b-versatile,NONE,True
O_ISAC_105,7E,space_satellite,space communication,fuzzy:89.47368421052632,NONE,"Similar to the first snippet, this text focuses on photonic THz InISAR, unified systems for high-speed communication and high-resolution sensing, and joint communication and radar sensing functions based on photonics. There is no direct or indirect mention of space satellites in the provided context.","- [15] Y. Wang et al., ""Photonics-assisted joint high-speed communication and high-resolution radar detection system,"" *Opt. Lett.*, vol. 46, no. 24, pp. 6103–6105, Dec. 2021.",240,240,Multi-Channel Photonic THz-ISAC System Based on Integrated LFM-QAM Waveform > *C. Radar Sensing Performance of LFM-QAM Waveform and Muti-Channel Fusion Sensing* > V. CONCLUSION > REFERENCES,,,hybrid,6g_networks,6g_networks,,"The system is designed for 6G networks, where high data rates and range resolutions are required.",THz-ISAC system with integrated LFM-QAM waveform,meta-llama/llama-4-scout-17b-16e-instruct,NONE,llama-3.3-70b-versatile,NONE,True
O_ISAC_108,7E,space_satellite,space communication,fuzzy:85.71428571428572,NONE,"The text discusses optical communication and sensing, but does not mention space satellites.",### B. Optical communication,59,59,Optical Integrated Sensing and Communication with Light-Emitting Diode > I. INTRODUCTION > B. Optical communication,,,wireless_vlc,indoor_positioning;6g_networks,indoor_positioning;6g_networks,indoor_environments,Indoor optical communication and sensing using LED-based O-ISAC,Directionless O-ISAC;Directional O-ISAC,meta-llama/llama-4-scout-17b-16e-instruct,NONE,llama-3.3-70b-versatile,NONE,True
O_ISAC_108,7E,space_satellite,space communication,fuzzy:85.71428571428572,NONE,"The text describes the workflow of an O-ISAC system and its synergies, but does not mention space satellites.",## III. SYNERGIES BETWEEN OPTICAL SENSING AND OPTICAL COMMUNICATION,151,151,Optical Integrated Sensing and Communication with Light-Emitting Diode > III. SYNERGIES BETWEEN OPTICAL SENSING AND OPTICAL COMMUNICATION,,,wireless_vlc,indoor_positioning;6g_networks,indoor_positioning;6g_networks,indoor_environments,Indoor optical communication and sensing using LED-based O-ISAC,Directionless O-ISAC;Directional O-ISAC,meta-llama/llama-4-scout-17b-16e-instruct,NONE,llama-3.3-70b-versatile,NONE,True
O_ISAC_111,7E,space_satellite,space communication,fuzzy:89.47368421052632,NONE,"The text discusses advancements in wireless communication and sensing technology, but does not mention space satellites.","Table 1 summarizes the waveform mode, central frequency, communication rate, radar resolution, and capacity-resolution quotient (CRQ) [9] of typical photonics-assisted mmW/THz JRC links. However, the communications in the studies mentioned above are exclusively based on offline (OL) digital signal processing (DSP). Due to limitations in bandwidth, sampling rate, and accuracy of high-speed digital-to-analog/analog-todigital converters, achieving real-time (RT) processing for ultra-high-speed communication data remains challenging. Additionally, the phase noise and frequency offset caused by the freerunning laser beats severely limit more accurate spatial distance measurement. To effectively mitigate the frequency offset and phase noise at the transmitting end, techniques such as phaselocked loops, optical injection locking, or optical",15,15,A Sub-THz ISAC System with Simultaneous Real-Time 125.516-Gbps Communication Rate and Offline 10-mm Sensing Resolution Enabled by Photonics > **Introduction**,,,hybrid,6g_networks,6g_networks,,High-speed real-time communication and high-resolution sensing in the sub-THz band,Sub-THz ISAC system with real-time communication and offline sensing,meta-llama/llama-4-scout-17b-16e-instruct,NONE,llama-3.3-70b-versatile,NONE,True
O_ISAC_111,7E,space_satellite,space communication,fuzzy:89.47368421052632,NONE,"The text describes a study integrating high-speed communication and high-resolution sensing in the sub-THz band, but does not mention space satellites.","This study integrates high-speed communication and high-resolution sensing in the sub-THz band employing the commonly used FDM method. Real-time communication of 125.516 Gbps has been successfully demonstrated utilizing a 2×2 multiple-input multiple-output (MIMO) fiber-wireless-fiber communication architecture [10], and the high-speed real-time processing capability of the state-of-the-art commercial digital coherent optics (DCO) modules. Meanwhile, offline sensing of the two targets with a radial distance of 10 mm is realized by utilizing a sub-THz local oscillator (LO) homologous to the radiated sub-THz sensing signals for mitigating the frequency offset and phase noise caused by the free-running laser beats. Eventually, the highspeed communication and high-precision sensing resulted in a remarkable CRQ of up to 125.516 Gbps/cm.",34,34,A Sub-THz ISAC System with Simultaneous Real-Time 125.516-Gbps Communication Rate and Offline 10-mm Sensing Resolution Enabled by Photonics > **Introduction**,,,hybrid,6g_networks,6g_networks,,High-speed real-time communication and high-resolution sensing in the sub-THz band,Sub-THz ISAC system with real-time communication and offline sensing,meta-llama/llama-4-scout-17b-16e-instruct,NONE,llama-3.3-70b-versatile,NONE,True
O_ISAC_111,7E,space_satellite,space communication,fuzzy:89.47368421052632,NONE,"The text investigates the optical power margin and the impact of sensing signal power on the BER and ROP, but does not mention space satellites.","Then, we investigate the impact of sensing signal power on the BER and ROP by modifying the EDFA2, as shown in Fig. 2(c). The observed trend shows that an increase in the power of the sensing signal leads to a reduction of the ROP, thereby resulting in an elevated BER. The magnitude of this effect escalates with the IOP. Therefore, following the application requirements, a slight decrease in the optical power within the radar path can be implemented to enhance communication performance.",76,76,A Sub-THz ISAC System with Simultaneous Real-Time 125.516-Gbps Communication Rate and Offline 10-mm Sensing Resolution Enabled by Photonics > **Introduction** > **Experimental setup** > **Results and Discussions**,,,hybrid,6g_networks,6g_networks,,High-speed real-time communication and high-resolution sensing in the sub-THz band,Sub-THz ISAC system with real-time communication and offline sensing,meta-llama/llama-4-scout-17b-16e-instruct,NONE,llama-3.3-70b-versatile,NONE,True
O_ISAC_111,7E,space_satellite,space communication,fuzzy:89.47368421052632,NONE,"The text provides references to other studies, but does not mention space satellites.","[1] Y. Wang, Z. Dong, J. Ding, W. Li, M. Wang, F. Zhao, and J. Yu, ""Photonics-assisted joint high-speed communication and high-resolution radar detection system,"" *Optics Letters*, vol. 46, no. 24, pp. 6103-6106, Dec. 2021",98,98,A Sub-THz ISAC System with Simultaneous Real-Time 125.516-Gbps Communication Rate and Offline 10-mm Sensing Resolution Enabled by Photonics > **Introduction** > **Acknowledgments** > References,,,hybrid,6g_networks,6g_networks,,High-speed real-time communication and high-resolution sensing in the sub-THz band,Sub-THz ISAC system with real-time communication and offline sensing,meta-llama/llama-4-scout-17b-16e-instruct,NONE,llama-3.3-70b-versatile,NONE,True
O_ISAC_112,7E,space_satellite,satellite communication,fuzzy:86.95652173913044,NONE,"The provided snippet does not mention space satellites. It appears to be related to visible light communication and localization systems, which are unrelated to space satellites.","- <span id=""page-12-12""></span>[38] Y. Wang, S. Wu, L. Yu, C. Xu, Z. Wang, and X. Cai, ""RIS-assisted indoor visible light positioning based on sparse bayesian learning,"" in *2023 3rd International Conference on Intelligent Communications and Computing (ICC), Nanchang, China*, Nov. 2023, pp. 90–97.",541,541,B. Two-Step Localization Strategy-Based IRSPad VLP Algorithm > C. Complexity Analysis > REFERENCES,,,hybrid,indoor_positioning,indoor_positioning,indoor_environments,The system is designed for indoor visible light positioning in a static environment.,Indoor Visible Light Positioning,meta-llama/llama-4-scout-17b-16e-instruct,NONE,llama-3.3-70b-versatile,NONE,True
O_ISAC_114,7E,space_satellite,space communication,fuzzy:89.47368421052632,INDIRECT,"The text mentions 'satellite signals' which is related to space satellites, but it does not directly discuss space satellites.","The distinctive characteristics of optical front-ends and channels offer significant advantages for both communication and sensing [7]. O-ISAC systems are capable of fully exploiting the expansive bandwidth of optical signals, thereby facilitating high-speed communication and high-resolution sensing [9]. These systems demonstrate excellent performance in radio frequency (RF) sensitive environments and are particularly effective in indoor and underground settings, where satellite signals are typically obstructed [10]. The performance of communication and sensing in O-ISAC systems is intricately linked to the waveforms employed. Various waveforms, such as pulse sequence sensing combined with pulse position modulation [11], pulse amplitude modulation [12], linear frequency modulation integrated with continuous phase modulation [13], and direct current biased optical orthogonal frequency division multiplexing (DCO-OFDM) [14], [15], have been explored for their potential in O-ISAC systems. To optimize the performance of O-ISAC systems, both communicationcentric and sensing-centric resource allocation strategies have been proposed, tailored to specific application scenarios [16], [17]. Additionally, the directionless O-ISAC and directional O-ISAC frameworks have been introduced to overcome the inherent trade-off typically encountered in conventional RF-",35,35,I. INTRODUCTION,,,hybrid,6g_networks,6g_networks,,"The O-ICSPT system is designed for 6G networks, which requires high-speed data transmission, high-precision sensing, and sustainable operation.",Indoor O-ICSPT System,meta-llama/llama-4-scout-17b-16e-instruct,INDIRECT,llama-3.3-70b-versatile,INDIRECT,True
O_ISAC_114,7E,space_satellite,space communication,fuzzy:89.47368421052632,NONE,There is no mention of space satellites or related concepts in the text.,"- Bias current significantly impacts communication, sensing, and EH performance. Enhancing tolerance to high bias currents is critical for optimizing overall performance.",428,428,IV. EXPERIMENTAL RESULTS AND DISCUSSIONS > A. System Characteristic > B. System Performance > V. CONCLUSION,,,hybrid,6g_networks,6g_networks,,"The O-ICSPT system is designed for 6G networks, which requires high-speed data transmission, high-precision sensing, and sustainable operation.",Indoor O-ICSPT System,meta-llama/llama-4-scout-17b-16e-instruct,NONE,llama-3.3-70b-versatile,NONE,True
O_ISAC_116,7E,space_satellite,space communication,fuzzy:88.23529411764706,NONE,The snippet does not mention space_satellite or any related concept.,# Enhanced Room Coverage With Photon-Level NLOS Ultraviolet Optical Wireless Communication,5,5,Enhanced Room Coverage With Photon-Level NLOS Ultraviolet Optical Wireless Communication,,,wireless_uv,indoor_positioning;security_surveillance,indoor_positioning;security_surveillance,indoor_environments;smart_infrastructure,"The system is designed for indoor UV communication with NLOS capability, achieving full-room coverage with a data rate of 2 Mbps.",NLOS UV communication,meta-llama/llama-4-scout-17b-16e-instruct,NONE,llama-3.3-70b-versatile,NONE,True
O_ISAC_119,7E,space_satellite,space communication,fuzzy:89.47368421052632,INDIRECT,"The provided snippets discuss various technological advancements and research in the field of optics, photonics, and communication systems, but do not directly mention space satellites. However, the concepts of high-speed communication, radar detection, and terahertz waves could be indirectly related to space satellite technology, as these technologies can be applied in satellite communications and remote sensing.","- [24] Y. Wang et al., ""Photonics-assisted joint high-speed communication and high-resolution radar detection system,"" *Opt. Lett.*, vol. 46, no. 24, pp. 6103–6106, Dec. 2021.",339,339,REFERENCES,,,hybrid,industrial_manufacturing,industrial_manufacturing,smart_infrastructure,The system can be used in industrial manufacturing scenarios where both high-resolution sensing and high-data-rate communication are required.,W-band fiber-wireless link with integrated sensing and communication,meta-llama/llama-4-scout-17b-16e-instruct,INDIRECT,llama-3.3-70b-versatile,INDIRECT,True
O_ISAC_120,7E,space_satellite,space communication,fuzzy:89.47368421052632,NONE,"The provided snippet does not mention space satellites directly or indirectly, focusing instead on wireless communication systems, antenna arrays, and sensing technologies.","OINT communication and sensing is rapidly emerging as a key feature for future beyond-5G/6G wireless systems, where the massively deployed wireless communication nodes can be leveraged for spatial and environment sensing, which in turn enhances communication reliability itself and enables new applications [1]. In particular, the extensive use of antenna arrays in millimeter-wave (mm-Wave)/Terahertz (THz) 6G systems necessitates spatial/location sensing of wireless nodes, since the pencil-sharp beams produced by large antenna arrays need precise localization of transmitter (TX) and receiver (RX) angular positions to attain accurate beam alignment and optimal link signal-to-noise-ratio (SNR). Hence, sensing-aided communication is essential for 5G and beyond-5G communication with highly directional arrays. Moreover, the ubiquitous deployment of mm-Wave/THz array-based wireless links naturally establishes the infrastructure for densely distributed electromagnetic (EM) sensor networks. Large mm-Wave/THz arrays ensure high directionality for accurate angular sensing, while the massive available bandwidth enables radar sensing with accurate depth detection. Therefore, it is inherently beneficial to support joint wireless communication and sensing on the same platform for electronics reuse, antenna aperture sharing, and area/power saving.",27,27,A Reconfigurable Phase-Time Array Transmitter Achieving Keyless Secured Transmission and Multi-Receiver Localization for Low-Latency Joint Communication and Sensing > I. INTRODUCTION,,,wireless_fso,6g_networks,6g_networks,,The system is designed for joint communication and sensing in 6G networks.,Joint Communication and Sensing,meta-llama/llama-4-scout-17b-16e-instruct,NONE,llama-3.3-70b-versatile,NONE,True
O_ISAC_123,7E,space_satellite,satellite transmission,fuzzy:100.0,NONE,"The snippet does not mention or imply the concept of a space satellite. It appears to be a mathematical equation related to motion or trajectory, but does not provide any direct or indirect connection to space satellites.",is,122,122,A. Leader-Follower Kinematics,,,hybrid,vehicular,vehicular,automotive_transportation,Cooperative mobile robotics,Leader-follower formation control,meta-llama/llama-4-scout-17b-16e-instruct,NONE,llama-3.3-70b-versatile,NONE,True
O_ISAC_124,7E,space_satellite,space communication,fuzzy:89.47368421052632,NONE,"The provided snippet does not mention space satellites or any related concepts, focusing instead on antenna designs and ISAC systems for automotive applications.",Fig. 1. The proposed antenna enables independent high-speed communication links and high-resolution radar sensing in automotive display panels.,37,37,Antenna-on-Display with EH<sub>1</sub>-mode Wide Spatial Beam Scanning for User-Centric Sensing and Vehicle-to-Everything Communication > I. INTRODUCTION,,,hybrid,vehicular,vehicular,automotive_transportation,"The proposed antenna is designed for integrated sensing and communication (ISAC) applications in vehicular systems, providing wide spatial beam scanning and multibeam capabilities.",Vehicular ISAC,meta-llama/llama-4-scout-17b-16e-instruct,NONE,llama-3.3-70b-versatile,NONE,True
O_ISAC_126,7E,space_satellite,satellite link,fuzzy:85.71428571428572,INDIRECT,"The concept of space_satellite is mentioned in the context as one of the multiple scenario channels, but it is not the primary focus of the text.","*Abstract*—Large-scale fading (LSF) channel models play a significant role in network planning and deployment of the sixth generation (6G) wireless communication systems. This paper proposes a 6G general large-scale fading channel model (6GLSFCM) for multiple frequency bands and scenarios. The basic loss, atmospheric attenuation loss, scintillation loss, and building penetration loss are jointly considered in this model to characterize the frequency band channels ranging from sub-6 GHz to visible light communication (VLC). It also encompasses multiple scenario channels, including unmanned aerial vehicle (UAV), industrial Internet of thing (IIoT), satellite, integrated sensing and communication (ISAC), etc. The proposed 6GLS-FCM can be simplified to specific frequency band and scenario models based on the large-scale fading characteristics across different frequency bands and scenarios. Furthermore, the path loss and shadow fading characteristics of the 6GLSFCM are simulated and validated with channel measurement data for multiple frequency bands and scenarios.",13,13,A General 6G Large-scale Fading Channel Model for Multiple Frequency Bands and Scenarios,,,hybrid,vehicular;industrial_manufacturing;indoor_positioning;environmental_monitoring;critical_infrastructure;fibre_network_monitoring;robotics_autonomy;aerospace_space;uav_aerial;maritime_underwater;security_surveillance;6g_networks,vehicular;industrial_manufacturing;indoor_positioning;environmental_monitoring;critical_infrastructure;fibre_network_monitoring;robotics_autonomy;aerospace_space;uav_aerial;maritime_underwater;security_surveillance;6g_networks,automotive_transportation;indoor_environments;smart_infrastructure;space_satellite;underwater_harsh,The paper proposes a general large-scale fading channel model for multiple frequency bands and scenarios in 6G.,THz frequency bands,meta-llama/llama-4-scout-17b-16e-instruct,INDIRECT,llama-3.3-70b-versatile,INDIRECT,True
O_ISAC_126,7E,space_satellite,satellite networking,fuzzy:85.0,INDIRECT,"The concept of space_satellite is mentioned in the reference ITU-R P.531-15, which is related to ionospheric propagation data and prediction methods for satellite networks and systems, but it is not the main topic of the text.","- [14] ITU-R P.531-15, ""Ionospheric propagation data and prediction methods required for the design of satellite networks and systems,"" International Telecommunication Union, 2023.",260,260,A General 6G Large-scale Fading Channel Model for Multiple Frequency Bands and Scenarios > III. MODEL PARAMETERS OF 6GLSFCM FOR MULTIPLE FREQUENCY BANDS AND SCENARIOS > IV. RESULTS AND ANALYSIS > REFERENCES,,,hybrid,vehicular;industrial_manufacturing;indoor_positioning;environmental_monitoring;critical_infrastructure;fibre_network_monitoring;robotics_autonomy;aerospace_space;uav_aerial;maritime_underwater;security_surveillance;6g_networks,vehicular;industrial_manufacturing;indoor_positioning;environmental_monitoring;critical_infrastructure;fibre_network_monitoring;robotics_autonomy;aerospace_space;uav_aerial;maritime_underwater;security_surveillance;6g_networks,automotive_transportation;indoor_environments;smart_infrastructure;space_satellite;underwater_harsh,The paper proposes a general large-scale fading channel model for multiple frequency bands and scenarios in 6G.,THz frequency bands,meta-llama/llama-4-scout-17b-16e-instruct,INDIRECT,llama-3.3-70b-versatile,INDIRECT,True
O_ISAC_126,7E,space_satellite,,json,DIRECT,Structured study-level application domain mapping,The paper proposes a general large-scale fading channel model for multiple frequency bands and scenarios in 6G.,,,,study_level.application.application_domain,vehicular;industrial_manufacturing;indoor_positioning;environmental_monitoring;critical_infrastructure;fibre_network_monitoring;robotics_autonomy;aerospace_space;uav_aerial;maritime_underwater;security_surveillance;6g_networks,hybrid,vehicular;industrial_manufacturing;indoor_positioning;environmental_monitoring;critical_infrastructure;fibre_network_monitoring;robotics_autonomy;aerospace_space;uav_aerial;maritime_underwater;security_surveillance;6g_networks,vehicular;industrial_manufacturing;indoor_positioning;environmental_monitoring;critical_infrastructure;fibre_network_monitoring;robotics_autonomy;aerospace_space;uav_aerial;maritime_underwater;security_surveillance;6g_networks,automotive_transportation;indoor_environments;smart_infrastructure;space_satellite;underwater_harsh,The paper proposes a general large-scale fading channel model for multiple frequency bands and scenarios in 6G.,THz frequency bands,json,DIRECT,,,False
O_ISAC_127,7E,space_satellite,satellite communication systems,fuzzy:87.27272727272728,NONE,The text does not mention space satellites.,#### A. RIS IN TERRESTRIAL COMMUNICATION SYSTEMS,55,55,"Adaptive RIS Optimization for Secure Underwater Optical Communications > I. INTRODUCTION > <span id=""page-1-0""></span>**II. RELATED WORKS** > A. RIS IN TERRESTRIAL COMMUNICATION SYSTEMS",,,wireless_fso,underwater_surveillance,maritime_underwater,underwater_harsh,Secure underwater optical wireless communication,Underwater Optical Wireless Communication,meta-llama/llama-4-scout-17b-16e-instruct,NONE,llama-3.3-70b-versatile,NONE,True
O_ISAC_127,7E,space_satellite,space communication,fuzzy:85.71428571428572,NONE,The text does not mention space satellites.,# B. CHALLENGES OF UNDERWATER OPTICAL COMMUNICATION,59,59,B. CHALLENGES OF UNDERWATER OPTICAL COMMUNICATION,,,wireless_fso,underwater_surveillance,maritime_underwater,underwater_harsh,Secure underwater optical wireless communication,Underwater Optical Wireless Communication,meta-llama/llama-4-scout-17b-16e-instruct,NONE,llama-3.3-70b-versatile,NONE,True
O_ISAC_127,7E,space_satellite,space communication,fuzzy:86.48648648648648,NONE,The text does not mention space satellites.,# C. MACHINE LEARNING FOR UNDERWATER COMMUNICATION,69,69,C. MACHINE LEARNING FOR UNDERWATER COMMUNICATION,,,wireless_fso,underwater_surveillance,maritime_underwater,underwater_harsh,Secure underwater optical wireless communication,Underwater Optical Wireless Communication,meta-llama/llama-4-scout-17b-16e-instruct,NONE,llama-3.3-70b-versatile,NONE,True
O_ISAC_127,7E,space_satellite,space communication,fuzzy:89.47368421052632,NONE,The text does not mention space satellites.,- 18. Update communication and radar links based on new phase shifts.,362,362,13. Step 3: Pareto Refinement using NSGA-II: > 16. Step 4: Real-Time RIS Reconfiguration:,,,wireless_fso,underwater_surveillance,maritime_underwater,underwater_harsh,Secure underwater optical wireless communication,Underwater Optical Wireless Communication,meta-llama/llama-4-scout-17b-16e-instruct,NONE,llama-3.3-70b-versatile,NONE,True
O_ISAC_129,7E,space_satellite,space communication,fuzzy:88.23529411764706,NONE,"The snippet does not mention space satellites or any related concepts, focusing instead on vehicle-to-vehicle communication and sensing for platooning applications.","Index Terms—Platooning, V2V network, ISAC, Optical Wireless Communication",17,17,VehicleTalk: Lightweight V2V Network Enabled by Optical Wireless Communication and Sensing,,,wireless_vlc,vehicular;industrial_manufacturing,vehicular;industrial_manufacturing,automotive_transportation;smart_infrastructure,Platooning and vehicle-to-vehicle communication,V2V communication and sensing,meta-llama/llama-4-scout-17b-16e-instruct,NONE,llama-3.3-70b-versatile,NONE,True
O_ISAC_132,7E,space_satellite,space communication,fuzzy:85.71428571428572,NONE,The text does not mention space satellites.,"Index Terms—Integrated sensing and communication, large capacity, long distance, photon-assisted terahertz signal generation, real-time communication.",33,33,Broadband Photon-Assisted Terahertz Communication and Sensing,,,hybrid,6g_networks,6g_networks,,The paper discusses the application of photon-assisted technology for terahertz communication and sensing in 6G networks.,Terahertz communication and sensing,meta-llama/llama-4-scout-17b-16e-instruct,NONE,llama-3.3-70b-versatile,NONE,True
O_ISAC_132,7E,space_satellite,space communication,fuzzy:89.47368421052632,NONE,The text discusses terahertz communication and sensing but does not mention space satellites.,"ERAHERTZ (THz) band with frequency ranging from 0.1 to 10 THz can provide a high carrier frequency and a huge available bandwidth, and can play an important role in many novel application scenarios such as the holographic communication, the micro-nano scale communication, the ultra-large capacity data backhaul, the short-reach ultra-high-speed transmission, the high-precision integrated sensing and communication, and so on, thus being considered as one of the potential key techniques in the future 6G mobile communication networks to satisfy the required 100 Gbit/s or even 1 Tbit/s data rate [1], [2], [3], [4]. According to the 2019 World Radiocommunication Conference (WRC), the frequency bands of 275~296 GHz, 306~313 GHz, 318~333 GHz, and 356~450 have been decided for implementing land mobile services and fixed services.",37,37,Broadband Photon-Assisted Terahertz Communication and Sensing > I. INTRODUCTION,,,hybrid,6g_networks,6g_networks,,The paper discusses the application of photon-assisted technology for terahertz communication and sensing in 6G networks.,Terahertz communication and sensing,meta-llama/llama-4-scout-17b-16e-instruct,NONE,llama-3.3-70b-versatile,NONE,True
O_ISAC_132,7E,space_satellite,space communication,fuzzy:85.71428571428572,NONE,The text describes an experimental setup for terahertz signal generation and transmission but does not mention space satellites.,"The  $2 \times 2$  MIMO wireless link is 142 cm in length, and three lenses are added to each parallel link to focus the wireless terahertz signal and guarantee the maximum received power. It is worth noting that the MIMO structure in our experiments is used for space division multiplexing to realize the crosstalk suppression in the PDM signal, especially the polarization crosstalk in the fiber. It offers a point-to-point straight transmission and brings neither interference nor gain, which is different from the traditional MIMO link defined in the traditional wireless communication.",127,127,Broadband Photon-Assisted Terahertz Communication and Sensing > B. 120-Gb/s Multi-Channel Wireless Terahertz-Wave Signal Delivery in a $2 \times 2$ MIMO System,,,hybrid,6g_networks,6g_networks,,The paper discusses the application of photon-assisted technology for terahertz communication and sensing in 6G networks.,Terahertz communication and sensing,meta-llama/llama-4-scout-17b-16e-instruct,NONE,llama-3.3-70b-versatile,NONE,True
O_ISAC_132,7E,space_satellite,space communication,fuzzy:89.47368421052632,NONE,The text provides references to research papers on integrated sensing and communication but does not mention space satellites.,"- [35] S. Jia et al., ""A unified system with integrated generation of highspeed communication and high-resolution sensing signals based on THz photonics,"" *J. Lightw. Technol.*, vol. 36, no. 19, pp. 4549–4556, Oct. 2018.",457,457,Broadband Photon-Assisted Terahertz Communication and Sensing > REFERENCES,,,hybrid,6g_networks,6g_networks,,The paper discusses the application of photon-assisted technology for terahertz communication and sensing in 6G networks.,Terahertz communication and sensing,meta-llama/llama-4-scout-17b-16e-instruct,INDIRECT,llama-3.3-70b-versatile,NONE,True
O_ISAC_132,7E,space_satellite,space communication,fuzzy:89.47368421052632,NONE,"The provided snippet does not mention space satellites directly. It discusses radar-communication systems, terahertz high-speed data communication, and radar sensing systems, but does not explicitly relate these to space satellites.","- [70] Y.Wang et al., ""Integrated high-resolution radar and long-distance communication based-on photonic in terahertz band,"" *J. Lightw. Technol.*, vol. 40, no. 9, pp. 2731–2738, May 2022.",496,496,Broadband Photon-Assisted Terahertz Communication and Sensing > REFERENCES,,,hybrid,6g_networks,6g_networks,,The paper discusses the application of photon-assisted technology for terahertz communication and sensing in 6G networks.,Terahertz communication and sensing,meta-llama/llama-4-scout-17b-16e-instruct,NONE,llama-3.3-70b-versatile,NONE,True
O_ISAC_132,7E,space_satellite,space communication,fuzzy:89.47368421052632,NONE,"This snippet focuses on terahertz communication techniques, channel modeling, and capacity analysis for wireless nanonetworks and high-speed communication systems. There is no direct or indirect mention of space satellites in the context provided.","- [72] T. Zhou et al., ""Terahertz direct modulation techniques for high-speed communication systems,"" *China Commun.*, vol. 18, no. 5, pp. 221–244, 2021.",499,499,Broadband Photon-Assisted Terahertz Communication and Sensing > REFERENCES,,,hybrid,6g_networks,6g_networks,,The paper discusses the application of photon-assisted technology for terahertz communication and sensing in 6G networks.,Terahertz communication and sensing,meta-llama/llama-4-scout-17b-16e-instruct,NONE,llama-3.3-70b-versatile,NONE,True
O_ISAC_133,7E,space_satellite,satellite communication systems,fuzzy:86.20689655172413,NONE,The context does not mention space_satellite explicitly or implicitly.,# Passive Sensing Technique Using Cyclic Prefix in Power-Constrained Optical Wireless Communication Systems,5,5,Passive Sensing Technique Using Cyclic Prefix in Power-Constrained Optical Wireless Communication Systems,,,wireless_fso,indoor_positioning,indoor_positioning,automotive_transportation;indoor_environments,UAV-based IPSAC scenario,UAV-based IPSAC scenario,meta-llama/llama-4-scout-17b-16e-instruct,NONE,llama-3.3-70b-versatile,NONE,True
O_ISAC_133,7E,space_satellite,space communication,fuzzy:89.47368421052632,NONE,The context does not mention space_satellite explicitly or implicitly.,"For drone target detection, this section provides a comparative analysis of the communication and sensing performance of DCO-OFDM, ACO-OFDM, and CEO-OFDM under the same effective data transmission rate. Although CEO-OFDM occupies a wider bandwidth, resulting in reduced spectral efficiency, this bandwidth expansion enhances communication reliability and improves sensing accuracy. Consequently, a favorable balance is achieved between bandwidth utilization and overall system performance. It is important to mention that the parameters employed in this section adhere to the standard values outlined in Table I, which align with the typical settings found in the reference paper [40].",271,271,B. Estimation of Distance and velocity in Passive Sensing Process > C. CRLB Estimation of Passive Sensing > IV. PERFORMANCE ANALYSIS,,,wireless_fso,indoor_positioning,indoor_positioning,automotive_transportation;indoor_environments,UAV-based IPSAC scenario,UAV-based IPSAC scenario,meta-llama/llama-4-scout-17b-16e-instruct,NONE,llama-3.3-70b-versatile,NONE,True
O_ISAC_133,7E,space_satellite,satellite communication,lexical,INDIRECT,The context mentions 'satellite communication' which is related to space_satellite.,"Dianbin Lian received the B.S. degree in electrical engineering and the M.S. degree in electronics engineering from Northwestern Polytechnical University (NWPU), Xi'an, China, in 2001 and 2004, respectively.,He was a Senior Engineer with ZTE. He is currently a Research Fellow with NWPU. His research interests include digital signal processing, stochastic signal processing, satellite communication, machine learning, data mining, and wireless communications.",428,428,B. Estimation of Distance and velocity in Passive Sensing Process > C. CRLB Estimation of Passive Sensing > IV. PERFORMANCE ANALYSIS > REFERENCES,,,wireless_fso,indoor_positioning,indoor_positioning,automotive_transportation;indoor_environments,UAV-based IPSAC scenario,UAV-based IPSAC scenario,meta-llama/llama-4-scout-17b-16e-instruct,INDIRECT,llama-3.3-70b-versatile,INDIRECT,True
O_ISAC_133,7E,space_satellite,satellite communication,lexical,INDIRECT,The context mentions 'satellite navigation' and 'satellite communication' which are related to space_satellite.,"Yan Gao received the B.S. degree from Northwestern University, Xi'an, China, in 2011, and the M.S. degree from the City University of Hong Kong, in 2013.,From 2014 to 2015, she was a Visiting Scholar with West Virginia University. She is currently a Lecturer with Xi'an University. Her current research interests include signal systems, data and information engineering, digital signal processing, Polytechnical University and Texas Instruments. He has undertaken numerous national key projects and many of the research projects he has completed have played significant roles in local areas. His research interests include satellite communication and navigation, visual navigation, integrated navigation, collaborative navigation, and signal processing.",436,436,B. Estimation of Distance and velocity in Passive Sensing Process > C. CRLB Estimation of Passive Sensing > IV. PERFORMANCE ANALYSIS > REFERENCES,,,wireless_fso,indoor_positioning,indoor_positioning,automotive_transportation;indoor_environments,UAV-based IPSAC scenario,UAV-based IPSAC scenario,meta-llama/llama-4-scout-17b-16e-instruct,INDIRECT,llama-3.3-70b-versatile,INDIRECT,True
O_ISAC_135,7E,space_satellite,satellite comms,fuzzy:85.71428571428572,INDIRECT,"The text mentions 'Satellite observation of near-source volcanic plumes and distal ash clouds' which implies the use of space satellites, but does not directly discuss the concept of space satellites themselves.",Satellite observation of near-source volcanic plumes and distal ash clouds at a global scale is typically carried out by,33,33,Multisatellite Multisensor Observations of a Sub-Plinian Volcanic Eruption: The 2015 Calbuco Explosive Event in Chile > I. Introduction,,,hybrid,volcanic_ash_detection,volcanic_ash_detection,underwater_harsh,The 2015 Calbuco volcanic eruption in Chile,Calbuco_volcanic_eruption,meta-llama/llama-4-scout-17b-16e-instruct,INDIRECT,llama-3.3-70b-versatile,INDIRECT,True
O_ISAC_135,7E,space_satellite,satellite link,fuzzy:85.71428571428572,DIRECT,"The snippet explicitly mentions several space satellites (e.g., VIIRS, ATMS, MODIS, CALIPSO) and their observations of the Calbuco volcanic eruption, directly relating to the concept of space satellites.",The above list of active and passive satellite instruments provides an unprecedented picture of the Calbuco sub-Plinian eruption ranging from VIS–IR (0.512–12.013  $\mu$ m) to MW,43,43,Multisatellite Multisensor Observations of a Sub-Plinian Volcanic Eruption: The 2015 Calbuco Explosive Event in Chile > I. Introduction,,,hybrid,volcanic_ash_detection,volcanic_ash_detection,underwater_harsh,The 2015 Calbuco volcanic eruption in Chile,Calbuco_volcanic_eruption,meta-llama/llama-4-scout-17b-16e-instruct,DIRECT,,,False
O_ISAC_135,7E,space_satellite,satellite link,fuzzy:85.71428571428572,INDIRECT,"The text mentions 'LEO-satellite single overpass time sampling' and 'spaceborne MW radiometer', which refers to the use of satellites in space, but does not directly discuss the concept of space satellites themselves.","where  $a_f = 140$  and  $b_f = 4.15$  are semiempirical coefficients for a sub-Plinian eruption. By (5), we can transform the MW-based estimate of plume top height, close to volcano vent, into MFR even though the LEO-satellite single overpass time sampling may affect this retrieval whose value may be influenced by plume bending above the neutral buoyancy level [38]. In this respect, we can retrieve a spatial distribution of plume height  $H_p$  from a spaceborne MW radiometer taking the associated maximum value of  $F_R$  as the best approximation of tephra mass flux.",202,202,*A. MW Detection of Tephra Plume* > B. MW Estimation of Tephra Plume,,,hybrid,volcanic_ash_detection,volcanic_ash_detection,underwater_harsh,The 2015 Calbuco volcanic eruption in Chile,Calbuco_volcanic_eruption,meta-llama/llama-4-scout-17b-16e-instruct,INDIRECT,llama-3.3-70b-versatile,INDIRECT,True
O_ISAC_136,7E,space_satellite,space communication,lexical,DIRECT,"The context mentions 'Near Space Communications' and 'Non-Terrestrial Networks', which directly relate to space satellites.","- [1] Z. Xiao *et al.*, ""Near Space Communications: A New Regime in Space-Air-Ground Integrated Networks,"" *IEEE Wireless Commun.*, vol. 29, no. 6, 2022, pp. 38–45.",237,237,Conclusion > References,,,hybrid,vehicular;industrial_manufacturing;indoor_positioning;environmental_monitoring;critical_infrastructure;fibre_network_monitoring;robotics_autonomy;aerospace_space;uav_aerial;maritime_underwater;security_surveillance;6g_networks,vehicular;industrial_manufacturing;indoor_positioning;environmental_monitoring;critical_infrastructure;fibre_network_monitoring;robotics_autonomy;aerospace_space;uav_aerial;maritime_underwater;security_surveillance;6g_networks,automotive_transportation;indoor_environments;smart_infrastructure;space_satellite;underwater_harsh,"The proposed RYDAR-based ISAC framework is designed for various applications, including ultra-long-range sensing and communication, Earth remote sensing, radio environmental mapping, and underwater sensing and communication.",RYDAR-based ISAC,meta-llama/llama-4-scout-17b-16e-instruct,NONE,llama-3.3-70b-versatile,DIRECT,True
O_ISAC_136,7E,space_satellite,,json,DIRECT,Structured study-level application domain mapping,"The proposed RYDAR-based ISAC framework is designed for various applications, including ultra-long-range sensing and communication, Earth remote sensing, radio environmental mapping, and underwater sensing and communication.",,,,study_level.application.application_domain,vehicular;industrial_manufacturing;indoor_positioning;environmental_monitoring;critical_infrastructure;fibre_network_monitoring;robotics_autonomy;aerospace_space;uav_aerial;maritime_underwater;security_surveillance;6g_networks,hybrid,vehicular;industrial_manufacturing;indoor_positioning;environmental_monitoring;critical_infrastructure;fibre_network_monitoring;robotics_autonomy;aerospace_space;uav_aerial;maritime_underwater;security_surveillance;6g_networks,vehicular;industrial_manufacturing;indoor_positioning;environmental_monitoring;critical_infrastructure;fibre_network_monitoring;robotics_autonomy;aerospace_space;uav_aerial;maritime_underwater;security_surveillance;6g_networks,automotive_transportation;indoor_environments;smart_infrastructure;space_satellite;underwater_harsh,"The proposed RYDAR-based ISAC framework is designed for various applications, including ultra-long-range sensing and communication, Earth remote sensing, radio environmental mapping, and underwater sensing and communication.",RYDAR-based ISAC,json,DIRECT,,,False
O_ISAC_137,7E,space_satellite,satellite link,fuzzy:88.0,INDIRECT,"The concept of space_satellite is related to the context through the mention of 'artificial satellites' and 'satellite communication' in the index terms, but it is not the primary focus of the text.","Satellite laser ranging (SLR) systems require precise time tagging in the order of a few picoseconds to accurately measure the time interval between the emission of a laser pulse and the detection of its response. Traditional SLR systems face challenges such as high noise levels, atmospheric interference, and limitations in time tagger design, resulting in the necessity to use complex gate generators that provide measurement within a very short time window. This study introduces a breakthrough in time tagger technology, enabling continuous event detection. Beyond enhancing SLR capabilities, this innovation opens new prospects for other applications, such as lidar and integrated sensing and communications (ISAC) in space. The research outlines the opportunities presented by continuous event recording, addressing potential limitations and challenges. Additionally, it provides a comprehensive introduction to the concept and presents modeling and practical experiment results conducted at a functioning SLR station.",21,21,CONTINUOUS EVENT RECORDING TECHNOLOGY FOR INTEGRATED SENSING AND COMMUNICATIONS IN SPACE > ABSTRACT,,,wireless_fso,space,aerospace_space,space_satellite,Satellite Laser Ranging (SLR) with integrated sensing and communications,SLR with Continuous Event Recording,meta-llama/llama-4-scout-17b-16e-instruct,INDIRECT,llama-3.3-70b-versatile,INDIRECT,True
O_ISAC_137,7E,space_satellite,satellite communication,lexical,INDIRECT,"Similar to the first snippet, the concept of space_satellite is related to the context through the mention of 'artificial satellites' and 'satellite communication' in the index terms, but it is not the primary focus of the text.","*Index Terms*— Measurement by laser beam, artificial satellites, satellite communication, space debris.",23,23,CONTINUOUS EVENT RECORDING TECHNOLOGY FOR INTEGRATED SENSING AND COMMUNICATIONS IN SPACE > ABSTRACT,,,wireless_fso,space,aerospace_space,space_satellite,Satellite Laser Ranging (SLR) with integrated sensing and communications,SLR with Continuous Event Recording,meta-llama/llama-4-scout-17b-16e-instruct,INDIRECT,llama-3.3-70b-versatile,INDIRECT,True
O_ISAC_137,7E,space_satellite,space communication,fuzzy:85.71428571428572,DIRECT,"This snippet explicitly mentions 'space systems' and 'satellite' in the context of integrated sensing and communications (ISAC) concepts, making it directly related to space satellites.",# 3. INTEGRATION OF LASER RANGING AND OPTICAL COMMUNICATION,75,75,3. INTEGRATION OF LASER RANGING AND OPTICAL COMMUNICATION,,,wireless_fso,space,aerospace_space,space_satellite,Satellite Laser Ranging (SLR) with integrated sensing and communications,SLR with Continuous Event Recording,meta-llama/llama-4-scout-17b-16e-instruct,DIRECT,,,False
O_ISAC_137,7E,space_satellite,satellite link,fuzzy:85.71428571428572,INDIRECT,"The concept of space_satellite is implied through the mention of 'SLR stations' and 'ground station and satellite', indicating a connection to space satellites, but it is not the main topic of discussion.","Employment of time tagger in continuous recording mode allows sending data between SLR stations or between the ground station and satellite using PPM. Using advanced pulse encoding methods, such as TR-PPM, communication, ranging and sensing (lidar) can be performed simultaneously.",97,97,4. CONCLUSIONS,,,wireless_fso,space,aerospace_space,space_satellite,Satellite Laser Ranging (SLR) with integrated sensing and communications,SLR with Continuous Event Recording,meta-llama/llama-4-scout-17b-16e-instruct,INDIRECT,llama-3.3-70b-versatile,INDIRECT,True
O_ISAC_137,7E,space_satellite,,json,DIRECT,Structured study-level application domain mapping,Satellite Laser Ranging (SLR) with integrated sensing and communications,,,,study_level.application.application_domain,space,wireless_fso,space,aerospace_space,space_satellite,Satellite Laser Ranging (SLR) with integrated sensing and communications,SLR with Continuous Event Recording,json,DIRECT,,,False
O_ISAC_138,7E,space_satellite,satellite communication systems,fuzzy:85.71428571428572,NONE,The text does not mention space satellites. It discusses beamforming for UAV-to-UAV communications and a multi-modal perception-assisted fusion network.,"*Abstract*—With the rapid growth of the low-altitude economy, emerging applications such as urban air mobility and smart logistics demand reliable and low-latency beamforming for unmanned aerial vehicle-to-vehicle (UAV-to-UAV, U2U) communications in millimeter-wave (mmWave) bands under highly dynamic and non-line-of-sight (NLOS) conditions. Traditional beam alignment methods relying on exhaustive search or channel feedback incur heavy training overhead and degraded accuracy in rapidly varying environments. To address these challenges, we propose multi-modal perception-assisted fusion network (MPFusionNet), a multi-modal perception-enhanced Transformer framework for predictive beamforming. Our approach leverages heterogeneous onboard sensing data including global positioning system (GPS), red-green-blue (RGB) cameras, LiDAR, and radar altimeters, incorporates a dynamic time warping (DTW)-based alignment mechanism, and embeds geometry-aware priors within a perceiver input-output (PerceiverIO)-based fusion architecture to achieve robust spatiotemporal representation. Experiments on a simulated U2U dataset show that MPFusionNet attains a top-3 beam prediction accuracy of 97.59%, substantially surpassing conventional models. These results demonstrate the effectiveness of multi-modal learning in improving robustness and generalization of predictive beamforming for future autonomous aerial communication systems.",9,9,MPFusionNet: Transformer-Based Multi-Modal Perception Fusion for Predictive Beamforming in Low-Altitude UAV Communication Networks,,,hybrid,uav_communication,uav_aerial,automotive_transportation,Low-altitude UAV-to-UAV communication in mmWave bands,Low-altitude UAV-to-UAV communication,meta-llama/llama-4-scout-17b-16e-instruct,INDIRECT,llama-3.3-70b-versatile,NONE,True
O_ISAC_138,7E,space_satellite,satellite communication,lexical,INDIRECT,"The text mentions 'satellite communication power amplifiers' in one of the references, which is related to space satellites, but it is not the main topic of the text.","- [50] G. Zhao, K. Ying, Q. Wen, L. Zhao, J. Pang, P. Jia, M. Zhou, and L. Gui, ""Analysis and behavioral modeling using augmented transformer for satellite communication power amplifiers,"" *IEEE Internet Things J.*, vol. 12, pp. 11994–12007, Dec. 2025.",550,550,V. CONCLUSION > ACKNOWLEDGMENTS > REFERENCES,,,hybrid,uav_communication,uav_aerial,automotive_transportation,Low-altitude UAV-to-UAV communication in mmWave bands,Low-altitude UAV-to-UAV communication,meta-llama/llama-4-scout-17b-16e-instruct,INDIRECT,llama-3.3-70b-versatile,INDIRECT,True
O_ISAC_141,7E,space_satellite,satellite communication systems,fuzzy:87.09677419354838,NONE,"The provided snippet does not mention or relate to space satellites in any direct or indirect manner. It appears to discuss various topics in signal processing, wireless communication, and computational complexity, without any connection to space satellites.","- <span id=""page-7-14""></span>[\[21\]](#page-2-4) G. Wang, F. Gao, R. Fan, and C. Tellambura, ""Ambient backscatter communication systems: Detection and performance analysis,"" *IEEE Trans. Commun.*, vol. 64, no. 11, pp. 4836–4846, Nov. 2016.",324,324,VI. CONCLUSION > REFERENCES,,,wireless,vehicular;industrial_manufacturing;security_surveillance,vehicular;industrial_manufacturing;security_surveillance,automotive_transportation;smart_infrastructure,"The system is designed for ISAC-enabled ABC-assisted cellular networks, where UPWDs communicate with a BS using ABC and PD-NOMA.",ISAC-enabled ABC-assisted cellular network,meta-llama/llama-4-scout-17b-16e-instruct,NONE,llama-3.3-70b-versatile,NONE,True
O_ISAC_142,7E,space_satellite,satellite communication,lexical,INDIRECT,"The text mentions aerial platforms such as UAVs or balloons, which can be related to space satellites in terms of aerial or space-based platforms, but does not directly mention space satellites.","<span id=""page-16-5""></span><span id=""page-16-4""></span>Furthermore, the application of IS to other types of airborne systems such as low Earth orbit (LEO) satellite communication is an emerging direction of high interest. Specifically, LEO satellite communication systems suffer from the large Doppler effect due to the high mobility of satellites, while its unfavorable effects on signal quality can <span id=""page-16-7""></span><span id=""page-16-6""></span>be effectively mitigated by ISs [\[38\],](#page-30-37) [\[191\]](#page-33-29). In addition, the qualities of satellite-terrestrial and intersatellite links can be improved by utilizing ISs. For example, a new ISaided satellite communication system with two-sided cooperative ISs has been proposed, where the communications between the LEO satellite and various ground nodes are enhanced by distributed ISs deployed near them [\[192\].](#page-33-30) Zheng et al. [\[192\]](#page-33-30) also proposed an efficient cooperative beamforming design and a practical transmission protocol to achieve distributed channel estimation and beam tracking, and demonstrated the substantial performance gain and great potential of the IS-aided satellite communication. Nevertheless, to be more widely used in practice, the effects of aerial IS's mobility (e.g., trajectory drifts due to hardware imperfections) on system performance deserve further investigation.",392,392,"<span id=""page-14-1""></span>**B. Deployment**",,,hybrid,6g_networks,6g_networks,,"The paper discusses the potential applications of Intelligent Surfaces (ISs) in 6G wireless networks, including immersive communication, hyper-reliable and low-latency communication, and massive communication.",IS-aided wireless communication,meta-llama/llama-4-scout-17b-16e-instruct,INDIRECT,llama-3.3-70b-versatile,INDIRECT,True
O_ISAC_142,7E,space_satellite,space communication,fuzzy:89.47368421052632,NONE,There is no mention of space satellites or related concepts in this snippet.,"<span id=""page-17-2""></span>From a network functionality and information transmission perspective, we can classify ISs into two types depending on their roles in the network: relay-type IS and transmitter-type IS [\[199\].](#page-33-37) Specifically, an individual IS can function as either a relay or a transmitter, depending on its functionality and the specific use cases. Relay-type IS, as depicted in Fig. [12](#page-18-0) and discussed in Section [II-B,](#page-14-1) is strategically positioned between the source (e.g., BS) and the destination (e.g., users) to enhance communication performance between them, especially when the direct link is considerably weak or obstructed. On the other hand, transmitter-type IS is an integral part of the transmitter, participating in its signaling and modulation processes, as <span id=""page-17-3""></span><span id=""page-17-1""></span>illustrated in Fig. [12.](#page-18-0) A key requirement is the capability for each IS element's phase/amplitude change at the symbol level, which poses a critical challenge in hardware design and implementation. However, with typical symbol periods of current wireless systems like 5G/Wi-Fi being in the order of microseconds, the switching speed of the IS element's phase/amplitude can match the symbol transmission rate [\[200\],](#page-33-38) [\[201\].](#page-33-39) A practical approach for realizing transmitter-type IS is by connecting IS with its aided transmitter via a reliable wired link, thus enabling real-time control of IS reflection on a per-symbol basis. In this section, we focus on the transmitter-type IS and provide an overview of two types of transmitter-type ISbased modulation: amplitude/phase modulation (APM) and index modulation (IM).",414,414,"<span id=""page-14-1""></span>**B. Deployment** > **C. Modulation**",,,hybrid,6g_networks,6g_networks,,"The paper discusses the potential applications of Intelligent Surfaces (ISs) in 6G wireless networks, including immersive communication, hyper-reliable and low-latency communication, and massive communication.",IS-aided wireless communication,meta-llama/llama-4-scout-17b-16e-instruct,NONE,llama-3.3-70b-versatile,NONE,True
O_ISAC_142,7E,space_satellite,satellite communication,lexical,DIRECT,The snippet explicitly mentions 'LEO satellite communications' and the potential application of holographic ISs in integrated terrestrial-satellite networks.,"- 1) *LEO satellite communications:* LEO satellite communications are one promising solution to deliver high-capacity backhaul or data relay services for terrestrial networks. Nonetheless, the high mobility of LEO satellites and the severe path loss pose challenges on antenna technologies in terms of precise beam steering and high antenna gain [\[310\].](#page-35-43) Traditional antennas integrated with user terminals such as dish antennas and phased arrays either require heavy mechanics or costly phase shifters, rendering their adoption in practical systems economically unviable. As a new paradigm to achieve beamforming with low hardware cost and low power consumption, holographic ISs can be adopted in integrated terrestrialsatellite networks to overcome the above limitations. In particular, Kymeta together with Microsoft has developed a commercial holographic IS for satellite communications in the event of natural disasters.",645,645,"<span id=""page-24-3""></span>**B. Omnidirectional IS** > **C. Holographic IS**",,,hybrid,6g_networks,6g_networks,,"The paper discusses the potential applications of Intelligent Surfaces (ISs) in 6G wireless networks, including immersive communication, hyper-reliable and low-latency communication, and massive communication.",IS-aided wireless communication,meta-llama/llama-4-scout-17b-16e-instruct,DIRECT,,,False
O_ISAC_142,7E,space_satellite,space communication,fuzzy:89.47368421052632,NONE,"The text mentions UAVs, which are aerial platforms, but does not mention space satellites or related concepts.","- <span id=""page-30-34""></span>[\[35\]](#page-3-6) S. Zhang, M. Li, M. Jian, Y. Zhao, and F. Gao, ""AIRIS: Artificial intelligence enhanced signal processing in reconfigurable intelligent surface communications,"" *China Commun.*, vol. 18, no. 7, pp. 158–171, Jul. 2021.",723,723,**A c k n o w l e d g m e n t** > **R E F E R E N C E S**,,,hybrid,6g_networks,6g_networks,,"The paper discusses the potential applications of Intelligent Surfaces (ISs) in 6G wireless networks, including immersive communication, hyper-reliable and low-latency communication, and massive communication.",IS-aided wireless communication,meta-llama/llama-4-scout-17b-16e-instruct,NONE,llama-3.3-70b-versatile,NONE,True
O_ISAC_142,7E,space_satellite,satellite networking,fuzzy:85.0,INDIRECT,"The text mentions 'LEO satellite networks' which is related to space satellites, but it is not a direct description or definition of a space satellite.","- <span id=""page-30-37""></span>[\[38\]](#page-3-7) M. Toka et al., ""RIS-empowered LEO satellite networks for 6G: Promising usage scenarios and future directions,"" 2024, *arXiv:2402.07381*.",726,726,**A c k n o w l e d g m e n t** > **R E F E R E N C E S**,,,hybrid,6g_networks,6g_networks,,"The paper discusses the potential applications of Intelligent Surfaces (ISs) in 6G wireless networks, including immersive communication, hyper-reliable and low-latency communication, and massive communication.",IS-aided wireless communication,meta-llama/llama-4-scout-17b-16e-instruct,INDIRECT,llama-3.3-70b-versatile,INDIRECT,True
O_ISAC_142,7E,space_satellite,space communication,fuzzy:89.47368421052632,NONE,There is no mention of space satellites in the given context.,"- <span id=""page-32-47""></span>[\[155\]](#page-0-0) W. Hao, X. You, F. Zhou, Z. Chu, G. Sun, and P. Xiao, ""The far-/near-field beam squint and solutions for THz intelligent reflecting surface communications,"" *IEEE Trans. Veh. Technol.*, vol. 72, no. 8, pp. 10107–10118, Aug. 2023.",857,857,**A c k n o w l e d g m e n t** > **R E F E R E N C E S**,,,hybrid,6g_networks,6g_networks,,"The paper discusses the potential applications of Intelligent Surfaces (ISs) in 6G wireless networks, including immersive communication, hyper-reliable and low-latency communication, and massive communication.",IS-aided wireless communication,meta-llama/llama-4-scout-17b-16e-instruct,NONE,llama-3.3-70b-versatile,NONE,True
O_ISAC_144,7E,space_satellite,satellite connectivity,lexical,INDIRECT,"The concept of space_satellite is indirectly related to the provided snippets through the mention of 'direct-to-satellite connectivity' in reference [12], which implies the use of satellites in communication, but the primary focus of the snippets is on various other topics such as sound source localization, LoRaWAN, LPWAN technologies, and uniform design.","- [12] M. Danyal Khattak, ""Testbed implementation and emulative study of redcap modulation performance for direct-to-satellite connectivity,"" Master's thesis, M. Danyal Khattak, 2024.",223,223,REFERENCES,,,hybrid,concentrated_solar_power,concentrated_solar_power,smart_infrastructure;underwater_harsh,Real-time structural health monitoring of a 50 m^2 heliostat,Heliostat under critical wind load,meta-llama/llama-4-scout-17b-16e-instruct,INDIRECT,llama-3.3-70b-versatile,INDIRECT,True
O_ISAC_145,7E,space_satellite,space communication,fuzzy:89.47368421052632,NONE,"The text does not mention space satellites, it discusses hybrid radio-optical wireless communications and their applications.","The increasing demand for high data rates, reliability, and low latency in applications such as autonomous vehicles, smart cities, and the Internet of Things (IoT) has exposed the limitations of standalone RF networks. While mature, RF systems face spectrum congestion and interference, necessitating complementary solutions. OWC offers a high-bandwidth, interference-free alternative by leveraging unlicensed optical spectra and existing lighting infrastructure [\[4\]](#page-12-3). By dynamically balancing network load, hybrid RF-OWC systems enhance communication reliability and Energy Efficiency (EE). In this study, we focus on *in-body Wireless Body Area Networks (WBANs)*, arguably the most demanding hybrid use-case, where implant depth, tissue-dependent attenuation, and strict power-density limits pose unique challenges to secrecy and energy efficiency. In-body WBANs uniquely combine very different Ultra Wideband (UWB) and Near-Infrared (NIR)-path losses, intra-/extra-corporeal adversaries, power budgets, and security constraints that our Secrecy Energy Efficiency (SEE) model jointly embeds.",19,19,"<span id=""page-0-0""></span>Secrecy Energy Efficiency of Hybrid Wireless Body Area Networks > **1 INTRODUCTION**",,,hybrid,healthcare,healthcare,indoor_environments,"The system is designed for healthcare applications, where the in-body device is used to monitor vital signs and transmit data to the on-body device.",Hybrid RF-OWC system with jamming receiver,meta-llama/llama-4-scout-17b-16e-instruct,NONE,llama-3.3-70b-versatile,NONE,True
O_ISAC_145,7E,space_satellite,space communication,fuzzy:89.47368421052632,NONE,"The text does not mention space satellites, it discusses plantable medical technologies, energy-efficient capabilities, and Semantic Communication in hybrid networks.","UWB technology is a key enabler for short-range, high-speed communication in hybrid networks. Its broad bandwidth and low power requirements make it ideal for precise localization and high-throughput applications, particularly in in-body-to-body communication scenarios [29]. Similarly, NIR communication, with its ability to transmit data securely and efficiently through biological tissues, complements UWB and RF technologies, further enhancing the capabilities of hybrid systems in healthcare and IoT applications [2], [12].",92,92,"<span id=""page-0-0""></span>Secrecy Energy Efficiency of Hybrid Wireless Body Area Networks > <span id=""page-2-0""></span>**2 BACKGROUND**",,,hybrid,healthcare,healthcare,indoor_environments,"The system is designed for healthcare applications, where the in-body device is used to monitor vital signs and transmit data to the on-body device.",Hybrid RF-OWC system with jamming receiver,meta-llama/llama-4-scout-17b-16e-instruct,NONE,llama-3.3-70b-versatile,NONE,True
O_ISAC_148,7E,space_satellite,,json,DIRECT,Structured study-level application domain mapping,The use of multi-sensor satellite data to document and analyze flood and fire events affecting cultural heritage sites in the Middle East.,,,,study_level.application.application_domain,cultural_heritage;environmental_monitoring,hybrid,cultural_heritage;environmental_monitoring,cultural_heritage;environmental_monitoring,smart_infrastructure;space_satellite,The use of multi-sensor satellite data to document and analyze flood and fire events affecting cultural heritage sites in the Middle East.,Flood event at Sergiopolis;Fire event at Apamea,json,DIRECT,,,False
O_ISAC_149,7E,space_satellite,,json,DIRECT,Structured study-level application domain mapping,Flight test support for aircraft,,,,study_level.application.application_domain,aerospace_space;uav_aerial,hybrid,aerospace_space;uav_aerial,aerospace_space;uav_aerial,automotive_transportation;space_satellite,Flight test support for aircraft,Flight test support for F-104 aircraft,json,DIRECT,,,False
O_ISAC_150,7E,space_satellite,satellite link,fuzzy:85.71428571428572,INDIRECT,"The mention of 'Satellite integration' implies a connection to space satellites, although it does not directly discuss them.",| Satellite integration        | No                 | No              | Fully                  |,156,156,**II. TRENDS IN MOBILE COMMUNICATIONS** > **III. SPECIFICATIONS AND REQUIREMENTS**,,,hybrid,vehicular;industrial_manufacturing;indoor_positioning;environmental_monitoring;critical_infrastructure;fibre_network_monitoring;robotics_autonomy;aerospace_space;uav_aerial;maritime_underwater;security_surveillance;6g_networks,vehicular;industrial_manufacturing;indoor_positioning;environmental_monitoring;critical_infrastructure;fibre_network_monitoring;robotics_autonomy;aerospace_space;uav_aerial;maritime_underwater;security_surveillance;6g_networks,automotive_transportation;indoor_environments;smart_infrastructure;space_satellite;underwater_harsh,"The paper discusses various applications of 6G wireless communication systems, including vehicular, industrial manufacturing, indoor positioning, environmental monitoring, critical infrastructure, fibre network monitoring, robotics autonomy, aerospace space, UAV aerial, maritime underwater, security surveillance, and 6G networks.",6G Wireless Communication System,meta-llama/llama-4-scout-17b-16e-instruct,INDIRECT,llama-3.3-70b-versatile,INDIRECT,True
O_ISAC_150,7E,space_satellite,space communication,fuzzy:86.48648648648648,NONE,There is no mention or implication of space satellites in the given context.,- AI integrated communication,181,181,**II. TRENDS IN MOBILE COMMUNICATIONS** > **III. SPECIFICATIONS AND REQUIREMENTS** > *A. SERVICE REQUIREMENTS*,,,hybrid,vehicular;industrial_manufacturing;indoor_positioning;environmental_monitoring;critical_infrastructure;fibre_network_monitoring;robotics_autonomy;aerospace_space;uav_aerial;maritime_underwater;security_surveillance;6g_networks,vehicular;industrial_manufacturing;indoor_positioning;environmental_monitoring;critical_infrastructure;fibre_network_monitoring;robotics_autonomy;aerospace_space;uav_aerial;maritime_underwater;security_surveillance;6g_networks,automotive_transportation;indoor_environments;smart_infrastructure;space_satellite;underwater_harsh,"The paper discusses various applications of 6G wireless communication systems, including vehicular, industrial manufacturing, indoor positioning, environmental monitoring, critical infrastructure, fibre network monitoring, robotics autonomy, aerospace space, UAV aerial, maritime underwater, security surveillance, and 6G networks.",6G Wireless Communication System,meta-llama/llama-4-scout-17b-16e-instruct,NONE,llama-3.3-70b-versatile,NONE,True
O_ISAC_150,7E,space_satellite,satellite communication,lexical,DIRECT,"The snippet explicitly discusses 'Satellite Integrated Network' and the importance of integrating terrestrial, satellite, and airborne networks into a single wireless system for 6G, directly relating to space_satellite.","*Satellite Integrated Network:* Satellite communication is a must to provide ubiquitous connectivity. It is almost unconstrained geographical circumstances. It can support a seamless global coverage of various geographic locations such as land, sea, air, and sky to serve the user's ubiquitous connectivity. Hence, to provide always-on broadband global mobile collectivity, it is expected to integrate terrestrial and satellite systems to achieve the goal of 6G. Integrating terrestrial, satellite, and airborne networks into a single wireless system will be crucial for 6G. Only this integration can achieve the demand of uMUB services.",191,191,*B. NEW NETWORK CHARACTERISTICS*,,,hybrid,vehicular;industrial_manufacturing;indoor_positioning;environmental_monitoring;critical_infrastructure;fibre_network_monitoring;robotics_autonomy;aerospace_space;uav_aerial;maritime_underwater;security_surveillance;6g_networks,vehicular;industrial_manufacturing;indoor_positioning;environmental_monitoring;critical_infrastructure;fibre_network_monitoring;robotics_autonomy;aerospace_space;uav_aerial;maritime_underwater;security_surveillance;6g_networks,automotive_transportation;indoor_environments;smart_infrastructure;space_satellite;underwater_harsh,"The paper discusses various applications of 6G wireless communication systems, including vehicular, industrial manufacturing, indoor positioning, environmental monitoring, critical infrastructure, fibre network monitoring, robotics autonomy, aerospace space, UAV aerial, maritime underwater, security surveillance, and 6G networks.",6G Wireless Communication System,meta-llama/llama-4-scout-17b-16e-instruct,DIRECT,,,False
O_ISAC_150,7E,space_satellite,satellite communication,fuzzy:86.95652173913044,DIRECT,"Similar to idx 2, this snippet directly discusses 'Satellite Integrated Network' and its role in providing ubiquitous connectivity and achieving the goals of 6G, directly relating to space_satellite.","*Connected Intelligence:* In contrast to the earlier generation of wireless communication systems, 6G will be transformative, and will update the wireless advancement from ""connected things"" to ""connected intelligence"" [\[18\]](#page-16-7). AI will be introduced in each step of the communication process as well as radio resource management. The pervasive introduction of AI will produce a new paradigm of communication systems. Compared to 5G, a complete AI system must be needed for ultra-dense complex network scenarios of 6G, allowing intelligent communication devices to acquire and perform the resource allocation process [\[19\]](#page-16-8).",193,193,*B. NEW NETWORK CHARACTERISTICS*,,,hybrid,vehicular;industrial_manufacturing;indoor_positioning;environmental_monitoring;critical_infrastructure;fibre_network_monitoring;robotics_autonomy;aerospace_space;uav_aerial;maritime_underwater;security_surveillance;6g_networks,vehicular;industrial_manufacturing;indoor_positioning;environmental_monitoring;critical_infrastructure;fibre_network_monitoring;robotics_autonomy;aerospace_space;uav_aerial;maritime_underwater;security_surveillance;6g_networks,automotive_transportation;indoor_environments;smart_infrastructure;space_satellite;underwater_harsh,"The paper discusses various applications of 6G wireless communication systems, including vehicular, industrial manufacturing, indoor positioning, environmental monitoring, critical infrastructure, fibre network monitoring, robotics autonomy, aerospace space, UAV aerial, maritime underwater, security surveillance, and 6G networks.",6G Wireless Communication System,meta-llama/llama-4-scout-17b-16e-instruct,DIRECT,,,False
O_ISAC_150,7E,space_satellite,space communication,fuzzy:89.47368421052632,INDIRECT,"The text mentions 'outer space' as one of the areas where FSO supports high-capacity fronthaul/backhaul connectivity, which is related to space satellites, but does not directly discuss space satellites.","system is comparable with the optical fiber system. Hence, along with the optical fiber networks, FSO is an excellent technology for providing fronthaul/backhaul connectivity in 6G. Using FSO, it is possible to have very long-range communications even at a distance of more than 10,000 km. FSO supports high-capacity fronthaul/backhaul connectivity for remote and non-remote areas, such as the sea, outer space, underwater, isolated islands; FSO also supports cellular BS connectivity. FSO fronthaul/backhaul is a common issue both in 5G and 6G networks. However, FSO is more critical in 6G because (i) it requires higher capacity fronthaul/backhaul connectivity and (ii) it will need more number of remote connectivity compared to 5G. FSO communication can support both of the features and became an essential issue for the 6G communication system to boost the uMUB and uHSLLC services. The LD transmitter produces narrow beams of focused light. These beams are used to establish point-to-point high-data-rate communication links between a transmitter and a receiver. FSO systems use laser technology for signal transmission. Long-distance communication is possible because of optical beamforming in FSO systems. The FSO/RF hybrid system will be one of the critical characteristics of FSO based fronthaul/backhaul connectivity in 6G to overcome the limitations of atmospheric effects [\[45\]](#page-16-32).",298,298,**IV. PROSPECTS AND APPLICATIONS** > **V. FUNDAMENTAL ENABLING TECHNOLOGIES OF 6G**,,,hybrid,vehicular;industrial_manufacturing;indoor_positioning;environmental_monitoring;critical_infrastructure;fibre_network_monitoring;robotics_autonomy;aerospace_space;uav_aerial;maritime_underwater;security_surveillance;6g_networks,vehicular;industrial_manufacturing;indoor_positioning;environmental_monitoring;critical_infrastructure;fibre_network_monitoring;robotics_autonomy;aerospace_space;uav_aerial;maritime_underwater;security_surveillance;6g_networks,automotive_transportation;indoor_environments;smart_infrastructure;space_satellite;underwater_harsh,"The paper discusses various applications of 6G wireless communication systems, including vehicular, industrial manufacturing, indoor positioning, environmental monitoring, critical infrastructure, fibre network monitoring, robotics autonomy, aerospace space, UAV aerial, maritime underwater, security surveillance, and 6G networks.",6G Wireless Communication System,meta-llama/llama-4-scout-17b-16e-instruct,INDIRECT,llama-3.3-70b-versatile,INDIRECT,True
O_ISAC_150,7E,space_satellite,satellite communication systems,fuzzy:87.09677419354838,NONE,"There is no mention of space or space satellites in the given context, which discusses big data analytics and backscatter communication in 6G systems.","*Backscatter Communication:* Ambient backscatter wireless communication enables interaction between two batteryless devices by using existing RF signals such as ambient television and cellular transmissions [\[68\]](#page-17-8). A reasonable data rate can be achieved within a short communication range. Small monitoring signals can be transmitted using sensors that will not consume any power. The battery-less nodes in the backscatter communication systems make it a potential candidate for massive connectivity in the future 6G networks. However, there is a critical requirement of acquiring the exact phase and channel state at the network nodes in such systems. Non-coherent communication can be considered as a promising enabler to meet up these requirements. Moreover, non-coherent backscatter communication can provide optimized resource utilization and service enhancement in network devices [\[69\]](#page-17-9).",332,332,**IV. PROSPECTS AND APPLICATIONS** > **V. FUNDAMENTAL ENABLING TECHNOLOGIES OF 6G**,,,hybrid,vehicular;industrial_manufacturing;indoor_positioning;environmental_monitoring;critical_infrastructure;fibre_network_monitoring;robotics_autonomy;aerospace_space;uav_aerial;maritime_underwater;security_surveillance;6g_networks,vehicular;industrial_manufacturing;indoor_positioning;environmental_monitoring;critical_infrastructure;fibre_network_monitoring;robotics_autonomy;aerospace_space;uav_aerial;maritime_underwater;security_surveillance;6g_networks,automotive_transportation;indoor_environments;smart_infrastructure;space_satellite;underwater_harsh,"The paper discusses various applications of 6G wireless communication systems, including vehicular, industrial manufacturing, indoor positioning, environmental monitoring, critical infrastructure, fibre network monitoring, robotics autonomy, aerospace space, UAV aerial, maritime underwater, security surveillance, and 6G networks.",6G Wireless Communication System,meta-llama/llama-4-scout-17b-16e-instruct,NONE,llama-3.3-70b-versatile,NONE,True
O_ISAC_150,7E,space_satellite,,json,DIRECT,Structured study-level application domain mapping,"The paper discusses various applications of 6G wireless communication systems, including vehicular, industrial manufacturing, indoor positioning, environmental monitoring, critical infrastructure, fibre network monitoring, robotics autonomy, aerospace space, UAV aerial, maritime underwater, security surveillance, and 6G networks.",,,,study_level.application.application_domain,vehicular;industrial_manufacturing;indoor_positioning;environmental_monitoring;critical_infrastructure;fibre_network_monitoring;robotics_autonomy;aerospace_space;uav_aerial;maritime_underwater;security_surveillance;6g_networks,hybrid,vehicular;industrial_manufacturing;indoor_positioning;environmental_monitoring;critical_infrastructure;fibre_network_monitoring;robotics_autonomy;aerospace_space;uav_aerial;maritime_underwater;security_surveillance;6g_networks,vehicular;industrial_manufacturing;indoor_positioning;environmental_monitoring;critical_infrastructure;fibre_network_monitoring;robotics_autonomy;aerospace_space;uav_aerial;maritime_underwater;security_surveillance;6g_networks,automotive_transportation;indoor_environments;smart_infrastructure;space_satellite;underwater_harsh,"The paper discusses various applications of 6G wireless communication systems, including vehicular, industrial manufacturing, indoor positioning, environmental monitoring, critical infrastructure, fibre network monitoring, robotics autonomy, aerospace space, UAV aerial, maritime underwater, security surveillance, and 6G networks.",6G Wireless Communication System,json,DIRECT,,,False
O_ISAC_152,7E,space_satellite,space communication,fuzzy:89.47368421052632,NONE,"The provided text snippet does not mention space satellites directly. It discusses various research papers related to microwave photonic processing, radar detection, and communication systems, but does not explicitly mention space satellites.","- [21] Y. Wang, *et al*., ""Integrated High-Resolution Radar and Long-Distance Communication Based-on Photonic in Terahertz Band,"" *J. Lightwave Technol.*, May 2022, vol. 40, no. 9, pp. 2731-2738, doi: 10.1109/JLT.2022.3143849",215,215,REFERENCES,,,hybrid,6g_networks,6g_networks,,"The proposed system is designed for joint radar ranging, wireless communications, and spectrum sensing in a 6G network scenario.",Indoor Radar Ranging and Wireless Communications,meta-llama/llama-4-scout-17b-16e-instruct,NONE,llama-3.3-70b-versatile,NONE,True
O_ISAC_154,7E,space_satellite,satellite link,fuzzy:85.71428571428572,DIRECT,"The text explicitly mentions a satellite (NPP satellite) which is a type of space satellite, directly referencing the concept.","The Calbuco eruption has been observed by VIIRS radiometer aboard the NPP satellite in two subsequent overpasses on April 23 at 05:08 and 19:08 UTC. Its imagery is shown in Figs. 2 and 3 where BTD is also computed. From negative BTD it is possible to derive the dispersal ash cloud mask in both images, but in Fig. 2 it is noted a region closer to the Calbuco vent where BTD is almost zero, but BTs clearly shows a depression due to tephra plume characterized by larger particles. This suggests that BTD cannot be used for plume discrimination near the source, but only for dispersal and distant ash cloud tracking (if no meteorological clouds are mixed or superimposed).",46,46,**SPACEBORNE MICROWAVE AND INFRARED RADIOMETRIC OBSERVATIONS DURING THE SUBPLINIAN ERUPTION OF CALBUCO VOLCANO IN 2015** > **1. INTRODUCTION** > **2.1. TIR radiometric imaging**,,,hybrid,environmental_monitoring,environmental_monitoring,smart_infrastructure;underwater_harsh,Volcanic ash cloud monitoring,Calbuco volcanic eruption,meta-llama/llama-4-scout-17b-16e-instruct,INDIRECT,llama-3.3-70b-versatile,DIRECT,True
O_ISAC_156,7E,space_satellite,space communication,fuzzy:85.71428571428572,NONE,The snippet does not mention space_satellite or any related concept.,OWC Optical Wireless Communications,118,118,NOMENCLATURE,,,hybrid,iot,iot,smart_infrastructure,IoT networks with multiple devices and base stations,IoT Network with Multiple Devices and Base Stations,meta-llama/llama-4-scout-17b-16e-instruct,NONE,llama-3.3-70b-versatile,NONE,True
O_ISAC_158,7E,space_satellite,space communication,fuzzy:89.47368421052632,NONE,"The text does not mention space satellites or any related concepts, focusing instead on 6G network development and management.","The cycle for 6G development, from the conceptual level to field trials and final deployment, will take many years to come, and we will probably see the first 6G live network by 2030. However, it is very important to start defining the new technologies that could define the pillars for 6G and what could be the new technical 6G standard. Since we are looking at the next wave of digitization, future standard committees need to be more diverse and bring together experts from telecom, cloud, software, and application developer industries. To this point, academics and technology visionary specialists could also contribute to 6G standards through their ideas and solutions. Given the significant progress that humanity made with cellular communications during the past 40 years, it is important to remain adventurous and bold in terms of new visions. It is important to get all experts around the table to define how we could develop a carbon-efficient, secure, trustworthy, and user-friendly network that unleashes digital economies around the emerging trends of fully autonomous systems, the metaverse, and future digital twins. 6G could be a turning point for societies from every social and industrial aspect, and we need to combine the right ideas with technical elements to demonstrate new advanced communication networks. IEEE Future Networks created various projects, such as the Connecting the Unconnected Challenge, a 5G/6G testbed, and many others, to gather passionate researchers who are willing to contribute to 5G/6G evolutions. This series in *IEEE Vehicular Technology Magazine* is one of the most prominent activities to document how to develop, launch, and maintain 6G networks.",25,25,*From the Guest Editors* > 6G Fabric Compiles Microdomains for Sophisticated Service Delivery,,,hybrid,vehicular;industrial_manufacturing;6g_networks,vehicular;industrial_manufacturing;6g_networks,automotive_transportation;smart_infrastructure,"The paper discusses various 6G technologies and applications, including reconfigurable holographic surfaces, AI-based channel extrapolation, and joint communication and sensing.",6G Network with Reconfigurable Holographic Surface,meta-llama/llama-4-scout-17b-16e-instruct,NONE,llama-3.3-70b-versatile,NONE,True
O_ISAC_159,7E,space_satellite,space communication,fuzzy:89.47368421052632,NONE,The text does not mention space satellites directly or indirectly.,"<span id=""page-1-2""></span>The existing sub-6GHz frequency bands struggle to meet the demands of 6G infrastructure for high-speed communication and high-precision sensing. The millimeter-wave (mmW) and terahertz (THz) frequency bands, with their abundant available bandwidth, can address these urgent needs. As a result, mmW and THz ISAC have become increasingly feasible in recent years through well-established electronic technologies and increasingly mature photonic technologies. However, due to the well-known electronic bottlenecks, the challenge of implementing high-frequency and wide-band ISAC systems using conventional electronic methods remains unresolved [\[9\]](#page-9-8), [\[10\]](#page-9-9). Compared with conventional all-solid-state electronic systems, photonics-based approaches can naturally provide ultra-wide bandwidth and are easy to integrate seamlessly with the existing passive optical networks [\[11\]](#page-9-10), [\[12\]](#page-9-11), [\[13\]](#page-9-12), [\[14\]](#page-9-13).",35,35,I. INTRODUCTION,,,hybrid,6g_networks,6g_networks,,"The system is designed for 6G networks, which require high data rates and high-resolution sensing.",Indoor D-band ISAC,meta-llama/llama-4-scout-17b-16e-instruct,NONE,llama-3.3-70b-versatile,NONE,True
O_ISAC_159,7E,space_satellite,space communication,fuzzy:89.47368421052632,NONE,The text does not mention space satellites directly or indirectly.,"The TDM schemes, wherein radar and communication functions are allocated to different time slots, are recognized for their straightforward architecture. A simple photonicsbased JRC system with a data rate of 68.6 Gbps and a sensing resolution better than 1.95 cm in W band was presented by using the TDM technology [\[14\]](#page-9-13). To achieve higher operating frequency bands, a photonic THz JRC system that integrates high-resolution radar and long-distance communication by the combination of orthogonal frequency-division multiplexing (OFDM) signals and linear frequency-modulated continuous waves (LFMCWs) in the time domain was experimentally demonstrated [\[15\]](#page-9-14). The FDM schemes, wherein two functions <span id=""page-1-1""></span>are allocated to distinct frequency bands, offer greater flexibility. In [\[17\]](#page-9-16), by using the FDM mechanism, a novel photonics-based JRC system was proposed. Although the multi-band fusion algorithms were used to achieve a 3-mm radial resolution, the effective communication rate was only 40 Gbps, resulting in a DIRQ of <sup>41</sup>.<sup>9</sup> <sup>×</sup> <sup>10</sup>-2*bit*·*s*/*m*2. To improve spectrum efficiency, a photonic FDM mmW JRC system based on sparse sub-bands fusion was proposed and experimentally demonstrated in [\[18\]](#page-10-0). However, a sophisticated particle swarm optimization algorithm was applied to enhance the spectral efficiency of the sensing function. Moreover, to enable flexible switching between high-resolution sensing and high-speed communication, time-frequency-division multiplexing (TFDM) waveforms were designed, resulting in a DIRQ of <sup>6</sup>.35×10-2*bit*·*s*/*m*<sup>2</sup> [\[16\]](#page-9-15). The CTCF mechanisms, generally have better utilization of time-frequency resources than the TDM and FDM mechanisms, making it promising to meet the high-performance requirements of sensing and communication functions. In [\[19\]](#page-10-1), [\[21\]](#page-10-3), [\[22\]](#page-10-4), [\[24\]](#page-10-6), CTCF ISAC systems were experimentally demonstrated through amplitude modulation or angle modulation. However, the amplitude modulation of an LFMCW faces the challenge of envelope change and low data rate [\[21\]](#page-10-3). The angle modulation of an LFMCW also faces spectrum broadening, resulting in limited spectral efficiency [\[24\]](#page-10-6). To increase DIRQ, a photonics-aided W-band ISAC system was proposed and experimentally verified by using the dual-function OFDM signals [\[20\]](#page-10-2), [\[23\]](#page-10-5). In [\[23\]](#page-10-5), although high time-frequency efficiency was realized with a DIRQ of <sup>18</sup>.17×10-2*bit*·*s*/*m*2, the high peak-to-average power ratio (PAPR) of OFDM signals may impact the sensing resolution and communication transmission quality. From Table [1,](#page-2-0) most literature finds it challenging for system performance to achieve both high IRQ and high DIRQ simultaneously. Therefore, it is essential to improve the time-frequency efficiency of ISAC waveforms alongside ISAC system performance.",39,39,I. INTRODUCTION,,,hybrid,6g_networks,6g_networks,,"The system is designed for 6G networks, which require high data rates and high-resolution sensing.",Indoor D-band ISAC,meta-llama/llama-4-scout-17b-16e-instruct,NONE,llama-3.3-70b-versatile,NONE,True
O_ISAC_159,7E,space_satellite,space communication,fuzzy:85.71428571428572,INDIRECT,"The text mentions 'free space' which could be related to space satellites, but it's not a direct mention.","It can be seen that an ISAC signal with a frequency equal to the frequency separation of two selected coherent tones is successfully obtained. Moreover, the THz ISAC signal has an ultra-stable frequency due to using the coherent OFC. In free space, a portion of the THz ISAC signal is reflected back to the Tx for radar sensing, while another portion is downlinked to the user for wireless communication.",111,111,"**II. PRINCIPLE** > <span id=""page-2-2""></span>A. ISAC TRANSMITTER",,,hybrid,6g_networks,6g_networks,,"The system is designed for 6G networks, which require high data rates and high-resolution sensing.",Indoor D-band ISAC,meta-llama/llama-4-scout-17b-16e-instruct,INDIRECT,llama-3.3-70b-versatile,INDIRECT,True
O_ISAC_159,7E,space_satellite,space communication,fuzzy:89.47368421052632,NONE,The text does not mention space satellites directly or indirectly.,"- <span id=""page-9-1""></span>[2] S. Jia et al., ""A unified system with integrated generation of high-speed communication and high-resolution sensing signals based on THz photonics,"" *J. Lightw. Technol.*, vol. 36, no. 19, pp. 4549–4556, Oct. 1, 2018.",280,280,"*D. DISCUSSION* > IV. CONCLUSION > <span id=""page-9-0""></span>**REFERENCES**",,,hybrid,6g_networks,6g_networks,,"The system is designed for 6G networks, which require high data rates and high-resolution sensing.",Indoor D-band ISAC,meta-llama/llama-4-scout-17b-16e-instruct,NONE,llama-3.3-70b-versatile,NONE,True
O_ISAC_159,7E,space_satellite,space communication,fuzzy:89.47368421052632,NONE,"The provided snippet does not directly mention or relate to space satellites. It discusses various research papers on topics like millimeter-wave/terahertz wireless communication, radar sensing, and integrated sensing and communication systems, but does not explicitly mention space satellites.","- <span id=""page-9-6""></span>[7] Y. Wang et al., ""Photonics-assisted joint high-speed communication and high-resolution radar detection system,"" *Opt. Lett.*, vol. 46, no. 24, pp. 6103–6106, 2021.",285,285,"*D. DISCUSSION* > IV. CONCLUSION > <span id=""page-9-0""></span>**REFERENCES**",,,hybrid,6g_networks,6g_networks,,"The system is designed for 6G networks, which require high data rates and high-resolution sensing.",Indoor D-band ISAC,meta-llama/llama-4-scout-17b-16e-instruct,NONE,llama-3.3-70b-versatile,NONE,True
O_ISAC_159,7E,space_satellite,space communication,fuzzy:89.47368421052632,NONE,"Similar to the first snippet, this text does not directly mention or relate to space satellites. It continues the discussion on integrated sensing and communication systems, radar-aided flexible communication, and photonic-based systems, without any explicit reference to space satellites.","- <span id=""page-9-14""></span>[15] Y. Wang et al., ""Integrated high-resolution radar and long-distance communication based-on photonic in terahertz band,"" *J. Lightw. Technol.*, vol. 40, no. 9, pp. 2731–2738, May 1, 2022.",293,293,"*D. DISCUSSION* > IV. CONCLUSION > <span id=""page-9-0""></span>**REFERENCES**",,,hybrid,6g_networks,6g_networks,,"The system is designed for 6G networks, which require high data rates and high-resolution sensing.",Indoor D-band ISAC,meta-llama/llama-4-scout-17b-16e-instruct,NONE,llama-3.3-70b-versatile,NONE,True
O_ISAC_160,7E,space_satellite,satellite networking,fuzzy:85.0,INDIRECT,"The text mentions 'satellite networks' as one of the research interests, which is related to space satellites, but does not directly discuss space satellites.","**BOMIN MAO** (Member, IEEE) is currently a Professor with the School of Cybersecurity, Northwestern Polytechnical University, Xi'an, China. His research interests include involving satellite networks, Internet of Things, vehicular networks, and edge computing. He was the recipient several Best Paper awards from international conferences, namely IEEE GLOBECOM'17, GLOBECOM'18, IC-NIDC'18, ICC'23, and WOCC'23, prestigious IEEE COMSOC Asia Pacific Outstanding Paper Award (2020), Niwa Yasujiro Outstanding Paper",364,364,**REFERENCES**,,,wireless_rf,vehicular_networks,vehicular,automotive_transportation,V2X communication scenarios with multi-modal data,V2X scenario with multi-modal data,meta-llama/llama-4-scout-17b-16e-instruct,INDIRECT,llama-3.3-70b-versatile,INDIRECT,True
O_ISAC_160,7E,space_satellite,satellite communication,lexical,INDIRECT,"The text mentions 'satellite communications' as one of the research interests, which is related to space satellites, but does not directly discuss space satellites.","**NEI KATO** (Fellow, IEEE) is currently a Full Professor and the Dean with Graduate School of Information Sciences, Tohoku University, Sendai, Japan. His research interests include computer networking, wireless mobile communications, satellite communications, ad hoc & sensor & mesh networks, UAV networks, smart grid, AI, IoT, Big Data, and pattern recognition. He is the Editor-in-Chief of IEEE INTERNET OF THINGS JOURNAL. He has authored or coauthored more than 500 papers in prestigious peer-reviewed journals and confer-",382,382,**REFERENCES**,,,wireless_rf,vehicular_networks,vehicular,automotive_transportation,V2X communication scenarios with multi-modal data,V2X scenario with multi-modal data,meta-llama/llama-4-scout-17b-16e-instruct,INDIRECT,llama-3.3-70b-versatile,INDIRECT,True
O_ISAC_161,7E,space_satellite,space communication,fuzzy:89.47368421052632,NONE,"The provided snippet does not mention space satellites directly or indirectly. It discusses various topics related to microwave technology, sensing, and communication systems, but does not reference space satellites.","- [89] S. Jia et al., ""A unified system with integrated generation of high-speed communication and high-resolution sensing signals based on THz photonics,"" *J. Lightw. Technol.*, vol. 36, no. 19, pp. 4549–4556, Oct. 2018.",738,738,**CONCLUSION AND REFLECTIONS** > **REFERENCES**,,,hybrid,industrial_manufacturing,industrial_manufacturing,smart_infrastructure,"The paper discusses the application of ISAC systems in industrial manufacturing, including predictive maintenance and automated guided vehicles.",Indoor ISAC System,meta-llama/llama-4-scout-17b-16e-instruct,NONE,llama-3.3-70b-versatile,NONE,True
O_ISAC_161,7E,space_satellite,satellite connectivity,fuzzy:86.36363636363636,NONE,"Similar to the first snippet, this snippet does not mention space satellites. It focuses on integrated sensing and communication, full-duplex wireless systems, and secure ISAC in 6G networks, without any reference to space satellites.","- [126] X. Zhu et al., ""Enabling intelligent connectivity: A survey of secure ISAC in 6G networks,"" *IEEE Commun. Surveys Tuts.*, vol. 27, no. 2, pp. 748–781, Apr. 2025.",781,781,**CONCLUSION AND REFLECTIONS** > **REFERENCES**,,,hybrid,industrial_manufacturing,industrial_manufacturing,smart_infrastructure,"The paper discusses the application of ISAC systems in industrial manufacturing, including predictive maintenance and automated guided vehicles.",Indoor ISAC System,meta-llama/llama-4-scout-17b-16e-instruct,NONE,llama-3.3-70b-versatile,NONE,True
O_ISAC_163,7E,space_satellite,space communication,fuzzy:86.48648648648648,NONE,The text does not mention space satellites.,"<span id=""page-16-8""></span>For an RIS to perform point-to-point communication, it should know the positions of BS and UE. Traditionally, cellular networks use RSSI methods to estimate the location of a UE based on the known locations of at least three BSs or three Wi-Fi access points according to the trilateration process. However, the localization accuracy of this method is limited because a) having less than three Wi-Fi access points does not work [200] and it is rare that the environment has three access points, and b) the accuracy of the algorithm is dependent on the dropout rate [201] and can only provide 0.664 m accuracy at best [202], which is arguably not good enough for mmWave communication.",416,416,"<span id=""page-8-7""></span>*D. Refractive or ""Transmissive"" RIS* > <span id=""page-9-6""></span><span id=""page-9-5""></span>*E. Simultaneous Transmissive and Reflective (STAR)-RIS* > <span id=""page-9-10""></span>*F. Space-Time Coding (STC) Digital Metasurfaces* > F. Adding Sensory Intelligence to an RIS",,,hybrid,indoor_positioning,indoor_positioning,indoor_environments,"The paper discusses the potential applications of MF-RIS in ISAC systems, including indoor positioning and simultaneous localization and mapping (SLAM).",Indoor ISAC with MF-RIS,meta-llama/llama-4-scout-17b-16e-instruct,NONE,llama-3.3-70b-versatile,NONE,True
O_ISAC_163,7E,space_satellite,satellite communication systems,fuzzy:85.71428571428572,NONE,The text does not mention space satellites.,"#### <span id=""page-28-2""></span>*B. Autonomous aerial vehicle communication systems*",610,610,"*A. Autonomous Vehicular Networks* > <span id=""page-28-2""></span>*B. Autonomous aerial vehicle communication systems*",,,hybrid,indoor_positioning,indoor_positioning,indoor_environments,"The paper discusses the potential applications of MF-RIS in ISAC systems, including indoor positioning and simultaneous localization and mapping (SLAM).",Indoor ISAC with MF-RIS,meta-llama/llama-4-scout-17b-16e-instruct,NONE,llama-3.3-70b-versatile,NONE,True
O_ISAC_163,7E,space_satellite,satellite communication,lexical,DIRECT,"The snippet directly mentions 'satellite and Space' and discusses integration of terrestrial, satellite, and aerial networks.","<span id=""page-29-3""></span>Integration of terrestrial, satellite, and aerial networks is viewed as the next evolution of cellular wireless infrastructure, which would have the potential to provide solutions to a diverse range of applications with various quality of service (QoS) requirements, including marine, rural, and remote applications, to name a few. However, the infrastructure that is used in satellite communications is vastly different, and cannot be interfaced with 5G directly. To address this, a 5G nonterrestrial network (NTN) standard has been proposed in 3GPP release 18 [\[264\]](#page-37-2), using the RF spectrum in the Ka-band. In [\[365\]](#page-39-21) the authors present an overview of NTN challenges and the role that RISs can play in solving them. Among them, frequency offsets caused by the Doppler shift cause substantial problems for the practical implementation of NTNs. The study presented in [\[366\]](#page-39-22) presents the design and optimization of joint beamforming for RIS-aided hybrid satellite-terrestrial relay networks, in which the links between the satellite and the BSs serving multiple users are blocked. The authors of [\[367\]](#page-39-23) envisioned the application of high altitude platform (HAP) station positioned in the stratosphere, and equipped with an RIS. The HAP station is proposed to act as a bridge between mmWave/THz NTNs and AAV receivers. The authors used ergodic secrecy rate (ESR) as a metric to determine the optimum number of RIS elements in this scenario. While these works are among the first to address this topic, it is expected to grow with the adoption of NTNs in the 3GPP framework.",618,618,"<span id=""page-29-2""></span>*C. Satellite and Space*",,,hybrid,indoor_positioning,indoor_positioning,indoor_environments,"The paper discusses the potential applications of MF-RIS in ISAC systems, including indoor positioning and simultaneous localization and mapping (SLAM).",Indoor ISAC with MF-RIS,meta-llama/llama-4-scout-17b-16e-instruct,DIRECT,,,False
O_ISAC_163,7E,space_satellite,satellite networking,fuzzy:85.0,NONE,The text does not mention space satellites.,"<span id=""page-29-6""></span>The authors of [\[368\]](#page-39-24) consider applications of an RIS in challenging environments such as industrial, underground, and underwater where communication links using traditional methods are hardly viable due to extreme scattering and absorption of radio signals. In such an environment, acoustic communication can be preferred over EM waves and the <span id=""page-29-7""></span><span id=""page-29-0""></span>RIS will help to minimize losses caused by signal scattering and blockages. Preventing the RIS from corrosion and decay remains a problem to be solved for such environments. In a related work, the authors of [\[369\]](#page-39-25) considered the application of RIS-assisted network between an underwater optical wireless communication (UOWC) network and NTNs, also assisted by AAVs. In this complex scenario, the authors propose decoupled RF AAV-NTN and UOWC link models that have been analyses in terms of secrecy rate. The presented results show that RISs can help in establishing secure communication channels between underwater drones and submarines, while also receiving confidential data from surface ships and satellites. Also, the real-time data transmission from underwater sensors and vehicles to satellite networks may allow continuous oceanographic monitoring and surveying missions.",622,622,"<span id=""page-29-4""></span>*D. Other Environments*",,,hybrid,indoor_positioning,indoor_positioning,indoor_environments,"The paper discusses the potential applications of MF-RIS in ISAC systems, including indoor positioning and simultaneous localization and mapping (SLAM).",Indoor ISAC with MF-RIS,meta-llama/llama-4-scout-17b-16e-instruct,INDIRECT,llama-3.3-70b-versatile,NONE,True
O_ISAC_164,7E,space_satellite,space communication,fuzzy:89.47368421052632,NONE,"The text discusses optical camera-based integrated sensing and communication systems, but does not mention space satellites.","An optical camera-based integrated sensing and communication (OC-ISAC) system model is proposed to address the intrinsic requirements of vehicular-to-everything (V2X) applications in complex outdoor environments. The model enables the coexistence and potential mutual enhancement of environmental sensing and data transmission within the visible light spectrum. It characterizes the OC-ISAC channel by modeling how light, either actively emitted for communication or passively reflected from the environment, originating from any voxel in three-dimensional space, propagates to the image sensor and contributes to the observed pixel values. This framework is leveraged to systematically analyze the impact of camera imaging parameters, particularly exposure time, on the joint performance of sensing and communication. To address the resulting trade-off, we develop an analytically tractable suboptimal algorithm that determines a near-optimal exposure time in closed form. Compared with the exhaustive numerical search for the global optimum, the suboptimal algorithm reduces computational complexity from *O*(*N*) to *O*(1), while introducing only a modest average normalized deviation of 5.71%. Both theoretical analysis and experimental results confirm that, in high-speed communication or mobile sensing scenarios, careful selection of exposure time and explicit compensation for the camera's low-pass filtering effect in receiver design are essential to achieving optimal dual-functional performance.",17,17,**Optical Camera-Based Integrated Sensing and Communication for V2X Applications: Model and Optimization** > **Abstract**,,,hybrid,vehicular,vehicular,automotive_transportation,V2X communication scenario,V2X communication scenario,meta-llama/llama-4-scout-17b-16e-instruct,NONE,llama-3.3-70b-versatile,NONE,True
O_ISAC_164,7E,space_satellite,space communication,fuzzy:89.47368421052632,NONE,"The text talks about vehicular communication networks and optical camera communication, but does not mention space satellites.","In vehicular communication networks, optical camera communication (OCC) has emerged as a promising alternative to traditional radio-frequency systems for vehicle-toeverything (V2X) connectivity [\[1,](#page-18-0)[2\]](#page-18-1). By leveraging the widespread deployment of LED light sources and vehicle-mounted cameras, OCC enables low-cost, lightweight transceivers operating over the unlicensed optical spectrum. Its inherently limited coverage further enhances communication security by reducing the likelihood of eavesdropping. Despite these advantages, applying OCC to V2X scenarios encounters two categories of challenges. First, the outdoor vehicular environment is highly dynamic, with rapidly changing propagation conditions, fluctuating illumination, and strong natural and artificial light interference, leading to severe attenuation and multipath distortion [\[3\]](#page-18-2). Second, using a camera as",33,33,**1. Introduction**,,,hybrid,vehicular,vehicular,automotive_transportation,V2X communication scenario,V2X communication scenario,meta-llama/llama-4-scout-17b-16e-instruct,NONE,llama-3.3-70b-versatile,NONE,True
O_ISAC_164,7E,space_satellite,space communication,fuzzy:89.47368421052632,NONE,"The text examines the performance analysis of OC-ISAC systems, but does not mention space satellites.","This section examines how the camera imaging mechanism affects OC-ISAC performance. Communication seeks to recover source fluctuations from pixel values to estimate the carrier and symbols, while sensing aims to recover voxel reflectance to infer the environment. However, pixel values deviate from incident light levels depending on imaging settings, which inevitably complicates parameter estimation. Thus, analyzing imaging parameters—especially exposure time—is essential for understanding and optimizing OC-ISAC systems.",206,206,"<span id=""page-7-0""></span>**3. Performance Analysis**",,,hybrid,vehicular,vehicular,automotive_transportation,V2X communication scenario,V2X communication scenario,meta-llama/llama-4-scout-17b-16e-instruct,NONE,llama-3.3-70b-versatile,NONE,True
O_ISAC_164,7E,space_satellite,space communication,fuzzy:89.47368421052632,NONE,"The text discusses the optimization of the camera's exposure time, but does not mention space satellites.","The analysis shows that the camera's exposure effect significantly impacts communication and sensing performance in OC-ISAC. Using cameras with different exposure times across various frequencies and mobility scenarios yields distinct trade-offs in performance between the two areas. It is noteworthy that, although this paper does not use bit error rate (BER) or mean square error (MSE) as performance indicators for communication and sensing services, respectively, we use the normalized gains to construct evaluation indicators and optimization problems, which have the same effect.",258,258,"<span id=""page-7-0""></span>**3. Performance Analysis** > *3.1. Exposure Effect* > 3.2. Normalized Gains for Communication and Sensing",,,hybrid,vehicular,vehicular,automotive_transportation,V2X communication scenario,V2X communication scenario,meta-llama/llama-4-scout-17b-16e-instruct,NONE,llama-3.3-70b-versatile,NONE,True
O_ISAC_164,7E,space_satellite,space communication,fuzzy:89.47368421052632,NONE,"The text does not mention space satellites directly or indirectly, focusing on camera exposure time optimization for communication and sensing performance.","As noted, rapid flickering and transceiver motion cause temporal variations in pixel intensity. However, camera exposure's low-pass filtering limits accurate reconstruction, degrading both communication and sensing performance, especially in high data rate or mobility scenarios, where exposure time limits system bandwidth, reducing reliability and accuracy. In practical applications, communication and sensing may have conflicting exposure time requirements. For example, a short exposure time is needed for high-speed communication, but it reduces image brightness and sensing quality. Extending the exposure to improve brightness blurs the communication signal. Therefore, it is crucial to optimize exposure time based on performance analysis.",262,262,"<span id=""page-7-0""></span>**3. Performance Analysis** > *3.1. Exposure Effect* > <span id=""page-9-0""></span>4. Optimization of the Camera's Exposure Time",,,hybrid,vehicular,vehicular,automotive_transportation,V2X communication scenario,V2X communication scenario,meta-llama/llama-4-scout-17b-16e-instruct,NONE,llama-3.3-70b-versatile,NONE,True
O_ISAC_164,7E,space_satellite,space communication,fuzzy:89.47368421052632,NONE,"Similar to the first snippet, this text does not mention space satellites, instead discussing the optimization of exposure time for joint communication and sensing tasks.","When communication and sensing coexist, selecting an appropriate camera exposure time is crucial for optimizing both performances. Typically, the communication rate *f<sup>c</sup>* exceeds the environmental variation frequency *fxv* (i.e., *f<sup>c</sup>* > *fxv*). Figure [12](#page-16-1) shows the objective function in Equation [\(18\)](#page-9-4) versus exposure time for *f<sup>c</sup>* = 200 Hz and *fxv* values of 100 Hz, 150 Hz, and 200 Hz. A larger frequency gap (e.g., high-speed communication in a static environment) shifts the optimal exposure time to higher values, making joint Sensors **2025**, 25, 7061 17 of 20",414,414,"<span id=""page-11-0""></span>**5. Experiment and Results** > *5.1. Experiment Setup* > *5.2. Methodology* > *5.4. Optimization of Exposure Time*",,,hybrid,vehicular,vehicular,automotive_transportation,V2X communication scenario,V2X communication scenario,meta-llama/llama-4-scout-17b-16e-instruct,NONE,llama-3.3-70b-versatile,NONE,True
O_ISAC_165,7E,space_satellite,space communication,fuzzy:85.71428571428572,NONE,The provided snippet does not mention or relate to space satellites in any direct or indirect manner.,# Optics Communications,3,3,Optics Communications,,,hybrid,industrial_manufacturing,industrial_manufacturing,smart_infrastructure,On-chip integrated sensing and communication (ISAC) system for mid-infrared (MIR) applications,On-chip integrated sensing and communication (ISAC) system for mid-infrared (MIR) applications,meta-llama/llama-4-scout-17b-16e-instruct,NONE,llama-3.3-70b-versatile,NONE,True
O_ISAC_166,7E,space_satellite,space communication,fuzzy:88.23529411764706,NONE,The snippet does not mention space satellites or related concepts.,# Keywords: Multimodal sensing Electronic skin Human-machine interaction Health monitoring Optical wireless communication,24,24,Keywords: Multimodal sensing Electronic skin Human-machine interaction Health monitoring Optical wireless communication,,,hybrid,healthcare,healthcare,indoor_environments,The system is designed for health monitoring and human-machine interaction.,Indoor Health Monitoring,meta-llama/llama-4-scout-17b-16e-instruct,NONE,llama-3.3-70b-versatile,NONE,True
O_ISAC_166,7E,space_satellite,space communication,fuzzy:85.71428571428572,NONE,"The snippet discusses optical wireless communication and electronic skin, but does not mention space satellites.","The solar cell-based e-skin system incorporates a dedicated OWC module capable of efficiently receiving and decoding modulated optical signals, as illustrated in [Fig. 5a](#page-7-0). This module utilizes the ultraflexible OSC array as a self-powered photoreceiver, benefiting from the dual functionality of the OSC to build a low-powered communication",146,146,Keywords: Multimodal sensing Electronic skin Human-machine interaction Health monitoring Optical wireless communication > ABSTRACT > 1. Introduction > *2.4. Optical wireless communication module*,,,hybrid,healthcare,healthcare,indoor_environments,The system is designed for health monitoring and human-machine interaction.,Indoor Health Monitoring,meta-llama/llama-4-scout-17b-16e-instruct,NONE,llama-3.3-70b-versatile,NONE,True
O_ISAC_166,7E,space_satellite,space communication,fuzzy:85.71428571428572,NONE,"The snippet talks about machine learning, data transmission, and optical wireless communication, but does not relate to space satellites.",#### *4.8. Optical wireless communication*,236,236,Keywords: Multimodal sensing Electronic skin Human-machine interaction Health monitoring Optical wireless communication > ABSTRACT > *4.4. Optical properties characterization* > *4.8. Optical wireless communication*,,,hybrid,healthcare,healthcare,indoor_environments,The system is designed for health monitoring and human-machine interaction.,Indoor Health Monitoring,meta-llama/llama-4-scout-17b-16e-instruct,NONE,llama-3.3-70b-versatile,NONE,True
O_ISAC_167,7E,space_satellite,space communication,fuzzy:89.47368421052632,NONE,"The provided snippet does not mention space satellites or any related concepts, focusing instead on fiber optic communication and sensing technologies.","- [16] Huang M, Salemi M, Chen Y, Zhao J, Xia T, Wellbrock GA, Huang YK, Milione G, Ip E, Ji P, Wang T, Aono Y. First field trial of distributed fiber optical sensing and high-speed communication over an operation telecom network. J Lightwave Techno 2020;38(1):75–81. <https://doi.org/10.1109/JLT.2019.2935422>.",342,342,**References**,,,hybrid,industrial_manufacturing,industrial_manufacturing,smart_infrastructure,Industrial IoT application scenario,Industrial IoT application scenario,meta-llama/llama-4-scout-17b-16e-instruct,NONE,llama-3.3-70b-versatile,NONE,True
O_ISAC_171,7E,space_satellite,space communication,fuzzy:89.47368421052632,NONE,The text does not mention space satellites directly or indirectly.,"In this article, we introduce a novel frequency-comb-steered photonic quasi-TTD beamforming approach that eschews the need for delay lines, which substantially decreases complexity and enhances the scalability of the beamformer. The core concept is based on a photonically steered frequency diverse array, as depicted in Fig. 1(a). Traditionally, frequency-diverse arrays are designed to produce beampatterns that depend on both range and angle, which are limited to narrowband operations<sup>19,20</sup>. However, we demonstrate that by incorporating the well-known linear frequency modulation (LFM) and precisely controlling the frequency offsets between antenna channels, it is possible to achieve an elegant broadband quasi-TTD beamformer that boasts infinite angle resolution. Furthermore, we introduce a dualcomb heterodyne mixing scheme for massively parallel conversion of microwave frequencies<sup>21-24</sup>. Dual optical frequency combs, consisting of two sets of equally spaced discrete spectral lines, have emerged as pivotal bridges between the optical and microwave frequencies, with extensive applications in fields such as metrology and spectroscopy<sup>25</sup>. The dual comb mixing approach not only ensures an optimal linear frequency correlation across various antenna channels but also has the potential to support large-scale PAAs by exploiting a large number of comb lines. We present proof-of-concept frequency-comb-steered quasi-TTD beamformers with both one-dimensional (1D) and two-dimensional (2D) arrays. A 1×16 linear beamformer and a 4×4 planar beamformer are realized, demonstrating squint-free beamforming across the entire Ku band (12–18 GHz). By leveraging the ultra-large instantaneous bandwidth of 6 GHz, we have successfully demonstrated joint high-resolution inverse synthetic aperture radar (ISAR) imaging and high-speed communication with the linear quasi-TTD beamformer, achieving an imaging resolution of  $2.6\times3.0\,\mathrm{cm}$  and a communication data rate of  $4.8\,\mathrm{Gbps}$ .",25,25,Frequency-comb-steered ultrawideband quasi-true-time-delay beamformer for integrated sensing and communication,,,hybrid,vehicular,vehicular,automotive_transportation,"The system is designed for integrated sensing and communication applications, such as radar imaging and high-speed data transmission.",Indoor ISAC,meta-llama/llama-4-scout-17b-16e-instruct,NONE,llama-3.3-70b-versatile,NONE,True
O_ISAC_171,7E,space_satellite,satellite communication,lexical,INDIRECT,"The text mentions satellite communications, which implies the use of space satellites, but does not directly discuss them.","One-dimensional PAAs are well-suited for air-defense radar and air-traffic-control radar<sup>30</sup>. In some scenarios, such as satellite communications, two-dimensional (2D) PAAs are preferred. In this section, we extend the quasi-TTD concept to 2D planar PAAs. In a 2D quasi-TTD configuration, linear frequency and phase offset should be simultaneously introduced along both the x and y axes. The frequency increments  $\Delta f_x$  and  $\Delta f_y$ , together with phase increments",112,112,Frequency-comb-steered ultrawideband quasi-true-time-delay beamformer for integrated sensing and communication > Principle of frequency-comb-steered linear quasi-TTD beamformer > Frequency-comb-steered two-dimensional quasi-TTD beamformer,,,hybrid,vehicular,vehicular,automotive_transportation,"The system is designed for integrated sensing and communication applications, such as radar imaging and high-speed data transmission.",Indoor ISAC,meta-llama/llama-4-scout-17b-16e-instruct,INDIRECT,llama-3.3-70b-versatile,INDIRECT,True
O_ISAC_171,7E,space_satellite,space communication,fuzzy:89.47368421052632,NONE,The text does not mention space satellites directly or indirectly.,"Integrated sensing and communication (ISAC) technology<sup>34–37</sup> is garnering increasing interest due to its significant potential in applications such as unmanned vehicles, smart homes, and the Internet of Things<sup>37–39</sup>. In this section, we present the capabilities of our frequency-comb-steered ultrawideband beamformer for the dual functions of high-resolution ISAR imaging and high-speed communication. The",144,144,Frequency-comb-steered ultrawideband quasi-true-time-delay beamformer for integrated sensing and communication > Principle of frequency-comb-steered linear quasi-TTD beamformer > Frequency-comb-steered two-dimensional quasi-TTD beamformer > Integrated radar imaging and communication,,,hybrid,vehicular,vehicular,automotive_transportation,"The system is designed for integrated sensing and communication applications, such as radar imaging and high-speed data transmission.",Indoor ISAC,meta-llama/llama-4-scout-17b-16e-instruct,NONE,llama-3.3-70b-versatile,NONE,True
O_ISAC_171,7E,space_satellite,telecommunications satellite,fuzzy:85.71428571428572,DIRECT,The context mentions a reference to 'communications satellites'.,"- Duarte, V. C. et al. Modular coherent photonic-aided payload receiver for communications satellites. *Nat. Commun.* 10, 1984 (2019).",224,224,Frequency-comb-steered ultrawideband quasi-true-time-delay beamformer for integrated sensing and communication > Principle of frequency-comb-steered linear quasi-TTD beamformer > Frequency-comb-steered two-dimensional quasi-TTD beamformer > References,,,hybrid,vehicular,vehicular,automotive_transportation,"The system is designed for integrated sensing and communication applications, such as radar imaging and high-speed data transmission.",Indoor ISAC,meta-llama/llama-4-scout-17b-16e-instruct,DIRECT,,,False
O_ISAC_172,7E,space_satellite,space communication,fuzzy:85.71428571428572,NONE,The context does not mention space satellites.,Optical communication,28,28,Joint break-point localization sensing based on OFDR and non-disruptive communication fiber ISAC system > ARTICLE INFO > ABSTRACT,,,cabled_fibre,optical_network_monitoring,fibre_network_monitoring,smart_infrastructure,"The system is designed for intelligent optical network monitoring, particularly for fault detection and localization in optical fiber networks.",OFDR-based ISAC-OF system,meta-llama/llama-4-scout-17b-16e-instruct,NONE,llama-3.3-70b-versatile,NONE,True
O_ISAC_172,7E,space_satellite,space communication,fuzzy:89.47368421052632,NONE,"The context discusses optical communication and sensing systems, but does not mention space satellites.","In this paper, a novel scheme of integrated sensing and communication in optical fiber systems based on optical frequency domain reflectometer (OFDR) is proposed, combining intensity modulation direct detection (IMDD) technology with OFDR technology to achieve simultaneous data transmission and fiber breakpoint localization within a single wavelength channel. Conventional optical fiber sensing systems are endowed with communication capability by the proposed scheme, thereby enhancing system intelligence. A periodically linearly frequency-modulated optical signal, generated by a tunable laser with nonlinear frequency sweep compensation, is utilized as both the communication carrier and OFDR sensing probe. Through intensity modulation, communication information is modulated onto the optical signal, thereby enabling the concurrent realization of optical fiber communication based on intensity information and fiber break-point localization sensing based on frequency domain information. In addition, to address the issue of periodic fading of the optical carrier power induced by the tunable laser, a sliding-windows normalization algorithm is employed to achieve the optimal communication performance by selecting optimal window length. Through system experiments verification, the proposed system can achieve 25 Mbps data transmission and high-precision fiber fault point localization with a distance resolution of 12.28 cm. Moreover, simulation results demonstrate that the proposed system can achieve 25 Gbps data transmission and fiber break-point localization sensing over a 20 km standard single-mode fiber. Therefore, the proposed scheme thus enables fast and accurate fiber breakpoint localization alongside high-speed communication, representing a promising solution for high precision integrated fiber communication and",33,33,Joint break-point localization sensing based on OFDR and non-disruptive communication fiber ISAC system > ARTICLE INFO > ABSTRACT,,,cabled_fibre,optical_network_monitoring,fibre_network_monitoring,smart_infrastructure,"The system is designed for intelligent optical network monitoring, particularly for fault detection and localization in optical fiber networks.",OFDR-based ISAC-OF system,meta-llama/llama-4-scout-17b-16e-instruct,NONE,llama-3.3-70b-versatile,NONE,True
O_ISAC_172,7E,space_satellite,space communication,fuzzy:89.47368421052632,NONE,"The context talks about joint nondisruptive communication and fiber breakpoints localization, but does not mention space satellites.","To address the aforementioned issues, we propose a novel joint nondisruptive communication and fiber breakpoints localization ISAC-OF system scheme in this paper. Different from the scheme reported in [[16\]](#page-7-0), our approach employs a directly modulated laser (DML) to generate the continuously swept LFM optical signal with the tunable wide-bandwidth sweep frequency range. This can effectively improve the sensing sensitivity compared to the limited sweep frequency bandwidth case. Additionally, benefiting from the inherent advantage of DML, such as simplicity and low cost, our scheme can be considered as a low-cost and high executable system solution. In addition, owing to the integration of OFDR with IMDD technology, our scheme can effectively realize simultaneous data transmission and fiber breakpoint localization over a single wavelength channel. The LFM light signal, output by the DML after nonlinear sweep compensation [\[24](#page-7-0)], is employed as both the communication carrier and the sensing probe. This enables optical communication in the forward direction while, based on backscattered and reflected light signals, it allows for the detection of reflection events in the fiber. Additionally, to address the issue of periodic fading of LFM optical carrier power [[25\]](#page-7-0) caused by the power variation of the tunable laser during frequency sweeping, a sliding-windows normalization (SN) algorithm is proposed at the communication receiver. By selecting the optimal window size, the system's communication performance is significantly improved. Through system experiments verification, the proposed system can achieve 25 Mbps data transmission and highprecision fiber fault point localization with a distance resolution of 12.28 cm. Furthermore, simulation results demonstrate that the proposed system can achieve 25 Gbps data transmission and fiber breakpoint localization sensing over a 20 km standard single-mode fiber (SMF). Therefore, the proposed approach supports high-speed communication and precise fault detection simultaneously, offering a highperformance solution for short-distance integrated sensing and communication over optical fiber.",51,51,Joint break-point localization sensing based on OFDR and non-disruptive communication fiber ISAC system > ARTICLE INFO > 1. Introduction,,,cabled_fibre,optical_network_monitoring,fibre_network_monitoring,smart_infrastructure,"The system is designed for intelligent optical network monitoring, particularly for fault detection and localization in optical fiber networks.",OFDR-based ISAC-OF system,meta-llama/llama-4-scout-17b-16e-instruct,NONE,llama-3.3-70b-versatile,NONE,True
O_ISAC_172,7E,space_satellite,space communication,fuzzy:89.47368421052632,NONE,"The context presents results of an OFDR-ISAC system, but does not mention space satellites.","confirms the system's capability to detect and localize fiber anomalies with high precision. Furthermore, to evaluate the impact of the communication signal on sensing performance, the comparison between the standalone sensing system (without communication signals) and our OFDR-ISAC system was conducted. As shown in [Fig. 6\(](#page-5-0)b), the low-speed communication signals exert the minimal influence on the overall localization error, with only a slightly broader distribution observed at longer distances. Additionally, from the [Figs. 6\(](#page-5-0)c) and (d), it can be seen that, the FWHM of the received spectral signal in the sensing-only system is 424 kHz, corresponding to a distance resolution of 11.34 cm, which is marginally better than the OFDR-ISAC system presented in [Fig. 6\(](#page-5-0)d). These results indicate that the inclusion of low-speed communication signals introduces only a negligible degradation in the sensing performance.",151,151,Joint break-point localization sensing based on OFDR and non-disruptive communication fiber ISAC system > ARTICLE INFO > 1. Introduction > *4.2. Sensing results*,,,cabled_fibre,optical_network_monitoring,fibre_network_monitoring,smart_infrastructure,"The system is designed for intelligent optical network monitoring, particularly for fault detection and localization in optical fiber networks.",OFDR-based ISAC-OF system,meta-llama/llama-4-scout-17b-16e-instruct,NONE,llama-3.3-70b-versatile,NONE,True
O_ISAC_172,7E,space_satellite,space communication,fuzzy:89.47368421052632,NONE,"The text does not mention space satellites directly or indirectly, it discusses laser linewidth, coherence length, and sensing range in the context of OFDR-based sensing.","where *Lc* is the coherence length, *c* is the speed of light, and Δ*νline* is the laser linewidth. Therefore, the laser linewidth is inversely proportional to the sensing range of the system. The configuration of this system is the same as that of the simulation system used in the previous transmission performance study, and the results of the simulation experiment are shown in Fig. 7. It can be seen that as the laser linewidth decreases, the coherence length increases significantly, and the system's maximum sensing range expands to 20 km. The system's sensing distance highly matches the actual distance, with the sensing error remaining within ± 2 cm. Additionally, the frequency spectrum peak at the sensing receiver signal has a FWHM of 1.13 MHz, corresponding to a distance resolution of 0.7 m. These results highlight the significant advantage of utilizing narrow-linewidth lasers in OFDR-based sensing, particularly for applications requiring long-range and high-precision monitoring. In addition, the impact of high-speed communication signals on sensing performance is also further evaluated through simulation. As shown in Fig. 7(b), the sensing system without communication signals exhibits smaller localization errors compared to the OFDR-ISAC system, with the discrepancy becoming more pronounced at longer",157,157,Joint break-point localization sensing based on OFDR and non-disruptive communication fiber ISAC system > ARTICLE INFO > 1. Introduction > *4.2. Sensing results*,,,cabled_fibre,optical_network_monitoring,fibre_network_monitoring,smart_infrastructure,"The system is designed for intelligent optical network monitoring, particularly for fault detection and localization in optical fiber networks.",OFDR-based ISAC-OF system,meta-llama/llama-4-scout-17b-16e-instruct,NONE,llama-3.3-70b-versatile,NONE,True
O_ISAC_172,7E,space_satellite,space communication,fuzzy:89.47368421052632,NONE,"Similar to the first snippet, this text does not mention space satellites directly or indirectly, focusing instead on the technical aspects of OFDR-based sensing and the impact of laser linewidth on sensing performance.","sensing distances. Moreover, as illustrated in Fig. 7(d), in the absence of communication signals, the FWHM of the received spectral signal is approximately 0.05 MHz, corresponding to a distance resolution of about 3.3 cm. These results indicate that the presence of high-speed communication signals inevitably introduces the additional noise on the sensing system, thereby degrading the SNR, sensing accuracy, and distance resolution. This observation further highlights the inherent trade-off between communication and sensing performance in ISAC systems, which must be carefully considered in system design. In summary, the proposed OFDR-ISAC system is demonstrated to support both high-speed optical fiber communication and high-resolution, long-distance fault localization within the same frequency band, offering a unified platform that lays the foundation for intelligent and converged optical networks.",159,159,Joint break-point localization sensing based on OFDR and non-disruptive communication fiber ISAC system > ARTICLE INFO > 1. Introduction > *4.2. Sensing results*,,,cabled_fibre,optical_network_monitoring,fibre_network_monitoring,smart_infrastructure,"The system is designed for intelligent optical network monitoring, particularly for fault detection and localization in optical fiber networks.",OFDR-based ISAC-OF system,meta-llama/llama-4-scout-17b-16e-instruct,NONE,llama-3.3-70b-versatile,NONE,True
O_ISAC_173,7E,space_satellite,space communication,fuzzy:85.71428571428572,NONE,"The text does not mention space satellites. It discusses Integrated Sensing and Communication (ISAC) and High-Performance Optical Camera Communications (HP-OCC), focusing on their applications and advantages in wireless systems.",## 2 High-Performance Optical Camera Communications,75,75,Poster: High-Performance Optical Camera Communications for ISAC Localization and Sensing > 2 High-Performance Optical Camera Communications,,,wireless_vlc,industrial_manufacturing;logistics,industrial_manufacturing;logistics,smart_infrastructure,Warehouse automation and inventory tracking,Warehouse automation,meta-llama/llama-4-scout-17b-16e-instruct,NONE,llama-3.3-70b-versatile,NONE,True
O_ISAC_173,7E,space_satellite,space communication,fuzzy:89.47368421052632,NONE,"The text does not mention space satellites. It discusses the results of warehouse trials using HP-OCC, highlighting its potential as a practical ISAC solution for logistics and its advantages and limitations in industrial environments.","The warehouse trials demonstrated HP-OCC's potential as a practical ISAC solution for logistics, combining high-speed communication with centimetre-level localization in a single system. In both the inventory tracking and warehouse automation scenarios, the system performed effectively under realistic industrial conditions, demonstrating advantages in sensing precision and power efficiency in potentially challenging environments. Kuehne+Nagel provided positive feedback on the system's potential to improve operational efficiency, citing faster retrieval of items from high-mix inventory and greater opportunities for warehouse automation.",129,129,Poster: High-Performance Optical Camera Communications for ISAC Localization and Sensing > 2 High-Performance Optical Camera Communications > 3 Key Benefits of HP-OCC for ISAC > 6 Reflections & Conclusion,,,wireless_vlc,industrial_manufacturing;logistics,industrial_manufacturing;logistics,smart_infrastructure,Warehouse automation and inventory tracking,Warehouse automation,meta-llama/llama-4-scout-17b-16e-instruct,NONE,llama-3.3-70b-versatile,NONE,True
O_ISAC_185,7E,space_satellite,satellite link,fuzzy:85.71428571428572,INDIRECT,"The concept of space_satellite is indirectly related to the context, as it mentions 'inter-satellite long-range laser communication', which implies the use of satellites in communication.","6G networks are expected to provide wireless communications with extremely high capacity and transmission speed for the Internet of Everything [1]. Traditional radio wireless communications are allocated with limited bandwidth, which will be quickly exhausted with the ever-increasing demand. Optical wireless communication (OWC), especially visible light communication (VLC), is an emerging technique utilizing the unlicensed ultra-high bandwidth within the optical frequency range [2–4] and holds great potential to bring breakthroughs to next-generation high-speed networks. Since VLC can be easily deployed on existing illumination systems such as indoor lightings and car headlights, it has been brought to various applications spanning from civil (e.g., indoor LiFi networks [5] and secure transmission in environments with high electromagnetic interference [6]) to military tasks (e.g., underwater bluegreen light communication with over gigabits data rates [7], and inter-satellite long-range laser communication [8]).",17,17,Adaptive visible light integrated sensing and communication for cable-free virtual reality > 1. INTRODUCTION,,,wireless_vlc,vehicular,vehicular,automotive_transportation,Wireless virtual reality (VR) and augmented reality (AR),Wireless VR,meta-llama/llama-4-scout-17b-16e-instruct,INDIRECT,llama-3.3-70b-versatile,INDIRECT,True
O_ISAC_185,7E,space_satellite,satellite communication,lexical,DIRECT,"The snippet directly mentions 'Shanghai Engineering Research Center of Low-Earth-Orbit Satellite Communication and Applications', which indicates a direct relation to space satellites.","<sup>&</sup>lt;sup>3</sup>Shanghai Engineering Research Center of Low-Earth-Orbit Satellite Communication and Applications, Shanghai 200433, China",25,25,Adaptive visible light integrated sensing and communication for cable-free virtual reality > 1. INTRODUCTION,,,wireless_vlc,vehicular,vehicular,automotive_transportation,Wireless virtual reality (VR) and augmented reality (AR),Wireless VR,meta-llama/llama-4-scout-17b-16e-instruct,DIRECT,,,False
O_ISAC_185,7E,space_satellite,space communication,fuzzy:88.23529411764706,NONE,"There is no mention of space_satellite in the context, making it unrelated to the concept.","The integration of communication and localization brings the benefit of increased information throughput. Moreover, the perceived knowledge of location can be exploited to promote data transfer. Here, we demonstrated adaptive beamforming at the transmitter that converges the illumination light into a narrower beam and steers towards the target receiver [see Fig. [5](#page-6-0)(a)]. The position information reconstructed by the receiver could be passed to the transmitter via a low-speed upload link. Optical converging and steering were realized by vertically and laterally translating the collimating lens after the light source, electrically driven by a motorized stage. Since the illumination light density sensed by the receiver is greatly increased, the communication",118,118,Adaptive visible light integrated sensing and communication for cable-free virtual reality > 1. INTRODUCTION > B. Real-Time High-Resolution 3D Localization with CAP > D. Adaptive Beamforming Assisted by Position Sensing for High-Throughput Service,,,wireless_vlc,vehicular,vehicular,automotive_transportation,Wireless virtual reality (VR) and augmented reality (AR),Wireless VR,meta-llama/llama-4-scout-17b-16e-instruct,NONE,llama-3.3-70b-versatile,NONE,True
O_ISAC_185,7E,space_satellite,space communication,fuzzy:89.47368421052632,NONE,"Similar to the previous context, there is no mention of space_satellite, making it unrelated to the concept.","Wireless light communication is expected to play an important role in 6G, and it is desired to achieve intelligent sensing functionalities via the same communication channel, yet this pursuit has remained very challenging for visible light. Here, we developed a spatio-temporal modulated structured illumination system with a jointly optimized waveform design and compressive sampling to achieve fast and accurate localization and high-speed data transfer in one integrated system. We demonstrated that the integrated sensing and communication design was mutually beneficial, i.e., adaptive beamforming",136,136,Adaptive visible light integrated sensing and communication for cable-free virtual reality > 1. INTRODUCTION > B. Real-Time High-Resolution 3D Localization with CAP > 3. CONCLUSION,,,wireless_vlc,vehicular,vehicular,automotive_transportation,Wireless virtual reality (VR) and augmented reality (AR),Wireless VR,meta-llama/llama-4-scout-17b-16e-instruct,NONE,llama-3.3-70b-versatile,NONE,True
O_ISAC_187,7E,space_satellite,satellite networking,fuzzy:85.0,DIRECT,"The snippet directly mentions 'low-Earth-orbit (LEO) satellite networks', which is closely related to space satellites.","**Abstract:** Integrated sensing and communication (ISAC) is considered to be a pivotal trend in the development of the low-Earth-orbit (LEO) satellite networks. The previous demonstrations have faced challenges in accommodating significant Doppler frequency shifts of high-mobility environments. Therefore, in this work, a photonic-aided Doppler robust ISAC system is proposed and demonstrated. A chirp-multiplexed and index modulated linearly frequency modulated (IM-LFM) waveform is designed and generated by a dual polarization up-converter, which consists of a dual-wavelength laser, a circulator, a fiber Bragg grating (FBG), a dual parallel quadrature phase shift keying modulator (DP-QPSKM), a polarization beam splitter, and two high-speed photodetectors. A photonic dual polarization radar receiver is designed for dual channel de-chirp processing, while the communication reception and demodulation are implemented through down conversion and FFT operation. A 16.3-17.826 GHz IM-LFM waveform is experimentally generated and demonstrated for ISAC purposes. The sensing range resolution is better than 0.146 meters with a probability larger than 86%, and a 29.99-Mbps rate communication is achieved with a 500 kHz Doppler frequency shift. This scheme is particularly suitable for high-mobility ISAC applications.",7,7,**Photonic-aided Doppler-robust ISAC system based on index modulation and chirp multiplexing**,,,hybrid,leo_satellite_isac,satellite_communication,space_satellite,"The proposed system is designed for LEO satellite ISAC applications, where high Doppler tolerance and communication reliability are required.",LEO satellite ISAC,meta-llama/llama-4-scout-17b-16e-instruct,DIRECT,,,False
O_ISAC_187,7E,space_satellite,satellite networking,fuzzy:85.0,DIRECT,"The snippet directly mentions 'low-Earth-orbit (LEO) satellite networks' and 'satellite-based systems', which are closely related to space satellites.","Integrated sensing and communication (ISAC) technology significantly enhances the efficiency of spectrum, energy, and hardware resources, thereby providing substantial performance gains for various wireless systems. This advancement addresses the demands for extensive connectivity and high-precision sensing in the next-generation wireless networks [\[1–](#page-21-0)[3\]](#page-21-1). As a critical component of these networks, low-Earth-orbit (LEO) satellite networks offer broad coverage and low communication latency [\[4\]](#page-21-2). The deployment of the ISAC on the LEO platforms enables allweather remote sensing capabilities alongside wide-area communication services, effectively conserving valuable resources such as payload capacity, orbital slots, and spectral bandwidth [\[5\]](#page-21-3), [\[6\]](#page-21-4). To attain superior sensing and communication performance, high frequency bands such as Ku, Ka, Q and V bands have been widely employed in the satellite-based systems [\[7\]](#page-21-5). However, the ISAC systems based on the traditional radio frequency (RF) architectures face critical limitations, including constrained spectral resources, elevated hardware costs, complex cross-domain interference management, and severe Doppler frequency shift which caused by the high velocities of the satellites.",13,13,**1. Introduction**,,,hybrid,leo_satellite_isac,satellite_communication,space_satellite,"The proposed system is designed for LEO satellite ISAC applications, where high Doppler tolerance and communication reliability are required.",LEO satellite ISAC,meta-llama/llama-4-scout-17b-16e-instruct,DIRECT,,,False
O_ISAC_187,7E,space_satellite,space communication,fuzzy:89.47368421052632,INDIRECT,"The text mentions photonic architectures and waveform sharing techniques for sensing and communication, which could be related to space satellites, but does not directly mention space satellites.","functions in the high frequency band [\[10](#page-21-8)[–13\]](#page-21-9). In [\[11\]](#page-21-10), the frequency-division multiplexing based LFM signal and QPSK signal are up-converted to W-band via optical heterodyne mixing. In [\[13\]](#page-21-9), Terahertz band time division multiplexed LFM signal and 128QAM signal are obtained. These approaches can achieve tens of Gbps data rate and sub-centimeter range resolution. Despite the ease of implementation, these multiplexing-based schemes have lower efficiency of resource utilization. On the other hand, the second type employs photonic architectures with waveform sharing technique, which facilitates sensing and communication within the same time, frequency, as well as enhances the resource utilization efficiency and the integrated system gain [\[14\]](#page-21-11). In this type, OFDM-based or LFM-based shared waveforms are predominantly designed depending on the priority of the ISAC system and then frequency-converted through photonic technology. In [\[15\]](#page-21-12), an OFDM-based waveform is up-converted by using an optical-electrical oscillator (OEO) to simultaneously achieve communication with bit rate of 6.4 Gbps and sensing with range resolution of 7.5 cm. Furthermore, to reduce receiver complexity and improve overall performance, advanced approaches have been developed, incorporating photonic-assisted analog-to-digital conversion (ADC) [\[16\]](#page-21-13), self-coherence mechanisms [\[17\]](#page-21-14), and carrier recovery algorithms [\[18\]](#page-21-15). However, the OFDM-based waveform suffers high peak-to-average ratio (PAPR) and limited Doppler tolerance, which may hinder the application for moving targets detection. In sensing-centric photonic-aided ISAC systems, the LFM waveform serves as the carrier, while the communication data is carried by modulating the amplitude, frequency or phase of the carrier [\[19–](#page-21-16)[23\]](#page-22-0). By employing intra-pulse coding, these systems can achieve data rates exceeding 10 Gbps and range resolutions at the centimeter level [\[22\]](#page-21-17). Nevertheless, high-speed communication modulation will degrade the performance of the sensing function. To reduce this impact, a DC component is added to the communication symbols, nevertheless, this approach restricts the communication range. In [\[24\]](#page-22-1), a photonic-aided ISAC scheme combining OFDM and LFM waveforms is proposed and demonstrated a data rate of 8 Gbps and a range resolution of 1.5 cm. This method provides constant envelope and offers high communication capacity. However, the communication demodulation is highly sensitive to phase variations. The aforementioned approaches are primarily designed for mobile communication scenarios with favorable channel conditions and low-speed mobility, such as vehicular networks. However, platforms like LEO satellites with dynamic Doppler shifts as large as hundreds of kilohertz have not been considered [\[25\]](#page-22-2). This condition will take substantial challenges for the ISAC system.",19,19,564416 https://doi.org/10.1364/OE.564416,,,hybrid,leo_satellite_isac,satellite_communication,space_satellite,"The proposed system is designed for LEO satellite ISAC applications, where high Doppler tolerance and communication reliability are required.",LEO satellite ISAC,meta-llama/llama-4-scout-17b-16e-instruct,INDIRECT,llama-3.3-70b-versatile,INDIRECT,True
O_ISAC_187,7E,space_satellite,space communication,fuzzy:89.47368421052632,NONE,"The text discusses waveforms, BER, and SNR curves, but does not mention space satellites or any related concepts.","Under static conditions (zero Doppler shift), the proposed IM-LFM waveform outperforms the rest waveforms, achieving the same BER with 20-dB lower SNR. This advantage arises from the efficient use of LFM spread-spectrum gain, which significantly improves the noise resistance. Such performance makes the IM-LFM waveform ideal for low-power devices or long-distance communication. When a Doppler shift *f<sup>d</sup>* exists, the limitations of the PSK-LFM, CE-OFDM-LFM and QAM-LFM signals become evident, since their demodulation is highly sensitive to phase variation. As Fig. [5](#page-10-1) shows, the BER rapidly degrades to 0.5 at *f<sup>d</sup>* =100 kHz. However, the IM-LFM waveform still can provide reliable performance. The BER slightly degrades with high Doppler frequency. At *f<sup>d</sup>* =100 kHz and SNR = 0 dB, the BER of the IM-LFM waveform stays below 10−<sup>5</sup> , showing strong tolerance to Doppler distortion.",217,217,*2.3. Photonic-aided ISAC transceiver* > 2.4. Communication demodulation method > *3.1. Bit error rate performance under significant Doppler frequency shift conditions*,,,hybrid,leo_satellite_isac,satellite_communication,space_satellite,"The proposed system is designed for LEO satellite ISAC applications, where high Doppler tolerance and communication reliability are required.",LEO satellite ISAC,meta-llama/llama-4-scout-17b-16e-instruct,NONE,llama-3.3-70b-versatile,NONE,True
O_ISAC_187,7E,space_satellite,space communication,fuzzy:85.71428571428572,NONE,"The text discusses phase noise, de-chirped spectra, and LFM signals, but does not mention space satellites directly or indirectly.","The de-chirped spectra of LFM signals with different bandwidth interval under ideal condition and -50-dBc/Hz are present in Fig. [17\(](#page-20-1)a) and (b). Compared with the ideal scenario, the dechirped spectra exhibit both reduced peak amplitudes and significantly elevated noise floors, although the quasi-orthogonality between LFM signals with different slopes remains preserved. Furthermore, the SSIR versus bandwidth interval curves under different phase noise are plotted in Fig. [17\(](#page-20-1)c) after 10 runs. When the phase noise remains below -70 dBc/Hz@1 MHz, the performance curve closely approximates the ideal scenario, demonstrating no significant increase in cross-correlation coefficients between LFM signals of different slopes. However, as phase noise intensifies beyond this threshold, a marked deterioration in SSIR occurs. When the phase noise intensity reaches -40 dBc/Hz@1 MHz, the quasi-orthogonal characteristics are essentially compromised. The cross-correlation coefficient between the up- and down-chirped signals investigated in Fig. [17\(](#page-20-1)d) demonstrate good agreement with those in Fig. [17\(](#page-20-1)c). Thus, to ensure optimal communication",386,386,*5.2. Impact of phase noise*,,,hybrid,leo_satellite_isac,satellite_communication,space_satellite,"The proposed system is designed for LEO satellite ISAC applications, where high Doppler tolerance and communication reliability are required.",LEO satellite ISAC,meta-llama/llama-4-scout-17b-16e-instruct,INDIRECT,llama-3.3-70b-versatile,NONE,True
O_ISAC_187,7E,space_satellite,satellite communication,lexical,DIRECT,"The snippet directly mentions 'LEO/VLEO satellite communications' and 'SpaceX Starlink satellites', which are related to space satellites.","- <span id=""page-21-2""></span>4. X. Luo, H.-H. Chen, and Q. Guo, ""LEO/VLEO satellite communications in 6G and beyond networks–Technologies, applications, and challenges,"" [IEEE Network](https://doi.org/10.1109/MNET.2024.3353806) **38**(5), 273–285 (2024).",415,415,*5.2. Impact of phase noise* > **6. Conclusion** > **References**,,,hybrid,leo_satellite_isac,satellite_communication,space_satellite,"The proposed system is designed for LEO satellite ISAC applications, where high Doppler tolerance and communication reliability are required.",LEO satellite ISAC,meta-llama/llama-4-scout-17b-16e-instruct,DIRECT,,,False
O_ISAC_187,7E,space_satellite,,json,DIRECT,Structured study-level application domain mapping,"The proposed system is designed for LEO satellite ISAC applications, where high Doppler tolerance and communication reliability are required.",,,,study_level.application.application_domain,leo_satellite_isac,hybrid,leo_satellite_isac,satellite_communication,space_satellite,"The proposed system is designed for LEO satellite ISAC applications, where high Doppler tolerance and communication reliability are required.",LEO satellite ISAC,json,DIRECT,,,False
O_ISAC_188,7E,space_satellite,space communication,fuzzy:89.47368421052632,NONE,"The provided snippet does not mention space satellites or any related concepts, focusing instead on optical communication and fiber sensing technologies.","- 9. M. F. Huang, P. Ji, T. Wang, *et al.*, ""First field trial of distributed fiber optical sensing and high-speed communication over an operational telecom network,"" [J. Lightwave Technol.](https://doi.org/10.1109/JLT.2019.2935422) **38**(1), 75–81 (2020).",230,230,"*2.1. Brief introduction of FrFT* > **3. Experimental setup, results and discussions** > References",,,cabled_fibre,indoor_positioning,indoor_positioning,indoor_environments,Distributed acoustic sensing (DAS) for vibration detection and localization,Endogenous ISAC with DAS,meta-llama/llama-4-scout-17b-16e-instruct,NONE,llama-3.3-70b-versatile,NONE,True
O_ISAC_189,7E,space_satellite,space communication,lexical,NONE,"The provided snippet does not mention space satellites directly or indirectly. It discusses optical communications, photonics-assisted free-space communications, and terahertz gap, but does not relate to space satellites.","- 4. X. Pang, O. Ozolins, S. Jia, et al., ""Bridging the terahertz gap: photonics-assisted free-space communications from the submillimeterwave to the mid-infrared,"" [J. Lightwave Technol.](https://doi.org/10.1109/JLT.2022.3153139) 40, 3149–3162 [\(2022\).](https://doi.org/10.1109/JLT.2022.3153139)",348,348,APPENDIX B: THE OPERATION THEORY OF SYNCHRONIZATION AND FINE FOE SEQUENCE > APPENDIX C: MMW RADIO TRANSMITTER AND RECEIVER USING PHASED ARRAY > REFERENCES,,,hybrid,industrial_manufacturing,industrial_manufacturing,smart_infrastructure,Vibration sensing in industrial manufacturing,Vibration sensing in industrial manufacturing,meta-llama/llama-4-scout-17b-16e-instruct,NONE,llama-3.3-70b-versatile,NONE,True
O_ISAC_189,7E,space_satellite,space communication,fuzzy:89.47368421052632,NONE,"The provided snippet does not mention space satellites directly or indirectly. It discusses RF-CMOS mixers, vibration sensing, optical heterodyne mm-wave RoF, and fiber optical sensing, but does not relate to space satellites.","- 45. M.-F. Huang, M. Salemi, Y. Chen, et al., ""First field trial of distributed fiber optical sensing and high-speed communication over an operational telecom network,"" [J. Lightwave Technol.](https://doi.org/10.1109/JLT.2019.2935422) 38, 75–81 (2019).",392,392,APPENDIX B: THE OPERATION THEORY OF SYNCHRONIZATION AND FINE FOE SEQUENCE > APPENDIX C: MMW RADIO TRANSMITTER AND RECEIVER USING PHASED ARRAY > REFERENCES,,,hybrid,industrial_manufacturing,industrial_manufacturing,smart_infrastructure,Vibration sensing in industrial manufacturing,Vibration sensing in industrial manufacturing,meta-llama/llama-4-scout-17b-16e-instruct,NONE,llama-3.3-70b-versatile,NONE,True
O_ISAC_190,7E,space_satellite,space communication,fuzzy:89.47368421052632,NONE,"The text does not mention space satellites, it discusses optical fiber sensing and communication techniques.","**Abstract:** The integration of sensing and communication (ISAC) based on optical fibers has been a key enabling technique to achieve high-speed communication while ubiquitous sensing. In this paper, to ensure the coexistence of communication signal and sensing signal in low-cost optical access networks i.e., intensity modulation/direct detection (IM/DD) based short-reach optical transmission systems, a common bias-digital subcarrier multiplexing (CB-DSCM) scheme is proposed for ISAC signal generation. To assure distributed fiber acoustic sensing (DAS) signal having high spatial resolution and longer detection distance, linear frequency modulation (LFM) pulse compression technique, biased at the null point of the modulator, is used for sensing signal generation at the transmitter, and coherent detection is employed at the receiver. Then, due to the bias voltage at null point, asymmetrically clipped optical orthogonal frequency division multiplexing (ACO-OFDM) signal is utilized to carry communication signal in the IM/DD system. Therefore, both signals can be simultaneously transmitted using the already deployed modulator, enabling integrated sensing and communication in short-reach optical transmission systems. Experimental results demonstrate that, the proposed CB-DSCM scheme can achieve a net bit rate of 3.01 Gb/s with a bit error rate (BER) as low as 6 × 10−<sup>4</sup> over a 19.8 km fiber-optic transmission link, while it can successfully reconstruct various vibration signals with a spatial resolution of 1 m in short-reach optical transmission systems.",5,5,**Common bias-digital subcarrier multiplexing scheme for integrated sensing and communication in short-reach optical transmission systems**,,,cabled_fibre,indoor_positioning,indoor_positioning,indoor_environments,Short-reach optical transmission system with integrated sensing and communication,Short-reach optical transmission system with integrated sensing and communication,meta-llama/llama-4-scout-17b-16e-instruct,NONE,llama-3.3-70b-versatile,NONE,True
O_ISAC_190,7E,space_satellite,space communication,fuzzy:88.23529411764706,NONE,"The text does not mention space satellites, it presents experimental results of sensing performance using optical fibers.","Finally, we analyzed the sensing performance when the communication signal is superimposed onto the transmitted signal. The corresponding spatiotemporal thermogram under this condition is shown in Fig. 7(a). Compared to Fig. 6(a), a higher noise level is observed, and the clarity of the periodic strain pattern is slightly reduced. However, periodic strain signatures at the fiber end remain clearly identifiable, indicating that the sensing functionality is still maintained even with the presence of the communication signal. Figure 7(b) presents the intensity variations along the fiber over multiple vibration periods. Compared to Fig. 6(b), although the vibration source can still be accurately located at 19.8 km, the noise floor is noticeably elevated. This suggests that the introduction of the communication signal introduces interference into the sensing process, particularly affecting the localization accuracy, which depends on the amplitude variations of the backscattered light intensity. Figure 7(c) and (e) show the demodulated vibration signals at frequencies of 400 Hz and 800 Hz, respectively, with their corresponding PSDs presented in Fig. 7(d) and (f). The calculated SNRs for these two cases are 14.0 dB and 13.5 dB, respectively, both of which are slightly lower than those shown in Fig. 6. These experimental results demonstrate that sensing functionality remains achievable even when the communication",170,170,565431 https://doi.org/10.1364/OE.565431 Journal © 2025 Received 17 Apr 2025; revised 22 Jun 2025; accepted 23 Jun 2025; published 7 Jul 2025 > 2. Operation principles > **4. Experimental results**,,,cabled_fibre,indoor_positioning,indoor_positioning,indoor_environments,Short-reach optical transmission system with integrated sensing and communication,Short-reach optical transmission system with integrated sensing and communication,meta-llama/llama-4-scout-17b-16e-instruct,NONE,llama-3.3-70b-versatile,NONE,True
O_ISAC_195,7E,space_satellite,satellite communication,lexical,INDIRECT,"The concept of space_satellite is related to satellite communications, which is mentioned in the context as one of the applications of ISAC systems.","Integrated sensing and communication (ISAC) systems enable simultaneous implementation of radar sensing and wireless communication functions by leveraging hardware resource sharing, spectrum allocation, and interference suppression techniques, recognized as a promising solution to address the issues of spectrum resource scarcity and for a variety of applications, such as autonomous driving, unmanned aerial vehicle and satellite communications [\[1–](#page-11-0)[4\]](#page-11-1). In order to balance inherent conflicts for ISAC systems, extensive research studies have been conducted in recent years [\[5](#page-11-2)[–14\]](#page-11-3). Among them, the multi-beamforming approach has attracted notable attention due to extended spatial flexibility. High-performance multi-beamformers, serving as the core devices of the systems, are utilized to generate multiple beams simultaneously, thereby facilitating the adaptable distribution of spatial resources. Consequently, ISAC systems based on multi-beamforming obviate the necessity for a joint design of radar and communication waveforms, thereby imposing fewer constraints on the respective subsystems and mitigating the dependency on intricate signal processing algorithms, which provide enhanced flexibility. These advantages make them well-suited for a wider range of potential application scenarios.",11,11,**1. Introduction**,,,hybrid,vehicular;industrial_manufacturing;uav_aerial,vehicular;industrial_manufacturing;uav_aerial,automotive_transportation;smart_infrastructure;space_satellite,"The system is designed for various applications, including Earth observation satellite, satellite communication, UAV surveillance, and urban low-altitude monitoring.",Radar Imaging and Wireless Communication,meta-llama/llama-4-scout-17b-16e-instruct,INDIRECT,llama-3.3-70b-versatile,INDIRECT,True
O_ISAC_195,7E,space_satellite,satellite communication,lexical,DIRECT,"The snippet directly mentions 'satellite communication applications' and describes how ISAC systems can be used in Earth observation and satellite communication, making a clear and direct connection to space satellites.","ISAC systems based on multi-beamforming overcome the limitations of traditional systems in the time and frequency domains, enabling flexible signal selection tailored to different application scenarios to fulfill diverse functional requirements. Figure [1\(](#page-2-0)a) shows some typical application scenarios for ISAC systems based on multi-beamforming. For instance, in Earth observation and satellite communication applications, ISAC-enabled payloads leverage multiple radar beams to construct multi-dimensional remote sensing channels, achieving high-resolution wide-swath imaging, and moving target detection. Simultaneously, multiple communication beams support high-speed remote sensing data transmission and multi-user parallel communication, greatly",35,35,555053 https://doi.org/10.1364/OE.555053 > **2. Framework of ISAC systems based on multi-beamforming**,,,hybrid,vehicular;industrial_manufacturing;uav_aerial,vehicular;industrial_manufacturing;uav_aerial,automotive_transportation;smart_infrastructure;space_satellite,"The system is designed for various applications, including Earth observation satellite, satellite communication, UAV surveillance, and urban low-altitude monitoring.",Radar Imaging and Wireless Communication,meta-llama/llama-4-scout-17b-16e-instruct,DIRECT,,,False
O_ISAC_195,7E,space_satellite,space communication,fuzzy:89.47368421052632,INDIRECT,"Similar to the first snippet, the concept of space_satellite is related to satellite communications, which is an application of ISAC systems, but not directly mentioned in this snippet.","transmission data will be extracted accurately. To achieve optimal compatibility between high-resolution radar sensing and high-speed communication functions in the ISAC system, the multi-beamformer must exhibit a wide operational frequency range, large instantaneous bandwidth, and precise beam-pointing capabilities. These specifications are ideally suited to the advantages provided by the proposed photonic integrated broadband multi-beamformer.",45,45,555053 https://doi.org/10.1364/OE.555053 > **2. Framework of ISAC systems based on multi-beamforming**,,,hybrid,vehicular;industrial_manufacturing;uav_aerial,vehicular;industrial_manufacturing;uav_aerial,automotive_transportation;smart_infrastructure;space_satellite,"The system is designed for various applications, including Earth observation satellite, satellite communication, UAV surveillance, and urban low-altitude monitoring.",Radar Imaging and Wireless Communication,meta-llama/llama-4-scout-17b-16e-instruct,INDIRECT,llama-3.3-70b-versatile,INDIRECT,True
O_ISAC_195,7E,space_satellite,space communication,fuzzy:85.71428571428572,NONE,"There is no mention or relation to space_satellite in this snippet, which focuses on technical details of radar sensing and communication signal processing.","For the communication function, the signal received by the beam pointed at -30° has been amplified and directly fed into an oscilloscope (OSC, Keysight 92004A) with a sampling rate of 40 GSa/s for waveform acquisition. To mitigate the impact of radar echoes on the communication signal processing, the acquired signal is digitally filtered to retain only the frequency range from 13.5 GHz to 14.5 GHz. Subsequently, the signal is down-converted to baseband in the digital domain and processed by standard digital communication techniques, including carrier recovery, constant modulus algorithm (CMA), and decision-directed least mean square (DDLMS) algorithm. The resulting constellation diagram of the received 16-QAM signal is shown in Fig. [7\(](#page-10-0)c). The bit error rate (BER) of the signal transmission is 8.15 × 10−<sup>7</sup> , and the EVM is 6.74%. These results effectively demonstrate the capability of ISAC systems based on the photonic integrated broadband multi-beamformer to simultaneously achieve high-resolution radar imaging and high-speed wireless communication.",122,122,555053 https://doi.org/10.1364/OE.555053 > *3.1. Beams characterization of the photonic integrated broadband multi-beamformer* > *3.2. Verification test of the ISAC system*,,,hybrid,vehicular;industrial_manufacturing;uav_aerial,vehicular;industrial_manufacturing;uav_aerial,automotive_transportation;smart_infrastructure;space_satellite,"The system is designed for various applications, including Earth observation satellite, satellite communication, UAV surveillance, and urban low-altitude monitoring.",Radar Imaging and Wireless Communication,meta-llama/llama-4-scout-17b-16e-instruct,NONE,llama-3.3-70b-versatile,NONE,True
O_ISAC_195,7E,space_satellite,,json,DIRECT,Structured study-level application domain mapping,"The system is designed for various applications, including Earth observation satellite, satellite communication, UAV surveillance, and urban low-altitude monitoring.",,,,study_level.application.application_domain,vehicular;industrial_manufacturing;uav_aerial,hybrid,vehicular;industrial_manufacturing;uav_aerial,vehicular;industrial_manufacturing;uav_aerial,automotive_transportation;smart_infrastructure;space_satellite,"The system is designed for various applications, including Earth observation satellite, satellite communication, UAV surveillance, and urban low-altitude monitoring.",Radar Imaging and Wireless Communication,json,DIRECT,,,False
O_ISAC_199,7E,space_satellite,space communication,lexical,NONE,"The provided snippet does not mention space satellites. It discusses topics related to optical communication systems, free-space communication, and turbulence compensation, but does not reference space satellites directly or indirectly.","- [42] [J. Chen, Free-space communication turbulence compensation by optical phase](http://refhub.elsevier.com/S2215-0986(25)00013-8/h0210) conjugation, *[IEEE Photonics J.](http://refhub.elsevier.com/S2215-0986(25)00013-8/h0210)* 12 (5) (2020) 1–11.",452,452,"Engineering Science and Technology, an International Journal > **Declaration of competing interest** > **References**",,,hybrid,6g_networks,6g_networks,,"The proposed system is designed for 6G IoT applications, with a focus on last-mile connectivity.","Outdoor FSO, 10 km, Clear Air",meta-llama/llama-4-scout-17b-16e-instruct,NONE,llama-3.3-70b-versatile,NONE,True
O_ISAC_202,7E,space_satellite,space communication,fuzzy:89.47368421052632,NONE,"The text discusses secure optical transmission systems, fiber optic communication, and sensing, but does not mention space satellites.","A field trial demonstrated the feasibility of integrating distributed fiber optical sensing and high-speed communication in the same fiber, leveraging wavelength division multiplexing [12]. This pioneering effort shows that telecom fiber infrastructures can also provide sensing functions, opening up a new realm of possibilities for fiber-optic networks. Building upon this foundation, researchers have successfully utilized these fibers to measure and monitor seismic activities and water waves [13,14], showing the versatility and adaptability of fiber-optic sensing",19,19,Integrated optical covert sensing and communication > 1. Introduction,,,cabled_fibre,security_surveillance;6g_networks,security_surveillance;6g_networks,smart_infrastructure,Metropolitan area optical network,Covert Sensing and Communication,meta-llama/llama-4-scout-17b-16e-instruct,INDIRECT,llama-3.3-70b-versatile,NONE,True
O_ISAC_202,7E,space_satellite,space communication,fuzzy:89.47368421052632,NONE,"The text provides a list of references related to optical communication and sensing, but does not mention space satellites.","- 12. M.-F. Huang, P. Ji, T. Wang, et al., ""First field trial of distributed fiber optical sensing and high-speed communication over an operational telecom network,"" [J. Lightwave Technol.](https://doi.org/10.1109/JLT.2019.2935422) 38, 75 (2020).",152,152,References,,,cabled_fibre,security_surveillance;6g_networks,security_surveillance;6g_networks,smart_infrastructure,Metropolitan area optical network,Covert Sensing and Communication,meta-llama/llama-4-scout-17b-16e-instruct,NONE,llama-3.3-70b-versatile,NONE,True
O_ISAC_206,7E,space_satellite,space communication,fuzzy:89.47368421052632,NONE,"The text discusses index modulation, ISAC transceiver designs, and radar communication systems, but does not mention space satellites directly.","<span id=""page-1-8""></span><span id=""page-1-7""></span>To better cope with the hybrid structures, generalized beamspace modulation (GBM) was proposed in [18], which utilizes the unique sparsity of mmWave beamspace channel to elevate SE by implementing IM over beamspace. However, it is designed for mmWave communication-only systems without sensing capabilities. Built upon GBM, recent works [21], [22], [23] introduce similar IM schemes into mmWave ISAC systems to attain higher SE. In [21], the dual-functional beam pattern is selectively activated in a non-uniform manner for a higher SE. Nonetheless, the additional sensing capability of beam patterns inevitably compromises the communication performance. In [22], the ISAC transmitter selectively activates partial spatial paths for communication and employs a single fixed beam for sensing, termed SPIM-ISAC. The design of separate communication and sensing beams enhances communication SE while ensuring sensing performance. The subsequent work [23] delves further into the consideration of the beam squint effect in the terahertz frequency band. In fact, SPIM is a special case of GBM without beam optimization, which constructs beamspace through fixed strongest spatial paths. However, as it extends to non-line-of-sight (NLoS) scenarios, multi-angle sensing beams introduce potential disturbance to communication receivers due to the randomness of targets' angles, thereby deteriorating the error performance. Additionally, SPIM-ISAC achieves a performance trade-off solely through power allocation between optimal communications-only and sensing-only beamformers, lacking a comprehensive consideration of overall performance.",29,29,"<span id=""page-0-5""></span><span id=""page-0-4""></span><span id=""page-0-1""></span>I. INTRODUCTION",,,hybrid,6g_networks,6g_networks,,"The proposed system is designed for 6G networks, where integrated sensing and communication is a key feature.",Indoor mmWave ISAC,meta-llama/llama-4-scout-17b-16e-instruct,NONE,llama-3.3-70b-versatile,NONE,True
O_ISAC_206,7E,space_satellite,space communication,fuzzy:88.23529411764706,NONE,"The text explains how the number of effective paths decreases due to interference of sensing beams and discusses communication-only versions of proposed approaches, but does not mention space satellites directly.","<span id=""page-7-2""></span>Proposition 4: For the case where the mmWave channel contains P paths and there are W sensing beams, the probability distribution of the number of effective communication",494,494,"<span id=""page-7-4""></span>B. Convergence Analysis > C. APEP Analysis",,,hybrid,6g_networks,6g_networks,,"The proposed system is designed for 6G networks, where integrated sensing and communication is a key feature.",Indoor mmWave ISAC,meta-llama/llama-4-scout-17b-16e-instruct,NONE,llama-3.3-70b-versatile,NONE,True
O_ISAC_219,7E,space_satellite,space communication,fuzzy:89.47368421052632,NONE,There is no mention of space satellites in the given context.,• Extensive experimental results are presented to evaluate the performance of the proposed MU-RO-ISAC system using OFDM-MLS-CIM. The obtained results demonstrate the feasibility to achieve both high-speed communication and high-accuracy ranging in a proof-of-concept two-user RO-ISAC setup.,55,55,I. INTRODUCTION,,,hybrid,vehicular;industrial_manufacturing;indoor_positioning,vehicular;industrial_manufacturing;indoor_positioning,automotive_transportation;indoor_environments;smart_infrastructure,Multiuser retroreflective optical ISAC system,Two-user RO-ISAC system,meta-llama/llama-4-scout-17b-16e-instruct,NONE,llama-3.3-70b-versatile,NONE,True
O_ISAC_219,7E,space_satellite,space communication,fuzzy:89.47368421052632,NONE,There is no mention of space satellites in the given context.,"In this paper, we have proposed and experimentally demonstrated a MU-RO-ISAC system using a novel OFDM-MLS-CIM waveform. By adjusting the VPP allocation ratio in OFDM-MLS-CIM, flexible performance trade-off between communication and sensing can be efficiently realized. Moreover, by introducing multiple distinctive MLS signals in the generation of the superposed OFDM-MLS-CIM signal, additional index bits can be transmitted through CIM. Based on the proposed OFDM-MLS-CIM waveform, the corresponding joint sensing and multiple access schemes have been further designed. Proof-of-concept experiments successfully demonstrate the feasibility of achieving high-speed communication and high-accuracy ranging in the two-user RO-ISAC system. In our future work, we will investigate simultaneous communication and 2D/3D positioning in the MU-RO-ISAC system with a large number of users.",272,272,III. EXPERIMENTS AND DISCUSSIONS > IV. CONCLUSION,,,hybrid,vehicular;industrial_manufacturing;indoor_positioning,vehicular;industrial_manufacturing;indoor_positioning,automotive_transportation;indoor_environments;smart_infrastructure,Multiuser retroreflective optical ISAC system,Two-user RO-ISAC system,meta-llama/llama-4-scout-17b-16e-instruct,NONE,llama-3.3-70b-versatile,NONE,True
O_ISAC_220,7E,space_satellite,space communication,fuzzy:89.47368421052632,NONE,"The text discusses underwater telecommunications cables and subsea monitoring, with no mention of space satellites.","The scientific monitoring and reliable telecommunications (SMART) initiative, led by a joint task force including ITU, aims to integrate electronic sensors into undersea telecommunications cables for real-time and high-sensitivity subsea monitoring. The current integrated sensing and communication (ISAC) solution to the SMART application still relies on wavelength band multiplexing of sensing information via Ethernet switches, leading to optical communication bandwidth waste. To achieve the dense and low-interference ISAC for SMART network applications, we demonstrate the co-transmissions of coherent optical digital subcarrier modulation (DSCM) communication signals and temperature sensing information in the SMART system. Besides the co-transmission capability, the special design of the sensing transmission format is made to enable the compatible DSP with DSCM communications, which shares the same wavelength channel. Moreover, due to the different physical locations of the in-line sensing joints to the communication transceivers in the SMART system, it is hard to align the wavelength of the communication laser and the sensing one, which cannot ensure the precise allocation of sensing information into the frequency blanks of DSCM communication signals. To deal with these two issues, the sensing information at inline joints is proposed to be modulated in the manner of optical single-sideband (SSB) modulation and frequency modulation (FM), and then the precise allocation into the frequency blanks of DSCM communication signals can be realized, along with the full compatibility to demodulate the sensed temperature using the traditional frequency offset estimation in coherent DSP. Experiments on a two-span repeatered single-mode fiber link validate the integration of 20 GBaud optical DP-QAM16 transmissions and real-time temperature sensing at a sensing joint. Advanced communications are enabled by implementing space-time coding on DSCM communication signals, with 0.2 dB Q factor improvement. As for the sensing functionality, the temperature sensing resolution at 0.0625°C, which reaches the limitation of the employed electronic thermometer DS18B20, has been obtained by using the communication-compatible DSP. We believe the proposed ISAC scheme along with the corresponding DSP flowchart makes sense for monitoring the subsea via the advanced SMART cables. © 2025 Chinese Laser Press",9,9,Advanced SMART network: empowering subsea monitoring with dense photonic integrated sensing and communication,,,cabled_fibre,subsea_monitoring,maritime_underwater,underwater_harsh,"The proposed SMART network is designed for subsea monitoring applications, including temperature sensing and communication.",Subsea monitoring with temperature sensing,meta-llama/llama-4-scout-17b-16e-instruct,NONE,llama-3.3-70b-versatile,NONE,True
O_ISAC_220,7E,space_satellite,satellite communication,fuzzy:85.0,NONE,"The text describes a schematic diagram of an advanced SMART network for subsea monitoring, with no reference to space satellites.",The schematic diagram of the proposed advanced SMART network is illustrated in Fig. 1(a). The capability of subsea monitoring can be realized based on the telecommunication,27,27,Advanced SMART network: empowering subsea monitoring with dense photonic integrated sensing and communication > 1. INTRODUCTION > 2. PRINCIPLE OF THE PROPOSED ISAC SCHEME FOR THE ADVANCED SMART NETWORK,,,cabled_fibre,subsea_monitoring,maritime_underwater,underwater_harsh,"The proposed SMART network is designed for subsea monitoring applications, including temperature sensing and communication.",Subsea monitoring with temperature sensing,meta-llama/llama-4-scout-17b-16e-instruct,NONE,llama-3.3-70b-versatile,NONE,True
O_ISAC_237,7E,space_satellite,space communication,fuzzy:89.47368421052632,NONE,"The text does not mention space satellites, it discusses Integrated Sensing and Communication (ISAC) waveform design, which is unrelated to space satellites.","Orthogonal time frequency space (OTFS) and its extensions are promising candidates for ISAC [17]–[23]. Research has shown that OTFS can be used as a dual purpose waveform to enhance communication performance in high mobility environment [17]–[21] and enable reliable sensing for ISAC [22], [23]. However, one of the major obstacles for OTFS is the high complexity receiver.",23,23,Coordinated FMCW and OFDM for Integrated Sensing and Communication > I. INTRODUCTION > A. Background and motivation,,,hybrid,vehicular,vehicular,automotive_transportation,"The system is designed for vehicular applications, where the FMCW signal is used for sensing and the OFDM signal is used for communication.",Vehicular ISAC,meta-llama/llama-4-scout-17b-16e-instruct,NONE,llama-3.3-70b-versatile,NONE,True
O_ISAC_242,7E,space_satellite,space communication,fuzzy:89.47368421052632,NONE,"The text does not mention space satellites explicitly, it discusses photonic-assisted millimeter wave and terahertz band for ISAC systems.","ecently, with the growing demand for high-speed communication and high-precision sensing in emerging applications such as intelligent factories and smart transportation, integrated sensing and communication (ISAC) technology has received significant research attention [1-2]. Photonic-assisted millimeter wave (MMW) and terahertz band can be used in ISAC systems due to its ultra-high transmission bandwidth for high-speed data communication and improving radar sensing resolution [3-4]. The design of waveforms is important in photonic-assisted ISAC system, and it is focused on multiplexed waveforms and single waveforms. For multiplexed waveform, various multiplexing schemes are investigated, including time division multiplexing (TDM) [2], frequency division multiplexing (FDM) such as linear frequency modulation (LFM) signal combined with phase shift keying (PSK) [5], and non-orthogonal multiple access (NOMA) [6-7]. However, the source employed for radar ranging cannot be used for communication simultaneously, thereby reducing the communication efficiency. For single waveforms, orthogonal frequency division multiplexing (OFDM) [8-9] and orthogonal time frequency space (OTFS) [10] are proposed and experimentally demonstrated. Meanwhile, machine learning (ML) algorithm is adopted in photonic-assisted ISAC systems. In [11], an integrated geometrically shaped (GS)-16QAM OFDM waveform combined with an ML-based scheme is proposed to improve communication and sensing performance. Among ML techinques, long short-term memory (LSTM) network, with its capabilities of self-learning, self-organizing and self-adaptive, is used for the equalization of communication system. A multi-symbol output-neural network based on LSTM is proposed for nonlinear equalization in high-speed short reach optical interconnects, and a 212 Gbit/s PAM-4 optical link is R",9,9,Sliding window-based LSTM scheme for PAM-4 photonics-assisted W-band ISAC systems > I. INTRODUCTION,,,hybrid,vehicular;industrial_manufacturing,vehicular;industrial_manufacturing,automotive_transportation;smart_infrastructure,PAM-4 photonics-assisted W-band ISAC system for joint communication and radar detection,PAM-4 photonics-assisted W-band ISAC system,meta-llama/llama-4-scout-17b-16e-instruct,NONE,llama-3.3-70b-versatile,NONE,True
O_ISAC_242,7E,space_satellite,space communication,fuzzy:89.47368421052632,NONE,The text is a list of references and does not mention space satellites.,"- [1]. Y. Wang, Z. Dong, J. Ding, W. Li, M. Wang, F. Zhao, and J. Yu, ""Photonics-assisted joint high-speed communication and high-resolution radar detection system,"" Opt. Lett, vol. 46, no. 24, pp. 6103-6106, Nov. 2021.",123,123,IV. CONCLUSION > REFERENCES,,,hybrid,vehicular;industrial_manufacturing,vehicular;industrial_manufacturing,automotive_transportation;smart_infrastructure,PAM-4 photonics-assisted W-band ISAC system for joint communication and radar detection,PAM-4 photonics-assisted W-band ISAC system,meta-llama/llama-4-scout-17b-16e-instruct,NONE,llama-3.3-70b-versatile,NONE,True
O_ISAC_252,7E,space_satellite,,json,DIRECT,Structured study-level application domain mapping,Satellite-ground laser communication under atmospheric turbulence,,,,study_level.application.application_domain,satellite_communication;free_space_optics,wireless_fso,satellite_communication;free_space_optics,satellite_communication;free_space_optics,space_satellite,Satellite-ground laser communication under atmospheric turbulence,Satellite-ground laser communication under level VIII turbulence,json,DIRECT,,,False
O_ISAC_272,7E,space_satellite,space communication,fuzzy:89.47368421052632,NONE,"The provided snippet does not mention space satellites directly or indirectly, focusing instead on communication technologies like OCDM and OFDM.","<span id=""page-0-11""></span><span id=""page-0-10""></span><span id=""page-0-9""></span><span id=""page-0-8""></span><span id=""page-0-7""></span><span id=""page-0-6""></span><span id=""page-0-5""></span>Existing studies have demonstrated OCDM's strong communication capabilities. As evidenced in [8], OCDM outperforms orthogonal frequency division multiplexing (OFDM) in resisting temporal burst interference and narrowband interference. Lv et al. developed an OCDM-OFDM hybrid waveform system that improves communication rates through orthogonal chirp multiplexing [9]. Subsequent hardware implementations using USRP X310 platforms experimentally confirmed OCDM's advantages in ISAC applications, particularly its lower bit error rates versus OFDM systems [10]. A comparative analysis of ISAC systems supported by chirp signals, OFDM, and OCDM further confirmed the superior communication performance of OCDM [11]. In [12], Li et al. enhanced communication rates significantly by incorporating index modulation with OCDM's subchirp structure. Current OCDM-ISAC sensing implementations predominantly employ discrete Fourier transform (DFT) or compressed sensing (CS)-based parameter estimation methods [9], [10], [11], [12]. However, these approaches face fundamental resolution limitations constrained by time-frequency resource allocation. Improved sensing accuracy requires expanded bandwidth or prolonged symbol durations, conflicting with efficiency optimization objectives. Achieving high-precision range/velocity estimation under constrained spectral and temporal resources therefore remains critical for advancing sensing performance.",27,27,Three-Stage Super-Resolution Estimation of Target Parameter in OCDM ISAC Systems > I. INTRODUCTION,,,hybrid,industrial_manufacturing;security_surveillance,industrial_manufacturing;security_surveillance,smart_infrastructure,High-precision sensing in industrial manufacturing and security surveillance applications,OCDM-based ISAC system with TSSR method,meta-llama/llama-4-scout-17b-16e-instruct,NONE,llama-3.3-70b-versatile,NONE,True
O_ISAC_280,7E,space_satellite,space communication,fuzzy:89.47368421052632,NONE,The text does not mention space satellites. It discusses ISAC (Integrated Sensing and Communication) and its applications in cellular networks.,"algorithms. The relatively straightforward method is to transmit the corresponding communication waveform and radar waveform separately via time-division multiplexing, frequency-division multiplexing or polarization-division multiplexing, which results in low channel resource utilization and increases control complexity [\[15](#page-17-6)[–21\]](#page-17-5). This contradicts the original intention of achieving ISAC with high efficiency and compatibility. Researchers have designed new communication waveforms by splicing and embedding different signals to enhance imaging capabilities [\[22–](#page-17-7)[26\]](#page-17-8). However, the design of new waveforms enhances the imaging capability but causes communication loss. Subsequently, some researchers have begun to focus on how to tradeoff performance between imaging and communication through further waveform optimization designs [\[27–](#page-17-9)[29\]](#page-17-10). Although this approach improves ISAC performance, the optimized waveforms are usually incompatible with standard communication waveforms. This incompatibility may lead to large-scale modifications of standard communication protocols, which imposes additional cost and time burdens, limiting the practical application and deployment of the new technology. Therefore, ISAC realizations need to comprehensively consider compatibility with standard communication. It is well-known that orthogonal frequency-division multiplexing (OFDM) with anti-interference and high efficiency has been widely selected as the standard waveform in communication protocols [\[30,](#page-17-11)[31\]](#page-17-12). Related researchers have also explored the realization of ISAC for OFDM waveform [\[32](#page-17-13)[–34\]](#page-17-14). Their associated imaging algorithm faces challenges in achieving high resolution due to the narrow bandwidth constraints of current Sub-6 G standard. In order to enhance the imaging resolution, a number of algorithms related to spectrum fusion have been proposed, and they mainly focus on enhancing the imaging resolution of the range dimension in range-azimuth imaging through multiple bandwidths [\[35,](#page-17-15)[36\]](#page-18-0). However, range-azimuth imaging suffers from geometric distortion compared to two-dimensional (2D) azimuth imaging. [\[37\]](#page-18-1) has recently theoretically verified the advanced concept that the spectrum resources of a single large bandwidth signal can enhance the azimuthal dimensional imaging resolution, breaking through the bottleneck that the azimuthal dimensional resolution is limited only by the aperture. In addition to the design of waveforms and algorithms, with the development of photonics technology, researchers are gradually exploring the utilization of low loss and large bandwidth photonic technology to realize ISAC systems. For example, photonics technology is used to generate or receive high-frequency, large-bandwidth signals and low-loss signal transmission, thus achieving high-range resolution and high-speed communication [\[38](#page-18-2)[–40\]](#page-18-3). However, these studies focus on improving one-dimensional range imaging resolution, without co-design of their 2D high-resolution algorithms. The ISAC related studies described above are based on the validation of single-transmitter-single-receiver antenna links and do not comprehensively consider the application in cellular BSs layout scenarios.",17,17,"**Integration of endogenous sensing and communication based on photonics-enabled cellular base station networks with a spectrum fusion algorithm** > **YANG ZHAO, JUN WAN, SHAOFU XU, AND WEIWEN ZOU\*** > **1. Introduction**",,,hybrid,vehicular,vehicular,automotive_transportation,Cellular BS network with 7 hexagonal cells,Cellular BS network with 7 hexagonal cells,meta-llama/llama-4-scout-17b-16e-instruct,INDIRECT,llama-3.3-70b-versatile,NONE,True
O_ISAC_280,7E,space_satellite,space communication,fuzzy:89.47368421052632,NONE,The text does not mention space satellites. It talks about the limitations of current ISAC methods in cellular networks and the need for co-designing networks for future imaging requirements.,"In this study, a high-resolution, communication-compatible ISAC method based on photonicsenabled cellular BS networks with a spectrum fusion algorithm was proposed and experimentally demonstrated. The spectrum fusion algorithm is derived from the advanced concept of bandwidthenhanced microwave forward-looking imaging (MFI) resolution. Heterogeneous spectrum resources coexist in BS networks, such as OFDM signals of multiple regimes (3 G/4 G/5 G), OFDM signals of different carrier frequencies in the same regime, and spread-spectrum signals, which are fully fused to obtain rich spatial frequency points and to reconstruct the spatial spectrum matrix to improve the resolution of the MFI. The transceivers are centralized at the central unit (CU) of photonics-enabled cellular BS networks for analog fronthaul to the remote BSs by analog radio-over-fiber (AROF), which ensures the imaging requirements of synchronization and carrier frequency preservation and responds to the communication trend of efficient fronthaul. This ISAC method simultaneously balances communication and imaging performance through the co-design of algorithms and cellular BS networks.",23,23,"**Integration of endogenous sensing and communication based on photonics-enabled cellular base station networks with a spectrum fusion algorithm** > **YANG ZHAO, JUN WAN, SHAOFU XU, AND WEIWEN ZOU\*** > **1. Introduction**",,,hybrid,vehicular,vehicular,automotive_transportation,Cellular BS network with 7 hexagonal cells,Cellular BS network with 7 hexagonal cells,meta-llama/llama-4-scout-17b-16e-instruct,INDIRECT,llama-3.3-70b-versatile,NONE,True
O_ISAC_280,7E,space_satellite,space communication,fuzzy:89.47368421052632,NONE,The text does not mention space satellites. It provides a list of references related to multifunctional transceivers and photonics-assisted joint communication and radar systems.,"- 18. Y. Wang, Z. Dong, J. Ding, *et al.*, ""Photonics-assisted joint high-speed communication and high-resolution radar detection system,"" [Opt. Lett.](https://doi.org/10.1364/OL.444252) **46**(24), 6103–6106 (2021).",258,258,"**Integration of endogenous sensing and communication based on photonics-enabled cellular base station networks with a spectrum fusion algorithm** > **YANG ZHAO, JUN WAN, SHAOFU XU, AND WEIWEN ZOU\*** > **References**",,,hybrid,vehicular,vehicular,automotive_transportation,Cellular BS network with 7 hexagonal cells,Cellular BS network with 7 hexagonal cells,meta-llama/llama-4-scout-17b-16e-instruct,NONE,llama-3.3-70b-versatile,NONE,True
O_ISAC_280,7E,space_satellite,space communication,fuzzy:89.47368421052632,NONE,"The text does not mention space satellites. It provides another list of references related to integrated sensing and communication systems, photonics-assisted transceivers, and joint communication-radar systems.","- 23. S. Jia, X. Yu, S. Wang, *et al.*, ""A Unified System with Integrated Generation of High-Speed Communication and High-Resolution Sensing Signals Based on THz Photonics,"" [J. Lightwave Technol.](https://doi.org/10.1109/JLT.2018.2863684) **36**(19), 4549–4556 (2018).",263,263,"**Integration of endogenous sensing and communication based on photonics-enabled cellular base station networks with a spectrum fusion algorithm** > **YANG ZHAO, JUN WAN, SHAOFU XU, AND WEIWEN ZOU\*** > **References**",,,hybrid,vehicular,vehicular,automotive_transportation,Cellular BS network with 7 hexagonal cells,Cellular BS network with 7 hexagonal cells,meta-llama/llama-4-scout-17b-16e-instruct,NONE,llama-3.3-70b-versatile,NONE,True
O_ISAC_283,7E,space_satellite,space communication,fuzzy:89.47368421052632,NONE,There is no mention of space satellites in the given context.,### *3.3. SIC performance in IBFD ISAC communication receiver*,165,165,**3. Experiments and results** > *3.1. Experimental setup* > *3.3. SIC performance in IBFD ISAC communication receiver*,,,hybrid,6g_networks,6g_networks,,"The proposed system is designed for in-band full-duplex integrated sensing and communication transceivers, which can be used in various applications, such as 6G wireless networks.",In-band full-duplex ISAC transceiver,meta-llama/llama-4-scout-17b-16e-instruct,NONE,llama-3.3-70b-versatile,NONE,True
O_ISAC_283,7E,space_satellite,space communication,fuzzy:89.47368421052632,NONE,"Similar to the first snippet, there is no mention of space satellites in this context either.","To verify the SIC performance of the proposed IBFD ISAC communication receiver, a vector network analyzer (VNA, Anritsu MS4645B) with a bandwidth of 40 GHz is used to measure the cancellation depth curve. A swept single-tone RF signal ranging from 1 GHz to 19.5 GHz is generated and outputted from the VNA. The SIC performance of the proposed experimental",167,167,**3. Experiments and results** > *3.1. Experimental setup* > *3.3. SIC performance in IBFD ISAC communication receiver*,,,hybrid,6g_networks,6g_networks,,"The proposed system is designed for in-band full-duplex integrated sensing and communication transceivers, which can be used in various applications, such as 6G wireless networks.",In-band full-duplex ISAC transceiver,meta-llama/llama-4-scout-17b-16e-instruct,NONE,llama-3.3-70b-versatile,NONE,True
O_ISAC_286,7E,space_satellite,space communication,fuzzy:89.47368421052632,NONE,The text does not mention space satellites.,"As a critical technology for novel applications such as Internet of Things (IoT) and smart transportation, integrated sensing and communication (ISAC) has attracted significant attention in both the academia and industry [\[1,](#page-10-0)[2\]](#page-10-1). The demand for high-speed communication and high-precision sensing in applications such as intelligent transportation is propelling systems towards wider bandwidth and higher carrier frequency [\[3](#page-10-2)[,4\]](#page-10-3). However, using traditional allelectronic approaches to generate millimeter-wave (MMW) or terahertz (THz) signals will inevitably encounter challenges such as high complexity and bandwidth limitation, which will increase the system costs significantly [\[5\]](#page-10-4). In contrast, the photonics-assisted system that utilizes optoelectronic conversion to generate wireless signal is becoming a preferable solution for implementing MMW ISAC. The photonics-assisted MMW ISAC offers numerous advantages, including a flat frequency response, wide optical system bandwidth and high controllability enabled by rapid carrier frequency tuning [\[6\]](#page-10-5). Figure [1](#page-1-0) illustrates the fusion of integrating photonics-assisted system with traditional wireless communication and intelligent transportation system, offering capabilities to the existing infrastructure. The optoelectronic conversion module",11,11,**1. Introduction**,,,hybrid,industrial_manufacturing,industrial_manufacturing,smart_infrastructure,Photonics-assisted MMW OFDM ISAC system for high-resolution ranging and high-speed communication,Photonics-assisted MMW OFDM ISAC system,meta-llama/llama-4-scout-17b-16e-instruct,NONE,llama-3.3-70b-versatile,NONE,True
O_ISAC_286,7E,space_satellite,space communication,fuzzy:89.47368421052632,NONE,The text does not mention space satellites.,"- <span id=""page-10-7""></span>8. Y. Wang, Z. Dong, J. Ding, *et al.*, ""Photonics-assisted joint high-speed communication and high-resolution radar detection system,"" [Opt. Lett.](https://doi.org/10.1364/OL.444252) **46**(24), 6103–6106 (2021).",162,162,**References**,,,hybrid,industrial_manufacturing,industrial_manufacturing,smart_infrastructure,Photonics-assisted MMW OFDM ISAC system for high-resolution ranging and high-speed communication,Photonics-assisted MMW OFDM ISAC system,meta-llama/llama-4-scout-17b-16e-instruct,NONE,llama-3.3-70b-versatile,NONE,True
O_ISAC_286,7E,space_satellite,space communication,fuzzy:89.47368421052632,NONE,The text does not mention space satellites.,"- 9. Y. Wang, W. Li, J. Ding, *et al.*, ""Integrated High-Resolution Radar and Long-Distance Communication Based-on Photonic in Terahertz Band,"" [J. Lightwave Technol.](https://doi.org/10.1109/JLT.2022.3143849) **40**(9), 2731–2738 (2022).",163,163,**References**,,,hybrid,industrial_manufacturing,industrial_manufacturing,smart_infrastructure,Photonics-assisted MMW OFDM ISAC system for high-resolution ranging and high-speed communication,Photonics-assisted MMW OFDM ISAC system,meta-llama/llama-4-scout-17b-16e-instruct,NONE,llama-3.3-70b-versatile,NONE,True
O_ISAC_288,7E,space_satellite,space communication,fuzzy:89.47368421052632,NONE,"The text does not mention space satellites explicitly or implicitly, focusing instead on radar and communication systems, waveforms, and signal processing techniques.","For the communication function, the most critical parameters are data rate and bit error rate (BER). Like radar, the chosen waveform should be resilient to interference, noise, and multipath-induced distortion. Spread spectrum techniques, such as DSSS, enhance robustness by providing a processing gain at the receiver and reducing the power spectral density [\[2\]](#page-15-1). DSSS can be chosen as a basis for ISAC design due to two main characteristics: large bandwidth and pseudorandomness. These characteristics provide several advantages over traditional signals [\[11\]](#page-16-8). Specifically, (1) for radars, DSSS pseudorandom *m*-sequences are employed for discrete phase modulation, generating noise-like transmit signals with robust autocorrelation characteristics [\[12\]](#page-16-9). (2) DSSS signals effectively suppress harmful interferences caused by jamming, simultaneous users sharing the same communication channel, and self-interference due to multipath fading. This interference suppression is achieved by incorporating a randomness pattern into each transmitted waveform known only to the intended receiver. The random pattern serves as the key for establishing communication between the receiver and its corresponding transmitter. (3) Another advantage of spread spectrum signals is their ability to prevent signal eavesdropping. By hiding the signal within the system's background noise through pattern coding, DSSS signals can be transmitted at a low average power across a wide bandwidth. This property results in signals with a low probability of interception (LPI), making them highly recommended for modern radar applications. (4) Additionally, DSSS signals ensure signal privacy by assigning a different pseudorandom pattern to each transmitted signal. Only the intended receiver, with prior knowledge of the specific pattern key used by the transmitter, can successfully demodulate the coded signal. In summary, DSSS signals have robust autocorrelation characteristics, can overcome transmission interference, enhance information security, and provide advantages such as interference suppression, signal hiding within background noise, and signal privacy through the use of pseudorandom patterns. These",64,64,*1.2. Related Work*,,,hybrid,security_surveillance,security_surveillance,smart_infrastructure,"The proposed ISAC system is designed for security surveillance applications, such as border protection and restricted area monitoring.",Indoor ISAC system with photonics-based transmission,meta-llama/llama-4-scout-17b-16e-instruct,NONE,llama-3.3-70b-versatile,NONE,True
O_ISAC_288,7E,space_satellite,space communication,fuzzy:89.47368421052632,NONE,This snippet provides references to various research papers and conferences related to integrated radar and communication systems but does not mention space satellites.,"- <span id=""page-16-12""></span>20. Jia, S.; Wang, S.; Liu, K.; Pang, X.; Zhang, H.; Jin, X.; Zheng, S.; Chi, H.; Zhang, X.; Yu, X. A unified system with integrated generation of high-speed communication and high-resolution sensing signals based on THz photonics. *J. Light. Technol.* **2018**, *36*, 4549–4556. [\[CrossRef\]](http://dx.doi.org/10.1109/JLT.2018.2863684)",342,342,**References**,,,hybrid,security_surveillance,security_surveillance,smart_infrastructure,"The proposed ISAC system is designed for security surveillance applications, such as border protection and restricted area monitoring.",Indoor ISAC system with photonics-based transmission,meta-llama/llama-4-scout-17b-16e-instruct,NONE,llama-3.3-70b-versatile,NONE,True
O_ISAC_300,7E,space_satellite,space communication,fuzzy:89.47368421052632,NONE,"The text discusses integrated sensing and communication systems, terahertz band, and photonics-assisted schemes, but does not mention space satellites.","ITH the increasingly complex electromagnetic environment and higher demands for reliability and connectivity of wireless networks, integrated sensing and communication (ISAC) has attracted considerable attention [1]. The similarity of their frequency spectra, front-end hardware platforms, and baseband signal processing framework encourages the integration of sensing and communication systems [2], [3]. To achieve high-speed communication and high-resolution sensing, ultra-broad available bandwidth resource is needed. Therefore, terahertz band (THz, 0.3–10 THz) has been employed for beyond 100 Gbps data rate transmission [4], [5], millimeter-scale resolution sensing [6], [7], and multiplexing-based THz-ISAC system [8], [9], [10]. Nevertheless, additional hardware over-head and detection blind spots remain inevitable, motivating the research on the integrated waveform design, where a dedicated signal is used for both applications [11].",29,29,Preamble-Free Synchronization Based on Dual-chirp Waveforms for Photonic THz-ISAC > I. INTRODUCTION,,,hybrid,6g_networks,6g_networks,,Photonic THz-ISAC system for high-speed communication and high-resolution sensing,Photonic THz-ISAC system with dual-chirp waveform,meta-llama/llama-4-scout-17b-16e-instruct,NONE,llama-3.3-70b-versatile,NONE,True
O_ISAC_300,7E,space_satellite,space communication,fuzzy:89.47368421052632,NONE,"The text provides references to various research papers on integrated terahertz systems, radar sensing, and communication, but does not mention space satellites.","- [10] Y.Wang et al., ""Integrated high-resolution radar and long-distance communication based-on photonic in terahertz band,"" *J. Lightw. Technol.*, vol. 40, no. 9, pp. 2731–2738, May 2022.",291,291,V. CONCLUSION > REFERENCES,,,hybrid,6g_networks,6g_networks,,Photonic THz-ISAC system for high-speed communication and high-resolution sensing,Photonic THz-ISAC system with dual-chirp waveform,meta-llama/llama-4-scout-17b-16e-instruct,NONE,llama-3.3-70b-versatile,NONE,True
O_ISAC_301,7E,space_satellite,space communication,fuzzy:85.71428571428572,NONE,There is no mention of space_satellite in the given context.,**Keywords:** integrated sensing and communication; photonics-aided technique; W-band; radar-aided flexible communication.,11,11,Demonstration of radar-aided flexible communication in a photonics-based W-band distributed integrated sensing and communication system for 6G,,,hybrid,6g_networks;indoor_positioning,6g_networks;indoor_positioning,indoor_environments,A photonics-based W-band ISAC system for 6G radio access networks and indoor positioning,W-band ISAC system with 10 km SMF and 1.15 m wireless transmission,meta-llama/llama-4-scout-17b-16e-instruct,NONE,llama-3.3-70b-versatile,NONE,True
O_ISAC_301,7E,space_satellite,space communication,fuzzy:86.48648648648648,NONE,There is no mention of space_satellite in the given context.,"Looking forward to the future world in the 2030s, the sixth-generation wireless communication technology (6G) focuses on connecting everything intelligently with ultra-high data rates and ultra-reliable connections<sup>[1]</sup>. Higher frequency bands, such as the millimeter-wave (MMW), are considered to expand the limited spectrum resources<sup>[2]</sup>. Based on the MMW, a higher data rate of communication and the integrated sensing and communication (ISAC) system can be achieved and will perform an important role in  $6G^{[3]}$ . In addition, having an ultra-wide bandwidth and being naturally compatible with fiber-wireless integration, photonics-based MMW systems show their unique advantages in 6G radio access networks (RANs)<sup>[4]</sup>. However, a higher frequency means a smaller base station coverage<sup>[5]</sup>. Fiber-wireless integrated transmission would reduce the cost and reduce the size, thus helping the deployment of the increasing micro-base stations. As illustrated in Fig. 1, the central office produces the ISAC signal, and an MMW ISAC remote radio unit (RRU) serves the users a room. Fiber-to-the-room (FTTR) makes it easier to set up the ISAC RRU with the help of photonic techniques, and the ISAC RRU should have the ability of user sensing, beam alignment, and high data rate communication.",17,17,Demonstration of radar-aided flexible communication in a photonics-based W-band distributed integrated sensing and communication system for 6G > 1. Introduction,,,hybrid,6g_networks;indoor_positioning,6g_networks;indoor_positioning,indoor_environments,A photonics-based W-band ISAC system for 6G radio access networks and indoor positioning,W-band ISAC system with 10 km SMF and 1.15 m wireless transmission,meta-llama/llama-4-scout-17b-16e-instruct,NONE,llama-3.3-70b-versatile,NONE,True
O_ISAC_301,7E,space_satellite,satellite communication,lexical,INDIRECT,"The mention of 'LEO Satellite Communication and Applications' and 'LEO Satellite Communication Technology' implies a connection to space satellites, although it does not directly mention 'space_satellite'.","<sup>&</sup>lt;sup>2</sup> Shanghai ERC of LEO Satellite Communication and Applications, Shanghai CIC of LEO Satellite Communication Technology, Shanghai 200433, China",27,27,Demonstration of radar-aided flexible communication in a photonics-based W-band distributed integrated sensing and communication system for 6G > 1. Introduction > 2. Principles,,,hybrid,6g_networks;indoor_positioning,6g_networks;indoor_positioning,indoor_environments,A photonics-based W-band ISAC system for 6G radio access networks and indoor positioning,W-band ISAC system with 10 km SMF and 1.15 m wireless transmission,meta-llama/llama-4-scout-17b-16e-instruct,INDIRECT,llama-3.3-70b-versatile,INDIRECT,True
O_ISAC_303,7E,space_satellite,satellite connectivity,fuzzy:86.36363636363636,NONE,The text does not mention space satellites.,"As wireless communication rapidly evolves and the demand for intelligent connectivity grows, the need for precise sensing integrated with efficient communication becomes paramount. While traditional Integrated Sensing and Communication (ISAC) methods have laid foundational groundwork, they grapple with environmental limitations and significant propagation losses. Visible Light Communication (VLC) emerges as a transformative solution characterized by its high-speed transmission, minimal latency, cost-efficiency, and seamless installation. This paper introduces the Lighting, Sensing, and Communication (LiSAC) concept for VLC and systematically reviews the technical aspects, such as channel characteristics, modulation techniques, and system design. Specifically, this paper presents the evolution of the LiSAC system, its integration with other communication technologies, its applications in various fields, and its challenges. At the end of this paper, we outlooked LiSAC in the future, in which high-quality communication will integrate pinpoint sensing accuracy.",31,31,Keywords: Visible light communication Visible light sensing Integrated sensing and communication > ABSTRACT,,,wireless_vlc,healthcare,healthcare,automotive_transportation;indoor_environments,"The paper reviews the concept of LiSAC and its applications in various fields, including healthcare, augmented reality, transportation systems, industrial automation, and smart homes.",Indoor VLC system,meta-llama/llama-4-scout-17b-16e-instruct,NONE,llama-3.3-70b-versatile,NONE,True
O_ISAC_303,7E,space_satellite,space communication,fuzzy:85.71428571428572,NONE,The text does not mention space satellites.,"Emergent networking paradigms necessitate the amalgamation of communication with auxiliary technologies, such as advanced sensing [\[17\]](#page-15-0), distributed learning [\[18\]](#page-15-0), and edge computing [\[19\]](#page-15-0). In addition to communication, VLC has spawned versatile sensing technologies. Notable examples include visible light positioning (VLP) and visible light sensing (VLS). VLP, capitalizing on VLC's intrinsic advantages, offers precise indoor positioning using ubiquitous luminaries and conventional photodiodes, making it a powerful contender for integration into the 6 G framework. Concurrently, VLS has broad application potentials ranging from human-device interactions to vehicle communications, emphasizing VLC's prowess in merging illumination, communication, and sensing functionalities. Accurate sensing is bound to be a key for future intelligent ecosystems, which has led to the conceptualization of integrated sensing and communication (ISAC). As an incorporation of wireless communication and sensing, ISAC exhibits potential in 6 G networking due to its dual capability of localization and communication [\[20\]](#page-15-0). ISAC's foundational concept originates from radar-based spectrum sharing, and recently technological strides in the wireless sensing arena have broadened its scope. Today's ISAC systems leverage diverse techniques like Wi-Fi, millimeter wave (mmWave), and THz [\[21](#page-15-0)–26]. Though innovative, each modality brings challenges, necessitating further exploration and optimization to realize their full potential in holistic network systems. Aiming to solve the present limitations of ISAC and satisfy the future network architecture, in this paper, we introduce a new concept: Lighting, Sensing, and Communication (LiSAC), i.e., the VLC-based ISAC systems. LiSAC, harnessing the full spectrum of capabilities offered by VLC, is characterized by its adaptability to varied environments, high-quality communication, and accurate sensing abilities. By drawing parallels from ISAC and augmenting it with VLC's advantages, LiSAC presents a promising horizon in the evolving development of wireless communication.",47,47,Keywords: Visible light communication Visible light sensing Integrated sensing and communication > Introduction,,,wireless_vlc,healthcare,healthcare,automotive_transportation;indoor_environments,"The paper reviews the concept of LiSAC and its applications in various fields, including healthcare, augmented reality, transportation systems, industrial automation, and smart homes.",Indoor VLC system,meta-llama/llama-4-scout-17b-16e-instruct,NONE,llama-3.3-70b-versatile,NONE,True
O_ISAC_303,7E,space_satellite,space communication,fuzzy:89.47368421052632,NONE,The text does not mention space satellites.,"The concept of LiSAC derives from ISAC, and it aims to integrate lighting, sensing, and communication into one system. In order to equip the system with an illumination function, a connection among sensing, lighting, and communication is necessitated, and VLC is a perfect candidate to complete the task. The VLC-based LiSAC system benefits from LEDs' ubiquity. It has strong adaptability to various environments, especially indoor environments, and is easy to deploy. The signal receiver has a simple installation, and it can be integrated with mobile devices. Furthermore, the system can be ensured with VLC's stable highspeed communication and accurate sensing. In this section, we will introduce three types of system architecture of VLC-based LiSAC in detail: integrated lighting and communication, integrated sensing and communication, and integrated lighting, sensing, and communication.",220,220,Keywords: Visible light communication Visible light sensing Integrated sensing and communication > *Sensing based on visible light* > **Overview of LiSAC system**,,,wireless_vlc,healthcare,healthcare,automotive_transportation;indoor_environments,"The paper reviews the concept of LiSAC and its applications in various fields, including healthcare, augmented reality, transportation systems, industrial automation, and smart homes.",Indoor VLC system,meta-llama/llama-4-scout-17b-16e-instruct,NONE,llama-3.3-70b-versatile,NONE,True
O_ISAC_303,7E,space_satellite,space communication,fuzzy:89.47368421052632,NONE,The text does not mention space satellites.,"demonstrated the significant potential for VLC to enhance industrial processes [\[171\]](#page-18-0). The POLI system allows for long-distance communication, which can be particularly beneficial in large-scale industrial environments where reliable, wide-range communication is crucial.",404,404,Keywords: Visible light communication Visible light sensing Integrated sensing and communication > *Industrial automation*,,,wireless_vlc,healthcare,healthcare,automotive_transportation;indoor_environments,"The paper reviews the concept of LiSAC and its applications in various fields, including healthcare, augmented reality, transportation systems, industrial automation, and smart homes.",Indoor VLC system,meta-llama/llama-4-scout-17b-16e-instruct,NONE,llama-3.3-70b-versatile,NONE,True
O_ISAC_303,7E,space_satellite,space communication,fuzzy:89.47368421052632,NONE,"The provided snippet does not mention space satellites or any related concepts, making it unrelated to the concept of space_satellite.","- [199] [M. Oh, A flicker mitigation modulation scheme for visible light communications,](http://refhub.elsevier.com/S1051-2004(23)00435-9/sbref0200)  [in: 2013 15th International Conference on Advanced Communications](http://refhub.elsevier.com/S1051-2004(23)00435-9/sbref0200)  [Technology \(ICACT\), 2013, pp. 933](http://refhub.elsevier.com/S1051-2004(23)00435-9/sbref0200)–936.",735,735,Keywords: Visible light communication Visible light sensing Integrated sensing and communication > **Declaration of Competing Interest** > **Data availability** > **References**,,,wireless_vlc,healthcare,healthcare,automotive_transportation;indoor_environments,"The paper reviews the concept of LiSAC and its applications in various fields, including healthcare, augmented reality, transportation systems, industrial automation, and smart homes.",Indoor VLC system,meta-llama/llama-4-scout-17b-16e-instruct,NONE,llama-3.3-70b-versatile,NONE,True
O_ISAC_304,7E,space_satellite,space communication,fuzzy:85.71428571428572,NONE,The text does not mention space_satellite explicitly or implicitly.,# Optics Communications,3,3,Optics Communications,,,hybrid,vehicular;industrial_manufacturing,vehicular;industrial_manufacturing,automotive_transportation;smart_infrastructure,A photonic joint radar and communication system using a chirp-polarity coded LFM waveform.,Photonic JRC system,meta-llama/llama-4-scout-17b-16e-instruct,NONE,llama-3.3-70b-versatile,NONE,True
O_ISAC_304,7E,space_satellite,space communication,fuzzy:89.47368421052632,NONE,The text discusses various research papers on optics and photonics but does not mention space_satellite.,"- [16] [S. Jia, X. Yu, S. Wang, et al., A unified system with integrated generation of high](http://refhub.elsevier.com/S0030-4018(23)00839-8/sref16)[speed communication and high-resolution sensing signals based on THz photonics,](http://refhub.elsevier.com/S0030-4018(23)00839-8/sref16)  [J. Lightwave Technol. 36 \(2018\) 4549](http://refhub.elsevier.com/S0030-4018(23)00839-8/sref16)–4556.",230,230,**References**,,,hybrid,vehicular;industrial_manufacturing,vehicular;industrial_manufacturing,automotive_transportation;smart_infrastructure,A photonic joint radar and communication system using a chirp-polarity coded LFM waveform.,Photonic JRC system,meta-llama/llama-4-scout-17b-16e-instruct,NONE,llama-3.3-70b-versatile,NONE,True
O_ISAC_310,7E,space_satellite,space communication,fuzzy:89.47368421052632,NONE,"The text does not mention space satellites explicitly, and the context is focused on photonics and radar communication systems.","In conclusion, a photonics CE THz ISAC system with 2D positioning function is proposed. Operating in the 10 GHz bandwidth around 132 GHz, the proposed system achieves a communication data rate of up to 18.448 Gbit/s and a radar range resolution of 7.5 cm in simulations. Additionally, a corresponding distance resolution of 1.78 cm was obtained using the CFP technique. The digital positioning algorithm employed yields a maximum error of 5.81 cm within a distance of 2 m. The system demonstrates significant potential for future applications in high-speed communication and high-resolution target localization.",167,167,IV. CONCLUSION,,,hybrid,6g_networks;indoor_positioning,6g_networks;indoor_positioning,indoor_environments,2D positioning in indoor environment,2D positioning in indoor environment,meta-llama/llama-4-scout-17b-16e-instruct,NONE,llama-3.3-70b-versatile,NONE,True
O_ISAC_310,7E,space_satellite,space communication,fuzzy:89.47368421052632,NONE,The text provides a list of references related to radar and communication systems but does not mention space satellites.,"- [6] Y. Wang et al., ""Integrated high-resolution radar and long-distance communication based-on photonic in Terahertz band,"" *J. Lightw. Technol*., vol. 40, no. 9, pp. 2731-2738, May. 2022.",180,180,REFERENCES,,,hybrid,6g_networks;indoor_positioning,6g_networks;indoor_positioning,indoor_environments,2D positioning in indoor environment,2D positioning in indoor environment,meta-llama/llama-4-scout-17b-16e-instruct,NONE,llama-3.3-70b-versatile,NONE,True
O_ISAC_324,7E,space_satellite,space communication,fuzzy:89.47368421052632,NONE,"The text does not mention space satellites explicitly, and the context is focused on integrated sensing and communication (ISAC) in optical communication, quantum communication, and sensing applications, which does not directly relate to space satellites.","In recent years, various communication networks have been applied worldwide, creating an era of interconnected information. Due to the sensitivity of communication media to environmental changes, communication media can be used not only for information transmission but also for sensing. Thus, the concept of integrated sensing and communication (ISAC) emerged. ISAC requires sensing to be conducted simultaneously during the communication process, rather than building a separate sensing network. Its goal is to achieve ubiquitous ISAC networks, providing large-scale sensing for urban structure imaging, seismic wave detection, pipeline safety monitoring, etc. Initially, ISAC was proposed in wireless communication. Recently, ISAC in optical communication has been implemented, enabling sensing demodulation while conducting optical communication. By using optical fibers as the transmission medium, ISAC can achieve high-speed communication while also achieving high-precision sensing.",21,21,**Introduction**,,,hybrid,quantum_communication,quantum_communication,space_satellite,The proposed ISAQN scheme is designed for secure key distribution and distributed sensing in a multipoint network.,ISAQN Experiment,meta-llama/llama-4-scout-17b-16e-instruct,INDIRECT,llama-3.3-70b-versatile,NONE,True
O_ISAC_324,7E,space_satellite,space communication,fuzzy:89.47368421052632,NONE,"The text provides references to various research papers on distributed quantum sensing, fiber optical sensing, and high-speed communication, but does not mention space satellites or any related concepts.","- <span id=""page-14-15""></span>60. Huang MF, Salemi M, Chen Y, Zhao J, Xia TJ, Wellbrock GA, Huang Y-K, Milione G, Ip E, Ji P, et al. First field trial of distributed fiber optical sensing and high-speed communication over an operational telecom network. *J Lightwave Technol*. 2019;38(1):75–81.",498,498,**References**,,,hybrid,quantum_communication,quantum_communication,space_satellite,The proposed ISAQN scheme is designed for secure key distribution and distributed sensing in a multipoint network.,ISAQN Experiment,meta-llama/llama-4-scout-17b-16e-instruct,NONE,llama-3.3-70b-versatile,NONE,True
O_ISAC_324,7E,space_satellite,,json,DIRECT,Structured study-level application domain mapping,The proposed ISAQN scheme is designed for secure key distribution and distributed sensing in a multipoint network.,,,,study_level.application.application_domain,quantum_communication,hybrid,quantum_communication,quantum_communication,space_satellite,The proposed ISAQN scheme is designed for secure key distribution and distributed sensing in a multipoint network.,ISAQN Experiment,json,DIRECT,,,False
O_ISAC_327,7E,space_satellite,space communication,fuzzy:89.47368421052632,NONE,"The text does not mention space satellites, it discusses VLC (Visible Light Communication) channel characterization and modeling, focusing on ISAC (Integrated Sensing and Communication) system applications.","For VL sensing, VL utilizes an extremely wide bandwidth, allowing for ultrahigh-speed communications and ultrahigh-precision sensing. At present, the VL laser has been able to achieve higher power output, and the size of detecting devices can be high-density integration, which is suitable for portable terminals. In addition, due to the widespread availability of VL lighting facilities, it is also very convenient to deploy. Thus, the VL band is a potential spectrum resource for ISAC system applications. For ISAC-assisted channel models, different channel characteristics, such as time-domain fading, Doppler effect, scattering, and reflection, are potential but key influences on channel modeling. It needs to consider both the communication channel and the sensing channel. And, the correlation between the communication channel and the sensing channel needs to be fully considered.",477,477,B. ISAC-Assisted VLC Channel Characterization and Modeling,,,hybrid,indoor_positioning,indoor_positioning,indoor_environments,VLC-based indoor positioning system,Indoor VLC scenario,meta-llama/llama-4-scout-17b-16e-instruct,NONE,llama-3.3-70b-versatile,NONE,True
O_ISAC_347,7E,space_satellite,space communication,fuzzy:89.47368421052632,NONE,"The provided snippet does not mention space satellites directly or indirectly. It appears to discuss various research papers related to fiber optical sensing, communication systems, and photonics, without any reference to space satellites.","- <span id=""page-5-4""></span>[4] Ming-Fan Huang, Milad Salemi, Yuheng Chen, et al. 2019. First field trial of distributed fiber optical sensing and high-speed communication over an operational telecom network. J Light. Technol. 38, 1 (August 2019), 75-81. [https:](https://doi.org/10.1109/JLT.2019.2935422) [//doi.org/10.1109/JLT.2019.2935422](https://doi.org/10.1109/JLT.2019.2935422)",185,185,2 SYSTEM MODEL AND THE PRINCIPLE OF LDBP > REFERENCES,,,cabled_fibre,optical_networks;6g_networks,optical_networks;6g_networks,smart_infrastructure,Optical fiber ISAC system with 4-PAM-LFM waveform,Optical fiber ISAC system with 4-PAM-LFM waveform,meta-llama/llama-4-scout-17b-16e-instruct,NONE,llama-3.3-70b-versatile,NONE,True
O_ISAC_348,7E,space_satellite,space communication,fuzzy:89.47368421052632,NONE,"The provided snippet does not mention space satellites. It discusses topics related to optical fiber sensing, distributed acoustic sensing, and optical fiber communications, which are unrelated to space satellites.","- Huang, M. F. et al. First field trial of distributed fiber optical sensing and highspeed communication over an operational telecom network. J. Lightwave Technol. 38, 75–81 (2020).",242,242,Integrated sensing and communication in an optical fibre > The potential function of the integrated sensing and communication in optical fibre > Materials and methods > References,,,hybrid,industrial_manufacturing,industrial_manufacturing,smart_infrastructure,NR,ISAC-OF,meta-llama/llama-4-scout-17b-16e-instruct,NONE,llama-3.3-70b-versatile,NONE,True
O_ISAC_349,7E,space_satellite,space communication,fuzzy:89.47368421052632,NONE,"The provided snippet does not mention space satellites directly or indirectly. It discusses photonic terahertz vector imaging, microwave photonic radars, and integrated high-resolution radar and long-distance communication, but does not relate these concepts to space satellites.","- <span id=""page-7-7""></span>[\[8\]](#page-0-7) Y. Wang et al., ""Integrated high-resolution radar and long-distance communication based-on photonic in terahertz band,"" *J. Lightw. Technol.*, vol. 40, no. 9, pp. 2731–2738, May 1, 2022.",257,257,V. CONCLUSION > REFERENCES,,,hybrid,6g_networks,6g_networks,,Radar-centric ISAC system for 6G networks,Radar-centric ISAC system,meta-llama/llama-4-scout-17b-16e-instruct,NONE,llama-3.3-70b-versatile,NONE,True
O_ISAC_349,7E,space_satellite,space communication,fuzzy:89.47368421052632,NONE,"Similar to the first snippet, this text does not mention space satellites. It talks about integrated sensing and communications, dual-use systems combining radar and communication, and unified systems for high-speed communication and high-resolution sensing, all without referencing space satellites.","- <span id=""page-7-9""></span>[\[10\]](#page-0-9) S. Jia et al., ""A unified system with integrated generation of highspeed communication and high-resolution sensing signals based on THz photonics,"" *J. Lightw. Technol.*, vol. 36, no. 19, pp. 4549–4556, Oct. 2018.",259,259,V. CONCLUSION > REFERENCES,,,hybrid,6g_networks,6g_networks,,Radar-centric ISAC system for 6G networks,Radar-centric ISAC system,meta-llama/llama-4-scout-17b-16e-instruct,NONE,llama-3.3-70b-versatile,NONE,True
O_ISAC_351,7E,space_satellite,space communication,fuzzy:85.71428571428572,NONE,The snippet does not mention space_satellite or any related concept.,# Optics Communications,3,3,Optics Communications,,,hybrid,indoor_positioning,indoor_positioning,indoor_environments,The system is designed for indoor positioning and 3D sensing applications.,Indoor ToF sensing and communication,meta-llama/llama-4-scout-17b-16e-instruct,NONE,llama-3.3-70b-versatile,NONE,True
O_ISAC_356,7E,space_satellite,space communication,fuzzy:89.47368421052632,INDIRECT,"The context mentions 'terahertz band', 'photonics', 'communication', and 'sensing', which are related to space satellites but do not directly mention a space satellite.","- [5] S. Jia, S. Wang K. Liu, X. Pang, H. Zhang, X. Jin, S. Zheng, H. Chi, X. Zhang, and X. Yu, ""A unified system with integrated generation of high-speed communication and high-resolution sensing signals based on THz photonics,"" *Journal of Lightwave Technology*, vol. 36, no. 19, pp. 4549-4556, 2018. DOI: 10.1109/JLT.2018.2863684.",67,67,**References**,,,wireless_fso,6g_networks,6g_networks,,Photonic THz-ISAC system for high-speed communication and high-resolution sensing,Photonic THz-ISAC system,meta-llama/llama-4-scout-17b-16e-instruct,INDIRECT,llama-3.3-70b-versatile,INDIRECT,True
O_ISAC_356,7E,space_satellite,space communication,fuzzy:89.47368421052632,INDIRECT,"Similar to the first snippet, this context discusses 'integrated sensing and communications', 'photonics-assisted joint high-speed communication', and 'radar detection system', which are relevant to space satellites but do not explicitly mention one.","- [6] Y. Wang, Z. Dong, J. Ding, W. Li, M. Wang, F. Zhao, and J. Yu, ""Photonics-assisted joint high-speed communication and high-resolution radar detection system,"" *Optics Letters*, vol. 46, no. 24, pp. 6103-6106, 2021. DOI: 10.1364/OL.444252.",68,68,**References**,,,wireless_fso,6g_networks,6g_networks,,Photonic THz-ISAC system for high-speed communication and high-resolution sensing,Photonic THz-ISAC system,meta-llama/llama-4-scout-17b-16e-instruct,INDIRECT,llama-3.3-70b-versatile,INDIRECT,True
O_ISAC_360,7E,space_satellite,satellite communication systems,fuzzy:85.24590163934427,NONE,The text does not mention space satellites directly or indirectly.,"Silicon photonics chips have emerged as key players in numerous applications, including data center network, optical interconnects, quantum computing, and on-chip optical sensing, thanks to their integration on silicon substrates [1, 2]. The utilization of Si process technology has revolutionized the field of photonics by enabling the integration of various photonic components on a silicon substrate. This breakthrough has paved the way for the fabrication of complex and compact photonic circuits with enhanced functionality and performance [3]. III-nitride semiconductor is a viable candidate for optoelectronic device, owing to the characteristics of high efficiency, longevity, and stability [4, 5]. In particular, the InGaN/GaN MQW structures were manufactured into light-emitting diodes, lasers, waveguides, modulators, enabling on chip multi-component integration, and offering the various functionalities, including of detection, communication, modulator, sensing, and energy harvesting [6-8]. The structures make III-nitride-on-silicon photonic systems viable for the Internet of Things and on-chip visible light communication systems.",13,13,**Monolithic III-nitride photonic circuit for integrated sensing and communication system** > **Abstract** > **1 Introduction**,,,cabled_fibre,industrial_manufacturing;environmental_monitoring;security_surveillance,industrial_manufacturing;environmental_monitoring;security_surveillance,smart_infrastructure,On-chip sensing and communication for various applications,In-plane communication;Liquid sensing,meta-llama/llama-4-scout-17b-16e-instruct,NONE,llama-3.3-70b-versatile,NONE,True
O_ISAC_360,7E,space_satellite,space communication,fuzzy:89.47368421052632,NONE,The text does not mention space satellites directly or indirectly.,Fig. 4. (a) The waveform of the transmitted and received signals at 40 Mbps; (b) Open eye diagram for the in-plane communication at 40 Mbps.,53,53,**Monolithic III-nitride photonic circuit for integrated sensing and communication system** > **Abstract** > **1 Introduction** > **3 Measurement results**,,,cabled_fibre,industrial_manufacturing;environmental_monitoring;security_surveillance,industrial_manufacturing;environmental_monitoring;security_surveillance,smart_infrastructure,On-chip sensing and communication for various applications,In-plane communication;Liquid sensing,meta-llama/llama-4-scout-17b-16e-instruct,NONE,llama-3.3-70b-versatile,NONE,True
O_ISAC_360,7E,space_satellite,space communication,fuzzy:89.47368421052632,NONE,The text does not mention space satellites directly or indirectly.,"With an identical InGaN/AlGaN MQW structure, one MQW-diode produces modulated light. The comb waveguide facilitates in-plane light coupling. After that, the second MQW-diode detects the guided light, culminating in an inplane communication system. In this communication system, the transmitter is driven directly by a waveform generator, while the received signal is displayed on the Keysight DSOS604A oscilloscope connected to the receiver. The waveform generator outputs the 2<sup>7</sup> -1 pseudorandom bit sequence signals at a frequency of 40 Mbps. The voltage peak-peak of the signals is 2.8 V, and the offset voltage is 6.4 V. The signals loaded to the transmitter and captured by the receiver at a 0 V bias voltage are depicted in Figure 4(a). It is noteworthy that such minimal distortion in the received signals does not significantly impact the formation of the eye diagram. The open eye diagram for the in-plane communication is obtained at 40 Mbps, as shown in Figure 4(b). The wider open eye indicates that the received signal quality is reasonably good in this light communication on a GaN-on-Si platform.",55,55,**Monolithic III-nitride photonic circuit for integrated sensing and communication system** > **Abstract** > **1 Introduction** > **3 Measurement results**,,,cabled_fibre,industrial_manufacturing;environmental_monitoring;security_surveillance,industrial_manufacturing;environmental_monitoring;security_surveillance,smart_infrastructure,On-chip sensing and communication for various applications,In-plane communication;Liquid sensing,meta-llama/llama-4-scout-17b-16e-instruct,NONE,llama-3.3-70b-versatile,NONE,True
O_ISAC_368,7E,space_satellite,space communication,fuzzy:89.47368421052632,NONE,"The text does not mention space satellites, it talks about distributed optical fiber sensing and high-speed communication.","Huang et al. proposed an integrated system of distributed sensing and 36.8Tb/s data transmission [7]. They realized the first field trial to combine distributed optical fiber sensing and high-speed communication. The system realizes the detection of vehicle speed, traffic flow, and street pavement deterioration through distributed sensing based on Rayleigh scattering while transmitting communication data.",49,49,1) DOFS combined with Wavelength Division Multiplexing (WDM),,,hybrid,vehicular;industrial_manufacturing;security_surveillance,vehicular;industrial_manufacturing;security_surveillance,automotive_transportation;smart_infrastructure,"The paper discusses various ISAC systems and their applications in different scenarios, including vehicular, industrial manufacturing, and security surveillance.",Photonics-Assisted ISAC,meta-llama/llama-4-scout-17b-16e-instruct,INDIRECT,llama-3.3-70b-versatile,NONE,True
O_ISAC_368,7E,space_satellite,space communication,fuzzy:89.47368421052632,NONE,The text is a list of references and does not mention space satellites.,"- [7] M. Huang et al., ""First Field Trial of Distributed Fiber Optical Sensing and High-Speed Communication Over an Operational Telecom Network,"" Journal of Lightwave Technology, vol. 38, 2020",127,127,REFERENCES,,,hybrid,vehicular;industrial_manufacturing;security_surveillance,vehicular;industrial_manufacturing;security_surveillance,automotive_transportation;smart_infrastructure,"The paper discusses various ISAC systems and their applications in different scenarios, including vehicular, industrial manufacturing, and security surveillance.",Photonics-Assisted ISAC,meta-llama/llama-4-scout-17b-16e-instruct,NONE,llama-3.3-70b-versatile,NONE,True
O_ISAC_377,7E,space_satellite,space communication,fuzzy:89.47368421052632,NONE,The text does not mention space satellites.,"LFMCW with a DC-offset QPSK signal in baseband, thereby eliminating the need for IF-band DACs. The generated mmW ISAC signal is characterized with ultra-stable frequency owing to the using of a coherent optical frequency comb (OFC) for up-conversion. The QPSK encoding ensures the constant envelope of the resulting ISAC signal, which is critical for long-distance radar ranging. The optimized DC offset preserves the distinctive chirp phase of the original LFMCW. The simple de-chirping-based delay evaluation can thus be applied to achieve radar sensing. Also, the DC offset preserves the good cross-correlation of the original LFMCW, which can assist in communication sequence synchronization by pulse compression. Moreover, the optimized DC offset removes the constraint of echo delay on the symbol duration in Ref. [29] or starting frequency in Ref. [31] of the communication sequences. Consequently, high-resolution ranging and high-speed communication in a co-frequency and co-time mode can be conducted. The proof-of-concept experiments show that dual-user detection with a 10.4-cm ranging resolution and wireless communications with a 11.5-Gbit/s data rate are simultaneously realized at 28-GHz band by sharing one ISAC signal. Besides, the frequency tunability, wavelength tolerance, and the DC value are experimentally evaluated.",60,60,*1.3. Integrated waveforms*,,,hybrid,vehicular,vehicular,automotive_transportation,mmW ISAC system for future 5G mmW and B5G,mmW ISAC system,meta-llama/llama-4-scout-17b-16e-instruct,NONE,llama-3.3-70b-versatile,NONE,True
O_ISAC_377,7E,space_satellite,space communication,fuzzy:85.71428571428572,NONE,The text does not mention space satellites.,"As can be seen, an ISAC signal is successfully obtained with its frequency equal to the frequency separation of the two coherent tones. Thanks to the use of a coherent OFC, the mmW ISAC signal has an ultra-stable frequency. The resulting ISAC signal can also be expanded into two terms. The first term is a mmW LFMCW encoded by the communication sequence, while the second term is a pure LFMCW related to the DC offset. The pure LFMCW preserves the distinctive chirp phase and good cross-correlation of the original LFMCW, which can achieve high-resolution sensing by radar de-chirping and assist in communication sequence synchronization by pulse compression, respectively. To meet the needs of long-distance radar detection, QPSK signals characterized by constant envelope are selected as the communication sequences. In free space, a part of the mmW ISAC signal is reflected back to the Tx for user positioning, and the other part is downlink to the user for wireless communication.",100,100,2.1. ISAC transmitter,,,hybrid,vehicular,vehicular,automotive_transportation,mmW ISAC system for future 5G mmW and B5G,mmW ISAC system,meta-llama/llama-4-scout-17b-16e-instruct,NONE,llama-3.3-70b-versatile,NONE,True
O_ISAC_377,7E,space_satellite,space communication,fuzzy:89.47368421052632,NONE,The text does not mention space satellites.,"From the configuration process, high-resolution ranging and high-speed communication in a co-frequency and co-time waveform are constructed based on a DC-offset QPSK-encoded",136,136,2.3. Communication receiver,,,hybrid,vehicular,vehicular,automotive_transportation,mmW ISAC system for future 5G mmW and B5G,mmW ISAC system,meta-llama/llama-4-scout-17b-16e-instruct,NONE,llama-3.3-70b-versatile,NONE,True
O_ISAC_377,7E,space_satellite,space communication,fuzzy:89.47368421052632,NONE,The text does not mention space satellites.,"- <span id=""page-14-14""></span>21. Y. Wang, Z. Dong, J. Ding, W. Li, M. Wang, F. Zhao, and J. Yu, ""Photonics-assisted joint high-speed communication and high-resolution radar detection system,"" [Opt. Lett.](https://doi.org/10.1364/OL.444252) **46**(24), 6103–6106 (2021).",272,272,*3.3. mmW wireless communications* > 3.4. Discussion > 4. Conclusion > **References**,,,hybrid,vehicular,vehicular,automotive_transportation,mmW ISAC system for future 5G mmW and B5G,mmW ISAC system,meta-llama/llama-4-scout-17b-16e-instruct,INDIRECT,llama-3.3-70b-versatile,NONE,True
O_ISAC_377,7E,space_satellite,space communication,fuzzy:89.47368421052632,NONE,"The provided snippet does not mention space satellites directly. It discusses photonics-assisted communication and radar detection systems, but does not relate these to space satellites.","- <span id=""page-14-15""></span>22. S. Ja, S. Wang, K. Liu, X. Pang, H. Zhang, X. Jin, S. Zheng, H. Chi, X. Zhang, and X. Yu, ""A unified system with integrated generation of high-speed communication and high-resolution sensing signals based on THz photonics,"" [J.](https://doi.org/10.1109/JLT.2018.2863684) [Lightwave Technol.](https://doi.org/10.1109/JLT.2018.2863684) **36**(19), 4549–4556 (2018).",273,273,*3.3. mmW wireless communications* > 3.4. Discussion > 4. Conclusion > **References**,,,hybrid,vehicular,vehicular,automotive_transportation,mmW ISAC system for future 5G mmW and B5G,mmW ISAC system,meta-llama/llama-4-scout-17b-16e-instruct,NONE,llama-3.3-70b-versatile,NONE,True
O_ISAC_379,7E,space_satellite,space communication,fuzzy:89.47368421052632,NONE,The text does not mention space satellites directly or indirectly. It discusses the integration of sensing and communication in millimeter-waves and photonics-based radar sensing and communication systems.,"**Abstract:** The integration of sensing and communication (ISAC) in millimeter-waves (MMW) will play an important role in future 6G applications. Photonics-based radar sensing and communication systems have the advantages of high bandwidth in terms of high-resolution sensing and high-speed data transmission and can be inherently integrated with fiber-optic networks. To support flexible application scenarios, in this paper, we proposed and experimentally demonstrated an MMW photonics-based flexible ISAC system with adaptive signal waveforms for a W-band fiber-wireless integrated network. Photonics-based W-band ISAC signals are generated by heterodyning two free-running external cavity lasers. Microwave photonics-based radar signal processing supports centralized and seamless fiber-wireless communication and sensing networks. In our proposed system, orthogonal frequency-division multiplexing (OFDM) and linear frequency modulation (LFM) signals were combined by frequency-division multiplexing to share this bandwidth. Therefore, we can adaptively allocate bandwidths to OFDM and LFM signals according to the application requirements and realize a flexible ISAC system with high-speed communication and high-resolution radar sensing. As a proof-of-concept, a flexible W-band fiber-wireless ISAC system at 96.5 GHz over 10-km fiber transmission was demonstrated, achieving adaptive access rates from 5.98 to 41.48 Gbit/s after transmission over 1-m free space, and adaptive sensing resolutions from 1.53 to 6.94 cm with the distance error after calibration less than 4 cm. The performance of both communication and sensing under different bandwidth ratios was also studied.",7,7,**Demonstration of photonics-based flexible integration of sensing and communication with adaptive waveforms for a W-band fiber-wireless integrated network**,,,hybrid,6g_networks,6g_networks,,A photonics-based flexible ISAC system with adaptive waveforms for a fiber-wireless integrated network.,Adaptive Photonics-based ISAC,meta-llama/llama-4-scout-17b-16e-instruct,INDIRECT,llama-3.3-70b-versatile,NONE,True
O_ISAC_379,7E,space_satellite,satellite communication,lexical,DIRECT,"The snippet explicitly mentions 'LEO Satellite Communication and Applications' and 'Shanghai ERC of LEO Satellite Communication Technology', which directly relates to space satellites.","*<sup>2</sup>Shanghai ERC of LEO Satellite Communication and Applications, Shanghai CIC of LEO Satellite Communication Technology, Fudan University, Shanghai, China*",17,17,**Demonstration of photonics-based flexible integration of sensing and communication with adaptive waveforms for a W-band fiber-wireless integrated network** > **1. Introduction**,,,hybrid,6g_networks,6g_networks,,A photonics-based flexible ISAC system with adaptive waveforms for a fiber-wireless integrated network.,Adaptive Photonics-based ISAC,meta-llama/llama-4-scout-17b-16e-instruct,DIRECT,,,False
O_ISAC_379,7E,space_satellite,space communication,fuzzy:89.47368421052632,NONE,The text does not mention space satellites directly or indirectly. It explains the principle of an adaptive waveform and how it can be used for different target ranges.,"According to Eqs. (5), (7), (8), (9), and Fig. [3,](#page-4-1) for long-distance targets, we can reduce *Bradar* and increase *Bcom*, resulting in high-speed communication but relatively low-resolution sensing in which the detection distance is sufficiently large. For short-range targets, a greater bandwidth can be allocated for radar sensing, enabling higher-resolution detection or imaging.",113,113,"<span id=""page-2-0""></span>**2. Principle** > Optics EXPRESS",,,hybrid,6g_networks,6g_networks,,A photonics-based flexible ISAC system with adaptive waveforms for a fiber-wireless integrated network.,Adaptive Photonics-based ISAC,meta-llama/llama-4-scout-17b-16e-instruct,NONE,llama-3.3-70b-versatile,NONE,True
O_ISAC_379,7E,space_satellite,space communication,fuzzy:89.47368421052632,NONE,The text does not mention space satellites directly or indirectly. It describes the process of radar sensing receiving and signal processing.,"To verify our idea of adaptive waveforms, we designed signals with six different communication-to-sensing bandwidth ratios as shown in Fig. 5. In the figure, the six different waveforms include: the full-band OFDM signal, as shown in Fig. 5(d), communication bandwidth accounts for 0.8 to 0.2, as shown in Figs. 5(e) to (h), and full-band LFM signal, as shown in Fig. 5(i). For a long-distance target, we can choose a waveform with a larger C-T ratio to ensure that  $\Delta f$  does not fall in the bandwidth of shared RF spectrum band while achieving high-speed communication. For a short-distance target, we can choose a waveform with a smaller C-T ratio to achieve high resolution radar sensing. And for a certain wireless distance, the optimal C-T ratio should be to maximize the communication rate when the radar sensing can work normally and the resolution meet the requirements.",135,135,"<span id=""page-2-0""></span>**2. Principle** > Optics EXPRESS > Optics EXPRESS",,,hybrid,6g_networks,6g_networks,,A photonics-based flexible ISAC system with adaptive waveforms for a fiber-wireless integrated network.,Adaptive Photonics-based ISAC,meta-llama/llama-4-scout-17b-16e-instruct,NONE,llama-3.3-70b-versatile,NONE,True
O_ISAC_379,7E,space_satellite,space communication,fuzzy:89.47368421052632,NONE,"The provided snippet does not mention space satellites directly or indirectly. It discusses various research papers related to photonics, radar, and communication systems.","- <span id=""page-13-7""></span>8. S. Jia, X. Yu, S. Wang, K. Liu, X. Pang, H. Zhang, X. Jin, S. Zheng, H. Chi, and X. Zhang, ""A Unified System With Integrated Generation of High-Speed Communication and High-Resolution Sensing Signals Based on THz Photonics,"" [J. Lightwave Technol.](https://doi.org/10.1109/JLT.2018.2863684) **36**(19), 4549–4556 (2018).",258,258,"<span id=""page-13-12""></span>**5. Conclusion** > **References**",,,hybrid,6g_networks,6g_networks,,A photonics-based flexible ISAC system with adaptive waveforms for a fiber-wireless integrated network.,Adaptive Photonics-based ISAC,meta-llama/llama-4-scout-17b-16e-instruct,NONE,llama-3.3-70b-versatile,NONE,True
O_ISAC_379,7E,space_satellite,space communication,fuzzy:89.47368421052632,NONE,"Similar to the first snippet, this one also does not mention space satellites. It talks about integrated terahertz high-speed data communication and high-resolution radar sensing systems based on photonics, but does not relate to space satellites.","- <span id=""page-14-1""></span>21. Y. Wang, Z. Dong, J. Ding, W. Li, M. Wang, F. Zhao, and J. Yu, ""Photonics-assisted joint high-speed communication and high-resolution radar detection system,"" [Opt. Lett.](https://doi.org/10.1364/OL.444252) **46**(24), 6103 (2021).",272,272,"<span id=""page-13-12""></span>**5. Conclusion** > **References**",,,hybrid,6g_networks,6g_networks,,A photonics-based flexible ISAC system with adaptive waveforms for a fiber-wireless integrated network.,Adaptive Photonics-based ISAC,meta-llama/llama-4-scout-17b-16e-instruct,NONE,llama-3.3-70b-versatile,NONE,True
O_ISAC_381,7E,space_satellite,space communication,fuzzy:85.71428571428572,NONE,The text does not mention space satellites. It discusses LED display-camera communication (LED-DCC) systems and their applications.,"Unlike conventional optical camera communication (OCC) [\[6\]](#page-10-4), the optical signal transmitting element of LED-DCC is the LED display pixel point, which is constrained by display conditions and has the characteristics of a small, single-point, light-emitting area and low-signal power, limiting the communication performance of LED-DCC. Based on the potential application prospects of DCC, there has been some research carried out on DCC systems that make a trade-off between the visual experience and communication performance, including the data rate and bit error rate (BER) [\[7\]](#page-10-5). In 2016, Nguyen, V. et al. proposed a spatially adaptive embedding scheme, TextureCode, to achieve flicker-free communication by exploiting the low sensitivity of the human visual system in the texturerich region, and also proposed a TextureCode-Hybrid scheme, which is a mix of the HiLight and TextureCode schemes under plain and high-texture blocks, achieving a higher transmission rate [\[8\]](#page-10-6). RainBar [\[9\]](#page-10-7) features a code locator detection and localization scheme to allow flexible frame synchronization and accurate code extraction. ChromaCode [\[10\]](#page-10-8) proposed an outcome-based adaptive embedding scheme, which adapts to both pixel lightness and frame texture. In 2019, RU codes and vRU codes [\[11\]](#page-10-9) were proposed to combine 2D barcodes with images and videos for unobtrusive DCC at high data rates, based on the properties of the human visual system and the concept of a complementary framework. In the DaViD system [\[12\]](#page-10-10), Xu, J. et al. addressed the spatial synchronization problem by utilizing localization patterns for detecting the modulation area and a separate optimization of columns and rows for data resampling. Based on that, clean data frames can be reconstructed by using a slight temporal oversampling. In 2021, Ryu et al. proposed a DCC method based on spatial frequency modulation by hiding data bits through the modulation of the high spatial frequency on the discrete cosine domain, and ""0"" and ""1"" bits are embedded in the transition between blurred and sharpened frames [\[13\]](#page-10-11). In 2022, Klein, J. et al. proposed a frame recovery method based on differential modulation to solve the synchronization problem for the invisible DCC system, in which the original display frames are recovered from asynchronous recordings in the receiver [\[4\]](#page-10-3). To avoid flicker and the resulting interference with the displayed content, these DCC systems use different modulation schemes for the raw pixel intensities of images and videos. Due to the distortion from the interframe interference problem [\[9\]](#page-10-7), the schemes for embedding data in video content are more complex with regard to the design of channel coding and demodulation, which leads to higher computational complexity and difficulty in real-time communication.",42,42,"<span id=""page-0-0""></span>**1. Introduction**",,,wireless_vlc,indoor_positioning;security_surveillance,indoor_positioning;security_surveillance,indoor_environments;smart_infrastructure,LED display-camera communication system for indoor applications,Indoor LED-DCC system,meta-llama/llama-4-scout-17b-16e-instruct,NONE,llama-3.3-70b-versatile,NONE,True
O_ISAC_381,7E,space_satellite,space communication,fuzzy:89.47368421052632,NONE,The text does not mention space satellites. It focuses on image processing algorithms for LED-DCC systems and their limitations.,"As described in the proposed schemes in Section 1, the LED-DCC point clustering scheme and high-resolution image sensor can effectively improve the quality of the received VLC signals and support long-distance LED-DCC. The high resolution, e.g.,  $3840 \times 2160$ , brings more photoelectric imaging pixels to support reliable long-distance communication. However, it also brings a higher data processing capacity; therefore, there are higher requirements for the real-time image processing speed of a smartphone's software and hardware. The extraction of the LED light-emitting area in the captured image is the main factor affecting the image processing speed. To reduce the latency of data decoding, a fast image processing algorithm [14] can detect the contour of the LED light-emitting area and segment it from the captured video image in real time. However, the algorithm just supports the real-time LED-DCC data reception at a short transmission distance due to its limited real-time processing capability for larger area pixel points. For the proposed LED-DCC system, there is a high processing latency introduced by the high-resolution image and the enlarged light-emitting area containing the clustered points. In this paper, we propose a lightweight, back-forth, fast image processing algorithm that uses variable step lengths to search back and forth to quickly locate the LED light-emitting area from the high-precision video frame and an adaptive binarization method to convert the pixel value of the LED-DCC point into a bit and then recover the transmitted data through the ABRC scheme. With the proposed lightweight, back-forth, fast image processing algorithm, the problem of processing latency introduced by LED-DCC point clustering is solved, and the reliability of the LED-DCC system can be improved. Therefore, the proposed LED-DCC system is able to support long-distance, real-time data reception.",93,93,"<span id=""page-0-0""></span>**1. Introduction** > <span id=""page-2-0""></span>**2. The Proposed Long-Distance, Real-Time LED-DCC System** > 2.1. LED-DCC Point Clustering Scheme > 2.2. Lightweight, Back-Forth, Fast Image Processing Algorithm",,,wireless_vlc,indoor_positioning;security_surveillance,indoor_positioning;security_surveillance,indoor_environments;smart_infrastructure,LED display-camera communication system for indoor applications,Indoor LED-DCC system,meta-llama/llama-4-scout-17b-16e-instruct,NONE,llama-3.3-70b-versatile,NONE,True
O_ISAC_386,7E,space_satellite,satellite communication,fuzzy:86.95652173913044,NONE,"The text does not mention space satellites, it talks about visible light communication using smartphone technology.","Since 2010, with the rapid development of smart phone technology, the research of visible light intelligent communication device with flash as the emission light source and CMOS camera as the receiver has attracted the attention of major mobile phone manufacturers at home and abroad. On the one hand, with the mobile phone flash as the transmitter, it has the characteristics of portable, mobile and high-frequency transmission, and can send the high-speed modulation light and dark flicker optical carrier signal which can not be detected by the naked eye. On the other hand, CMOS camera can be used as a visible light signal receiver instead of PD because of its high integration, low power consumption and high noise sensitivity.",23,23,Design of Visible Light Communication Transceiver System Based on Intelligent Terminal > I. INTRODUCTION,,,wireless_vlc,indoor_positioning;security_surveillance,indoor_positioning;security_surveillance,indoor_environments;smart_infrastructure,Smartphone-to-Smartphone visible light communication,Indoor VLC with OOK modulation,meta-llama/llama-4-scout-17b-16e-instruct,NONE,llama-3.3-70b-versatile,NONE,True
