paper_id,section,challenge_domain,variant,match_type,strength,rationale,quote,line_start,line_end,heading_path,json_path,json_value,medium,has_section5_signal,has_section6_signal,has_section7_signal,llm_model_pass1,llm_label_pass1,llm_model_pass2,llm_label_pass2,llm_escalated
O_ISAC_001,8D,security_privacy_reliability,,upstream_bridge,INDIRECT,Cross-section bridge from S5;S6;S7 outputs.,,,,,section5_6_7_bridge,S5;S6;S7,wireless_vlc,True,True,True,bridge,INDIRECT,,,False
O_ISAC_002,8D,security_privacy_reliability,,upstream_bridge,INDIRECT,Cross-section bridge from S5;S6;S7 outputs.,,,,,section5_6_7_bridge,S5;S6;S7,hybrid,True,True,True,bridge,INDIRECT,,,False
O_ISAC_003,8D,security_privacy_reliability,,upstream_bridge,INDIRECT,Cross-section bridge from S5;S6;S7 outputs.,,,,,section5_6_7_bridge,S5;S6;S7,wireless_vlc,True,True,True,bridge,INDIRECT,,,False
O_ISAC_004,8D,security_privacy_reliability,,upstream_bridge,INDIRECT,Cross-section bridge from S5;S6;S7 outputs.,,,,,section5_6_7_bridge,S5;S6;S7,hybrid,True,True,True,bridge,INDIRECT,,,False
O_ISAC_005,8D,security_privacy_reliability,,upstream_bridge,INDIRECT,Cross-section bridge from S5;S6;S7 outputs.,,,,,section5_6_7_bridge,S5;S6;S7,hybrid,True,True,True,bridge,INDIRECT,,,False
O_ISAC_006,8D,security_privacy_reliability,,upstream_bridge,INDIRECT,Cross-section bridge from S5;S6;S7 outputs.,,,,,section5_6_7_bridge,S5;S6;S7,cabled_fibre,True,True,True,bridge,INDIRECT,,,False
O_ISAC_007,8D,security_privacy_reliability,,upstream_bridge,INDIRECT,Cross-section bridge from S5;S6;S7 outputs.,,,,,section5_6_7_bridge,S5;S6;S7,cabled_fibre,True,True,True,bridge,INDIRECT,,,False
O_ISAC_008,8D,security_privacy_reliability,,upstream_bridge,INDIRECT,Cross-section bridge from S5;S6;S7 outputs.,,,,,section5_6_7_bridge,S5;S6;S7,hybrid,True,True,True,bridge,INDIRECT,,,False
O_ISAC_009,8D,security_privacy_reliability,,upstream_bridge,INDIRECT,Cross-section bridge from S5;S6;S7 outputs.,,,,,section5_6_7_bridge,S5;S6;S7,wireless_vlc,True,True,True,bridge,INDIRECT,,,False
O_ISAC_010,8D,security_privacy_reliability,,upstream_bridge,INDIRECT,Cross-section bridge from S5;S6;S7 outputs.,,,,,section5_6_7_bridge,S5;S6;S7,cabled_fibre,True,True,True,bridge,INDIRECT,,,False
O_ISAC_011,8D,security_privacy_reliability,,upstream_bridge,INDIRECT,Cross-section bridge from S5;S6;S7 outputs.,,,,,section5_6_7_bridge,S5;S6;S7,hybrid,True,True,True,bridge,INDIRECT,,,False
O_ISAC_012,8D,security_privacy_reliability,,upstream_bridge,INDIRECT,Cross-section bridge from S5;S6;S7 outputs.,,,,,section5_6_7_bridge,S5;S6;S7,wireless_fso,True,True,True,bridge,INDIRECT,,,False
O_ISAC_013,8D,security_privacy_reliability,threat,lexical,INDIRECT,"The provided snippets discuss various applications of distributed sensing technologies, such as seismic monitoring, earthquake detection, and pipeline integrity threat detection. While these applications may indirectly relate to security, privacy, and reliability by enhancing monitoring and detection capabilities, they do not directly address these concepts.","- [5] J. Tejedor et al., ""Real field deployment of a smart fiber-optic surveillance system for pipeline integrity threat detection: Architectural issues and blind field test results,"" *J. Lightw. Technol.*, vol. 36, no. 4, pp. 1052–1062, Feb. 15, 2018.",312,312,*C. Vibration Amplitude Calibration* > V. CONCLUSION > REFERENCES,,,cabled_fibre,True,True,True,meta-llama/llama-4-scout-17b-16e-instruct,INDIRECT,llama-3.3-70b-versatile,INDIRECT,True
O_ISAC_014,8D,security_privacy_reliability,,upstream_bridge,INDIRECT,Cross-section bridge from S5;S6;S7 outputs.,,,,,section5_6_7_bridge,S5;S6;S7,cabled_fibre,True,True,True,bridge,INDIRECT,,,False
O_ISAC_015,8D,security_privacy_reliability,,upstream_bridge,INDIRECT,Cross-section bridge from S5;S6;S7 outputs.,,,,,section5_6_7_bridge,S5;S6;S7,wireless_vlc,True,True,True,bridge,INDIRECT,,,False
O_ISAC_016,8D,security_privacy_reliability,,upstream_bridge,INDIRECT,Cross-section bridge from S5;S6;S7 outputs.,,,,,section5_6_7_bridge,S5;S6;S7,hybrid,True,True,True,bridge,INDIRECT,,,False
O_ISAC_017,8D,security_privacy_reliability,,upstream_bridge,INDIRECT,Cross-section bridge from S5;S6;S7 outputs.,,,,,section5_6_7_bridge,S5;S6;S7,cabled_fibre,True,True,True,bridge,INDIRECT,,,False
O_ISAC_018,8D,security_privacy_reliability,,upstream_bridge,INDIRECT,Cross-section bridge from S5;S6;S7 outputs.,,,,,section5_6_7_bridge,S5;S6;S7,hybrid,True,True,True,bridge,INDIRECT,,,False
O_ISAC_019,8D,security_privacy_reliability,,upstream_bridge,INDIRECT,Cross-section bridge from S5;S6;S7 outputs.,,,,,section5_6_7_bridge,S5;S6;S7,cabled_fibre,True,True,True,bridge,INDIRECT,,,False
O_ISAC_020,8D,security_privacy_reliability,threat,lexical,NONE,"The snippet primarily discusses the submarine fiber optic cable system, its importance in international telecommunication, and the growth of global submarine optical fiber infrastructures. It also touches upon the emerging technology of integrated sensing and communication (ISAC) but does not directly address concepts related to security, privacy, or reliability.","Meanwhile, about 60 percent of humans on Earth live within 100 km of the coastline. Many coastal baselines lie at the boundaries between geological plates. In these regions, active geological activities, including annual climate disasters such as typhoons and tsunamis caused by submarine seismic activities, all threaten human activities in these coastal areas. To acquire geological information and monitor these activities, conventional methods use single or series of fixed-point sensors, which may be limited in monitoring area, diverse functionality, real-time data acquisition, and longterm power supply. The developed submarine fiber optic infrastructures with ISAC technology have recently been found ideal to solve these problems. The fiber itself can be used as both the sensing gauge and signal transmission medium. Its silica core material offers advantages such as low loss, light weight, dielectric, immunity to electromagnetic interference, and ability to withstand harsh environments over long ranges and long periods. Based on the fiber's different scattering properties, such as Rayleigh backscattering, Brillouin backscattering, and Raman backscattering, a wide range of sensing parameters can be detected and measured (e.g., temperature, strain, and acoustic disturbance, which enables us to detect and monitor various coastal and oceanic events. Thanks to the low-loss and large-bandwidth characteristics of the optical fiber as a transmission medium, these sensing data can be sent back to",19,19,Photonic Integrated Sensing and Communication System Harnessing Submarine Fiber Optic Cables for Coastal Event Monitoring > INTRODUCTION,,,cabled_fibre,True,True,True,meta-llama/llama-4-scout-17b-16e-instruct,NONE,llama-3.3-70b-versatile,NONE,True
O_ISAC_021,8D,security_privacy_reliability,,upstream_bridge,INDIRECT,Cross-section bridge from S5;S6;S7 outputs.,,,,,section5_6_7_bridge,S5;S6;S7,hybrid,True,True,True,bridge,INDIRECT,,,False
O_ISAC_022,8D,security_privacy_reliability,,upstream_bridge,INDIRECT,Cross-section bridge from S5;S6;S7 outputs.,,,,,section5_6_7_bridge,S5;S6;S7,wireless_vlc,True,True,True,bridge,INDIRECT,,,False
O_ISAC_023,8D,security_privacy_reliability,,upstream_bridge,INDIRECT,Cross-section bridge from S5;S6;S7 outputs.,,,,,section5_6_7_bridge,S5;S6;S7,wireless_fso,True,True,True,bridge,INDIRECT,,,False
O_ISAC_024,8D,security_privacy_reliability,,upstream_bridge,INDIRECT,Cross-section bridge from S5;S6;S7 outputs.,,,,,section5_6_7_bridge,S5;S6;S7,cabled_fibre,True,True,True,bridge,INDIRECT,,,False
O_ISAC_025,8D,security_privacy_reliability,,upstream_bridge,INDIRECT,Cross-section bridge from S5;S6;S7 outputs.,,,,,section5_6_7_bridge,S5;S6;S7,cabled_fibre,True,True,True,bridge,INDIRECT,,,False
O_ISAC_026,8D,security_privacy_reliability,,upstream_bridge,INDIRECT,Cross-section bridge from S5;S6;S7 outputs.,,,,,section5_6_7_bridge,S5;S6;S7,hybrid,True,True,True,bridge,INDIRECT,,,False
O_ISAC_027,8D,security_privacy_reliability,risk,lexical,INDIRECT,"The concept of security_privacy_reliability is related to the mechanical strength and potential breakage of the optical fiber, which indirectly affects the reliability of the system.","sensitivity. However, an excessively thin waist diameter may also lead to the risk of optical fiber breakage due to the reduced mechanical strength of the fiber in practical applications. A waist diameter of 40 µm is selected as the optimal parameter in this experiment to strike a balance between sensitivity and fiber mechanical intensity.",136,136,"<span id=""page-0-12""></span>Low Crosstalk Deep Ocean Salinity Monitoring at 2 µm Wavelength Band > <span id=""page-0-11""></span><span id=""page-0-10""></span><span id=""page-0-9""></span><span id=""page-0-8""></span><span id=""page-0-7""></span><span id=""page-0-6""></span><span id=""page-0-5""></span><span id=""page-0-3""></span><span id=""page-0-2""></span><span id=""page-0-0""></span>I. INTRODUCTION > II. PRINCIPLE AND DEVICE DESIGN > III. RESULTS AND DISCUSSION",,,hybrid,True,True,True,meta-llama/llama-4-scout-17b-16e-instruct,INDIRECT,llama-3.3-70b-versatile,INDIRECT,True
O_ISAC_028,8D,security_privacy_reliability,,upstream_bridge,INDIRECT,Cross-section bridge from S5;S6;S7 outputs.,,,,,section5_6_7_bridge,S5;S6;S7,cabled_fibre,True,True,True,bridge,INDIRECT,,,False
O_ISAC_029,8D,security_privacy_reliability,,upstream_bridge,INDIRECT,Cross-section bridge from S5;S6;S7 outputs.,,,,,section5_6_7_bridge,S5;S6;S7,hybrid,True,True,True,bridge,INDIRECT,,,False
O_ISAC_030,8D,security_privacy_reliability,,upstream_bridge,INDIRECT,Cross-section bridge from S5;S6;S7 outputs.,,,,,section5_6_7_bridge,S5;S6;S7,hybrid,True,True,True,bridge,INDIRECT,,,False
O_ISAC_031,8D,security_privacy_reliability,,upstream_bridge,INDIRECT,Cross-section bridge from S5;S6;S7 outputs.,,,,,section5_6_7_bridge,S5;S6;S7,hybrid,True,True,True,bridge,INDIRECT,,,False
O_ISAC_032,8D,security_privacy_reliability,,upstream_bridge,INDIRECT,Cross-section bridge from S5;S6;S7 outputs.,,,,,section5_6_7_bridge,S5;S6;S7,cabled_fibre,True,True,True,bridge,INDIRECT,,,False
O_ISAC_033,8D,security_privacy_reliability,,upstream_bridge,INDIRECT,Cross-section bridge from S5;S6;S7 outputs.,,,,,section5_6_7_bridge,S5;S6;S7,cabled_fibre,True,True,True,bridge,INDIRECT,,,False
O_ISAC_034,8D,security_privacy_reliability,,upstream_bridge,INDIRECT,Cross-section bridge from S5;S6;S7 outputs.,,,,,section5_6_7_bridge,S5;S6;S7,wireless_fso,True,True,True,bridge,INDIRECT,,,False
O_ISAC_035,8D,security_privacy_reliability,,upstream_bridge,INDIRECT,Cross-section bridge from S5;S6;S7 outputs.,,,,,section5_6_7_bridge,S5;S6;S7,wireless_fso,True,True,True,bridge,INDIRECT,,,False
O_ISAC_036,8D,security_privacy_reliability,,upstream_bridge,INDIRECT,Cross-section bridge from S5;S6;S7 outputs.,,,,,section5_6_7_bridge,S5;S6;S7,hybrid,True,True,True,bridge,INDIRECT,,,False
O_ISAC_037,8D,security_privacy_reliability,,upstream_bridge,INDIRECT,Cross-section bridge from S5;S6;S7 outputs.,,,,,section5_6_7_bridge,S5;S6;S7,cabled_fibre,True,True,True,bridge,INDIRECT,,,False
O_ISAC_038,8D,security_privacy_reliability,,upstream_bridge,INDIRECT,Cross-section bridge from S5;S6;S7 outputs.,,,,,section5_6_7_bridge,S5;S6;S7,cabled_fibre,True,True,True,bridge,INDIRECT,,,False
O_ISAC_039,8D,security_privacy_reliability,data privacy,lexical,NONE,"The text does not mention security, privacy, or reliability.","Abstract—Recently, visible light positioning and visible light communication are becoming a promising technology for integrated sensing and communication. However, the isolated design of positioning and communication has limited the system efficiency and performance. In this article, a visible light integrated positioning and communication (VIPAC) framework is formulated, in which the positioning task for the sensing service and the channel estimation task for the communication service are integrated into a unified architecture. First, a multi-task learning architecture, which is composed of a sparsity-aware shared network and two task-oriented sub-networks, is proposed to fully exploit the inherent sparse features of visible light channels, and achieve mutual benefits between the two tasks. The depth of the shared network can be adaptively adjusted to extract the optimal shared features, and the two sub-networks are further optimized for the two tasks, respectively. Moreover, the emerging federated learning technique is introduced to devise a multi-user cooperative VIPAC scheme, which further improves the generalization ability in spatiotemporally nonstationary environments while preserving data privacy. It is shown by theoretical analysis and simulation results that, the proposed scheme can significantly improve the performance of positioning and channel estimation in spatiotemporally nonstationary environments compared with existing benchmark schemes.",9,9,Visible Light Integrated Positioning and Communication: A Multi-Task Federated Learning Framework,,,wireless_vlc,True,True,True,meta-llama/llama-4-scout-17b-16e-instruct,NONE,llama-3.3-70b-versatile,NONE,True
O_ISAC_039,8D,security_privacy_reliability,data privacy,lexical,NONE,"The text does not mention security, privacy, or reliability.","Consequently, a novel framework of VIPAC in the ISAC technical regime is proposed in this paper, which shares the spectrum and hardware resources for the resource-efficient joint positioning and channel estimation tasks. In the VIPAC framework, a depth-adaptive MTL-based network architecture is devised, which is used to learn the mutual beneficial features between the positioning and channel estimation tasks via a sparsity-aware shared network, and to achieve a better performance via optimizing the two task-oriented subnetworks. The MTFL framework is further formulated to improve the spatiotemporal generalization capability of the global model, and meanwhile to protect the location and data privacy of the users. Theoretical analysis and simulation results have shown that, the proposed scheme can significantly improve the performance of both the positioning and channel estimation tasks in spatiotemporally nonstationary environments, and outperforms existing benchmark schemes. To summarize, the main contributions of this paper are list as follows.",50,50,Visible Light Integrated Positioning and Communication: A Multi-Task Federated Learning Framework > 1 Introduction,,,wireless_vlc,True,True,True,meta-llama/llama-4-scout-17b-16e-instruct,NONE,llama-3.3-70b-versatile,NONE,True
O_ISAC_039,8D,security_privacy_reliability,risk,lexical,NONE,"The text does not mention security, privacy, or reliability.","Different from the traditional single-task learning, MTL is aimed at training a joint model for multiple related tasks so that the domain-specific knowledge of each task can be harnessed to improve the generalization ability of the joint model for all the tasks [21]. Data augmentation is achieved by aggregating the training data across all the tasks to learn a more accurate model for each task, which can better exploit the domain-specific knowledge and reduce the data amount required for satisfactory performance. Meanwhile, with more data from different tasks, MTL can extract the inherent mutual benefits and provide a more robust and more general representation for these tasks, which leads to a lower risk of overfitting for each task [22].",171,171,2.2.2 Multi-Lamp Cellular Cluster Architecture Design for Multi-User Cooperative VIPAC > 3 Sparsity-Aware Multi-Task Learning for Accurate Channel and Position Estimation > 3.1 Multi-Task Learning Based Network Architecture,,,wireless_vlc,True,True,True,meta-llama/llama-4-scout-17b-16e-instruct,NONE,llama-3.3-70b-versatile,NONE,True
O_ISAC_039,8D,security_privacy_reliability,data privacy,lexical,INDIRECT,"The text mentions preserving data privacy, which is related to the concept of security_privacy_reliability.","Subsequently, using the collected training data, an adaptive global neural network model can be learnt. To preserve the data privacy of the UE agents and prevent from confidential data leakage in traditional centralized learning, federated learning is utilized in the proposed MTFL framework to learn the global model in a distributive manner. The training process is divided into local model training at the  $N_{\rm r}$  UE agents and global model aggregation at the server. The",297,297,4 MULTI-TASK FEDERATED LEARNING FRAMEWORK FOR MULTI-USER COOPERATIVE VIPAC,,,wireless_vlc,True,True,True,meta-llama/llama-4-scout-17b-16e-instruct,INDIRECT,llama-3.3-70b-versatile,INDIRECT,True
O_ISAC_039,8D,security_privacy_reliability,data privacy,lexical,INDIRECT,"The concept of security_privacy_reliability is indirectly related to the snippet as it mentions protecting sensitive and private information, such as locations, trajectories, and personal data, but does not directly discuss security, privacy, or reliability measures.","Moreover, unlike traditional distributed learning, the proposed MTFL-based framework keeps the dataset of a UE agent locally accessible only. Since the training dataset contains sensitive and private information, such as locations, trajectories, and personal data, it must be protected well and isolated from public access. Compared with encryption-based secrecy-preserving schemes, federated learning has a nature of local data privacy preservation without requiring additional dedicated computing resources for secrecy protection. In the MTFL-based scheme, only the learnt model weights are transmitted between the UE agents and the server, while the local training datasets are kept local at the UE agents only. In this way, the data privacy of the UE agents can be effectively protected.",345,345,Algorithm 2. Multi-Task Federated Learning Based Multi-User Cooperative VIPAC (Training Stage) > Input:,,,wireless_vlc,True,True,True,meta-llama/llama-4-scout-17b-16e-instruct,INDIRECT,llama-3.3-70b-versatile,INDIRECT,True
O_ISAC_040,8D,security_privacy_reliability,,upstream_bridge,INDIRECT,Cross-section bridge from S5;S6;S7 outputs.,,,,,section5_6_7_bridge,S5;S6;S7,wireless_retroreflective,True,True,True,bridge,INDIRECT,,,False
O_ISAC_041,8D,security_privacy_reliability,threat,lexical,INDIRECT,"The concept of security_privacy_reliability is related to the reliability of the 6G transport network, which is mentioned in the snippet. However, the snippet does not directly discuss security or privacy, but rather the potential disruptions to the network due to co-route fibers, which can indirectly affect the reliability and security of the network.","*Abstract***—The 6G transport network facilitates the Internet of Everything (IoE), carrying numerous services and emphasizing the paramount importance of its reliability. However, within the transport network, the issue of co-route fibers arises. The coroute fibers, encompassing both co-cable and co-trench fibers, presents a significant latent hazard for service disruptions, posing a substantial threat to the seamless connectivity envisioned for the 6G era of pervasive IoE. The segregation of communication and sensing in the transmission network results in mutual interference between communication and sensing signals, rendering it difficult to promptly address sudden fiber interruptions. This article proposes an integrated sensing and communication (ISAC) architecture within transport networks, aiming at the online discernment of co-cable fibers, characterization of fiber optic trenches, and real-time classification of fiber vibration events. In the domain of co-cable fiber identification, our approach has successfully reduced the nuisance alarm rate to an impressive 5.3%, while simultaneously elevating the recognition accuracy to an outstanding 99.7%. As for co-trench fiber identification, our proposed methodology not only facilitates the discernment of cotrench fibers but also achieves an impressive accuracy of 97.7% in classifying fiber trenches. Moreover, in the realm of fiber state prediction, our solution has achieved a remarkable recognition accuracy of 98% across six distinct vibration events. These results underscore the robust performance of the proposed ISAC architecture, which will effectively safeguard the survivability of 6G IoE.**",9,9,Co-Route Fiber Recognition and Status Diagnosis Based on Integrated Sensing and Communication in 6G Transport Networks,,,hybrid,True,True,True,meta-llama/llama-4-scout-17b-16e-instruct,INDIRECT,llama-3.3-70b-versatile,INDIRECT,True
O_ISAC_041,8D,security_privacy_reliability,risk,lexical,DIRECT,"This section directly discusses enhancing the survivability of 6G IoE services in optical networks by identifying risks associated with co-route fiber and providing real-time warnings on fiber status, which relates to reliability and security.","3) In the field of optical fiber detection and operations, a novel architecture is introduced for the first time, capable of simultaneously identifying co-route fiber and fiber vibration events. By leveraging integrated sensing in transport networks to identify risks associated with coroute fiber and providing real-time warnings on fiber status, this architecture enhances the survivability of 6G IoE services in optical networks.",46,46,"Co-Route Fiber Recognition and Status Diagnosis Based on Integrated Sensing and Communication in 6G Transport Networks > <span id=""page-0-2""></span><span id=""page-0-1""></span><span id=""page-0-0""></span>I. INTRODUCTION",,,hybrid,True,True,True,meta-llama/llama-4-scout-17b-16e-instruct,DIRECT,,,False
O_ISAC_041,8D,security_privacy_reliability,risk,lexical,INDIRECT,"The snippet discusses the risk of fiber breakage due to geological disasters or human excavation, which can affect the reliability of the network. While it does not directly mention security or privacy, the potential for network disruptions can have indirect implications for the security and reliability of the network.","In the infrastructure of networks, multiple optical fibers are often laid in the same trenches. When facing geological disasters or human excavation, there is a risk of fiber breakage for all fibers in the same trench. To identify the fibers in the same trench, namely, co-trench fibers, we collected a large amount of fiber vibration data in real network scenarios from the telecommunications operator's network. The process of obtaining vibration data is illustrated in Fig. [4.](#page-3-2)",321,321,Co-Route Fiber Recognition and Status Diagnosis Based on Integrated Sensing and Communication in 6G Transport Networks > *B. Trench Characterization*,,,hybrid,True,True,True,meta-llama/llama-4-scout-17b-16e-instruct,INDIRECT,llama-3.3-70b-versatile,INDIRECT,True
O_ISAC_041,8D,security_privacy_reliability,threat,lexical,DIRECT,"This section directly addresses monitoring the real-time status of fibers and providing timely alerts for vibration events that threaten fiber status, such as digging or knocking, which can prevent service interruptions and relates to reliability and security.","Fiber fracture can significantly impact the survivability of business operations. Identifying co-route fibers can mitigate the risk of service interruption in already laid fibers and prevent co-route fiber phenomenon occurrence in future fiber deployments. However, co-route fiber identification can only identify potential risks before and after fiber deployment, and cannot provide early warnings for sudden fiber fractures. In this article, we use an ISAC architecture to monitor the realtime status of fibers. When vibration events threatening the fiber status, such as digging or knocking, are detected, timely alerts are sent to the SDN controller. This enables network administrators to promptly adjust services on the alerted fibers, thereby avoiding service interruptions.",384,384,Co-Route Fiber Recognition and Status Diagnosis Based on Integrated Sensing and Communication in 6G Transport Networks > *B. Trench Characterization* > *C. Fiber Vibration Pattern Recognition*,,,hybrid,True,True,True,meta-llama/llama-4-scout-17b-16e-instruct,DIRECT,,,False
O_ISAC_041,8D,security_privacy_reliability,risk,lexical,NONE,"The provided snippet appears to be a list of academic references and does not directly discuss or imply concepts related to security, privacy, or reliability.","- <span id=""page-9-14""></span>[\[15\]](#page-0-8) Z. Zhao et al., ""Field trail of shared risk optical fiber links detection based on OTDR and AI algorithm,"" in *Proc. Asia Commun. Photon. Conf. (ACP)*, Shenzhen, China, 2022, pp. 1942–1945, doi: [10.1109/ACP55869.2022.10088875.](http://dx.doi.org/10.1109/ACP55869.2022.10088875)",465,465,Co-Route Fiber Recognition and Status Diagnosis Based on Integrated Sensing and Communication in 6G Transport Networks > *B. Trench Characterization* > *C. Fiber Vibration Pattern Recognition* > REFERENCES,,,hybrid,True,True,True,meta-llama/llama-4-scout-17b-16e-instruct,NONE,llama-3.3-70b-versatile,NONE,True
O_ISAC_042,8D,security_privacy_reliability,,upstream_bridge,INDIRECT,Cross-section bridge from S5;S6;S7 outputs.,,,,,section5_6_7_bridge,S5;S6;S7,cabled_fibre,True,True,True,bridge,INDIRECT,,,False
O_ISAC_043,8D,security_privacy_reliability,,upstream_bridge,INDIRECT,Cross-section bridge from S5;S6;S7 outputs.,,,,,section5_6_7_bridge,S5;S6;S7,hybrid,True,True,True,bridge,INDIRECT,,,False
O_ISAC_044,8D,security_privacy_reliability,,upstream_bridge,INDIRECT,Cross-section bridge from S5;S6;S7 outputs.,,,,,section5_6_7_bridge,S5;S6;S7,hybrid,True,True,True,bridge,INDIRECT,,,False
O_ISAC_045,8D,security_privacy_reliability,,upstream_bridge,INDIRECT,Cross-section bridge from S5;S6;S7 outputs.,,,,,section5_6_7_bridge,S5;S6;S7,cabled_fibre,True,True,True,bridge,INDIRECT,,,False
O_ISAC_046,8D,security_privacy_reliability,,upstream_bridge,INDIRECT,Cross-section bridge from S5;S6;S7 outputs.,,,,,section5_6_7_bridge,S5;S6;S7,cabled_fibre,True,True,True,bridge,INDIRECT,,,False
O_ISAC_047,8D,security_privacy_reliability,,upstream_bridge,INDIRECT,Cross-section bridge from S5;S6;S7 outputs.,,,,,section5_6_7_bridge,S5;S6;S7,hybrid,True,True,True,bridge,INDIRECT,,,False
O_ISAC_048,8D,security_privacy_reliability,,upstream_bridge,INDIRECT,Cross-section bridge from S5;S6;S7 outputs.,,,,,section5_6_7_bridge,S5;S6;S7,wireless_fso,True,True,True,bridge,INDIRECT,,,False
O_ISAC_049,8D,security_privacy_reliability,,upstream_bridge,INDIRECT,Cross-section bridge from S5;S6;S7 outputs.,,,,,section5_6_7_bridge,S5;S6;S7,wireless_vlc,True,True,True,bridge,INDIRECT,,,False
O_ISAC_050,8D,security_privacy_reliability,risk,lexical,NONE,"The text discusses system models, parameter spaces, and algorithm design, but does not mention security, privacy, or reliability.","<span id=""page-4-8""></span><span id=""page-4-1""></span><sup>5</sup>Gaussian noise modeling is reasonable for large samples due to the central limit theorem [48], which renders tractable algorithm design. Given the mean and variance of sample noise, Gaussian prior gives rise to the maximum modeling entropy [49], [50], thus leading to the lowest risk in modeling mismatch. Hence, it is common practice in literature [6], [51], [52], [53].",224,224,C. Channel Model > D. Received OFDM Signal Model,,,wireless_vlc,True,True,True,meta-llama/llama-4-scout-17b-16e-instruct,INDIRECT,llama-3.3-70b-versatile,NONE,True
O_ISAC_050,8D,security_privacy_reliability,risk,lexical,NONE,"The text talks about performance gain, subcarriers, and OFDM modulation, but does not relate to security, privacy, or reliability.","It is shown that the performance gain of our SPAO method increases with the number of subcarriers. This is because the energy spreading over a large number of subcarriers will reduce the risk of VLC being at a poor frequency channel. Hence, the SPAO performance will be improved by the OFDM modulation of the VLC system.",606,606,B. Simulation Results,,,wireless_vlc,True,True,True,meta-llama/llama-4-scout-17b-16e-instruct,NONE,llama-3.3-70b-versatile,NONE,True
O_ISAC_051,8D,security_privacy_reliability,risk,lexical,NONE,"The text primarily discusses signal processing, phase measurement, and distance calculation, without any direct or indirect mention of security, privacy, or reliability.","The distributions of the deviation of the measured distances with the average value are shown in Fig. 7. It can be seen that the distance mean is closely surrounded by the measurement points. The range accuracy equal to approximately  $\pm 1.5$  cm is also illustrated here, with about 50% of the measured samples having an accuracy concentrated within range precision  $\pm \sigma_R$ . In addition, the outlier points marked by asterisks reflect the ranging errors due to the fluctuation of the signal. The reasons for the signal fluctuation are as follows: first, the output power of the laser fluctuates. In the intensity-modulated system, the fluctuations in the optical power will directly",328,328,II. MODEL OF PHASE-SHIFT LASER RANGING WITH COMMUNICATION > *A. Ranging*,,,hybrid,True,True,True,meta-llama/llama-4-scout-17b-16e-instruct,NONE,llama-3.3-70b-versatile,NONE,True
O_ISAC_051,8D,security_privacy_reliability,risk,lexical,INDIRECT,"The discussion of signal fluctuations, phase resolution, and clock jitter indirectly relates to reliability, as these factors can impact the accuracy and consistency of the measurements.","Fig. 7. Deviation distribution of measurement results. In all box plots, the middle line, the top and the bottom of each box represent the median, the 25th and the 75th percentiles of the samples with mean subtracted, respectively. The whiskers are drawn from the interquartile ranges to the furthest minimum (bottom) and maximum (top) values, and the asterisks represent outliers.",336,336,II. MODEL OF PHASE-SHIFT LASER RANGING WITH COMMUNICATION > *A. Ranging*,,,hybrid,True,True,True,meta-llama/llama-4-scout-17b-16e-instruct,INDIRECT,llama-3.3-70b-versatile,INDIRECT,True
O_ISAC_052,8D,security_privacy_reliability,,upstream_bridge,INDIRECT,Cross-section bridge from S5;S6;S7 outputs.,,,,,section5_6_7_bridge,S5;S6;S7,hybrid,True,True,True,bridge,INDIRECT,,,False
O_ISAC_053,8D,security_privacy_reliability,,upstream_bridge,INDIRECT,Cross-section bridge from S5;S6;S7 outputs.,,,,,section5_6_7_bridge,S5;S6;S7,wireless_vlc,True,True,True,bridge,INDIRECT,,,False
O_ISAC_054,8D,security_privacy_reliability,risk,lexical,INDIRECT,"The concept of security_privacy_reliability is indirectly related to the snippet, which discusses optimizing the distribution of light intensity for stable performance and reliable communication, but does not explicitly mention security, privacy, or reliability.","While this traditional distribution method strive for uniform light intensity to provide stable performance across different locations, achieving such evenness may come at the cost of reduced signal strength in any specific location, particularly under constrained power budgets. Uniform intensity, while desirable for certain purposes, risks diluting overall communication reliability and sensing accuracy. Therefore, in this article, we put forth a distinct optimization criterion. First, we establish a threshold  $\rho_I$  that corresponds to an acceptable communication and sensing performance. Our optimization objective is to maximize the extent of the area within the room where the RSS surpasses the threshold, or it can be",344,344,"A. Synergies Between Optical Sensing and Optical Communication and Two-Phase Operation Mechanism > <span id=""page-7-0""></span>B. Source Layout Optimization",,,hybrid,True,True,True,meta-llama/llama-4-scout-17b-16e-instruct,INDIRECT,llama-3.3-70b-versatile,INDIRECT,True
O_ISAC_055,8D,security_privacy_reliability,,upstream_bridge,INDIRECT,Cross-section bridge from S5;S6;S7 outputs.,,,,,section5_6_7_bridge,S5;S6;S7,wireless_fso,True,True,True,bridge,INDIRECT,,,False
O_ISAC_056,8D,security_privacy_reliability,,upstream_bridge,INDIRECT,Cross-section bridge from S5;S6;S7 outputs.,,,,,section5_6_7_bridge,S5;S6;S7,cabled_fibre,True,True,True,bridge,INDIRECT,,,False
O_ISAC_057,8D,security_privacy_reliability,,upstream_bridge,INDIRECT,Cross-section bridge from S5;S6;S7 outputs.,,,,,section5_6_7_bridge,S5;S6;S7,hybrid,True,True,True,bridge,INDIRECT,,,False
O_ISAC_058,8D,security_privacy_reliability,,upstream_bridge,INDIRECT,Cross-section bridge from S5;S6;S7 outputs.,,,,,section5_6_7_bridge,S5;S6;S7,hybrid,True,True,True,bridge,INDIRECT,,,False
O_ISAC_059,8D,security_privacy_reliability,risk,lexical,DIRECT,"The snippet directly discusses the improvement in reliability of satellite operations through the use of ISAC technology, highlighting its benefits in optimizing operations, reducing the need for multiple systems, and enhancing overall reliability.","- Improvement in the efficient use of spectrum resources - with integrated systems, the frequency spectrum can be more effectively utilized, reducing interference and optimizing bandwidth allocation. This efficiency helps mitigate the risk of signal congestion, which is becoming increasingly important as the number of satellites and other space assets grows.",66,66,I. INTRODUCTION > III. INTEGRATED SENSING AND COMMUNICATIONS AS ENABLER FOR SPACE SUSTAINABILITY,,,hybrid,True,True,True,meta-llama/llama-4-scout-17b-16e-instruct,DIRECT,,,False
O_ISAC_060,8D,security_privacy_reliability,,upstream_bridge,INDIRECT,Cross-section bridge from S5;S6;S7 outputs.,,,,,section5_6_7_bridge,S5;S6;S7,wireless_fso,True,True,True,bridge,INDIRECT,,,False
O_ISAC_061,8D,security_privacy_reliability,,upstream_bridge,INDIRECT,Cross-section bridge from S5;S6;S7 outputs.,,,,,section5_6_7_bridge,S5;S6;S7,hybrid,True,True,True,bridge,INDIRECT,,,False
O_ISAC_062,8D,security_privacy_reliability,,upstream_bridge,INDIRECT,Cross-section bridge from S5;S6;S7 outputs.,,,,,section5_6_7_bridge,S5;S6;S7,wireless_vlc,True,True,True,bridge,INDIRECT,,,False
O_ISAC_063,8D,security_privacy_reliability,,upstream_bridge,INDIRECT,Cross-section bridge from S5;S6;S7 outputs.,,,,,section5_6_7_bridge,S5;S6;S7,cabled_fibre,True,True,True,bridge,INDIRECT,,,False
O_ISAC_064,8D,security_privacy_reliability,,upstream_bridge,INDIRECT,Cross-section bridge from S5;S6;S7 outputs.,,,,,section5_6_7_bridge,S5;S6;S7,cabled_fibre,True,True,True,bridge,INDIRECT,,,False
O_ISAC_065,8D,security_privacy_reliability,,upstream_bridge,INDIRECT,Cross-section bridge from S5;S6;S7 outputs.,,,,,section5_6_7_bridge,S5;S6;S7,hybrid,True,True,True,bridge,INDIRECT,,,False
O_ISAC_066,8D,security_privacy_reliability,,upstream_bridge,INDIRECT,Cross-section bridge from S5;S6;S7 outputs.,,,,,section5_6_7_bridge,S5;S6;S7,hybrid,True,True,True,bridge,INDIRECT,,,False
O_ISAC_067,8D,security_privacy_reliability,,upstream_bridge,INDIRECT,Cross-section bridge from S5;S6;S7 outputs.,,,,,section5_6_7_bridge,S5;S6;S7,wireless_fso,True,True,True,bridge,INDIRECT,,,False
O_ISAC_068,8D,security_privacy_reliability,security threat,lexical,INDIRECT,"The concept of security_privacy_reliability is indirectly related to the snippet as it discusses the use of VLS and VLC for industrial robot monitoring and communication, which may have implications for the security and reliability of the system, but does not explicitly address these concerns.","[12] introduced the idea of utilizing VLC and VLS for forming a closed control loop. This system is designed to accurately sense the rotational position of a cylinder affixed to a servomotor by VLS, achieving an average absolute deviation of approximately 1.2°. Additionally, it efficiently executes commands to the servomotor, equipped with a photodiode, to achieve specific rotational positions. Experimental validation confirms the viability of their implemented system, highlighting its relevance in the context of 6G technology. Moreover, they presented a straightforward yet efficient technique to mitigate the effects of ambient light interference on operational performance. In this work, the authors presented the first implementation of a closed-loop controller capable, as mentioned, of remotely sensing the cylinder's rotational position via backscattered VLS and communicating commands through VLC. This design eliminates the need for additional communication components like Wi-Fi. This approach combines energy efficiency and low-latency sensing with the advantages of VLC, offering immunity against RF signal interference and associated security threats such as spamming or spoofing.",149,149,*C. VL Comparison to RF Approaches* > *D. VL Approaches applications*,,,hybrid,True,True,True,meta-llama/llama-4-scout-17b-16e-instruct,INDIRECT,llama-3.3-70b-versatile,INDIRECT,True
O_ISAC_069,8D,security_privacy_reliability,threat,lexical,INDIRECT,"The provided snippet discusses various research papers related to earthquake detection, pipeline integrity, and fiber-optic surveillance systems. While these topics are related to monitoring and detection, they do not directly address security, privacy, or reliability. However, the use of smart surveillance systems and intelligent recognition of vibrations can be indirectly related to ensuring the reliability of pipeline infrastructure.","- [39] J. Tejedor et al., ""Toward prevention of pipeline integrity threats using a smart fiber-optic surveillance system,"" *J. Lightw. Technol.*, vol. 34, no. 19, pp. 4445–4453, Oct. 2016.",312,312,II. ADVANCED SIGNAL PROCESSING OF UNDERWATER DISTRIBUTED ACOUSTIC SENSING FOR SEISMOLOGY APPLICATION > *A. Data Preprocessing* > REFERENCES,,,hybrid,True,True,True,meta-llama/llama-4-scout-17b-16e-instruct,INDIRECT,llama-3.3-70b-versatile,INDIRECT,True
O_ISAC_069,8D,security_privacy_reliability,threat,lexical,INDIRECT,"Similar to the first snippet, this snippet also discusses research papers on earthquake detection, pipeline integrity, and fiber-optic surveillance systems. The focus is on the technological aspects of monitoring and detection, which can contribute to the overall reliability of the systems but does not directly address security or privacy concerns.","- [40] J. Tejedor et al., ""Real field deployment of a smart fiber-optic surveillance system for pipeline integrity threat detection: Architecture issues and blind field test results,"" *J. Lightw. Technol.*, vol. 36, no. 4, pp. 1052–1062, Feb. 2018.",313,313,II. ADVANCED SIGNAL PROCESSING OF UNDERWATER DISTRIBUTED ACOUSTIC SENSING FOR SEISMOLOGY APPLICATION > *A. Data Preprocessing* > REFERENCES,,,hybrid,True,True,True,meta-llama/llama-4-scout-17b-16e-instruct,INDIRECT,llama-3.3-70b-versatile,INDIRECT,True
O_ISAC_070,8D,security_privacy_reliability,,upstream_bridge,INDIRECT,Cross-section bridge from S5;S6;S7 outputs.,,,,,section5_6_7_bridge,S5;S6;S7,hybrid,True,True,True,bridge,INDIRECT,,,False
O_ISAC_071,8D,security_privacy_reliability,,upstream_bridge,INDIRECT,Cross-section bridge from S5;S6;S7 outputs.,,,,,section5_6_7_bridge,S5;S6;S7,hybrid,True,True,True,bridge,INDIRECT,,,False
O_ISAC_072,8D,security_privacy_reliability,,upstream_bridge,INDIRECT,Cross-section bridge from S5;S6;S7 outputs.,,,,,section5_6_7_bridge,S5;S6;S7,cabled_fibre,True,True,True,bridge,INDIRECT,,,False
O_ISAC_073,8D,security_privacy_reliability,,upstream_bridge,INDIRECT,Cross-section bridge from S5;S6;S7 outputs.,,,,,section5_6_7_bridge,S5;S6;S7,hybrid,True,True,True,bridge,INDIRECT,,,False
O_ISAC_074,8D,security_privacy_reliability,,upstream_bridge,INDIRECT,Cross-section bridge from S5;S6;S7 outputs.,,,,,section5_6_7_bridge,S5;S6;S7,cabled_fibre,True,True,True,bridge,INDIRECT,,,False
O_ISAC_075,8D,security_privacy_reliability,,upstream_bridge,INDIRECT,Cross-section bridge from S5;S6;S7 outputs.,,,,,section5_6_7_bridge,S5;S6;S7,retroreflective_optical,True,True,True,bridge,INDIRECT,,,False
O_ISAC_076,8D,security_privacy_reliability,,upstream_bridge,INDIRECT,Cross-section bridge from S5;S6;S7 outputs.,,,,,section5_6_7_bridge,S5;S6;S7,cabled_fibre,True,True,True,bridge,INDIRECT,,,False
O_ISAC_077,8D,security_privacy_reliability,,upstream_bridge,INDIRECT,Cross-section bridge from S5;S6;S7 outputs.,,,,,section5_6_7_bridge,S5;S6;S7,hybrid,True,True,True,bridge,INDIRECT,,,False
O_ISAC_078,8D,security_privacy_reliability,,upstream_bridge,INDIRECT,Cross-section bridge from S5;S6;S7 outputs.,,,,,section5_6_7_bridge,S5;S6;S7,cabled_fibre,True,True,True,bridge,INDIRECT,,,False
O_ISAC_079,8D,security_privacy_reliability,,upstream_bridge,INDIRECT,Cross-section bridge from S5;S6;S7 outputs.,,,,,section5_6_7_bridge,S5;S6;S7,cabled_fibre,True,True,True,bridge,INDIRECT,,,False
O_ISAC_080,8D,security_privacy_reliability,,upstream_bridge,INDIRECT,Cross-section bridge from S5;S6;S7 outputs.,,,,,section5_6_7_bridge,S5;S6;S7,cabled_fibre,True,True,True,bridge,INDIRECT,,,False
O_ISAC_081,8D,security_privacy_reliability,,upstream_bridge,INDIRECT,Cross-section bridge from S5;S6;S7 outputs.,,,,,section5_6_7_bridge,S5;S6;S7,hybrid,True,True,True,bridge,INDIRECT,,,False
O_ISAC_082,8D,security_privacy_reliability,,upstream_bridge,INDIRECT,Cross-section bridge from S5;S6;S7 outputs.,,,,,section5_6_7_bridge,S5;S6;S7,hybrid,True,True,True,bridge,INDIRECT,,,False
O_ISAC_083,8D,security_privacy_reliability,risk,fuzzy:85.71428571428572,NONE,"The provided snippet does not mention or imply any concepts related to security, privacy, or reliability. It appears to be an author list and affiliations section from a research paper, lacking any direct or indirect references to the concept of security_privacy_reliability.","Rishu Raj<sup>1</sup>, Devika Dass<sup>1</sup>, Kaida Kaeval<sup>2</sup>, Sai Patri<sup>3</sup>, Vincent Sleiffer<sup>3</sup>, Benedikt Baeuerle<sup>4</sup>, Wolfgang Heni<sup>4</sup>, Marco Ruffini<sup>1</sup>, Colm Browning<sup>5</sup>, Alan Naughton<sup>5</sup>, Ruth Mackey<sup>5</sup>, David Mackey<sup>5</sup>, Boris Vukovic<sup>6</sup>, Jasmin Smajic <sup>6</sup>, Juerg Leuthold <sup>6</sup>, Carlos Natalino<sup>7</sup>, Lena Wosinska<sup>7</sup>, Tommy Svensson<sup>7</sup>, Aleksandra Kaszubowska-Anandarajah<sup>1</sup>, Ioanna Mesogiti<sup>8</sup>, Simon Pryor<sup>9</sup>, Anna Tzanakaki<sup>10</sup>, Reza Nejabati<sup>11</sup>, Paolo Monti<sup>7</sup>, and Dan Kilper<sup>1</sup>",11,11,Towards Efficient Confluent Edge Networks,,,hybrid,True,True,True,meta-llama/llama-4-scout-17b-16e-instruct,NONE,llama-3.3-70b-versatile,NONE,True
O_ISAC_084,8D,security_privacy_reliability,risk,lexical,INDIRECT,"The concept of security_privacy_reliability is indirectly related to the snippet as it mentions 'public health concerns' and 'infection risk', implying a connection to the reliability and safety of the system in a communal setting, but does not directly address security or privacy.","To solve this problem, we propose LumiPane, the first ISAC system that seamlessly integrates gesture sensing with ambient light communication functionalities. Fig. 1 illustrates two sample applications of LumiPane in smart bus stops: enabling people to interact with bus stop screens and facilitating endto-end communication for obtaining current geographic data. This system can utilize the bus stop's integrated lighting and can also harness sunlight as its light source. Unlike traditional touch screens, users can interact with LumiPane without physical contact, significantly addressing public health concerns in communal spaces. This is particularly beneficial during events such as the COVID-19 pandemic, where touch screens may pose an increased risk of infection [10]. Due to the inability to completely block ambient light, we design the VLS component of the system onto the LCLV array, which functions as the transmitter. This design embeds the sensing signal into the light source prior to data modulation, thus preventing complete obstruction of the normal VLC link, as illustrated in Fig. 2. And the system employs a decoupling algorithm to separate the sensing signal from the communication signal. After separation, hand gesture recognition is obtained using an transformer-based network, and the communication signal is decoded by our devised algorithm. The proposed system has been tested on 10 gestures and has demonstrated an accuracy of 97.6% at a communication speed of 60 bps in various environments.",49,49,LumiPane: Intelligent Interaction through Gesture Sensing and Ambient Light Communication > I. INTRODUCTION > *A. Background*,,,wireless_vlc,True,True,True,meta-llama/llama-4-scout-17b-16e-instruct,INDIRECT,llama-3.3-70b-versatile,INDIRECT,True
O_ISAC_085,8D,security_privacy_reliability,,upstream_bridge,INDIRECT,Cross-section bridge from S5;S6;S7 outputs.,,,,,section5_6_7_bridge,S5;S6;S7,cabled_fibre,True,True,True,bridge,INDIRECT,,,False
O_ISAC_086,8D,security_privacy_reliability,,upstream_bridge,INDIRECT,Cross-section bridge from S5;S6;S7 outputs.,,,,,section5_6_7_bridge,S5;S6;S7,hybrid,True,True,True,bridge,INDIRECT,,,False
O_ISAC_088,8D,security_privacy_reliability,,upstream_bridge,INDIRECT,Cross-section bridge from S5;S6;S7 outputs.,,,,,section5_6_7_bridge,S5;S6;S7,hybrid,True,True,True,bridge,INDIRECT,,,False
O_ISAC_089,8D,security_privacy_reliability,,upstream_bridge,INDIRECT,Cross-section bridge from S5;S6;S7 outputs.,,,,,section5_6_7_bridge,S5;S6;S7,cabled_fibre,True,True,True,bridge,INDIRECT,,,False
O_ISAC_090,8D,security_privacy_reliability,,upstream_bridge,INDIRECT,Cross-section bridge from S5;S6;S7 outputs.,,,,,section5_6_7_bridge,S5;S6;S7,cabled_fibre,True,True,True,bridge,INDIRECT,,,False
O_ISAC_091,8D,security_privacy_reliability,,upstream_bridge,INDIRECT,Cross-section bridge from S5;S6;S7 outputs.,,,,,section5_6_7_bridge,S5;S6;S7,wireless_fso,True,True,True,bridge,INDIRECT,,,False
O_ISAC_092,8D,security_privacy_reliability,,upstream_bridge,INDIRECT,Cross-section bridge from S5;S6;S7 outputs.,,,,,section5_6_7_bridge,S5;S6;S7,wireless_vlc,True,True,True,bridge,INDIRECT,,,False
O_ISAC_093,8D,security_privacy_reliability,risk,lexical,INDIRECT,"The concept of security_privacy_reliability is indirectly related to the context, which discusses the applications of IoMT in healthcare, including noncontact health monitoring, medical imaging, telemedicine, and motion monitoring. While these applications may involve the collection and processing of sensitive patient data, the context does not explicitly address security, privacy, or reliability concerns.","data processing. Key applications encompass noncontact health monitoring, wherein vital signs are assessed without wearable devices, improving patient comfort and minimizing infection risks; medical imaging, utilizing terahertz imaging for early diagnosis and personalized treatment by detecting conditions such as cancer and monitoring biochemical markers; telemedicine, ensuring precise, real-time transmission of physiological signals and medical images; and motion monitoring, where multi-modal sensing enables highprecision tracking of patient movements, enhancing recovery through real-time feedback during activities like physical therapy.",72,72,B. SCENARIOS,,,hybrid,True,True,True,meta-llama/llama-4-scout-17b-16e-instruct,INDIRECT,llama-3.3-70b-versatile,INDIRECT,True
O_ISAC_093,8D,security_privacy_reliability,data privacy,lexical,NONE,"The context appears to be a table describing different machine learning models and their applications, with no explicit mention of security, privacy, or reliability concerns. The mention of 'data privacy protection' in the Distributed Learning section is not sufficient to establish a direct or indirect connection to the concept of security_privacy_reliability in the context of the table as a whole.","| Distributed Learning   | FL                              | Collective spectrum sensing, data privacy protection, distributed learning. |",91,91,C. METHODS > 1) Signal Processing:,,,hybrid,True,True,True,meta-llama/llama-4-scout-17b-16e-instruct,NONE,llama-3.3-70b-versatile,NONE,True
O_ISAC_094,8D,security_privacy_reliability,,upstream_bridge,INDIRECT,Cross-section bridge from S5;S6;S7 outputs.,,,,,section5_6_7_bridge,S5;S6;S7,hybrid,True,True,True,bridge,INDIRECT,,,False
O_ISAC_095,8D,security_privacy_reliability,,upstream_bridge,INDIRECT,Cross-section bridge from S5;S6;S7 outputs.,,,,,section5_6_7_bridge,S5;S6;S7,hybrid,True,True,True,bridge,INDIRECT,,,False
O_ISAC_096,8D,security_privacy_reliability,,upstream_bridge,INDIRECT,Cross-section bridge from S5;S6;S7 outputs.,,,,,section5_6_7_bridge,S5;S6;S7,hybrid,True,True,True,bridge,INDIRECT,,,False
O_ISAC_097,8D,security_privacy_reliability,,upstream_bridge,INDIRECT,Cross-section bridge from S5;S6;S7 outputs.,,,,,section5_6_7_bridge,S5;S6;S7,hybrid,True,True,True,bridge,INDIRECT,,,False
O_ISAC_098,8D,security_privacy_reliability,,upstream_bridge,INDIRECT,Cross-section bridge from S5;S6;S7 outputs.,,,,,section5_6_7_bridge,S5;S6;S7,wireless_fso,True,True,True,bridge,INDIRECT,,,False
O_ISAC_099,8D,security_privacy_reliability,,upstream_bridge,INDIRECT,Cross-section bridge from S5;S6;S7 outputs.,,,,,section5_6_7_bridge,S5;S6;S7,retroreflective,True,True,True,bridge,INDIRECT,,,False
O_ISAC_100,8D,security_privacy_reliability,,upstream_bridge,INDIRECT,Cross-section bridge from S5;S6;S7 outputs.,,,,,section5_6_7_bridge,S5;S6;S7,hybrid,True,True,True,bridge,INDIRECT,,,False
O_ISAC_101,8D,security_privacy_reliability,vulnerability,lexical,INDIRECT,"The text discusses the ICON concept, a sensing system controlled through an intelligent control platform, but does not directly address security, privacy, or reliability. However, the integration of sensing systems with network infrastructure and the use of a software-defined networking (SDN) controller imply a level of indirect consideration for these aspects, as they relate to network management and performance.","To realise ICON, the network infrastructure, consisting of telecommunication systems with their built-in monitoring, would be complemented with fibre sensing systems managed by its own intelligent control platform. The latter, designed as a software defined networking (SDN) controller with virtualized network functions, could be flexibly integrated into existing SDN controls and other cloud services. The role of the sensing control platform would be to provision and configure IC&S network elements to fulfil the sensing requirements. As the sensing probes/signals need to be routed through the networks, similarly to the data signals, the IS&C controller would need to interface with the sensing applications as well as the network management system (NMS). The ICON concept is shown in Fig. 1 using a topology of the Tampnet network. Sensing and monitoring data, collected into a data lake, is used to create a digital twin (DT) of different network segments/elements. This in turn will be used to create the infrastructure context to improve network performance, as well as enhancing the data available to external (e.g. sensing) applications and the NMS - giving network operators new insights into their network operation that is only possible with the addition of sensing capabilities. The collected data can be shared through a modern telemetry broker platform [6], providing data-sovereign features for secure telemetry and sensing data sharing. This in turn, can empower machine-learning (ML)-based network anomaly and fault detection in multi-vendor, multi-operator environments. Furthermore, gathering data over longer time periods, with failure-specific collection intervals, enables extraction of additional value from the data, presented in the form of availability maps. These would include infrastructure vulnerability to certain anomalies and failures depending on the type, make predictions about infrastructure aging, and use this information in open, disaggregated networks to optimize routing algorithms and performance of modern services like Optical Spectrum as a Service.",59,59,Intent and Context-Aware Optical Networks > ABSTRACT,,,cabled_fibre,True,True,True,meta-llama/llama-4-scout-17b-16e-instruct,INDIRECT,llama-3.3-70b-versatile,INDIRECT,True
O_ISAC_101,8D,security_privacy_reliability,threat,lexical,INDIRECT,"Similar to the first snippet, this text describes the ICON concept and its components, including the sensing control platform and its integration with network management systems. While it does not explicitly mention security, privacy, or reliability, the discussion of network performance, data collection, and the creation of a digital twin suggests an indirect relationship with these concepts, particularly in terms of network resilience and data integrity.","In this presentation, the ICON concept and the pathway to its realisation will be discussed, including (1) the requirement for highly flexible physical layer sensing solutions capable of detecting wide range of events and compatible with different network segments; (2). signal processing, context creation, and data compression algorithms and (3) the creation of an intelligent platform, compatible with SDN control environments. The examples of ICON applications for optimization of the network utilisation and planning as well as ensuring the infrastructure security and reliability through real-time threat detection, localisation and identification will also be discussed.",61,61,Intent and Context-Aware Optical Networks > ABSTRACT,,,cabled_fibre,True,True,True,meta-llama/llama-4-scout-17b-16e-instruct,INDIRECT,llama-3.3-70b-versatile,INDIRECT,True
O_ISAC_102,8D,security_privacy_reliability,vulnerability,fuzzy:100.0,NONE,"The snippet does not mention security, privacy, or reliability explicitly, and the context appears to be related to a mathematical or computational algorithm, which does not directly relate to the concept of security_privacy_reliability.",N,352,352,Algorithm 3 Iterative Search and Update Framework of ABC Algorithm,,,cabled_fibre,True,True,True,meta-llama/llama-4-scout-17b-16e-instruct,NONE,llama-3.3-70b-versatile,NONE,True
O_ISAC_103,8D,security_privacy_reliability,threat,lexical,NONE,"The text discusses submarine optical fibre cables, their threats, and potential solutions for sensing over live telecom networks, but does not directly address security, privacy, or reliability concepts.","Since the 1990s, the number of submarine optical fibre cables has surged due to the growth in global internet and mobile services, with the current total length exceeding 1 million kilometres. These cables face various threats, including man-made events such as trawling activities or environmental-driven ones such as the cable rubbing against sharp rocks. Given their critical role in international and intercontinental telecommunication, sensing over live telecom networks emerges as a highly promising solution.",17,17,Simultaneous Transmission and Sensing Emulation Using Interconnected Counter-Propagating Recirculating Loops > Introduction,,,cabled_fibre,True,True,True,meta-llama/llama-4-scout-17b-16e-instruct,NONE,llama-3.3-70b-versatile,NONE,True
O_ISAC_104,8D,security_privacy_reliability,risk,lexical,INDIRECT,"The text discusses the technical aspects of an optical fiber interrogator (OFI) and its integration into a passive optical network (PON) infrastructure, which indirectly relates to security, privacy, and reliability by mentioning the monitoring of perturbations and safety, but does not directly address these concepts.","The OFI-based interrogator can be embedded in different ways in the PON infrastructure with respect to the perturbations that we want to monitor. The OFI can be built directly in the PON cable in case of dual-feeder fiber configuration, as shown in Fig. 2 a), to monitor anthropogenic and natural events and the safety of the feeder fiber and the remote node. Coexistence elements (CExs) are used to combine/split the PON services and the sensing signals mirrored by the FRMs located at the RN, before the passive splitter, with a minimal impact on the PON equipment. A very simple, low-effective implementation is obtained, suitable for extensive and sustainable applications, without the need of coherent transceivers, ultra-stable lasers and expensive DSP. With respect to solutions based on backscattering, the use of mirrors allows to achieve more robustness with respect to the PON losses. The OFI-based interrogator embedded in this way was used to monitor the safety of the PON cabinet in the street to provide an early warning of possible hazards [3], putting at risk the integrity of the PON infrastructure. Anthropogenic activities around the PON were also detected by the same interrogator [4], monitoring human eventsin proximity of the manhole covers, under which the PON cable is deployed.",73,73,Joint communication and sensing in access networks for anthropic activities monitoring and real-time safety surveillance > II. OFI-BASED INTERROGATOR FOR PON APPLICATIONS,,,cabled_fibre,True,True,True,meta-llama/llama-4-scout-17b-16e-instruct,INDIRECT,llama-3.3-70b-versatile,INDIRECT,True
O_ISAC_105,8D,security_privacy_reliability,,upstream_bridge,INDIRECT,Cross-section bridge from S5;S6;S7 outputs.,,,,,section5_6_7_bridge,S5;S6;S7,hybrid,True,True,True,bridge,INDIRECT,,,False
O_ISAC_106,8D,security_privacy_reliability,,upstream_bridge,INDIRECT,Cross-section bridge from S5;S6;S7 outputs.,,,,,section5_6_7_bridge,S5;S6;S7,wireless_retroreflective,True,True,True,bridge,INDIRECT,,,False
O_ISAC_107,8D,security_privacy_reliability,risk,lexical,INDIRECT,"The concept of security_privacy_reliability is related to the reliability of the communication link, which is indirectly discussed through the analysis of BER distributions and the impact of distortions on the AP-UE system.","This is because the first sub-band lies at the bandwidth limit of the AP-UE system, and is therefore subject to distortions induced by its non-flat frequency response, as shown in Fig. 5. The other sub-bands are located in frequency ranges where the gain of the AP-UE system is constant, and are therefore not subject to such distortions. Indeed, we can see that BER tends, at least occasionally, to increase as the UE moves further away from the AP, i.e., in the case of AP<sub>3</sub>, when the UE is located in positions with coordinates x close to 120 cm and/or y close to 0 cm. In these cases, the distance increases propagation losses, as highlighted by (2), leading to a reduction in the signal-to-noise ratio (SNR) and therefore an increased risk of errors at the UE level",363,363,B. Modeling of the Proposed System > C. RSS for Positioning > D. Communication With m-CAP > IV. EVALUATION OF THE COMMUNICATION PERFORMANCE,,,hybrid,True,True,True,meta-llama/llama-4-scout-17b-16e-instruct,INDIRECT,llama-3.3-70b-versatile,INDIRECT,True
O_ISAC_107,8D,security_privacy_reliability,risk,lexical,INDIRECT,"The concept of security_privacy_reliability is related to the reliability of the communication link, which is indirectly discussed through the analysis of BER, SNR, and the impact of propagation losses on the signal quality.","Nevertheless, this risk remains limited, as shown in Fig. 8, which represents for each sub-band of each AP (with the exception of the first sub-band, excluded for the reasons previously mentioned) the empirical cumulative distribution function (CDF) of all BER measured on the receiver plane (i.e. 169 values per sub-band). We can see that for a given AP position, the BER of the various sub-bands, represented in the same color but with different markers, are mostly below the FEC threshold of  $3.8 \times 10^{-3}$ . Some curves are even barely visible (e.g. sub-band 2 of AP<sub>2</sub>), as the vast majority of measured BER values are 0 in these cases.",365,365,B. Modeling of the Proposed System > C. RSS for Positioning > D. Communication With m-CAP > IV. EVALUATION OF THE COMMUNICATION PERFORMANCE,,,hybrid,True,True,True,meta-llama/llama-4-scout-17b-16e-instruct,INDIRECT,llama-3.3-70b-versatile,INDIRECT,True
O_ISAC_108,8D,security_privacy_reliability,,upstream_bridge,INDIRECT,Cross-section bridge from S5;S6;S7 outputs.,,,,,section5_6_7_bridge,S5;S6;S7,wireless_vlc,True,True,True,bridge,INDIRECT,,,False
O_ISAC_109,8D,security_privacy_reliability,,upstream_bridge,INDIRECT,Cross-section bridge from S5;S6;S7 outputs.,,,,,section5_6_7_bridge,S5;S6;S7,hybrid,True,True,True,bridge,INDIRECT,,,False
O_ISAC_110,8D,security_privacy_reliability,,upstream_bridge,INDIRECT,Cross-section bridge from S5;S6;S7 outputs.,,,,,section5_6_7_bridge,S5;S6;S7,wireless_vlc,True,True,True,bridge,INDIRECT,,,False
O_ISAC_111,8D,security_privacy_reliability,,upstream_bridge,INDIRECT,Cross-section bridge from S5;S6;S7 outputs.,,,,,section5_6_7_bridge,S5;S6;S7,hybrid,True,True,True,bridge,INDIRECT,,,False
O_ISAC_112,8D,security_privacy_reliability,,upstream_bridge,INDIRECT,Cross-section bridge from S5;S6;S7 outputs.,,,,,section5_6_7_bridge,S5;S6;S7,hybrid,True,True,True,bridge,INDIRECT,,,False
O_ISAC_113,8D,security_privacy_reliability,,upstream_bridge,INDIRECT,Cross-section bridge from S5;S6;S7 outputs.,,,,,section5_6_7_bridge,S5;S6;S7,cabled_fibre,True,True,True,bridge,INDIRECT,,,False
O_ISAC_114,8D,security_privacy_reliability,,upstream_bridge,INDIRECT,Cross-section bridge from S5;S6;S7 outputs.,,,,,section5_6_7_bridge,S5;S6;S7,hybrid,True,True,True,bridge,INDIRECT,,,False
O_ISAC_115,8D,security_privacy_reliability,,upstream_bridge,INDIRECT,Cross-section bridge from S5;S6;S7 outputs.,,,,,section5_6_7_bridge,S5;S6;S7,wireless_fso,True,True,True,bridge,INDIRECT,,,False
O_ISAC_116,8D,security_privacy_reliability,,upstream_bridge,INDIRECT,Cross-section bridge from S5;S6;S7 outputs.,,,,,section5_6_7_bridge,S5;S6;S7,wireless_uv,True,True,True,bridge,INDIRECT,,,False
O_ISAC_117,8D,security_privacy_reliability,,upstream_bridge,INDIRECT,Cross-section bridge from S5;S6;S7 outputs.,,,,,section5_6_7_bridge,S5;S6;S7,hybrid,True,True,True,bridge,INDIRECT,,,False
O_ISAC_118,8D,security_privacy_reliability,risk,lexical,NONE,"The text discusses a method for cyclist detection using radar technology and does not mention security, privacy, or reliability directly.","*Abstract*—The prevalence of personal mobility devices poses growing risks to road safety, particularly at intersections where high-speed entries can lead to accidents. To address this issue, we propose a Multiple Input Multiple Output (MIMO) radarbased cyclist detection method for long-range scenarios. With Integrated Sensing And Communication (ISAC), cellular base stations can now function as radars, offering a cost-effective alternative to systems based on camera and LiDAR. However, long-range operation introduces challenges due to low Signalto-Noise Ratio (SNR). To overcome this limitation, we propose an optimization-based detection using Capon and amplitude and phase estimation (APES) beamforming techniques. The detection method estimates AoA response, detects peaks and determines the presence of targets through a thresholding approach. We evaluate the proposed method through Monte-Carlo simulations in both single and dual target settings. The results demonstrate that Capon provides accurate angle estimation but suffers from limited resolution, whereas APES offers superior resolution at the cost of estimation accuracy.",15,15,Akira Uchiyama,,,wireless,True,True,True,meta-llama/llama-4-scout-17b-16e-instruct,INDIRECT,llama-3.3-70b-versatile,NONE,True
O_ISAC_118,8D,security_privacy_reliability,threat,lexical,NONE,"The text introduces the problem of traffic safety and the need for sensing technologies, but does not explicitly mention security, privacy, or reliability.","Traffic conditions are becoming diverse. New types of mobility such as autonomous vehicles are enabled by AI and vehicle sensor technologies [1]. Additionally, personal mobility devices let individuals move at high speeds [2]. However, the diverse traffic conditions pose significant safety challenges [3]. For instance, at intersections, some cyclists may unexpectedly enter the path of oncoming vehicles, leading to potential collisions. As such situations frequently occur, it is essential to develop technologies that can inform nearby vehicles and pedestrians about potential threats.",21,21,I. INTRODUCTION,,,wireless,True,True,True,meta-llama/llama-4-scout-17b-16e-instruct,INDIRECT,llama-3.3-70b-versatile,NONE,True
O_ISAC_119,8D,security_privacy_reliability,,upstream_bridge,INDIRECT,Cross-section bridge from S5;S6;S7 outputs.,,,,,section5_6_7_bridge,S5;S6;S7,hybrid,True,True,True,bridge,INDIRECT,,,False
O_ISAC_120,8D,security_privacy_reliability,threat,lexical,INDIRECT,"The concept of security_privacy_reliability is related to the threat of unsecure regions in half of the FoV, which can be overcome by temporally switching between two beam settings. This implies that the security and privacy of the communication system are indirectly affected by the beam settings and switching sequence.","angle, the RXs in  $\theta>0^\circ$  FoV will exhibit more distorted spectrums while the RXs in  $\theta<0^\circ$  FoV can still eavesdrop on the communication. This threat of unsecure regions in half of the FoV can be overcome by temporally switching between the two beam settings, i.e., dithering between positive and negative main beam angles. Furthermore, the switching sequence can be randomly scrambled to make it hard to recover the information. In contrast, the target RX at  $0^\circ$ , since it is always close to the dithered main beam directions, will receive the spectrum with negligible dispersion in both the cases. On the other hand, the eavesdropper RX nodes in full FoV will receive two aliased and scrambled different spectra, which reliably worsens their reception.",146,146,A Reconfigurable Phase-Time Array Transmitter Achieving Keyless Secured Transmission and Multi-Receiver Localization for Low-Latency Joint Communication and Sensing > A. Programmable Beam Squinting and Spatial Dispersion Using PTA > B. Secured Keyless High Data-Rate Wireless Communication Using PTA TX,,,wireless_fso,True,True,True,meta-llama/llama-4-scout-17b-16e-instruct,INDIRECT,llama-3.3-70b-versatile,INDIRECT,True
O_ISAC_121,8D,security_privacy_reliability,,upstream_bridge,INDIRECT,Cross-section bridge from S5;S6;S7 outputs.,,,,,section5_6_7_bridge,S5;S6;S7,other,True,True,True,bridge,INDIRECT,,,False
O_ISAC_122,8D,security_privacy_reliability,,upstream_bridge,INDIRECT,Cross-section bridge from S5;S6;S7 outputs.,,,,,section5_6_7_bridge,S5;S6;S7,other,True,True,True,bridge,INDIRECT,,,False
O_ISAC_123,8D,security_privacy_reliability,security risk,fuzzy:100.0,NONE,"The snippet is a mathematical equation related to time derivatives and does not mention security, privacy, or reliability.",is,122,122,A. Leader-Follower Kinematics,,,hybrid,True,True,True,meta-llama/llama-4-scout-17b-16e-instruct,NONE,llama-3.3-70b-versatile,NONE,True
O_ISAC_124,8D,security_privacy_reliability,risk,lexical,NONE,"The provided snippet does not mention or imply any concept related to security, privacy, or reliability. It focuses on the technical aspects of an antenna-on-display (AoD) prototype, its structure, measurement results, and performance in terms of frequency scanning patterns and beam steering capabilities.","to increased risk of grating lobes, as shown in Fig. 24(e). As a result, the proposed array achieves 2D spatial beam steering with an average coverage of 93° in the H-plane and 54° in the E-plane. This corresponds to an overall 2D angular coverage of approximately 93°×108°, confirming the array's wide-angle scanning capability for dual-mode operation.",294,294,IV. SIMULATION AND MEASUREMENT RESULTS,,,hybrid,True,True,True,meta-llama/llama-4-scout-17b-16e-instruct,NONE,llama-3.3-70b-versatile,NONE,True
O_ISAC_125,8D,security_privacy_reliability,threat,lexical,INDIRECT,"The provided snippets discuss various applications of microwave and millimeter-wave technology, including RFID readers, nondestructive testing, concealed threat detection, and structural displacements. While these applications may have implications for security, privacy, and reliability, they do not directly address these concepts. Therefore, the relationship between the concept and the snippets is indirect.","- [6] J. L. Fernandes, J. R. Tedeschi, D. M. Sheen, and D. L. McMakin, ""Threedimensional millimeter-wave imaging for concealed threat detection in shoes,"" in *Proc. Passive Act. Millimeter-Wave Imag. XVI*, 2013, pp. 90–97.",169,169,IV. EXPERIMENTAL DEMONSTRATION OF MICROWAVE IMAGING > V. CONCLUSION > REFERENCES,,,wireless,True,True,True,meta-llama/llama-4-scout-17b-16e-instruct,INDIRECT,llama-3.3-70b-versatile,INDIRECT,True
O_ISAC_126,8D,security_privacy_reliability,,upstream_bridge,INDIRECT,Cross-section bridge from S5;S6;S7 outputs.,,,,,section5_6_7_bridge,S5;S6;S7,hybrid,True,True,True,bridge,INDIRECT,,,False
O_ISAC_127,8D,security_privacy_reliability,risk,fuzzy:85.71428571428572,DIRECT,The snippet directly mentions 'physical-layer security' and describes a framework that enhances signal quality and security through beamforming strategies and RIS programmability.,"#### <span id=""page-4-0""></span>B. SECRECY-AWARE BEAMFORMING WITH RIS",156,156,"2) SCATTERING LOSS > 3) TURBULENCE-INDUCED FADING > 4) BEAM DIVERGENCE LOSS > <span id=""page-4-0""></span>B. SECRECY-AWARE BEAMFORMING WITH RIS",,,wireless_fso,True,True,True,meta-llama/llama-4-scout-17b-16e-instruct,DIRECT,,,False
O_ISAC_127,8D,security_privacy_reliability,risk,lexical,DIRECT,This snippet directly discusses 'physical-layer security' by mentioning metrics that assess eavesdropper risks and RIS configuration to minimize eavesdropper SINR.,"These metrics assess link performance and eavesdropper risks, while the RIS configuration minimizes eavesdropper SINR to enhance physical-layer security",205,205,2) SCATTERING LOSS > 3) TURBULENCE-INDUCED FADING > 4) BEAM DIVERGENCE LOSS > 2) SIGNAL QUALITY METRICS,,,wireless_fso,True,True,True,meta-llama/llama-4-scout-17b-16e-instruct,DIRECT,,,False
O_ISAC_127,8D,security_privacy_reliability,risk,lexical,DIRECT,The snippet directly references 'physical-layer security' as part of the objective for the DRL agent in optimizing RIS phase configurations.,"To enable continuous adaptation of the RIS under dynamic underwater conditions, a Deep Reinforcement Learning (DRL) agent is employed to learn optimal RIS phase configurations by interacting with the environment. At each time step t, the agent observes the system state s(t), which encapsulates the predicted environmental conditions provided by the LSTM module—namely, short-term forecasts of salinity, temperature, and turbulence levels. Based on this state, the agent selects an action a(t), which corresponds to a specific configuration of the phase shifts  $\theta_i$  across the RIS elements. The control loop operates in a receding-horizon fashion: the LSTM forecasts short-term salinity/turbulence, the DRL policy updates RIS phases within the channel coherence window, and NSGA-II refines the policy asynchronously. A lightweight watchdog reuses the last stable configuration if the latency or energy budget is at risk, mitigating channel aging and transient overloads without violating real-time constraints. The objective of the agent is to maximize a reward function that simultaneously accounts for physical-layer security, energy efficiency, and communication reliability. The learning-based policy balances conflicting objectives using a scalarized reward function, designed to prioritize secrecy while accounting for energy and reliability constraints.",268,268,"<span id=""page-6-0""></span>D. DRL-BASED REAL-TIME OPTIMIZATION",,,wireless_fso,True,True,True,meta-llama/llama-4-scout-17b-16e-instruct,DIRECT,,,False
O_ISAC_127,8D,security_privacy_reliability,cyber threat,fuzzy:100.0,NONE,"The snippet discusses a mathematical model for Bit Error Rate (BER) and does not directly or indirectly relate to security, privacy, or reliability concepts.",BER,284,284,"<span id=""page-6-0""></span>D. DRL-BASED REAL-TIME OPTIMIZATION",,,wireless_fso,True,True,True,meta-llama/llama-4-scout-17b-16e-instruct,NONE,llama-3.3-70b-versatile,NONE,True
O_ISAC_127,8D,security_privacy_reliability,risk,lexical,NONE,"The snippet does not mention security, privacy, or reliability explicitly. It discusses bit error rate performance under varying salinity conditions and turbulence modeling, which is unrelated to the concept of security_privacy_reliability.",**FIGURE 4.** Bit error rate performance under varying salinity conditions (31.9–34.4 PSU). Turbulence modeling is grounded in experimental validation from [24]. Error bars indicate  $\pm 1$  std; shaded bands depict 95% confidence intervals. Asterisks mark differences significant at  $\alpha = 0.01$  versus static and GA baselines.,479,479,B. BASELINE METHODS > C. PERFORMANCE METRICS AND RESULTS,,,wireless_fso,True,True,True,meta-llama/llama-4-scout-17b-16e-instruct,NONE,llama-3.3-70b-versatile,NONE,True
O_ISAC_127,8D,security_privacy_reliability,malicious threat,fuzzy:87.5,INDIRECT,"The snippet mentions secure radar-communication systems with malicious targets, integrating radar, communications, and jamming functionalities, which is related to security. Although it does not directly discuss security, privacy, or reliability in the context of the concept, it provides a reference to a study on secure systems, making it an indirect relation.","- <span id=""page-16-15""></span>[\[18\]](#page-0-15) N. Su, F. Liu, and C. Masouros, ''Secure radar-communication systems with malicious targets: Integrating radar, communications and jamming functionalities,'' *IEEE Trans. Wireless Commun.*, vol. 20, no. 1, pp. 83–95, Jan. 2021, doi: [10.1109/TWC.2020.3023164.](http://dx.doi.org/10.1109/TWC.2020.3023164)",615,615,**ACKNOWLEDGMENT** > **REFERENCES**,,,wireless_fso,True,True,True,meta-llama/llama-4-scout-17b-16e-instruct,INDIRECT,llama-3.3-70b-versatile,INDIRECT,True
O_ISAC_128,8D,security_privacy_reliability,,upstream_bridge,INDIRECT,Cross-section bridge from S5;S6;S7 outputs.,,,,,section5_6_7_bridge,S5;S6;S7,cabled_fibre,True,True,True,bridge,INDIRECT,,,False
O_ISAC_129,8D,security_privacy_reliability,risk,lexical,INDIRECT,"The concept of security_privacy_reliability is indirectly related to the context, which discusses the stability and reliability of vehicle-to-vehicle communication and sensing in platooning applications.","Abstract—Platooning has been proven to dramatically increase traffic flow and reduce fuel consumption, and vehicle-to-vehicle (V2V) communication and sensing are requisite for platooning stability. However, most of the existing works only address V2V communication or sensing functions respectively, which is far away from meeting the 6G requirements in availability and synchronization for platooning applications. Inspired by the recent advanced integrated sensing and communication (ISAC), in this paper, we propose VehicleTalk, a lightweight V2V communication and sensing framework. Essentially, VehicleTalk reuses the head/tail LED lights of the vehicles to construct communication/sensing channels for achieving concurrent message exchange and status awareness between adjacent vehicles. In particular, VehicleTalk innovates in both message transmission and vehicle sensing to improve communication robustness and lower system latency for platooning. It leverages Raptor Codes to combat serious packet loss in the V2V network. We also engineer a fast risk detection algorithm by simply monitoring the strength change of the received optical signals from the head/tail lights to improve safety in extreme cases such as emergency brake and cutting-in. Finally, we build a prototype of VehicleTalk with low-cost Commercial Off-The-Shelf (COTS) devices to quickly verify its effectiveness, and the extensive experimental results demonstrate the promising performance of VehicleTalk.",15,15,VehicleTalk: Lightweight V2V Network Enabled by Optical Wireless Communication and Sensing,,,wireless_vlc,True,True,True,meta-llama/llama-4-scout-17b-16e-instruct,INDIRECT,llama-3.3-70b-versatile,INDIRECT,True
O_ISAC_129,8D,security_privacy_reliability,risk,lexical,INDIRECT,"Although the hint label suggests NONE, the context actually implies an indirect relation to security_privacy_reliability through the discussion of collision avoidance and risk detection.","- We innovate in proposing a status sensing algorithm to fast detect the status changes of adjacent vehicles, enabling early detection of potential risk situations and collision avoidance.",43,43,VehicleTalk: Lightweight V2V Network Enabled by Optical Wireless Communication and Sensing > I. INTRODUCTION,,,wireless_vlc,True,True,True,meta-llama/llama-4-scout-17b-16e-instruct,NONE,llama-3.3-70b-versatile,INDIRECT,True
O_ISAC_129,8D,security_privacy_reliability,risk,lexical,INDIRECT,"The context describes a model for calculating distance and a risk detection algorithm, both of which contribute to the overall reliability and safety of the platooning system, thus relating indirectly to security_privacy_reliability.","*2) Risk Detection Algorithm:* Whether in platooning or general transportation systems, risk detection has always been an important area of research due to its significant impact on people's safety. Considering the real-world circumstances and the inherent characteristics of our system, we have identified three scenarios that are prone to triggering traffic accidents. In Figure 2, we illustrate these scenarios and analyse the signal characteristics within them. This analysis serves as a fundamental basis for the subsequent design of our algorithm.",78,78,*A. System Overview* > *C. Status Change Sensing*,,,wireless_vlc,True,True,True,meta-llama/llama-4-scout-17b-16e-instruct,NONE,llama-3.3-70b-versatile,INDIRECT,True
O_ISAC_129,8D,security_privacy_reliability,risk,lexical,INDIRECT,"The context presents scenarios prone to triggering traffic accidents and analyzes signal characteristics to detect risks, which is indirectly related to security_privacy_reliability through the emphasis on safety and accident prevention.",## Algorithm 1 Risk Detection Algorithm,92,92,*A. System Overview* > Algorithm 1 Risk Detection Algorithm,,,wireless_vlc,True,True,True,meta-llama/llama-4-scout-17b-16e-instruct,INDIRECT,llama-3.3-70b-versatile,INDIRECT,True
O_ISAC_129,8D,security_privacy_reliability,risk,lexical,INDIRECT,"The concept of security_privacy_reliability is indirectly related to the snippet as it discusses the accuracy and reliability of a sensing module, which is crucial for security and privacy in applications such as vehicle-following distances.","1) Sensing distance resolution: Our risk detection algorithm relies on high-precision distance sensing. Therefore, we first examine the performance of the proposed sensing module under a varying distance. We keep transmitter at the same power and conduct 1000 tests at different distances varying from 2 m to 6 m to calculate the AE between the actual distance and the sensing distance for each data point. The error results are plotted in Figure 6. From 2 m to 4 m, the distance sensing module performs optimally with a AE below 1 cm. It can be also seen that even at the distance of 6 m, the median of AE remains consistently below 10 cm, which is acceptable for common vehicle-following distances. The experiment results confirm the effectiveness of distance sensing using VL, which lays the foundation for our sensing algorithms.",167,167,*A. Prototype and Experiment Setup* > *B. Channel Property* > C. Goodput > D. Sensing Performance Verification and Evaluation,,,wireless_vlc,True,True,True,meta-llama/llama-4-scout-17b-16e-instruct,INDIRECT,llama-3.3-70b-versatile,INDIRECT,True
O_ISAC_129,8D,security_privacy_reliability,risk,lexical,DIRECT,"The snippet directly mentions the performance of the VehicleTalk framework in terms of reliability (median RE and RER below 1.6% and 10% at a distance of 5 m) and its potential impact on security and privacy by handling severe packet loss in V2V communication and detecting risks, which implies aspects of security, privacy, and reliability.","Fig. 7: Sensing algorithm resolution under varying distances. sensing services into a unified visible light architecture. Employing Raptor Codes and status sensing algorithm, the VehicleTalk framework handles severe packet loss in the V2V communication while detecting risks in extreme cases to its maximum in the V2V sensing, thus releasing its full potential within the V2V network. With extensive evaluations under several experiment settings, we have demonstrated the promising performance of VehicleTalk in simultaneous communication and sensing, where the communication task achieves a goodput of 5 kbps and the sensing task remains median RE and RER below 1.6% and 10% at a distance of 5 m. We plan to further enhance the VehicleTalk framework by addressing some of its limitations in the future to promote a broader acceptance of our ISAC-VLC concept.",181,181,*A. Prototype and Experiment Setup* > IV. CONCLUSION,,,wireless_vlc,True,True,True,meta-llama/llama-4-scout-17b-16e-instruct,DIRECT,,,False
O_ISAC_130,8D,security_privacy_reliability,risk,lexical,NONE,"The snippet discusses a comparative analysis of two measurement systems for microalgae density and highlights the proposed method's advantages, such as being contactless and eco-friendly. However, it does not explicitly mention security, privacy, or reliability.","To distinguish the proposed from conventional methods, Fig. [1\(b\)](#page-2-1) illustrates the steps involved in measuring microalgae density for both methods. In the conventional method, a sample of microalgal culture must be extracted from the nutrient solution for density characterization. Characterization can be achieved through methods such as dry weight testing, ultrasonic detection, and cell counting. Following the determination of microalgae density, further steps, including data storage, processing, modulation, transmission, and decoding, are required for communication. Except the high labor cost, there is also a risk of contaminating the microalgal solution during sampling. In contrast, the proposed method streamlines the measurement by integrating the sensing and communication processes. By directing light through the microalgal solution, the density can be directly inferred from the observed variations in BER, using the established mapping relationship of *FB*(*XC*, *XD*, *XDR*). It is important to note that the BER value does not directly affect the accuracy of the measurement. In essence, the proposed method is tolerant of high BER levels during the measurement process of the VLSC system.",71,71,Microalgae Density Measurement Using Quantum-Dot-Integrated Sensing and Communication System > *B. Comparative Analysis of Two Measurement Systems*,,,hybrid,True,True,True,meta-llama/llama-4-scout-17b-16e-instruct,INDIRECT,llama-3.3-70b-versatile,NONE,True
O_ISAC_130,8D,security_privacy_reliability,risk,lexical,NONE,"The snippet outlines the contributions of the proposed method, including its contactless, eco-friendly, and convenient nature. While it mentions the method's advantages, it does not explicitly address security, privacy, or reliability.","- 1) Compared to conventional methods for measuring microalgae density, the proposed method is contactless, eco-friendly, and offers convenience in automatic measurement without the need for sampling or risking contamination of the original microalgal solution.",256,256,"<span id=""page-4-1""></span>*A. Modulation Performance Characterization* > <span id=""page-5-0""></span>*A. Measurement and Calculation* > B. Accuracy Assessment > *C. Discussion of the Proposed Method*",,,hybrid,True,True,True,meta-llama/llama-4-scout-17b-16e-instruct,INDIRECT,llama-3.3-70b-versatile,NONE,True
O_ISAC_131,8D,security_privacy_reliability,,upstream_bridge,INDIRECT,Cross-section bridge from S5;S6;S7 outputs.,,,,,section5_6_7_bridge,S5;S6;S7,wireless_vlc,True,True,True,bridge,INDIRECT,,,False
O_ISAC_132,8D,security_privacy_reliability,,upstream_bridge,INDIRECT,Cross-section bridge from S5;S6;S7 outputs.,,,,,section5_6_7_bridge,S5;S6;S7,hybrid,True,True,True,bridge,INDIRECT,,,False
O_ISAC_133,8D,security_privacy_reliability,,upstream_bridge,INDIRECT,Cross-section bridge from S5;S6;S7 outputs.,,,,,section5_6_7_bridge,S5;S6;S7,wireless_fso,True,True,True,bridge,INDIRECT,,,False
O_ISAC_134,8D,security_privacy_reliability,risk,lexical,NONE,"The snippet discusses multimodal fusion methods for image-like input data, focusing on image stitching and merging techniques. There is no mention of security, privacy, or reliability concepts.","The image stitching concatenates the input images, and then generate the candidate patches. This method can consider larger number of input images in order to provide the richer contents without risking losing important information, while also allowing the flexibility in how the patches are created. The image merging combines the input images at the level of their RGB color channels. It can reduce the information redundancy in input images, so the number of generated patches can be much smaller. These two multimodal fusion methods are illustrated in Fig. 8 assuming the following notations. The radar image is denoted as  $M_{\rm RV}$ , and the LiDAR images are denoted as:  $X_{\rm a}^{\rm L}$  is the 2D point cloud,  $X_{\rm b}^{\rm L}$  is the 2D image of identified potential reflectors, and  $X_{\rm d}^{\rm L}$  is the 2D image of chosen effective reflectors.",362,362,"<span id=""page-4-0""></span>III. MULTIMODAL SENSING ASSISTED BEAM PREDICTION > C. MULTIMODAL DATA FUSION",,,hybrid,True,True,True,meta-llama/llama-4-scout-17b-16e-instruct,NONE,llama-3.3-70b-versatile,NONE,True
O_ISAC_135,8D,security_privacy_reliability,risk,lexical,NONE,"The provided snippet does not mention or imply any concepts related to security, privacy, or reliability. It appears to be a list of academic references related to volcanic eruptions and ash cloud dispersal.","- [3] A. J. Prata, ""Satellite detection of hazardous volcanic clouds and the risk to global air traffic,"" *Nature Hazards*, vol. 51, no. 2, pp. 303–324, Nov. 2009, doi: [10.1007/s11069-008-9273-z.](http://dx.doi.org/10.1007/s11069-008-9273-z)",387,387,REFERENCES,,,hybrid,True,True,True,meta-llama/llama-4-scout-17b-16e-instruct,NONE,llama-3.3-70b-versatile,NONE,True
O_ISAC_136,8D,security_privacy_reliability,,upstream_bridge,INDIRECT,Cross-section bridge from S5;S6;S7 outputs.,,,,,section5_6_7_bridge,S5;S6;S7,hybrid,True,True,True,bridge,INDIRECT,,,False
O_ISAC_137,8D,security_privacy_reliability,,upstream_bridge,INDIRECT,Cross-section bridge from S5;S6;S7 outputs.,,,,,section5_6_7_bridge,S5;S6;S7,wireless_fso,True,True,True,bridge,INDIRECT,,,False
O_ISAC_138,8D,security_privacy_reliability,threat,lexical,NONE,"The snippet does not mention security, privacy, or reliability explicitly, and the context is focused on technical aspects of aerial communication infrastructure and mmWave communications.","for aerial communication infrastructure [1]. In this context, unmanned aerial vehicle-to-vehicle (UAV-to-UAV, U2U) communication is emerging as a key enabler of cooperative sensing and autonomous coordination within low-altitude integrated networks [2] [3]. Recent studies have also emphasized systemlevel perspectives on low-altitude wireless networks, including networked ISAC-based UAV tracking and handover [4] and object-oriented ISAC channel modeling for three-dimensional low-altitude spaces [5]. These applications demand robust, high-data-rate, and low-latency links, especially in dynamic and uncertain airspace environments [6]. Millimeter-wave (mmWave) communications, leveraging abundant spectrum resources in high-frequency bands, offer the potential to deliver multi-gigabit-per-second data rates essential for these airborne applications [7] [8]. However, mmWave signals inherently suffer from severe path loss and highly directional propagation, necessitating the use of large-scale antenna arrays for narrow beam generation and sufficient link gain [9]. The beam alignment process, which depends heavily on the threedimensional (3D) geometric relationship between transmitting and receiving UAVs as well as dynamic flight topologies, introduces substantial training and search overhead [10] [11]. The challenge is further exacerbated in U2U scenarios due to complex 3D mobility, rapid changes in relative position, and time-varying orientation (pitch, roll, yaw) [12]. Additionally, non-line-of-sight (NLOS) propagation arising from terrain occlusion, atmospheric interference, or other airborne obstacles leads to severe signal degradation and multipath effects, posing a serious threat to communication robustness [13] [14]. As a result, achieving efficient and reliable mmWave beam management in highly dynamic aerial environments remains a significant challenge for U2U communication systems in lowaltitude integrated networks [15].",29,29,I. INTRODUCTION,,,hybrid,True,True,True,meta-llama/llama-4-scout-17b-16e-instruct,NONE,llama-3.3-70b-versatile,NONE,True
O_ISAC_139,8D,security_privacy_reliability,,upstream_bridge,INDIRECT,Cross-section bridge from S5;S6;S7 outputs.,,,,,section5_6_7_bridge,S5;S6;S7,wireless,True,True,True,bridge,INDIRECT,,,False
O_ISAC_140,8D,security_privacy_reliability,security threat,lexical,INDIRECT,"The concept of security_privacy_reliability is indirectly related to the snippet as it mentions 'security threats' in the context of a digital twin emulating a 5G network, but it does not explicitly focus on security, privacy, or reliability as the primary topic.","Digital twin i.e digital representation of a physical product, system, or process form a core component of immersive technologies like AR, VR. Apart from applications in user experience enhancement, digital twin can be leveraged as a testing tool for various commercial use-cases. In telecommunications, with the increasing complexity in deployment and distribution of services through 5G/6G networks, the notion of digital twin [1] has gained relevance and is being considered as an emulator, a validation, and optimization tool across the layers. A real 5G network [2] can be mimicked by creating an integrated digital twin which emulates radio channels, base-stations, front-haul, core network, network slices, devices, traffic, impairments, and security threats.",17,17,RF2LiDAR: Enabling Digital Twin Using MIMO RF Signals > I. Introduction,,,wireless,True,True,True,meta-llama/llama-4-scout-17b-16e-instruct,INDIRECT,llama-3.3-70b-versatile,INDIRECT,True
O_ISAC_141,8D,security_privacy_reliability,risk,lexical,INDIRECT,"The provided snippet discusses the health impacts of radio frequency radiation, electromagnetic risk assessment, and specific absorption rates for cell phones, which are related to security, privacy, and reliability but do not directly address these concepts.","- <span id=""page-7-2""></span>[\[9\]](#page-0-7) M. A. Jamshed, F. Hèliot, and T. W. C. Brown, ""A survey on electromagnetic risk assessment and evaluation mechanism for future wireless communication systems,"" *IEEE J. Electromagn., RF Microw. Med. Biol.*, vol. 4, no. 1, pp. 24–36, Mar. 2020.",312,312,VI. CONCLUSION > REFERENCES,,,wireless,True,True,True,meta-llama/llama-4-scout-17b-16e-instruct,INDIRECT,llama-3.3-70b-versatile,INDIRECT,True
O_ISAC_142,8D,security_privacy_reliability,risk,fuzzy:85.71428571428572,NONE,"The provided snippet does not contain any direct or indirect information related to security, privacy, or reliability. It appears to be a list of references or citations with links to external sources, primarily from the ETSI (European Telecommunications Standards Institute) website, without any context that would imply a connection to the concept of security_privacy_reliability.","- <span id=""page-31-16""></span>[\[84\]](#page-5-4) [Online]. Available: https://www.etsi.org/ committee/1966-ris",777,777,**A c k n o w l e d g m e n t** > **R E F E R E N C E S**,,,hybrid,True,True,True,meta-llama/llama-4-scout-17b-16e-instruct,NONE,llama-3.3-70b-versatile,NONE,True
O_ISAC_143,8D,security_privacy_reliability,,upstream_bridge,INDIRECT,Cross-section bridge from S5;S6;S7 outputs.,,,,,section5_6_7_bridge,S5;S6;S7,wireless_vlc,True,True,True,bridge,INDIRECT,,,False
O_ISAC_144,8D,security_privacy_reliability,threat,lexical,NONE,"The snippet discusses parametric modeling, least-squares estimation, and reconstructing channel gain characteristics for heliostat structural safety, with no direct or indirect mention of security, privacy, or reliability.","this sparse sampling data, we employ parametric modeling and least-squares estimation methods to reconstruct the fullfield channel gain characteristics. Finally, we demonstrate how to use the estimated load information to intelligently detect critical wind load conditions that pose the greatest threat to the heliostat's structural safety.",117,117,III. COMPRESSED SAMPLING AND LOAD ESTIMATION,,,hybrid,True,True,True,meta-llama/llama-4-scout-17b-16e-instruct,NONE,llama-3.3-70b-versatile,NONE,True
O_ISAC_144,8D,security_privacy_reliability,risk,lexical,DIRECT,"This context directly discusses structural safety, stress distribution, and the impact of wind speeds on the heliostat's structural integrity. It mentions 'structural safety', 'allowable stress', 'yield strength', and 'potential risk of structural failure', which are directly related to reliability and safety aspects.","At the operational wind speed of 12 m/s, the maximum stress remains well below the yield limit, indicating safe and stable structural conditions. However, at the elevated survival wind speed of 25 m/s, stress values notably exceed the typical allowable stress threshold. If such conditions represent rare, short-duration extreme wind events, certain engineering standards and design codes may permit brief excursions near or slightly above the yield strength. Nevertheless, the observed stress value serves as a critical indicator, highlighting the potential risk of structural failure or irreversible deformation under prolonged exposure. Thus, the provided results emphasize the importance of monitoring and preventive measures, demonstrating the capability of the developed WSDT framework to offer precise quantitative stress assessments.",179,179,*A. Stress Field Inference under Different Wind Speeds*,,,hybrid,True,True,True,meta-llama/llama-4-scout-17b-16e-instruct,DIRECT,,,False
O_ISAC_145,8D,security_privacy_reliability,risk,lexical,DIRECT,"The concept of security_privacy_reliability is directly mentioned in the context, specifically discussing data security, communication reliability, and the importance of robust security measures in 6G networks.","Beyond energy efficiency, data security is another pivotal challenge in 6G networks [\[6\]](#page-12-5), [\[7\]](#page-12-6). Wireless transmissions are inherently susceptible to eavesdropping, making robust security measures essential. Physical Layer Security (PLS) has gained prominence as a viable solution, leveraging channel characteristics rather than cryptographic techniques to ensure secure communication [\[8\]](#page-12-7), [\[9\]](#page-12-8). Hybrid RF-OWC systems further strengthen security, as OWC's confined light propagation inherently limits interception risks. Emerging technologies such as Reflective Intelligent Surfaces (RISs) further enhance PLS by dynamically shaping the transmission environment to optimize secrecy capacity [\[10\]](#page-12-9).",23,23,"<span id=""page-0-0""></span>Secrecy Energy Efficiency of Hybrid Wireless Body Area Networks > **1 INTRODUCTION**",,,hybrid,True,True,True,meta-llama/llama-4-scout-17b-16e-instruct,INDIRECT,llama-3.3-70b-versatile,DIRECT,True
O_ISAC_145,8D,security_privacy_reliability,threat,lexical,INDIRECT,"The concept of security_privacy_reliability is indirectly related to the context, which mentions vulnerabilities, privacy concerns, and the need for comprehensive threat modeling, implying a connection to security and reliability without directly stating it.","nerabilities, privacy concerns, and energy trade-offs. The coexistence of multiple transmission mediums necessitates comprehensive threat modeling and efficient power management strategies. Addressing these challenges is crucial for realizing the full potential of hybrid communication systems in 6G and beyond.",33,33,"<span id=""page-0-0""></span>Secrecy Energy Efficiency of Hybrid Wireless Body Area Networks > **1 INTRODUCTION**",,,hybrid,True,True,True,meta-llama/llama-4-scout-17b-16e-instruct,NONE,llama-3.3-70b-versatile,INDIRECT,True
O_ISAC_145,8D,security_privacy_reliability,threat,lexical,DIRECT,"The snippet directly addresses the concept of security_privacy_reliability by mentioning 'secure against increasingly sophisticated threats', 'data confidentiality', and 'operational continuity' as essential considerations for hybrid communication systems.","Modern communication networks face a dual imperative: they must be secure against increasingly sophisticated threats while operating with maximum energy efficiency to support sustainable and battery-constrained environments. These challenges are amplified in hybrid communication systems that merge [RF](#page-0-0) and [OWC](#page-0-0) technologies, which, while promising significant advantages, must also overcome potential vulnerabilities and inefficiencies. Hybrid networks are particularly relevant for safety-critical applications such as medical [Industrial and Communications](#page-0-0) [Technology \(ICT\)](#page-0-0) systems, where data confidentiality and operational continuity are non-negotiable [\[11\]](#page-12-10). However, the question remains: *Can hybrid systems truly offer energyefficient and secure communication?* Given the growing dependence on sensor networks in areas like biomedical monitoring, this is an essential consideration where attackers might exploit communication vulnerabilities to eavesdrop or falsify data. Furthermore, energy constraints in such systems demand solutions that do not compromise performance or security. The next generation of wireless networks will include hybrid radio and optical wireless communications [\[12\]](#page-12-11). These sensor networks may be used in modern medical [ICT](#page-0-0) applications [\[13\]](#page-12-12) where an attacker can eavesdrop on communications and sensing by falsifying the results, making them no longer trustworthy.",37,37,"<span id=""page-0-0""></span>Secrecy Energy Efficiency of Hybrid Wireless Body Area Networks > **1.1 Motivation**",,,hybrid,True,True,True,meta-llama/llama-4-scout-17b-16e-instruct,DIRECT,,,False
O_ISAC_145,8D,security_privacy_reliability,security threat,fuzzy:85.71428571428572,DIRECT,"The snippet directly addresses the concept of security_privacy_reliability by mentioning 'Security remains a primary concern in hybrid systems', 'OWC... inherently limits the risk of eavesdropping', and 'PLS techniques further enhance this integration'.","Security remains a primary concern in hybrid systems, particularly in sensitive data applications. [OWC,](#page-0-0) due to its confined light beams, inherently limits the risk of eavesdropping, making it a valuable complement to [RF](#page-0-0) communication. Hybrid systems dynamically combine these strengths, leveraging [OWC](#page-0-0) for secure data transmission and mitigating [RF'](#page-0-0)s vulnerabilities [\[26\]](#page-13-9), [\[12\]](#page-12-11). [PLS](#page-0-0) techniques further enhance this integration by exploiting the physical properties of communication channels to protect data without relying solely on cryptographic methods [\[27\]](#page-13-10), [\[28\]](#page-13-11).",84,84,"<span id=""page-0-0""></span>Secrecy Energy Efficiency of Hybrid Wireless Body Area Networks > <span id=""page-2-0""></span>**2 BACKGROUND**",,,hybrid,True,True,True,meta-llama/llama-4-scout-17b-16e-instruct,DIRECT,,,False
O_ISAC_145,8D,security_privacy_reliability,threat,lexical,DIRECT,"The snippet directly discusses security considerations, threats, and measures to enhance security and privacy in healthcare applications, specifically in the context of HyWBANs. It mentions eavesdropping, unauthorized access, data tampering, and the benefits of using optical communication for securing sensitive patient data.","The security considerations in HyWBANs are shaped by the diverse threats faced in healthcare environments, including eavesdropping, unauthorized access, and data tampering. With its spatially confined signal propagation, optical communication offers significant advantages in securing sensitive patient data. Unlike radio waves, which can traverse walls and other barriers, optical signals remain localized, reducing the risk of interception. This property is particularly beneficial in environments where privacy is critical, such as hospital wards and operating rooms. Leveraging optical communication channels for data transmission enhances the confidentiality of sensitive information, ensuring that patient data remains secure against external threats [12]. In addition to leveraging the intrinsic security properties of optical communication, HyWBANs utilize their hybrid architecture to enhance security further. Data can be split and transmitted simultaneously through optical and radio channels, requiring both components for successful decryption. This dual-layered approach strengthens security by adding redundancy and complexity for potential attackers. Switching between communication modes dynamically allows HyWBANs to respond effectively to real-time security challenges, adapting to evolving threat landscapes without compromising performance. Moreover, this mechanism increases the reliability of communication.",108,108,"<span id=""page-0-0""></span>Secrecy Energy Efficiency of Hybrid Wireless Body Area Networks > <span id=""page-3-0""></span>3 SECURITY AND ENERGY CONSIDERATIONS IN HYWBAN",,,hybrid,True,True,True,meta-llama/llama-4-scout-17b-16e-instruct,DIRECT,,,False
O_ISAC_145,8D,security_privacy_reliability,threat,lexical,DIRECT,"This snippet directly addresses the concept of increasing security through the use of intentional interference (jamming) and evaluates its impact on security using the SEE metric. It discusses a scenario where a legitimate receiver uses jamming to secure communication against a malicious eavesdropper, directly relating to security and reliability.","We use the system model presented in Fig. 2 to support the later discussion to compute and evaluate specific metrics. In this scenario and regarding the threat model depicted in Figure 1, Alice sends a hybrid RF-OWC components signal  $\boldsymbol{x}_S = \begin{pmatrix} x_S^r \\ x_S^o \end{pmatrix}$  to the legitimate receiver, Bob. At the same time, a malicious eavesdropper, Eve, attempts to intercept the signal over the wireless channel. Bob also uses a jammer that emits both RF and optical jamming signals to degrade the quality of the channels for both the main communication and the eavesdropper. Bob receives Alice's signal while controlling the jamming",128,128,"<span id=""page-0-0""></span>Secrecy Energy Efficiency of Hybrid Wireless Body Area Networks > <span id=""page-3-0""></span>3 SECURITY AND ENERGY CONSIDERATIONS IN HYWBAN > <span id=""page-4-0""></span>4 System Model and Use Case",,,hybrid,True,True,True,meta-llama/llama-4-scout-17b-16e-instruct,DIRECT,,,False
O_ISAC_146,8D,security_privacy_reliability,,upstream_bridge,INDIRECT,Cross-section bridge from S5;S6;S7 outputs.,,,,,section5_6_7_bridge,S5;S6;S7,hybrid,True,True,True,bridge,INDIRECT,,,False
O_ISAC_147,8D,security_privacy_reliability,,upstream_bridge,INDIRECT,Cross-section bridge from S5;S6;S7 outputs.,,,,,section5_6_7_bridge,S5;S6;S7,wireless_fso,True,True,True,bridge,INDIRECT,,,False
O_ISAC_148,8D,security_privacy_reliability,risk,lexical,NONE,"The text does not mention security, privacy, or reliability directly or indirectly in relation to the Copernicus Programme or its applications.","The European Commission's Copernicus Programme and its fleet of Earth Observation (EO) satellites currently allow archaeologists to access a wide variety of observation solutions for purposes of archaeological prospection [1], condition assessment [2] and disaster risk reduction [3]. To increase user uptake of these satellite technologies, EO platforms equipped with processing routines are being developed and launched, and there is evidence that they are gradually attracting the interest of archaeologists (e.g. [4]).",19,19,**DOCUMENTATION OF FLOODS AND FIRES IN MIDDLE EAST CULTURAL HERITAGE SITES THROUGH MULTI-SENSOR SATELLITE DATA AND EARTH OBSERVATION PLATFORMS** > **1. INTRODUCTION**,,,hybrid,True,True,True,meta-llama/llama-4-scout-17b-16e-instruct,INDIRECT,llama-3.3-70b-versatile,NONE,True
O_ISAC_148,8D,security_privacy_reliability,threat,lexical,NONE,"Similar to the first snippet, this text does not discuss security, privacy, or reliability in the context provided.","This paper aims to showcase how Copernicus multisensor data can be used to document floods and fires affecting cultural heritage sites, with a focus on the Middle East. This geographic choice reflects the fact that natural hazards have been recently given less attention compared to anthropogenic threats (e.g. war-related destruction and looting). In absence of dedicated observatories, a number of flooding events may be not inventoried, thus their impact on local heritage may remain unknown. At the same time, while the whole region is experiencing extreme weather (e.g. heavy precipitation followed by drought) making the local vegetation an ideal fuel for fire during the dry season, most fires are of anthropogenic origin [5] and unfortunately are distinctive features of conflict zones, where they are used offensively or occur as a collateral environmental damage [6-7].",21,21,**DOCUMENTATION OF FLOODS AND FIRES IN MIDDLE EAST CULTURAL HERITAGE SITES THROUGH MULTI-SENSOR SATELLITE DATA AND EARTH OBSERVATION PLATFORMS** > **1. INTRODUCTION**,,,hybrid,True,True,True,meta-llama/llama-4-scout-17b-16e-instruct,INDIRECT,llama-3.3-70b-versatile,NONE,True
O_ISAC_148,8D,security_privacy_reliability,threat,lexical,NONE,"This snippet focuses on specific archaeological sites and their historical and environmental contexts without mentioning security, privacy, or reliability.","Located 40 km south-west of modern Raqqa (35°37′44ʺ N; 38°45′29ʺ E), Sergiopolis was formerly a fortified settlement of the Eastern Roman Empire Limes, and lately became the pilgrimage site of Saint Sergius. Satellite imagery revealed evidence of looting, mostly prior to the recent Syrian conflict [8]. In ancient times, the downstream location within the river basin was exploited to collect rain and flood-water through cisterns and a floodwater-harvesting system, respectively [9]. These topographic and environmental characteristics that once created the condition for livability, now represent a possible threat for conservation in absence of periodic maintenance.",29,29,"**DOCUMENTATION OF FLOODS AND FIRES IN MIDDLE EAST CULTURAL HERITAGE SITES THROUGH MULTI-SENSOR SATELLITE DATA AND EARTH OBSERVATION PLATFORMS** > *2.1.1. Sergiopolis, Resafa (Syria)*",,,hybrid,True,True,True,meta-llama/llama-4-scout-17b-16e-instruct,NONE,llama-3.3-70b-versatile,NONE,True
O_ISAC_148,8D,security_privacy_reliability,threat,lexical,DIRECT,"This snippet directly addresses the concept of security, privacy, and reliability by discussing the use of multi-temporal screening and monitoring to document threats (fires) to heritage conservation, which is a reliability and security concern.","Multi-temporal screening of Google Earth very high resolution imagery highlights that, at least in the last three years, fires have repeatedly taken place within the archaeological site boundaries of Apamea. While these fires mostly occurred in the unexcavated croplands during the months following the vegetation growth season and thus were presumably linked to a local agricultural practice, Apamea is located in the wider region of Hama, Al-Ghab plain and Idlib, where crop fires seem to have most likely been the result of deliberate tactics [14]. Therefore, multitemporal monitoring is crucial to document the possible threats for heritage conservation, given that fire temperatures may affect not only standing ruins, but also buried remains.",73,73,"**DOCUMENTATION OF FLOODS AND FIRES IN MIDDLE EAST CULTURAL HERITAGE SITES THROUGH MULTI-SENSOR SATELLITE DATA AND EARTH OBSERVATION PLATFORMS** > *2.1.1. Sergiopolis, Resafa (Syria)* > *2.1.2. Apamea (Syria)* > **4. FIRE EVENTS AT APAMEA**",,,hybrid,True,True,True,meta-llama/llama-4-scout-17b-16e-instruct,DIRECT,,,False
O_ISAC_148,8D,security_privacy_reliability,risk,lexical,NONE,"The text discusses the use of satellite imagery for monitoring and analyzing environmental events, such as floods and fires, and their impact on heritage assets. There is no mention of security, privacy, or reliability concepts.","The use of validated processing routines in the GEP allowed us to fully exploit the Sentinel-1 archive collection to reconstruct accurately the temporal evolution of an unknown flood in a remote location, that could not have been exhaustively documented with Sentinel-2 imagery only, due to cloud coverage. The experiment in Sergiopolis suggests that a combination of Sentinel-2 based regional screening and ad hoc change detection analysis of selected Sentinel-1 scenes may help to unveil other flooding events posing risk to heritage assets, that otherwise may remain unnoticed.",87,87,"**DOCUMENTATION OF FLOODS AND FIRES IN MIDDLE EAST CULTURAL HERITAGE SITES THROUGH MULTI-SENSOR SATELLITE DATA AND EARTH OBSERVATION PLATFORMS** > *2.1.1. Sergiopolis, Resafa (Syria)* > **5. CONCLUSIONS**",,,hybrid,True,True,True,meta-llama/llama-4-scout-17b-16e-instruct,NONE,llama-3.3-70b-versatile,NONE,True
O_ISAC_148,8D,security_privacy_reliability,risk,lexical,NONE,"The text provides a list of references related to the use of satellite imagery and machine learning for cultural heritage disaster risk management. There is no mention of security, privacy, or reliability concepts.","- [3] A. Agapiou, V. Lysandrou, and D.G. Hadjimitsis, ""Earth Observation Contribution to Cultural Heritage Disaster Risk Management: Case Study of Eastern Mediterranean Open Air Archaeological Monuments and Sites,"" *Remote Sens.*, MDPI, Basel, 12, 1330, 2020.",101,101,**DOCUMENTATION OF FLOODS AND FIRES IN MIDDLE EAST CULTURAL HERITAGE SITES THROUGH MULTI-SENSOR SATELLITE DATA AND EARTH OBSERVATION PLATFORMS** > **7. REFERENCES**,,,hybrid,True,True,True,meta-llama/llama-4-scout-17b-16e-instruct,NONE,llama-3.3-70b-versatile,NONE,True
O_ISAC_149,8D,security_privacy_reliability,,upstream_bridge,INDIRECT,Cross-section bridge from S5;S6;S7 outputs.,,,,,section5_6_7_bridge,S5;S6;S7,hybrid,True,True,True,bridge,INDIRECT,,,False
O_ISAC_150,8D,security_privacy_reliability,vulnerability,fuzzy:92.3076923076923,INDIRECT,"The concept of security_privacy_reliability is indirectly related to the snippet, which discusses the importance of security, secrecy, and privacy in 6G networks, but does not directly address the reliability aspect.","*Physical-Layer Security:* 6G networks are human-centric because human-centric communications are the most important among many 6G applications [\[86\]](#page-17-12). Consequently, security, secrecy, and privacy should be the key features of 6G networks. 5G systems persist several security challenges in terms of decentralization, transparency, data interoperability, and network privacy vulnerabilities. In 6G, the current methods of regulation and process of privacy and security are not enough to maintain the physical safety of the network. Traditional encryption algorithms based on the Rivest– Shamir–Adleman (RSA) public-key cryptosystems provide transmission security and secrecy in 5G networks [\[86\]](#page-17-12). However, the RSA cryptosystems became insecure under the pressure of Big Data and AI technologies.",469,469,**VII. CHALLENGES AND FUTURE RESEARCH DIRECTIONS**,,,hybrid,True,True,True,meta-llama/llama-4-scout-17b-16e-instruct,INDIRECT,llama-3.3-70b-versatile,INDIRECT,True
O_ISAC_151,8D,security_privacy_reliability,risk,lexical,INDIRECT,"The text discusses the application of functional fibers in various fields, including healthcare and safety monitoring, which implies a connection to security and reliability. However, it does not directly address security, privacy, or reliability concerns, making the relationship indirect.","<span id=""page-1-1""></span><span id=""page-1-0""></span>Beyond healthcare, functional fibers are widely used in fields such as fitness, human-computer interaction, safety monitoring, and environmental sensing. In human-computer interaction, they enable gesture-based device control, enhancing intuitive and seamless user interfaces (Kim et al. [\[10\]\)](#page-10-9). For elderly care, these fabrics monitor daily activities, including movement and fall detection, thereby improving safety and quality of life for older adults (Lee et al. [\[11\]\)](#page-10-10). In fitness, functional fibers help track biomechanical parameters to optimize training routines and minimize injury risks. Additionally, these fibers are employed in environmental sensing to monitor factors such as temperature and humidity, providing insights that enhance user comfort and adapt to changing ambient conditions.",60,60,Design Issues > Non-Disturbance Sensing Platform Design > Functional Fiber-EnhancedUser Status Cognition,,,hybrid,True,True,True,meta-llama/llama-4-scout-17b-16e-instruct,INDIRECT,llama-3.3-70b-versatile,INDIRECT,True
O_ISAC_152,8D,security_privacy_reliability,,upstream_bridge,INDIRECT,Cross-section bridge from S5;S6;S7 outputs.,,,,,section5_6_7_bridge,S5;S6;S7,hybrid,True,True,True,bridge,INDIRECT,,,False
O_ISAC_153,8D,security_privacy_reliability,,upstream_bridge,INDIRECT,Cross-section bridge from S5;S6;S7 outputs.,,,,,section5_6_7_bridge,S5;S6;S7,terahertz,True,True,True,bridge,INDIRECT,,,False
O_ISAC_154,8D,security_privacy_reliability,,upstream_bridge,INDIRECT,Cross-section bridge from S5;S6;S7 outputs.,,,,,section5_6_7_bridge,S5;S6;S7,hybrid,True,True,True,bridge,INDIRECT,,,False
O_ISAC_155,8D,security_privacy_reliability,,upstream_bridge,INDIRECT,Cross-section bridge from S5;S6;S7 outputs.,,,,,section5_6_7_bridge,S5;S6;S7,hybrid,True,True,True,bridge,INDIRECT,,,False
O_ISAC_156,8D,security_privacy_reliability,vulnerability,fuzzy:92.3076923076923,NONE,"The text does not mention security, privacy, or reliability directly or indirectly in relation to the concept.","*Abstract***—The pervasiveness of commercial Internet of Things (IoT) around the globe is expected to reach significant levels with the upcoming sixth generation of mobile networks (6G). Throughout the past years, wireless standardization units worldwide have been prominently active in the deployment and performance optimization of such IoT networks and fusing them with current and futuristic cellular networks. Nonetheless, the openness of wireless transmissions and the forecasted overwhelm in connected devices will provoke unprecedented security leakages and vulnerabilities. In addition to the key targets of the 6G and IoT, it has been of paramount importance to cater to decent and lightweight security mechanisms in ultra-massively connected heterogeneous networks. Recently, significant efforts have been made to pave the way for the integration of physical layer security (PLS) in contemporary and futuristic networks. The primary motivation behind its deployment resides in its low complexity and ability to provide information-theoretic secure transmissions, which alleviates the complexity burden caused by implementing complex cryptographic schemes. This survey overviews the recent advancement in PLS techniques with a particular interest in its application to the Internet of Things (IoT). We review essentially recent PLS techniques aiming at ensuring**",9,9,"Physical Layer Security for Authentication, Confidentiality, and Malicious Node Detection: A Paradigm Shift in Securing IoT Networks",,,hybrid,True,True,True,meta-llama/llama-4-scout-17b-16e-instruct,NONE,llama-3.3-70b-versatile,NONE,True
O_ISAC_156,8D,security_privacy_reliability,risk,fuzzy:85.71428571428572,NONE,"The text only lists abbreviations and does not provide any context related to security, privacy, or reliability.",RIS Reconfigurable Intelligent Surfaces,138,138,NOMENCLATURE,,,hybrid,True,True,True,meta-llama/llama-4-scout-17b-16e-instruct,NONE,llama-3.3-70b-versatile,NONE,True
O_ISAC_156,8D,security_privacy_reliability,risk,lexical,INDIRECT,"The text mentions vulnerabilities, attacks, and compromised networks, which are related to security, and also implies the importance of reliability in the context of IoT networks and their applications.","Futuristic wireless networks will not only bring a considerable boost in network performance but also consists of a paradigm shift in the provided applications and classes of services. However, numerous works from academia and industry made earlier predictions on the significant vulnerabilities such networks can exhibit. In fact, the overwhelming amount of connected IoT devices implies putting a great proportion of it at risk of being attacked or even compromised [\[7\]](#page-35-6). Due to the amalgamation of such evolutionary networks with vital applications; e.g., smart agriculture and e-health; compromising such networks may lead to not only accessing illegally confidential data but causing fatal consequences. For instance, IoT-aided agriculture might be subject to facility damage attacks, sensor failures, and control system intrusions [\[8\]](#page-35-7). Similarly, compromising smart gadgets implanted, such as blood pressure monitoring devices, can report false data about the patient's state to the central entity.",183,183,"NOMENCLATURE > <span id=""page-1-1""></span><span id=""page-1-0""></span>I. INTRODUCTION",,,hybrid,True,True,True,meta-llama/llama-4-scout-17b-16e-instruct,INDIRECT,llama-3.3-70b-versatile,INDIRECT,True
O_ISAC_156,8D,security_privacy_reliability,vulnerability,fuzzy:92.3076923076923,DIRECT,"The snippet discusses related work on the security of IoT and futuristic wireless networks, specifically mentioning confidentiality-based and authentication-based PLS perspectives, which directly relates to the concept of security_privacy_reliability.","There have been an interesting amount of survey papers in the literature reviewing the security of IoT and futuristic <span id=""page-3-0""></span>wireless networks (e.g., 5G and beyond and 6G) from either confidentiality-based or authentication-based PLS (i.e., PLA) perspectives. A holistic view of related surveys on PLS in chronological order is mentioned in Table [I,](#page-4-0) highlighting the main contributions and covered topics by each work, along with the current one. For instance, Hamamreh et al. in [\[10\]](#page-35-9) reviewed broadly confidentiality-achieving PLS techniques, whereby a taxonomy framework was elaborated to adequately categorize the various PLS techniques for confidentiality, dealing essentially with PLKE and secrecy-capacity-inspired PLS. The authors of [\[6\]](#page-35-5) provided a thorough survey on PLKE techniques whereby the different elaborated experimental and theoretical related works were detailed. In addition to this, the aforementioned work provided insightful directions on the applicability of channel-assisted PLKE in various IoT standards. The work of Xie et al. [\[12\]](#page-35-11), being the first of its kind, reviewed the various work elaborated in PLA. Importantly, the authors performed a categorization of PLA techniques into active ones (i.e., tag-based) and passive ones (channel and device-based). Furthermore, a detailed review of PLS techniques in 5G and beyond (5GB) was elaborated by the authors in [\[14\]](#page-35-13) in which recent 5GB technologies were explored in terms of PLS gains and potential to achieve secure keyless transmissions and mitigate various types of attacks. This survey explored the perspective of using controllable radio environments; such as reconfigurable intelligent surfaces (RIS) and VLC; to achieve secure transmissions. Moreover, Nguyen et al. explored in their review work security techniques for 6G technologies [\[2\]](#page-35-1). Notably, this review inspected the work done on wireless security across the various network layers with a focus on AI and ML as tools for enhancing security, along with discussing their vulnerabilities. Besides that, several short surveys as in [\[17\]](#page-35-16), [\[19\]](#page-35-18) provided interesting insights into PLS based on their reviews along with promising capability to use PLS for enhancing the security level of next-generation and IoT networks. In addition to this, other survey papers on PLS, such as [\[2\]](#page-35-1), [\[14\]](#page-35-13), [\[20\]](#page-35-19) reviewed the full security stack, including the confidentiality-achieving PLS and PLA techniques.",206,206,*B. Related Work*,,,hybrid,True,True,True,meta-llama/llama-4-scout-17b-16e-instruct,DIRECT,,,False
O_ISAC_156,8D,security_privacy_reliability,vulnerability,fuzzy:92.3076923076923,INDIRECT,"The text discusses signal source indistinguishability-based key establishment and channel reciprocity principles, which are related to security and privacy, but does not directly address the concept of security_privacy_reliability.","<span id=""page-10-4""></span><span id=""page-10-3""></span><span id=""page-10-2""></span><span id=""page-10-1""></span>The channel reciprocity principle has been verified for indoor environments in [\[63\]](#page-36-18), [\[64\]](#page-36-19), [\[65\]](#page-36-20) and the temporal variation principle has been verified for both indoor and outdoor environments in [\[25\]](#page-35-22), [\[48\]](#page-36-3). The spatial decorrelation principle was confirmed by [\[63\]](#page-36-18), [\[64\]](#page-36-19), [\[65\]](#page-36-20), [\[66\]](#page-36-21) although found not to hold by [\[67\]](#page-36-22), [\[68\]](#page-36-23), [\[69\]](#page-36-24). These conflicting results may be due to its reliance on a rich multipath environment. To counteract leaking information to an eavesdropper when the spatial decorrelation principle does not hold, it was suggested in [\[70\]](#page-36-25) to generate longer bit sequences to achieve an arbitrary security gap from which subsequently secret keys can be generated. On the other hand, PLKE process also manifests some vulnerabilities against jamming attacks by a malicious node attempting to break the channel reciprocity by broadcasting to both legitimate parties jamming signals to degrade their CSI estimates. For instance, the authors in [\[71\]](#page-36-26) introduced and analyzed jamming attacks in PLKE in the presence of a multi-antenna malign node broadcasting jamming signals to both Alice and Bob with the aim of mounting a man-in-themiddle attack. The authors proposed a pilot randomization and a game-theoretic optimal power allocation approach to counter such jamming attacks.",450,450,"<span id=""page-5-0""></span>II. PHYSICAL LAYER SECURITY PRELIMINARIES > *A. Channel Reciprocity-Based Key Establishment*",,,hybrid,True,True,True,meta-llama/llama-4-scout-17b-16e-instruct,INDIRECT,llama-3.3-70b-versatile,INDIRECT,True
O_ISAC_156,8D,security_privacy_reliability,vulnerability,fuzzy:92.3076923076923,INDIRECT,"The text talks about steady-state attributes like CFO and IQI, which can be used for device authentication and spoofing attack detection, implying a connection to security and privacy, but does not directly discuss the concept of security_privacy_reliability.","<span id=""page-17-5""></span>The authors in [\[118\]](#page-37-27) relied on the CFO as a devicebased fingerprint to authenticate static nodes. Importantly, the authors extended in [\[40\]](#page-35-37) their last-mentioned work by adopting time-varying CFO as a unique fingerprint for the purpose of detecting a spoofing attack. The setup was analyzed experimentally through USRP nodes acting as Alice, Bob, and Eve. <span id=""page-17-6""></span><span id=""page-17-0""></span>The time-varying CFO has unique characteristics due to the presence of randomly varying Doppler shifts and, thus, can be used in the authentication process. In this optic, a Kalman filter was implemented at the receiver to predict the CFO variations and maximize the authentication performance. The proposed framework procedure is initiated by the estimation of the variable CFO characteristics of the received signal, followed by a comparison between the Kalman filter-predicted CFO value from the previous estimate and the current estimated value to confirm the identity of the transmitting device. The authors in [\[119\]](#page-37-28) aimed at using the CFO as a device fingerprint to discriminate long range (LoRa) devices through a USRP (i.e., authenticator) as well as to compensate for the received signals' frequency drift. Leveraging the received LoRa IQ samples, FFT, and spectrogram, results show that the CFO estimation and compensation are efficient in reducing device misclassification rate, whereby a hybrid deep learning (DL) classifier is used by compensating the inherent CFO of each transmitter. The previous work was extended in [\[120\]](#page-37-29) where long-term CFO measurements were considered, i.e., over several months. Also, multilayer perceptron (MLP) and long short-term memory (LSTM) network classifiers were implemented and evaluated in addition to the previously-considered convolutional neural networks (CNN). Specifically, 98% of classification accuracy can be reached through the proposed hybrid classifier. In addition, Miller et al. analyzed in [\[121\]](#page-37-30) the vulnerabilities in a typical MIMO system against several jamming attacks launched by Eve to harm the quality/accuracy of channel estimate at the legitimate receiver (i.e., Bob). In this optic, a CFO-assisted authentication was proposed by sending authentication messages with tones on particular frequency offsets to infer about the legitimacy of the transmitted pilot signals and prevent jamming attacks.",623,623,*A. Keyless PLA*,,,hybrid,True,True,True,meta-llama/llama-4-scout-17b-16e-instruct,INDIRECT,llama-3.3-70b-versatile,INDIRECT,True
O_ISAC_157,8D,security_privacy_reliability,,upstream_bridge,INDIRECT,Cross-section bridge from S5;S6;S7 outputs.,,,,,section5_6_7_bridge,S5;S6;S7,wireless,True,True,True,bridge,INDIRECT,,,False
O_ISAC_158,8D,security_privacy_reliability,,upstream_bridge,INDIRECT,Cross-section bridge from S5;S6;S7 outputs.,,,,,section5_6_7_bridge,S5;S6;S7,hybrid,True,True,True,bridge,INDIRECT,,,False
O_ISAC_159,8D,security_privacy_reliability,,upstream_bridge,INDIRECT,Cross-section bridge from S5;S6;S7 outputs.,,,,,section5_6_7_bridge,S5;S6;S7,hybrid,True,True,True,bridge,INDIRECT,,,False
O_ISAC_160,8D,security_privacy_reliability,,upstream_bridge,INDIRECT,Cross-section bridge from S5;S6;S7 outputs.,,,,,section5_6_7_bridge,S5;S6;S7,wireless_rf,True,True,True,bridge,INDIRECT,,,False
O_ISAC_161,8D,security_privacy_reliability,risk,lexical,NONE,"The provided snippet does not directly discuss security, privacy, or reliability. It focuses on the historical development and technological advancements of radar and communication systems, their operational overlap, and the management of electromagnetic spectrum resources.","By the 1970s, growing operational overlap in frequency usage raised serious concerns about electromagnetic spectrum management, as both radar and communication systems began to compete for access to shared spectral resources [39]. One of the earliest examples of joint radar-radio functionality is the identification friend or foe (IFF) system [40]—a battlefield technology designed to distinguish friendly units from adversaries. Originally developed during World War II to reduce the risk of friendly fire in radar-equipped environments, the IFF concept marked a practical intersection of radar sensing and radio signaling, which was generally based on a radar-centric architecture, typically through low-rated data coded in the radar waveform. Since then, IFF systems have undergone substantial evolution and are now critical to both military operations and civilian air traffic control.",73,73,HISTORICAL EVOLUTION OF ISAC,,,hybrid,True,True,True,meta-llama/llama-4-scout-17b-16e-instruct,NONE,llama-3.3-70b-versatile,NONE,True
O_ISAC_162,8D,security_privacy_reliability,risk,lexical,INDIRECT,"The concept of security_privacy_reliability is indirectly related to the provided snippet, as it mentions 'reliability' as one of the key performance indicators (KPIs) for certain use cases, but does not explicitly discuss security or privacy.","Environmental monitoring use cases cover applications such as flood detection in smart cities and air quality monitoring. The sensing environment includes urban areas susceptible to flooding and regions where air quality needs regular assessment [19], [20]. Key equipment comprises water level sensors, cameras, and air quality sensors. The primary targets are water level fluctuations and air pollution indicators. Critical KPIs include detection accuracy, response time, data granularity, and coverage area. These use cases support urban management systems in responding swiftly to environmental changes and reducing associated risks.",90,90,A Unified Future: Integrated Sensing and Communication (ISAC) in 6G > **NOMENCLATURE** > ISAC USE CASES,,,hybrid,True,True,True,meta-llama/llama-4-scout-17b-16e-instruct,INDIRECT,llama-3.3-70b-versatile,INDIRECT,True
O_ISAC_163,8D,security_privacy_reliability,security risk,lexical,NONE,"The snippet discusses RIS channel estimation methods, architectures, and applications, but does not explicitly mention security, privacy, or reliability.",| [83] | A review of RIS from a software-defined network perspective                  | This work considers the implementation of RIS within a software-defined environment and reviews the security risks associated with it                                                                                                                                                                                                       | Does not consider multi-user environments in detail                                                                                                                   |,115,115,"<span id=""page-1-10""></span><span id=""page-1-9""></span>II. BACKGROUND AND STUDY > <span id=""page-1-5""></span><span id=""page-1-4""></span>*A. History of Metamaterials* > <span id=""page-2-3""></span><span id=""page-2-1""></span>*B. Types of Metasurfaces* > *E. Contributions of This Survey*",,,hybrid,True,True,True,meta-llama/llama-4-scout-17b-16e-instruct,INDIRECT,llama-3.3-70b-versatile,NONE,True
O_ISAC_163,8D,security_privacy_reliability,risk,fuzzy:85.71428571428572,NONE,"The snippet focuses on a geometrical model of an RIS-aided positioning system and the integration of RIS with UE mobility tracking techniques, without mentioning security, privacy, or reliability.",#### F. Adding Sensory Intelligence to an RIS,412,412,"<span id=""page-8-7""></span>*D. Refractive or ""Transmissive"" RIS* > <span id=""page-9-6""></span><span id=""page-9-5""></span>*E. Simultaneous Transmissive and Reflective (STAR)-RIS* > <span id=""page-9-10""></span>*F. Space-Time Coding (STC) Digital Metasurfaces* > F. Adding Sensory Intelligence to an RIS",,,hybrid,True,True,True,meta-llama/llama-4-scout-17b-16e-instruct,INDIRECT,llama-3.3-70b-versatile,NONE,True
O_ISAC_163,8D,security_privacy_reliability,risk,fuzzy:85.71428571428572,DIRECT,"The snippet discusses the power consumption model of an RIS and its dependency on alternative sources of power supply, which is directly related to reliability. It also mentions the comparison of power consumption between different RIS structures.","<span id=""page-17-8""></span>*1) RIS Power Consumption Model:* in [\[222\]](#page-36-2) the authors provided the first comparative analysis in terms of consumed power between a PIN-diode-based RIS and a varactor diodebased analogue RIS. They observe that, for either structure, the consumed power increases significantly with the increase of reconfigurable elements to the point, that it may be similar to the energy consumption of active relays. Although the current consumption of varactor diodes is negligible, the energy consumption of individual DAC channels is high. This becomes a problem if the individual control of unit cells is desired for two-dimensional beamforming, as mentioned previously. The authors did not consider switching varactors in discrete steps rather than with a DAC, which would give the lowest possible current consumption. However, the energy consumption of RIS should not be ignored. Recent results in [\[223\]](#page-36-3), [\[224\]](#page-36-4) provided a comprehensive RIS power consumption model. For an RIS with *M*<sup>s</sup> number of unit cells, the authors derived the following expression for total power consumed by an RIS",440,440,"<span id=""page-17-7""></span>*B. Power Autonomous RIS With Energy Harvesting Capabilities*",,,hybrid,True,True,True,meta-llama/llama-4-scout-17b-16e-instruct,DIRECT,,,False
O_ISAC_163,8D,security_privacy_reliability,risk,fuzzy:85.71428571428572,INDIRECT,"The snippet mentions the self-sustainability of wireless-powered IoT networks and the idea of simultaneous energy harvesting and data transmission capabilities of RIS, which can be related to reliability, but does not explicitly discuss security or privacy.","# <span id=""page-18-14""></span><span id=""page-18-12""></span><span id=""page-18-11""></span>VI. MULTI-FUNCTIONAL RIS",465,465,"<span id=""page-18-14""></span><span id=""page-18-12""></span><span id=""page-18-11""></span>VI. MULTI-FUNCTIONAL RIS",,,hybrid,True,True,True,meta-llama/llama-4-scout-17b-16e-instruct,INDIRECT,llama-3.3-70b-versatile,INDIRECT,True
O_ISAC_163,8D,security_privacy_reliability,security risk,lexical,INDIRECT,"The text discusses RIS-assisted ISAC and its potential applications in 6G networks, which may have implications for security, privacy, and reliability, but does not directly address these concepts.","<span id=""page-19-6""></span><span id=""page-19-1""></span>The recent surveys [\[210\]](#page-35-40) and [\[245\]](#page-36-22) on localization techniques for communications list RIS as one of the key enablers for localization in 6G. The authors of [\[242\]](#page-36-23) proposed a system model for an RIS-assisted ISAC scenario with just one RIS assuming an LOS link between the RIS and BS as well as between the RIS and UE, but no LOS link between UE and BS. In this case, a radar-BS is transmitting radar probing waveforms and communication symbols in the downlink direction. A similar work is presented in [\[243\]](#page-36-24), which was later improved upon by the same authors with the addition of a full-duplex communication scenario in [\[244\]](#page-36-25). The work by the authors of [\[246\]](#page-36-26) considers an ISAC-RIS scenario, where the joint optimization of the transmit covariance matrix and RIS configuration allows to simultaneously enhance the communication ans sensing performance. The ISAC model has been experimentally evaluated on a working 5G network and measured by the authors of [\[247\]](#page-36-27). The results show that the ISAC system without RIS can achieve positioning accuracy between 0.3m and 3m over a 1.4km range. However, the positioning accuracy of the ISAC system can be significantly improved with an addition of RIS and a joint waveform and beamforming design as shown by the authors of [\[248\]](#page-36-28). The key feature of these works on ISAC is the fact that an RIS is acting as a completely passive medium. While this ""classic RIS"" scenario is attractive due to its relative simplicity compared to MF-RIS with integrated sensors, it is also prone to security risks and poor localization accuracy when the UE has no LOS links with either the RIS or the BS.",471,471,*A. MF-RIS Assisted Integrated Sensing and Communications (ISAC)*,,,hybrid,True,True,True,meta-llama/llama-4-scout-17b-16e-instruct,INDIRECT,llama-3.3-70b-versatile,INDIRECT,True
O_ISAC_163,8D,security_privacy_reliability,risk,lexical,NONE,"The text focuses on Terahertz communications, its feasibility, and potential applications in 6G networks, without mentioning security, privacy, or reliability.","Frequency bands > 275 GHz are capable of enabling wireless systems with data rates of 100s of Gbps. Feasibility of wireless THz communications based on current developments and hardware demonstrations has been proven [\[276\]](#page-37-15) and therefore, THz communications is a real option for future wireless 6G networks. However, the majority of research so far has concentrated on THz device physics, circuits, and propagation, as well as researching physical layer solutions. A good design of the whole communication stack is needed to meet link- and system-level concerns, such as network setup, management, coordination, EE, and end-to-end connectivity in mobile networks. Medium access control (MAC), network, and transport layer challenges, as well as the end-to-end data flow performance on THz connections, need to be addressed to help with the introduction of the THz spectrum into mobile network architecture [\[277\]](#page-37-16). Next-generation WLAN systems, such as Tera-WiFi, THz wireless backhaul, and other novel communication paradigms, can be boosted by the core wireless infrastructure of THz communications. Impact and guidelines for 6G wireless networking have been developed in light of these findings. The so-called ""THz Gap"" is being closed, and we expect that THz communications will become a cornerstone of 6G wireless networks as a result of the advancement of THz technology. However, transmission distance and coverage range are generally constrained by substantial spreading loss and molecular absorption in the 100-1000 GHz frequency ranges with a physical layer distance-aware architecture examined in [\[278\]](#page-37-17). It is expected that the adoption of novel technologies such as MF-RIS and ISAC might be combined, and the THz communication distance could be increased through cooperative development. The qualitative and quantitative simulations performed by the authors show the potential of these new approaches and that they may be used to communicate at distances of up to 100 meters in both direct and indirect lines of sight, which would be sufficient for many applications. For example, wireless virtual reality (VR), where quality of experience (QoE) requirements can only be met by high data rates, high dependability, and minimal VR interaction latency. The THz frequency has a lot of bandwidth, allowing for fast data throughput across short distances. Also, the large computing capability of the MEC network design may allow for reduced VR interaction latency. Due to these factors, the authors of [\[279\]](#page-37-18) proposed an MEC-enabled and RIS-assisted THz VR network in an indoor situation, taking into account the uplink viewpoint prediction and position transmission, MEC rendering, and <span id=""page-21-5""></span>downlink transmission. This work argues that VR user perspectives may be predicted using a centralized online gated recurrent unit (GRU) and a distributed Federated Averaging (FedAvg) technique. According to this work, predicting where VR users will be and whether they are in LOS or out of LOS can be done in real-time using an algorithm that incorporates online LSTM and convolutional neural networks (CNN). The obtained simulation results demonstrate that the proposed learning architecture delivers near-optimal QoE as that of the genie-aided benchmark technique and around two times enhancement in QoE compared to the random phase shift selection scheme. Another study on THz RIS-assisted VR networks is described in [\[280\]](#page-37-19). The authors presented a unique risk-based framework for rate optimization and reliability performance based on the entropic value-at-risk. The issue is reformulated as a linear weighted function using a Lyapunov optimization approach to guarantee that the queue length's higher order statistics remain below a threshold. Given the randomness of the channel, a deep RL algorithm is used to learn the policy. To better capture the channel's dynamic behavior and increase the efficiency of traditional RL policy-search methods, a recurrent neural network (RNN) RL framework is presented. The simulation results showed that the maximum queue length produced by the suggested method is just 1% longer than the ideal one. With a validation accuracy of 91.92%, the findings indicate that the RNN is both accurate and converges quickly.",506,506,"<span id=""page-20-2""></span>*C. Is MF-RIS the Key Enabler for mmWave Communications?* > *D. How About Terahertz Communications?*",,,hybrid,True,True,True,meta-llama/llama-4-scout-17b-16e-instruct,NONE,llama-3.3-70b-versatile,NONE,True
O_ISAC_164,8D,security_privacy_reliability,,upstream_bridge,INDIRECT,Cross-section bridge from S5;S6;S7 outputs.,,,,,section5_6_7_bridge,S5;S6;S7,hybrid,True,True,True,bridge,INDIRECT,,,False
O_ISAC_165,8D,security_privacy_reliability,risk,lexical,NONE,"The snippet discusses material selection, structural design, and integration approach for photodetectors (PDs), focusing on technical aspects such as optical transmission characteristics, waveguide materials, and fabrication methods. There is no mention of security, privacy, or reliability concepts.","The selection of material systems for PDs depends on the growth strategy, fabrication constraints, and optical transmission characteristics. For the InAs epitaxial growth strategy, the buffer layers typically consist of Si, Ge, and GaAs [\[18](#page-10-0),[19\]](#page-10-0), with Si and Ge serving as potential waveguide materials. Compared to Ge, Si waveguides exhibit broader applicability, making the PDs more suitable for both laboratory research and commercial applications. Furthermore, the relatively lower refractive index of Si leads to weaker optical confinement, which promotes evanescent coupling in the buffer layer and intrinsic absorption in the active layer. This enables a substantial increase in the PD's external quantum efficiency while simultaneously reducing the device footprint. Si waveguides can be fabricated by etching SOI wafers. The use of SOI substrates effectively suppresses substrate leakage and improves waveguide transmission efficiency. In addition, the grating coupler required for the detection system can be directly integrated on the SOI platform. However, the presence of SiO2 in the SOI substrate introduces a thermal expansion mismatch, increasing the risk of wafer cracking during processing. Therefore, the challenges associated with epitaxial growth on SOI substrates must be carefully addressed to ensure structural integrity and fabrication reliability.",45,45,"**2. Material, structural design and integration approach**",,,hybrid,True,True,True,meta-llama/llama-4-scout-17b-16e-instruct,NONE,llama-3.3-70b-versatile,NONE,True
O_ISAC_166,8D,security_privacy_reliability,,upstream_bridge,INDIRECT,Cross-section bridge from S5;S6;S7 outputs.,,,,,section5_6_7_bridge,S5;S6;S7,hybrid,True,True,True,bridge,INDIRECT,,,False
O_ISAC_167,8D,security_privacy_reliability,threat,lexical,INDIRECT,"The text mentions 'wireless communication security' and 'physical-layer security', which are related to security and reliability, but it does not directly discuss the concept of security, privacy, and reliability as a whole.","In IIoT domain, wireless communication security has established robust solutions, exemplified by a low-power, multi-carrier waveformdefined security framework to address emerging artificial-intelligence (AI)-powered eavesdropping threats [\[7\]](#page-9-0). However, research on physical-layer security in optical fiber communications remains notably underdeveloped. Industrial environments often present harsh operating conditions including extreme temperatures, high humidity, strong",31,31,**1. Introduction**,,,hybrid,True,True,True,meta-llama/llama-4-scout-17b-16e-instruct,INDIRECT,llama-3.3-70b-versatile,INDIRECT,True
O_ISAC_171,8D,security_privacy_reliability,,upstream_bridge,INDIRECT,Cross-section bridge from S5;S6;S7 outputs.,,,,,section5_6_7_bridge,S5;S6;S7,hybrid,True,True,True,bridge,INDIRECT,,,False
O_ISAC_172,8D,security_privacy_reliability,,upstream_bridge,INDIRECT,Cross-section bridge from S5;S6;S7 outputs.,,,,,section5_6_7_bridge,S5;S6;S7,cabled_fibre,True,True,True,bridge,INDIRECT,,,False
O_ISAC_173,8D,security_privacy_reliability,,upstream_bridge,INDIRECT,Cross-section bridge from S5;S6;S7 outputs.,,,,,section5_6_7_bridge,S5;S6;S7,wireless_vlc,True,True,True,bridge,INDIRECT,,,False
O_ISAC_185,8D,security_privacy_reliability,,upstream_bridge,INDIRECT,Cross-section bridge from S5;S6;S7 outputs.,,,,,section5_6_7_bridge,S5;S6;S7,wireless_vlc,True,True,True,bridge,INDIRECT,,,False
O_ISAC_186,8D,security_privacy_reliability,,upstream_bridge,INDIRECT,Cross-section bridge from S5;S6;S7 outputs.,,,,,section5_6_7_bridge,S5;S6;S7,hybrid,True,True,True,bridge,INDIRECT,,,False
O_ISAC_187,8D,security_privacy_reliability,,upstream_bridge,INDIRECT,Cross-section bridge from S5;S6;S7 outputs.,,,,,section5_6_7_bridge,S5;S6;S7,hybrid,True,True,True,bridge,INDIRECT,,,False
O_ISAC_188,8D,security_privacy_reliability,,upstream_bridge,INDIRECT,Cross-section bridge from S5;S6;S7 outputs.,,,,,section5_6_7_bridge,S5;S6;S7,cabled_fibre,True,True,True,bridge,INDIRECT,,,False
O_ISAC_189,8D,security_privacy_reliability,,upstream_bridge,INDIRECT,Cross-section bridge from S5;S6;S7 outputs.,,,,,section5_6_7_bridge,S5;S6;S7,hybrid,True,True,True,bridge,INDIRECT,,,False
O_ISAC_190,8D,security_privacy_reliability,,upstream_bridge,INDIRECT,Cross-section bridge from S5;S6;S7 outputs.,,,,,section5_6_7_bridge,S5;S6;S7,cabled_fibre,True,True,True,bridge,INDIRECT,,,False
O_ISAC_195,8D,security_privacy_reliability,,upstream_bridge,INDIRECT,Cross-section bridge from S5;S6;S7 outputs.,,,,,section5_6_7_bridge,S5;S6;S7,hybrid,True,True,True,bridge,INDIRECT,,,False
O_ISAC_199,8D,security_privacy_reliability,,upstream_bridge,INDIRECT,Cross-section bridge from S5;S6;S7 outputs.,,,,,section5_6_7_bridge,S5;S6;S7,hybrid,True,True,True,bridge,INDIRECT,,,False
O_ISAC_200,8D,security_privacy_reliability,,upstream_bridge,INDIRECT,Cross-section bridge from S5;S6;S7 outputs.,,,,,section5_6_7_bridge,S5;S6;S7,cabled_fibre,True,True,True,bridge,INDIRECT,,,False
O_ISAC_202,8D,security_privacy_reliability,threat,lexical,INDIRECT,"The concept of security_privacy_reliability is related to the discussion of securing optical networks, intrusion detection, and information safeguarding, but it is not explicitly mentioned as a key aspect of the system.","Over the past decades, the development of fiber-optic networks has revolutionized the telecommunications industry, and optical fibers exist anywhere in modern society<sup>[1-4]</sup>. For the optical network, optical signals face the threat of being eavesdropped and attacked. How to secure optical networks has attracted extensive research, which can be categorized into two main areas: intrusion detection of optical fibers<sup>[5-7]</sup>, and information safeguarding at the photonic layer<sup>[8-11]</sup>. Unfortunately, these two security measures operate independently and thus need separate deployment of intrusion detection systems and information safeguarding systems.",15,15,Integrated optical covert sensing and communication > 1. Introduction,,,cabled_fibre,True,True,True,meta-llama/llama-4-scout-17b-16e-instruct,INDIRECT,llama-3.3-70b-versatile,INDIRECT,True
O_ISAC_202,8D,security_privacy_reliability,vulnerability,lexical,DIRECT,"The snippet explicitly mentions techniques to mitigate vulnerabilities and ensure covert sensing and communication, directly addressing aspects of security, privacy, and reliability in the context of integrated communication and sensing systems.","However, integrating sensing and communication within the same fiber offers significant advantages. However, this approach reveals the presence of a transmission link, potentially drawing the unwanted attention of an attacker. To mitigate this vulnerability, covert sensing and communication techniques present a possible solution.",23,23,Integrated optical covert sensing and communication > 1. Introduction,,,cabled_fibre,True,True,True,meta-llama/llama-4-scout-17b-16e-instruct,DIRECT,,,False
O_ISAC_203,8D,security_privacy_reliability,risk,lexical,NONE,"The text discusses the development of flexible high-performance photodetectors for applications in healthcare and epidemic monitoring, but does not mention security, privacy, or reliability directly.","personal health crises such as stroke, heart disease, and sudden cardiac arrest, as well as monitoring global epidemic diseases (COVID-19, SARS, Monkeypox, etc) and remote surgery risk through big data analysis.[\[11,17–21\]](#page-8-0) However, conventional inorganic photodetectors (PDs), as the core component of O-ISAC, commonly suffer from mechanical rigidity, small area, weak absorption efficiency, and fixed bandgap, hindering their applications in flexible O-ISAC.[\[22,23\]](#page-8-0) Addressing these issues requires developing flexible high-performance PDs and designing sophisticated device architecture to meet the flexible O-ISAC requirements.",47,47,**High-Speed Flexible Near-Infrared Organic Photodetectors for Self-Powered Optical Integrated Sensing and Communications**,,,hybrid,True,True,True,meta-llama/llama-4-scout-17b-16e-instruct,INDIRECT,llama-3.3-70b-versatile,NONE,True
O_ISAC_203,8D,security_privacy_reliability,security threat,fuzzy:94.11764705882352,INDIRECT,"The text mentions 'defense and security' as an application area, which is related to the concept of security_privacy_reliability, but does not provide any further details or direct discussion on the topic.",security.,154,154,**4. Device Architecture and Optoelectronic Performance of Flexible O-ISAC** > **5. Applications of Flexible O-ISAC System** > **6. Conclusion**,,,hybrid,True,True,True,meta-llama/llama-4-scout-17b-16e-instruct,INDIRECT,llama-3.3-70b-versatile,INDIRECT,True
O_ISAC_206,8D,security_privacy_reliability,,upstream_bridge,INDIRECT,Cross-section bridge from S5;S6;S7 outputs.,,,,,section5_6_7_bridge,S5;S6;S7,hybrid,True,True,True,bridge,INDIRECT,,,False
O_ISAC_218,8D,security_privacy_reliability,,upstream_bridge,INDIRECT,Cross-section bridge from S5;S6;S7 outputs.,,,,,section5_6_7_bridge,S5;S6;S7,hybrid,True,True,True,bridge,INDIRECT,,,False
O_ISAC_219,8D,security_privacy_reliability,,upstream_bridge,INDIRECT,Cross-section bridge from S5;S6;S7 outputs.,,,,,section5_6_7_bridge,S5;S6;S7,hybrid,True,True,True,bridge,INDIRECT,,,False
O_ISAC_220,8D,security_privacy_reliability,,upstream_bridge,INDIRECT,Cross-section bridge from S5;S6;S7 outputs.,,,,,section5_6_7_bridge,S5;S6;S7,cabled_fibre,True,True,True,bridge,INDIRECT,,,False
O_ISAC_237,8D,security_privacy_reliability,,upstream_bridge,INDIRECT,Cross-section bridge from S5;S6;S7 outputs.,,,,,section5_6_7_bridge,S5;S6;S7,hybrid,True,True,True,bridge,INDIRECT,,,False
O_ISAC_241,8D,security_privacy_reliability,,upstream_bridge,INDIRECT,Cross-section bridge from S5;S6;S7 outputs.,,,,,section5_6_7_bridge,S5;S6;S7,hybrid,True,True,True,bridge,INDIRECT,,,False
O_ISAC_242,8D,security_privacy_reliability,,upstream_bridge,INDIRECT,Cross-section bridge from S5;S6;S7 outputs.,,,,,section5_6_7_bridge,S5;S6;S7,hybrid,True,True,True,bridge,INDIRECT,,,False
O_ISAC_245,8D,security_privacy_reliability,,upstream_bridge,INDIRECT,Cross-section bridge from S5;S6;S7 outputs.,,,,,section5_6_7_bridge,S5;S6;S7,wireless_fso,True,True,True,bridge,INDIRECT,,,False
O_ISAC_248,8D,security_privacy_reliability,,upstream_bridge,INDIRECT,Cross-section bridge from S5;S6;S7 outputs.,,,,,section5_6_7_bridge,S5;S6;S7,cabled_fibre,True,True,True,bridge,INDIRECT,,,False
O_ISAC_252,8D,security_privacy_reliability,,upstream_bridge,INDIRECT,Cross-section bridge from S5;S6;S7 outputs.,,,,,section5_6_7_bridge,S5;S6;S7,wireless_fso,True,True,True,bridge,INDIRECT,,,False
O_ISAC_259,8D,security_privacy_reliability,,upstream_bridge,INDIRECT,Cross-section bridge from S5;S6;S7 outputs.,,,,,section5_6_7_bridge,S5;S6;S7,hybrid,True,True,True,bridge,INDIRECT,,,False
O_ISAC_272,8D,security_privacy_reliability,,upstream_bridge,INDIRECT,Cross-section bridge from S5;S6;S7 outputs.,,,,,section5_6_7_bridge,S5;S6;S7,hybrid,True,True,True,bridge,INDIRECT,,,False
O_ISAC_276,8D,security_privacy_reliability,risk,lexical,INDIRECT,"The concept of security_privacy_reliability is related to network reliability and integrity, which is indirectly mentioned in the context of maintaining the integrity of optical networks to satisfy Service Level Agreement (SLA) and improving network reliability.","As a consequence, network operators will face the risk of high total maintenance costs. Whilst the mainstream development efforts still mostly focus on efficient fiber bandwidth utilization, improvement of supervision of optical networks remains critical as maintaining the integrity of these networks is imperative to satisfy Service Level Agreement (SLA) especially for business customers with short service downtime allowed [\[2\],](#page-7-0) [\[3\].](#page-7-0)",29,29,Parallel Path Effect-Free Remote Monitoring and Sensing in Live XGS-PON Using Legacy Optical Time Domain Reflectometry > I. INTRODUCTION,,,cabled_fibre,True,True,True,meta-llama/llama-4-scout-17b-16e-instruct,INDIRECT,llama-3.3-70b-versatile,INDIRECT,True
O_ISAC_276,8D,security_privacy_reliability,risk,lexical,INDIRECT,"The concept of security_privacy_reliability is related to network reliability, which is indirectly mentioned in the context of the risk of unreliable network supervision, false alarms, and missed faults due to the low accuracy of retrieved values of real event magnitudes.",and reflective events in PON. The low accuracy of the retrieved values of the real event magnitudes from the masked trace causes the risk of unreliable network supervision: false alarms or missed faults. While the other methods published in the cited works rely on major changes in the network design. None of the methods eliminates the fundamental issue of the PPE.,106,106,II. IMPACT OF THE PPE IN PRACTICE,,,cabled_fibre,True,True,True,meta-llama/llama-4-scout-17b-16e-instruct,NONE,llama-3.3-70b-versatile,INDIRECT,True
O_ISAC_280,8D,security_privacy_reliability,,upstream_bridge,INDIRECT,Cross-section bridge from S5;S6;S7 outputs.,,,,,section5_6_7_bridge,S5;S6;S7,hybrid,True,True,True,bridge,INDIRECT,,,False
O_ISAC_283,8D,security_privacy_reliability,,upstream_bridge,INDIRECT,Cross-section bridge from S5;S6;S7 outputs.,,,,,section5_6_7_bridge,S5;S6;S7,hybrid,True,True,True,bridge,INDIRECT,,,False
O_ISAC_286,8D,security_privacy_reliability,,upstream_bridge,INDIRECT,Cross-section bridge from S5;S6;S7 outputs.,,,,,section5_6_7_bridge,S5;S6;S7,hybrid,True,True,True,bridge,INDIRECT,,,False
O_ISAC_288,8D,security_privacy_reliability,threat,lexical,DIRECT,"The snippet mentions 'access protected areas' and 'sending warning messages to security personnel', which directly relates to security and reliability.","access protected areas and simultaneously promptly sending warning messages to security personnel, ensuring a swift response to potential threats.",88,88,*1.2. Related Work* > *1.3. Paper's Contribution*,,,hybrid,True,True,True,meta-llama/llama-4-scout-17b-16e-instruct,INDIRECT,llama-3.3-70b-versatile,DIRECT,True
O_ISAC_291,8D,security_privacy_reliability,,upstream_bridge,INDIRECT,Cross-section bridge from S5;S6;S7 outputs.,,,,,section5_6_7_bridge,S5;S6;S7,hybrid,True,True,True,bridge,INDIRECT,,,False
O_ISAC_300,8D,security_privacy_reliability,,upstream_bridge,INDIRECT,Cross-section bridge from S5;S6;S7 outputs.,,,,,section5_6_7_bridge,S5;S6;S7,hybrid,True,True,True,bridge,INDIRECT,,,False
O_ISAC_301,8D,security_privacy_reliability,,upstream_bridge,INDIRECT,Cross-section bridge from S5;S6;S7 outputs.,,,,,section5_6_7_bridge,S5;S6;S7,hybrid,True,True,True,bridge,INDIRECT,,,False
O_ISAC_303,8D,security_privacy_reliability,risk,lexical,NONE,"The text discusses VLP optimization algorithms and system models for LiSAC, focusing on technical aspects and challenges, without mentioning security, privacy, or reliability.","Ma et al. proposed a system model for integrated visible light positioning and communication (VLPC) [\[112\]](#page-17-0). The model contains one LED lamp and a mobile user with multiple PDs. The channel state information (CSI) is estimated based on localization results rather than sending pilot sequences, for the VLC channel model function is the receiver position. The estimation can reduce the system overhead significantly. Furthermore, the Cramer-Rao lower bound (CRLB) on the positioning error variance and the achievable rate expression for OOK modulation are derived in the system model. The system additionally applies the conditional value-at-risk and block coordinate descent method to solve this non-convex optimization problem and obtain a feasible solution. R-VLCP, retroreflective visible light communication and positioning, is another novel VLPC system model with the advantages of glaring-free, self-alignment, low-size, weight, and power and sniff-proof [\[113\].](#page-17-0) The system mainly consists of LEDs and retro-tags. The LED panels have PDs on them to sense the light signals reflected from the tags. The retro-tags are composed of corner-cube retroreflectors (CCR) with an LCD shutter placed on it. The uplink conveys tags' data, including the RSS value for positioning. Then the channel model to the arbitrary size of PD and CCR is generalized. An open-source ray tracing simulator RetroRay is also developed to validate the channel model, and the test results proved system reliability and showed that the size of PDs and density of CCRs improve communication quality and positioning performance. Wei et al. proposed the VIPAC, visible light integrated positioning and communication, multi-task learning (MTL) LiSAC framework in 2022 [\[114\]](#page-17-0). The framework combines lighting, sensing, positioning, communication, and channel estimation tasks to form a unified architecture. The MTL structure consists of a sparsity-aware shared network and two task-oriented sub-networks. This structure can fully extract inherent sparse features of visible light channels and balance the tasks to achieve maximum benefits. Federated learning is also introduced into the framework to devise a multi-user cooperative VIPAC scheme. From the simulation results, it turns out that VIPAC can significantly elevate the performance of channel estimation and positioning compared to existing systems.",268,268,"Keywords: Visible light communication Visible light sensing Integrated sensing and communication > *Integration of communication and sensing* > *Integration of lighting, sensing, and communication*",,,wireless_vlc,True,True,True,meta-llama/llama-4-scout-17b-16e-instruct,NONE,llama-3.3-70b-versatile,NONE,True
O_ISAC_303,8D,security_privacy_reliability,risk,fuzzy:85.71428571428572,NONE,"The text explores the integration of RIS with LiSAC, highlighting its potential benefits and applications, but does not address security, privacy, or reliability concerns.","RIS is a promising technology that can be widely used for multiple purposes, especially in 6 G communication networks [\[210\]](#page-18-0). RIS has excellent performance for providing solutions in skip-zone communication [\[211](#page-18-0)–213] for its ability to change incident signal propagation routes. Hence, RIS is an excellent tool for LiSAC to solve light blockage problems and improve system performance. An intelligent reflecting surface-assisted VLC system model is estimated in [\[214\]](#page-18-0) and proves RIS's ability to ease the blockage problem. Moreover, Abumarshoud et al. investigated potential RIS applications in Li-Fi technology and proposed visions for solving the LOS link blockage problem utilizing RIS [\[215\].](#page-18-0) Ndjiongue et al. propounded a digitally RIS-assisted optical wireless communication (OWC) scheme and discussed the potential of employing RIS further in OWC [\[216\]](#page-19-0). In addition, RIS can expand the communication range and improve signal quality, which is suitable for MIMO systems [\[217\]](#page-19-0).",476,476,Keywords: Visible light communication Visible light sensing Integrated sensing and communication > *Integrated with RIS*,,,wireless_vlc,True,True,True,meta-llama/llama-4-scout-17b-16e-instruct,NONE,llama-3.3-70b-versatile,NONE,True
O_ISAC_303,8D,security_privacy_reliability,risk,fuzzy:85.71428571428572,NONE,"The text repeats similar information as the previous snippet, discussing RIS technology and its applications, without touching on security, privacy, or reliability aspects.","RIS can be roughly divided into two types: intelligent metasurface reflector (IMR) and intelligent mirror array (IMA). Prevalent IMR material is liquid crystals, graphene, and photoconductive semiconductors. Liquid crystal materials such as LCD shutters are now commonly used in LiSAC systems [[218](#page-19-0),[219\]](#page-19-0). RIS has already been put to use in some LiSAC systems. Singh et al. proposed a VLC-based V2X system utilizing RIS [\[220\].](#page-19-0) To solve the problem that VLC LOS links are easily blocked by buildings and infrastructures, the system utilizes RIS as relays to enable vehicle communication to infrastructures and maintain communication between vehicles.",478,478,Keywords: Visible light communication Visible light sensing Integrated sensing and communication > *Integrated with RIS*,,,wireless_vlc,True,True,True,meta-llama/llama-4-scout-17b-16e-instruct,NONE,llama-3.3-70b-versatile,NONE,True
O_ISAC_304,8D,security_privacy_reliability,,upstream_bridge,INDIRECT,Cross-section bridge from S5;S6;S7 outputs.,,,,,section5_6_7_bridge,S5;S6;S7,hybrid,True,True,True,bridge,INDIRECT,,,False
O_ISAC_310,8D,security_privacy_reliability,,upstream_bridge,INDIRECT,Cross-section bridge from S5;S6;S7 outputs.,,,,,section5_6_7_bridge,S5;S6;S7,hybrid,True,True,True,bridge,INDIRECT,,,False
O_ISAC_324,8D,security_privacy_reliability,threat,lexical,INDIRECT,"The snippet discusses security threats (Trojan-horse attacks) to quantum key distribution systems, which is related to the concept of security_privacy_reliability, but does not directly address the concept.","- <span id=""page-14-22""></span>69. Jain N, Anisimova E, Khan I, Makarov V, Marquardt C, Leuchs G. Trojan-horse attacks threaten the security of practical quantum cryptography. *New J Phys*. 2014;16:Article 123030.",507,507,**References**,,,hybrid,True,True,True,meta-llama/llama-4-scout-17b-16e-instruct,INDIRECT,llama-3.3-70b-versatile,INDIRECT,True
O_ISAC_324,8D,security_privacy_reliability,risk,lexical,INDIRECT,"Similar to the first snippet, this snippet also discusses security threats (Trojan-horse attacks) to quantum key distribution systems, which is related to the concept of security_privacy_reliability, but does not directly address the concept.","- <span id=""page-14-23""></span>70. Jain N, Stiller B, Khan I, Makarov V, Marquardt C, Leuchs G. Risk analysis of Trojan-horse attacks on practical quantum key distribution systems. *IEEE J Sel Top Quantum Electron*. 2014;21(3):168–177.",508,508,**References**,,,hybrid,True,True,True,meta-llama/llama-4-scout-17b-16e-instruct,INDIRECT,llama-3.3-70b-versatile,INDIRECT,True
O_ISAC_327,8D,security_privacy_reliability,risk,lexical,NONE,"The provided snippet does not mention or imply any direct or indirect relationship with security, privacy, or reliability concepts. It primarily discusses the technical aspects and applications of Visible Light Communication (VLC) in the context of 6G and IoE.","microwaves, infrared (IR) radiation, visible light (VL), ultraviolet (UV) radiation, X-rays, and gamma rays. Among these, radio waves (below 3000 GHz) are commonly employed in mobile communications due to their low propagation loss and wide divergence characteristics [\[23\]](#page-20-14). VLC utilizes VL (430–790 THz) as a transmission medium, constituting a subset of optical wireless communications technologies [\[24\]](#page-20-15), as depicted in Fig. [1.](#page-1-0) VL possesses exceedingly short wavelengths, ranging from 380 to 700 nm, akin to the dimensions of deoxyribonucleic acid (DNA). With the advancement of lightemitting diodes (LEDs), VLC can address both illumination requirements and high-speed transmission demands [\[25\]](#page-20-16). Freespace VLC systems can attain data rates as high as 15.73 Gb/s [\[26\]](#page-20-17), rendering VLC a promising supplementary access technology to radio frequency (RF) methods for enabling IoE applications in 6G. In detail, VLCs have the following unique features and advantages over RF communications: higher bandwidth [\[27\]](#page-20-18), lower cost [\[28\]](#page-20-19), enhanced security [\[29\]](#page-20-20), reduced interference [\[30\]](#page-20-21), energy consumption [\[31\]](#page-20-22), and no health risks to human beings [\[32\]](#page-20-23).",43,43,"<span id=""page-0-2""></span>I. INTRODUCTION > <span id=""page-0-18""></span><span id=""page-0-17""></span>*B. Advantages of VLCs Over RF Communications*",,,hybrid,True,True,True,meta-llama/llama-4-scout-17b-16e-instruct,NONE,llama-3.3-70b-versatile,NONE,True
O_ISAC_340,8D,security_privacy_reliability,risk,lexical,DIRECT,"The snippet directly mentions 'security features' and 'enhance security (by reducing interception risks)' in the context of OWC technology, which relates to the concept of security_privacy_reliability.","NR-V2X technology is well-positioned to meet most of the performance requirements of AVs due to its capabilities in low latency, high reliability, wide coverage, relatively high bandwidth and robust security features. However, in specific high-density or short-range scenarios, OWC can play a valuable complementary role to traditional C-V2X systems by ensuring redundancy while addressing various challenges including additional capacity, fault tolerance and interference mitigation esp. in areas like ""busy intersections"", where 5G signals may encounter severe interference or congestion. Additionally, OWC's confined line-of-sight nature of the light signals may enhance security (by reducing interception risks), while it may be quickly deployed in areas where laying cables is impractical, such as in temporary setups, disaster recovery and urban canyons, offering deployment flexibility.",51,51,II. THE ROLE OF OWC IN AUTONOMOUS DRIVING,,,hybrid,True,True,True,meta-llama/llama-4-scout-17b-16e-instruct,DIRECT,,,False
O_ISAC_340,8D,security_privacy_reliability,risk,lexical,NONE,"The snippet focuses on enhancing VRU safety through Collective Perception, with no direct mention of security, privacy, or reliability.","VRUs often exhibit unpredictable movements or are situated in ""blind spots"", increasing the risk of accidents. This UC aims to enhance the VRUs safety by taking advantage of the Collective Perception implementation which informs the nearby road participants regarding their position and trajectory in real-time.",125,125,UC#4: Enhanced VRU Safety,,,hybrid,True,True,True,meta-llama/llama-4-scout-17b-16e-instruct,NONE,llama-3.3-70b-versatile,NONE,True
O_ISAC_340,8D,security_privacy_reliability,security menace,fuzzy:86.66666666666667,INDIRECT,"The snippet mentions 'Evolution of V2X Communication and Integration of Blockchain Security Enhancements', which implies a connection to security, but does not directly discuss the concept of security, privacy, or reliability in detail.","- [8] Evolution of V2X Communication and Integration of Blockchain Security Enhancements, doi:10.3390/electronics9091338 www.mdpi.com/journal/electronics",240,240,VII. CONCLUDING REMARKS > ACKNOWLEDGMENT > REFERENCES,,,hybrid,True,True,True,meta-llama/llama-4-scout-17b-16e-instruct,INDIRECT,llama-3.3-70b-versatile,INDIRECT,True
O_ISAC_347,8D,security_privacy_reliability,,upstream_bridge,INDIRECT,Cross-section bridge from S5;S6;S7 outputs.,,,,,section5_6_7_bridge,S5;S6;S7,cabled_fibre,True,True,True,bridge,INDIRECT,,,False
O_ISAC_348,8D,security_privacy_reliability,,upstream_bridge,INDIRECT,Cross-section bridge from S5;S6;S7 outputs.,,,,,section5_6_7_bridge,S5;S6;S7,hybrid,True,True,True,bridge,INDIRECT,,,False
O_ISAC_349,8D,security_privacy_reliability,,upstream_bridge,INDIRECT,Cross-section bridge from S5;S6;S7 outputs.,,,,,section5_6_7_bridge,S5;S6;S7,hybrid,True,True,True,bridge,INDIRECT,,,False
O_ISAC_350,8D,security_privacy_reliability,,upstream_bridge,INDIRECT,Cross-section bridge from S5;S6;S7 outputs.,,,,,section5_6_7_bridge,S5;S6;S7,hybrid,True,True,True,bridge,INDIRECT,,,False
O_ISAC_351,8D,security_privacy_reliability,,upstream_bridge,INDIRECT,Cross-section bridge from S5;S6;S7 outputs.,,,,,section5_6_7_bridge,S5;S6;S7,hybrid,True,True,True,bridge,INDIRECT,,,False
O_ISAC_354,8D,security_privacy_reliability,,upstream_bridge,INDIRECT,Cross-section bridge from S5;S6;S7 outputs.,,,,,section5_6_7_bridge,S5;S6;S7,wireless_vlc,True,True,True,bridge,INDIRECT,,,False
O_ISAC_356,8D,security_privacy_reliability,,upstream_bridge,INDIRECT,Cross-section bridge from S5;S6;S7 outputs.,,,,,section5_6_7_bridge,S5;S6;S7,wireless_fso,True,True,True,bridge,INDIRECT,,,False
O_ISAC_360,8D,security_privacy_reliability,,upstream_bridge,INDIRECT,Cross-section bridge from S5;S6;S7 outputs.,,,,,section5_6_7_bridge,S5;S6;S7,cabled_fibre,True,True,True,bridge,INDIRECT,,,False
O_ISAC_368,8D,security_privacy_reliability,,upstream_bridge,INDIRECT,Cross-section bridge from S5;S6;S7 outputs.,,,,,section5_6_7_bridge,S5;S6;S7,hybrid,True,True,True,bridge,INDIRECT,,,False
O_ISAC_371,8D,security_privacy_reliability,,upstream_bridge,INDIRECT,Cross-section bridge from S5;S6;S7 outputs.,,,,,section5_6_7_bridge,S5;S6;S7,wireless_vlc,True,True,True,bridge,INDIRECT,,,False
O_ISAC_377,8D,security_privacy_reliability,,upstream_bridge,INDIRECT,Cross-section bridge from S5;S6;S7 outputs.,,,,,section5_6_7_bridge,S5;S6;S7,hybrid,True,True,True,bridge,INDIRECT,,,False
O_ISAC_379,8D,security_privacy_reliability,,upstream_bridge,INDIRECT,Cross-section bridge from S5;S6;S7 outputs.,,,,,section5_6_7_bridge,S5;S6;S7,hybrid,True,True,True,bridge,INDIRECT,,,False
O_ISAC_381,8D,security_privacy_reliability,,upstream_bridge,INDIRECT,Cross-section bridge from S5;S6;S7 outputs.,,,,,section5_6_7_bridge,S5;S6;S7,wireless_vlc,True,True,True,bridge,INDIRECT,,,False
O_ISAC_386,8D,security_privacy_reliability,,upstream_bridge,INDIRECT,Cross-section bridge from S5;S6;S7 outputs.,,,,,section5_6_7_bridge,S5;S6;S7,wireless_vlc,True,True,True,bridge,INDIRECT,,,False
O_ISAC_388,8D,security_privacy_reliability,,upstream_bridge,INDIRECT,Cross-section bridge from S5;S6;S7 outputs.,,,,,section5_6_7_bridge,S5;S6;S7,wireless_vlc,True,True,True,bridge,INDIRECT,,,False
