evidence_body_id,evidence_theme,optical_modality,number_of_studies,technical_relevance,metric_clarity,reporting_completeness,validation_maturity,reproducibility,benchmark_readiness,comparison_admissibility,limitation_transparency,overall_evidence_contribution,certainty_summary,notes
S1-fiber,O-ISAC modality taxonomy: fiber,fiber,56,2,3,3,2,2,2,1,3,3,moderate,"{""section"":""S1"",""deterministic_rule"":""floor_of_dimension_medians_with_n_core_median_and_adequate_share_certainty"",""substantive_for_survey_conclusion"":true,""core_median"":2,""adequate_share"":0.9821,""raw_token_unique_count"":0,""raw_token_samples"":[],""contributing_study_ids"":[""STC-DSCM-ANN-DT-ECL-2025-2026"",""STC-ENDOGENOUS-TS-FRFT-DAS-2025"",""STC-FRDM-POLARIZATION-SENSING-2025-2026"",""STC-ICP-RL-HLLB-3650KM-2024-2025"",""STC-SELF-HOMODYNE-MCF-OFDR-2024-2025"",""STC-SEVENCORE-COMB-SH-DAS-2024-2025"",""STC-SINGLETON-SCR-00002"",""STC-SINGLETON-SCR-00007"",""STC-SINGLETON-SCR-00008"",""STC-SINGLETON-SCR-00013"",""STC-SINGLETON-SCR-00015"",""STC-SINGLETON-SCR-00038"",""STC-SINGLETON-SCR-00052"",""STC-SINGLETON-SCR-00056"",""STC-SINGLETON-SCR-00057"",""STC-SINGLETON-SCR-00123"",""STC-SINGLETON-SCR-00151"",""STC-SINGLETON-SCR-00218"",""STC-SINGLETON-SCR-00238"",""STC-SINGLETON-SCR-00278"",""STC-SINGLETON-SCR-00344"",""STC-SINGLETON-SCR-00356"",""STC-SINGLETON-SCR-00367"",""STC-SINGLETON-SCR-00369"",""STC-SINGLETON-SCR-00432"",""STC-SINGLETON-SCR-00473"",""STC-SINGLETON-SCR-00496"",""STC-SINGLETON-SCR-00589"",""STC-SINGLETON-SCR-00607"",""STC-SINGLETON-SCR-00626"",""STC-SINGLETON-SCR-00631"",""STC-SINGLETON-SCR-00647"",""STC-SINGLETON-SCR-00665"",""STC-SINGLETON-SCR-00679"",""STC-SINGLETON-SCR-00680"",""STC-SINGLETON-SCR-00719"",""STC-SINGLETON-SCR-00761"",""STC-SINGLETON-SCR-00949"",""STC-SINGLETON-SCR-00959"",""STC-SINGLETON-SCR-00983"",""STC-SINGLETON-SCR-01006"",""STC-SINGLETON-SCR-01008"",""STC-SINGLETON-SCR-01045"",""STC-SINGLETON-SCR-01049"",""STC-SINGLETON-SCR-01070"",""STC-SINGLETON-SCR-01071"",""STC-SINGLETON-SCR-01072"",""STC-SINGLETON-SCR-01079"",""STC-SINGLETON-SCR-01086"",""STC-SINGLETON-SCR-01088"",""STC-SINGLETON-SCR-01095"",""STC-SINGLETON-SCR-01103"",""STC-SINGLETON-SCR-01105"",""STC-SINGLETON-SCR-01180"",""STC-SINGLETON-SCR-01188"",""STC-SUBMARINE-CABLE-DAS-HUIZHOU-2022-2026""]}"
S1-fso,O-ISAC modality taxonomy: FSO,FSO,31,3,3,3,2,2,2,1,3,3,high,"{""section"":""S1"",""deterministic_rule"":""floor_of_dimension_medians_with_n_core_median_and_adequate_share_certainty"",""substantive_for_survey_conclusion"":true,""core_median"":2.5,""adequate_share"":0.9677,""raw_token_unique_count"":0,""raw_token_samples"":[],""contributing_study_ids"":[""STC-ACO-OFDM-LFM-LIDAR-2025"",""STC-EADO-OFDM-RANGING-2024-2025"",""STC-OPA-OWISAC-BEAMFORMING-2024-2025"",""STC-SINGLETON-SCR-00011"",""STC-SINGLETON-SCR-00012"",""STC-SINGLETON-SCR-00233"",""STC-SINGLETON-SCR-00256"",""STC-SINGLETON-SCR-00387"",""STC-SINGLETON-SCR-00456"",""STC-SINGLETON-SCR-00506"",""STC-SINGLETON-SCR-00576"",""STC-SINGLETON-SCR-00594"",""STC-SINGLETON-SCR-00730"",""STC-SINGLETON-SCR-00903"",""STC-SINGLETON-SCR-00904"",""STC-SINGLETON-SCR-00908"",""STC-SINGLETON-SCR-00909"",""STC-SINGLETON-SCR-00913"",""STC-SINGLETON-SCR-00914"",""STC-SINGLETON-SCR-00916"",""STC-SINGLETON-SCR-00917"",""STC-SINGLETON-SCR-00922"",""STC-SINGLETON-SCR-00926"",""STC-SINGLETON-SCR-00941"",""STC-SINGLETON-SCR-00980"",""STC-SINGLETON-SCR-01023"",""STC-SINGLETON-SCR-01025"",""STC-SINGLETON-SCR-01029"",""STC-SINGLETON-SCR-01032"",""STC-SINGLETON-SCR-01050"",""STC-SINGLETON-SCR-01085""]}"
S1-hybrid_optical,O-ISAC modality taxonomy: hybrid_optical,hybrid_optical,9,3,2,3,2,2,2,1,2,2,moderate,"{""section"":""S1"",""deterministic_rule"":""floor_of_dimension_medians_with_n_core_median_and_adequate_share_certainty"",""substantive_for_survey_conclusion"":true,""core_median"":2,""adequate_share"":0.8889,""raw_token_unique_count"":0,""raw_token_samples"":[],""contributing_study_ids"":[""STC-SINGLETON-SCR-00009"",""STC-SINGLETON-SCR-00091"",""STC-SINGLETON-SCR-00210"",""STC-SINGLETON-SCR-00277"",""STC-SINGLETON-SCR-00366"",""STC-SINGLETON-SCR-00436"",""STC-SINGLETON-SCR-00944"",""STC-SINGLETON-SCR-01011"",""STC-SINGLETON-SCR-01229""]}"
S1-other_optical,O-ISAC modality taxonomy: other_optical,other_optical,3,3,3,3,2,2,2,1,3,2,moderate,"{""section"":""S1"",""deterministic_rule"":""floor_of_dimension_medians_with_n_core_median_and_adequate_share_certainty"",""substantive_for_survey_conclusion"":true,""core_median"":2.5,""adequate_share"":1,""raw_token_unique_count"":0,""raw_token_samples"":[],""contributing_study_ids"":[""STC-SINGLETON-SCR-00268"",""STC-SINGLETON-SCR-00379"",""STC-SINGLETON-SCR-00906""]}"
S1-photonic_thz,O-ISAC modality taxonomy: photonic_THz,photonic_THz,69,3,3,3,2,2,2,1,3,3,high,"{""section"":""S1"",""deterministic_rule"":""floor_of_dimension_medians_with_n_core_median_and_adequate_share_certainty"",""substantive_for_survey_conclusion"":true,""core_median"":2.5,""adequate_share"":0.9855,""raw_token_unique_count"":0,""raw_token_samples"":[],""contributing_study_ids"":[""STC-DP-IMDD-THZ-RANGING-2025-2026"",""STC-MMW-OFDM-PENG-2023-2024"",""STC-MULTICHANNEL-LFM-QAM-THZ-2024-2026"",""STC-OCDM-THZ-OVER-FIBER-2024-2025"",""STC-ODDM-PHOTONIC-MMW-2024-2025"",""STC-REALTIME-BIDIR-DMT-THZ-2024-2026"",""STC-SF-LFM-OFDM-THZ-2025-2026"",""STC-SINGLETON-SCR-00036"",""STC-SINGLETON-SCR-00086"",""STC-SINGLETON-SCR-00160"",""STC-SINGLETON-SCR-00177"",""STC-SINGLETON-SCR-00185"",""STC-SINGLETON-SCR-00189"",""STC-SINGLETON-SCR-00274"",""STC-SINGLETON-SCR-00312"",""STC-SINGLETON-SCR-00361"",""STC-SINGLETON-SCR-00362"",""STC-SINGLETON-SCR-00396"",""STC-SINGLETON-SCR-00406"",""STC-SINGLETON-SCR-00418"",""STC-SINGLETON-SCR-00492"",""STC-SINGLETON-SCR-00502"",""STC-SINGLETON-SCR-00602"",""STC-SINGLETON-SCR-00808"",""STC-SINGLETON-SCR-00882"",""STC-SINGLETON-SCR-00884"",""STC-SINGLETON-SCR-00885"",""STC-SINGLETON-SCR-00887"",""STC-SINGLETON-SCR-00891"",""STC-SINGLETON-SCR-00893"",""STC-SINGLETON-SCR-00896"",""STC-SINGLETON-SCR-00899"",""STC-SINGLETON-SCR-00937"",""STC-SINGLETON-SCR-00953"",""STC-SINGLETON-SCR-00954"",""STC-SINGLETON-SCR-00965"",""STC-SINGLETON-SCR-00970"",""STC-SINGLETON-SCR-00974"",""STC-SINGLETON-SCR-00975"",""STC-SINGLETON-SCR-00977"",""STC-SINGLETON-SCR-00979"",""STC-SINGLETON-SCR-00985"",""STC-SINGLETON-SCR-00986"",""STC-SINGLETON-SCR-00990"",""STC-SINGLETON-SCR-00992"",""STC-SINGLETON-SCR-00994"",""STC-SINGLETON-SCR-00996"",""STC-SINGLETON-SCR-00998"",""STC-SINGLETON-SCR-01000"",""STC-SINGLETON-SCR-01004"",""STC-SINGLETON-SCR-01009"",""STC-SINGLETON-SCR-01010"",""STC-SINGLETON-SCR-01012"",""STC-SINGLETON-SCR-01018"",""STC-SINGLETON-SCR-01020"",""STC-SINGLETON-SCR-01040"",""STC-SINGLETON-SCR-01041"",""STC-SINGLETON-SCR-01060"",""STC-SINGLETON-SCR-01073"",""STC-SINGLETON-SCR-01093"",""STC-SINGLETON-SCR-01101"",""STC-SINGLETON-SCR-01151"",""STC-SINGLETON-SCR-01152"",""STC-SINGLETON-SCR-01153"",""STC-SINGLETON-SCR-01165"",""STC-SUBCARRIER-CHIRP-DBAND-2025"",""STC-TUNABLE-LASER-THZ-FMCW-2025-2026"",""STC-WBAND-POLARIZATION-JRC-2023-2025"",""STC-WBAND-TFDM-DONG-2022-2024""]}"
S1-vlc_lifi,O-ISAC modality taxonomy: VLC_LiFi,VLC_LiFi,38,3,3,3,2,2,2,1,3,2,moderate,"{""section"":""S1"",""deterministic_rule"":""floor_of_dimension_medians_with_n_core_median_and_adequate_share_certainty"",""substantive_for_survey_conclusion"":true,""core_median"":2,""adequate_share"":0.8947,""raw_token_unique_count"":0,""raw_token_samples"":[],""contributing_study_ids"":[""STC-III-NITRIDE-MOTION-VLC-2023"",""STC-LED-OISAC-2024-2025"",""STC-SINGLETON-SCR-00001"",""STC-SINGLETON-SCR-00110"",""STC-SINGLETON-SCR-00196"",""STC-SINGLETON-SCR-00273"",""STC-SINGLETON-SCR-00294"",""STC-SINGLETON-SCR-00376"",""STC-SINGLETON-SCR-00407"",""STC-SINGLETON-SCR-00451"",""STC-SINGLETON-SCR-00460"",""STC-SINGLETON-SCR-00488"",""STC-SINGLETON-SCR-00527"",""STC-SINGLETON-SCR-00557"",""STC-SINGLETON-SCR-00833"",""STC-SINGLETON-SCR-00836"",""STC-SINGLETON-SCR-00873"",""STC-SINGLETON-SCR-00902"",""STC-SINGLETON-SCR-00905"",""STC-SINGLETON-SCR-00910"",""STC-SINGLETON-SCR-00912"",""STC-SINGLETON-SCR-00915"",""STC-SINGLETON-SCR-00918"",""STC-SINGLETON-SCR-00919"",""STC-SINGLETON-SCR-00920"",""STC-SINGLETON-SCR-00925"",""STC-SINGLETON-SCR-00943"",""STC-SINGLETON-SCR-01001"",""STC-SINGLETON-SCR-01021"",""STC-SINGLETON-SCR-01024"",""STC-SINGLETON-SCR-01028"",""STC-SINGLETON-SCR-01030"",""STC-SINGLETON-SCR-01033"",""STC-SINGLETON-SCR-01034"",""STC-SINGLETON-SCR-01036"",""STC-SINGLETON-SCR-01047"",""STC-SINGLETON-SCR-01059"",""STC-SINGLETON-SCR-01081""]}"
S2-joint_design_or_optimization,Architecture and integration mechanism: joint_design_or_optimization,FSO|VLC_LiFi|fiber|hybrid_optical|other_optical|photonic_THz,66,3,3,3,2,2,2,1,3,2,moderate,"{""section"":""S2"",""deterministic_rule"":""floor_of_dimension_medians_with_n_core_median_and_adequate_share_certainty"",""substantive_for_survey_conclusion"":true,""core_median"":2,""adequate_share"":0.9242,""raw_token_unique_count"":0,""raw_token_samples"":[],""contributing_study_ids"":[""STC-OPA-OWISAC-BEAMFORMING-2024-2025"",""STC-SEVENCORE-COMB-SH-DAS-2024-2025"",""STC-SINGLETON-SCR-00002"",""STC-SINGLETON-SCR-00009"",""STC-SINGLETON-SCR-00013"",""STC-SINGLETON-SCR-00091"",""STC-SINGLETON-SCR-00110"",""STC-SINGLETON-SCR-00151"",""STC-SINGLETON-SCR-00160"",""STC-SINGLETON-SCR-00177"",""STC-SINGLETON-SCR-00189"",""STC-SINGLETON-SCR-00196"",""STC-SINGLETON-SCR-00210"",""STC-SINGLETON-SCR-00233"",""STC-SINGLETON-SCR-00256"",""STC-SINGLETON-SCR-00273"",""STC-SINGLETON-SCR-00274"",""STC-SINGLETON-SCR-00277"",""STC-SINGLETON-SCR-00278"",""STC-SINGLETON-SCR-00294"",""STC-SINGLETON-SCR-00312"",""STC-SINGLETON-SCR-00344"",""STC-SINGLETON-SCR-00361"",""STC-SINGLETON-SCR-00362"",""STC-SINGLETON-SCR-00366"",""STC-SINGLETON-SCR-00367"",""STC-SINGLETON-SCR-00369"",""STC-SINGLETON-SCR-00376"",""STC-SINGLETON-SCR-00387"",""STC-SINGLETON-SCR-00418"",""STC-SINGLETON-SCR-00432"",""STC-SINGLETON-SCR-00436"",""STC-SINGLETON-SCR-00451"",""STC-SINGLETON-SCR-00456"",""STC-SINGLETON-SCR-00460"",""STC-SINGLETON-SCR-00473"",""STC-SINGLETON-SCR-00488"",""STC-SINGLETON-SCR-00492"",""STC-SINGLETON-SCR-00502"",""STC-SINGLETON-SCR-00506"",""STC-SINGLETON-SCR-00527"",""STC-SINGLETON-SCR-00557"",""STC-SINGLETON-SCR-00576"",""STC-SINGLETON-SCR-00594"",""STC-SINGLETON-SCR-00602"",""STC-SINGLETON-SCR-00631"",""STC-SINGLETON-SCR-00647"",""STC-SINGLETON-SCR-00680"",""STC-SINGLETON-SCR-00761"",""STC-SINGLETON-SCR-00885"",""STC-SINGLETON-SCR-00887"",""STC-SINGLETON-SCR-00891"",""STC-SINGLETON-SCR-00906"",""STC-SINGLETON-SCR-00908"",""STC-SINGLETON-SCR-00909"",""STC-SINGLETON-SCR-00922"",""STC-SINGLETON-SCR-00926"",""STC-SINGLETON-SCR-00941"",""STC-SINGLETON-SCR-00974"",""STC-SINGLETON-SCR-00975"",""STC-SINGLETON-SCR-00980"",""STC-SINGLETON-SCR-01001"",""STC-SINGLETON-SCR-01059"",""STC-SINGLETON-SCR-01072"",""STC-SINGLETON-SCR-01095"",""STC-SINGLETON-SCR-01229""]}"
S2-other_integration_mechanism,Architecture and integration mechanism: other_integration_mechanism,FSO|VLC_LiFi|fiber|hybrid_optical|other_optical|photonic_THz,140,3,3,3,2,2,2,1,3,3,high,"{""section"":""S2"",""deterministic_rule"":""floor_of_dimension_medians_with_n_core_median_and_adequate_share_certainty"",""substantive_for_survey_conclusion"":true,""core_median"":2.5,""adequate_share"":0.9714,""raw_token_unique_count"":0,""raw_token_samples"":[],""contributing_study_ids"":[""STC-ACO-OFDM-LFM-LIDAR-2025"",""STC-DP-IMDD-THZ-RANGING-2025-2026"",""STC-DSCM-ANN-DT-ECL-2025-2026"",""STC-EADO-OFDM-RANGING-2024-2025"",""STC-ICP-RL-HLLB-3650KM-2024-2025"",""STC-III-NITRIDE-MOTION-VLC-2023"",""STC-LED-OISAC-2024-2025"",""STC-MMW-OFDM-PENG-2023-2024"",""STC-MULTICHANNEL-LFM-QAM-THZ-2024-2026"",""STC-OCDM-THZ-OVER-FIBER-2024-2025"",""STC-ODDM-PHOTONIC-MMW-2024-2025"",""STC-OPA-OWISAC-BEAMFORMING-2024-2025"",""STC-REALTIME-BIDIR-DMT-THZ-2024-2026"",""STC-SELF-HOMODYNE-MCF-OFDR-2024-2025"",""STC-SF-LFM-OFDM-THZ-2025-2026"",""STC-SINGLETON-SCR-00012"",""STC-SINGLETON-SCR-00396"",""STC-SINGLETON-SCR-00456"",""STC-SINGLETON-SCR-00496"",""STC-SINGLETON-SCR-00502"",""STC-SINGLETON-SCR-00589"",""STC-SINGLETON-SCR-00594"",""STC-SINGLETON-SCR-00602"",""STC-SINGLETON-SCR-00607"",""STC-SINGLETON-SCR-00626"",""STC-SINGLETON-SCR-00631"",""STC-SINGLETON-SCR-00647"",""STC-SINGLETON-SCR-00665"",""STC-SINGLETON-SCR-00679"",""STC-SINGLETON-SCR-00719"",""STC-SINGLETON-SCR-00730"",""STC-SINGLETON-SCR-00761"",""STC-SINGLETON-SCR-00808"",""STC-SINGLETON-SCR-00833"",""STC-SINGLETON-SCR-00836"",""STC-SINGLETON-SCR-00873"",""STC-SINGLETON-SCR-00882"",""STC-SINGLETON-SCR-00884"",""STC-SINGLETON-SCR-00885"",""STC-SINGLETON-SCR-00887"",""STC-SINGLETON-SCR-00891"",""STC-SINGLETON-SCR-00893"",""STC-SINGLETON-SCR-00896"",""STC-SINGLETON-SCR-00899"",""STC-SINGLETON-SCR-00902"",""STC-SINGLETON-SCR-00903"",""STC-SINGLETON-SCR-00904"",""STC-SINGLETON-SCR-00905"",""STC-SINGLETON-SCR-00906"",""STC-SINGLETON-SCR-00908"",""STC-SINGLETON-SCR-00909"",""STC-SINGLETON-SCR-00910"",""STC-SINGLETON-SCR-00912"",""STC-SINGLETON-SCR-00913"",""STC-SINGLETON-SCR-00914"",""STC-SINGLETON-SCR-00915"",""STC-SINGLETON-SCR-00916"",""STC-SINGLETON-SCR-00917"",""STC-SINGLETON-SCR-00918"",""STC-SINGLETON-SCR-00919"",""STC-SINGLETON-SCR-00920"",""STC-SINGLETON-SCR-00922"",""STC-SINGLETON-SCR-00925"",""STC-SINGLETON-SCR-00926"",""STC-SINGLETON-SCR-00937"",""STC-SINGLETON-SCR-00943"",""STC-SINGLETON-SCR-00944"",""STC-SINGLETON-SCR-00949"",""STC-SINGLETON-SCR-00953"",""STC-SINGLETON-SCR-00954"",""STC-SINGLETON-SCR-00959"",""STC-SINGLETON-SCR-00965"",""STC-SINGLETON-SCR-00970"",""STC-SINGLETON-SCR-00974"",""STC-SINGLETON-SCR-00975"",""STC-SINGLETON-SCR-00977"",""STC-SINGLETON-SCR-00979"",""STC-SINGLETON-SCR-00980"",""STC-SINGLETON-SCR-00983"",""STC-SINGLETON-SCR-00985"",""STC-SINGLETON-SCR-00986"",""STC-SINGLETON-SCR-00990"",""STC-SINGLETON-SCR-00992"",""STC-SINGLETON-SCR-00994"",""STC-SINGLETON-SCR-00996"",""STC-SINGLETON-SCR-00998"",""STC-SINGLETON-SCR-01000"",""STC-SINGLETON-SCR-01001"",""STC-SINGLETON-SCR-01004"",""STC-SINGLETON-SCR-01006"",""STC-SINGLETON-SCR-01008"",""STC-SINGLETON-SCR-01009"",""STC-SINGLETON-SCR-01010"",""STC-SINGLETON-SCR-01011"",""STC-SINGLETON-SCR-01012"",""STC-SINGLETON-SCR-01018"",""STC-SINGLETON-SCR-01020"",""STC-SINGLETON-SCR-01021"",""STC-SINGLETON-SCR-01023"",""STC-SINGLETON-SCR-01024"",""STC-SINGLETON-SCR-01025"",""STC-SINGLETON-SCR-01028"",""STC-SINGLETON-SCR-01029"",""STC-SINGLETON-SCR-01030"",""STC-SINGLETON-SCR-01032"",""STC-SINGLETON-SCR-01033"",""STC-SINGLETON-SCR-01034"",""STC-SINGLETON-SCR-01036"",""STC-SINGLETON-SCR-01040"",""STC-SINGLETON-SCR-01041"",""STC-SINGLETON-SCR-01045"",""STC-SINGLETON-SCR-01047"",""STC-SINGLETON-SCR-01049"",""STC-SINGLETON-SCR-01050"",""STC-SINGLETON-SCR-01059"",""STC-SINGLETON-SCR-01060"",""STC-SINGLETON-SCR-01070"",""STC-SINGLETON-SCR-01071"",""STC-SINGLETON-SCR-01072"",""STC-SINGLETON-SCR-01073"",""STC-SINGLETON-SCR-01079"",""STC-SINGLETON-SCR-01081"",""STC-SINGLETON-SCR-01085"",""STC-SINGLETON-SCR-01086"",""STC-SINGLETON-SCR-01088"",""STC-SINGLETON-SCR-01093"",""STC-SINGLETON-SCR-01095"",""STC-SINGLETON-SCR-01101"",""STC-SINGLETON-SCR-01103"",""STC-SINGLETON-SCR-01105"",""STC-SINGLETON-SCR-01151"",""STC-SINGLETON-SCR-01152"",""STC-SINGLETON-SCR-01153"",""STC-SINGLETON-SCR-01165"",""STC-SINGLETON-SCR-01180"",""STC-SINGLETON-SCR-01188"",""STC-SUBCARRIER-CHIRP-DBAND-2025"",""STC-SUBMARINE-CABLE-DAS-HUIZHOU-2022-2026"",""STC-WBAND-POLARIZATION-JRC-2023-2025"",""STC-WBAND-TFDM-DONG-2022-2024""]}"
S2-shared_application_scenario,Architecture and integration mechanism: shared_application_scenario,FSO|VLC_LiFi|fiber|hybrid_optical|other_optical|photonic_THz,34,2,3,3,2,2,2,1,3,2,moderate,"{""section"":""S2"",""deterministic_rule"":""floor_of_dimension_medians_with_n_core_median_and_adequate_share_certainty"",""substantive_for_survey_conclusion"":true,""core_median"":2,""adequate_share"":0.9412,""raw_token_unique_count"":0,""raw_token_samples"":[],""contributing_study_ids"":[""STC-SINGLETON-SCR-00001"",""STC-SINGLETON-SCR-00008"",""STC-SINGLETON-SCR-00110"",""STC-SINGLETON-SCR-00123"",""STC-SINGLETON-SCR-00177"",""STC-SINGLETON-SCR-00218"",""STC-SINGLETON-SCR-00238"",""STC-SINGLETON-SCR-00268"",""STC-SINGLETON-SCR-00273"",""STC-SINGLETON-SCR-00277"",""STC-SINGLETON-SCR-00294"",""STC-SINGLETON-SCR-00376"",""STC-SINGLETON-SCR-00379"",""STC-SINGLETON-SCR-00387"",""STC-SINGLETON-SCR-00396"",""STC-SINGLETON-SCR-00406"",""STC-SINGLETON-SCR-00407"",""STC-SINGLETON-SCR-00436"",""STC-SINGLETON-SCR-00451"",""STC-SINGLETON-SCR-00488"",""STC-SINGLETON-SCR-00492"",""STC-SINGLETON-SCR-00496"",""STC-SINGLETON-SCR-00502"",""STC-SINGLETON-SCR-00506"",""STC-SINGLETON-SCR-00527"",""STC-SINGLETON-SCR-00557"",""STC-SINGLETON-SCR-00576"",""STC-SINGLETON-SCR-00631"",""STC-SINGLETON-SCR-00679"",""STC-SINGLETON-SCR-00680"",""STC-SINGLETON-SCR-00719"",""STC-SINGLETON-SCR-00730"",""STC-SINGLETON-SCR-00908"",""STC-SINGLETON-SCR-01036""]}"
S2-shared_hardware,Architecture and integration mechanism: shared_hardware,FSO|VLC_LiFi|fiber|hybrid_optical|other_optical|photonic_THz,93,3,3,3,2,2,2,1,3,3,moderate,"{""section"":""S2"",""deterministic_rule"":""floor_of_dimension_medians_with_n_core_median_and_adequate_share_certainty"",""substantive_for_survey_conclusion"":true,""core_median"":2,""adequate_share"":0.9677,""raw_token_unique_count"":0,""raw_token_samples"":[],""contributing_study_ids"":[""STC-ACO-OFDM-LFM-LIDAR-2025"",""STC-DP-IMDD-THZ-RANGING-2025-2026"",""STC-DSCM-ANN-DT-ECL-2025-2026"",""STC-ENDOGENOUS-TS-FRFT-DAS-2025"",""STC-FRDM-POLARIZATION-SENSING-2025-2026"",""STC-MMW-OFDM-PENG-2023-2024"",""STC-REALTIME-BIDIR-DMT-THZ-2024-2026"",""STC-SEVENCORE-COMB-SH-DAS-2024-2025"",""STC-SINGLETON-SCR-00001"",""STC-SINGLETON-SCR-00002"",""STC-SINGLETON-SCR-00008"",""STC-SINGLETON-SCR-00009"",""STC-SINGLETON-SCR-00011"",""STC-SINGLETON-SCR-00013"",""STC-SINGLETON-SCR-00015"",""STC-SINGLETON-SCR-00036"",""STC-SINGLETON-SCR-00056"",""STC-SINGLETON-SCR-00086"",""STC-SINGLETON-SCR-00091"",""STC-SINGLETON-SCR-00110"",""STC-SINGLETON-SCR-00151"",""STC-SINGLETON-SCR-00160"",""STC-SINGLETON-SCR-00185"",""STC-SINGLETON-SCR-00189"",""STC-SINGLETON-SCR-00196"",""STC-SINGLETON-SCR-00210"",""STC-SINGLETON-SCR-00218"",""STC-SINGLETON-SCR-00233"",""STC-SINGLETON-SCR-00238"",""STC-SINGLETON-SCR-00256"",""STC-SINGLETON-SCR-00268"",""STC-SINGLETON-SCR-00273"",""STC-SINGLETON-SCR-00274"",""STC-SINGLETON-SCR-00277"",""STC-SINGLETON-SCR-00278"",""STC-SINGLETON-SCR-00294"",""STC-SINGLETON-SCR-00312"",""STC-SINGLETON-SCR-00344"",""STC-SINGLETON-SCR-00356"",""STC-SINGLETON-SCR-00361"",""STC-SINGLETON-SCR-00362"",""STC-SINGLETON-SCR-00366"",""STC-SINGLETON-SCR-00367"",""STC-SINGLETON-SCR-00369"",""STC-SINGLETON-SCR-00376"",""STC-SINGLETON-SCR-00379"",""STC-SINGLETON-SCR-00387"",""STC-SINGLETON-SCR-00396"",""STC-SINGLETON-SCR-00406"",""STC-SINGLETON-SCR-00418"",""STC-SINGLETON-SCR-00432"",""STC-SINGLETON-SCR-00436"",""STC-SINGLETON-SCR-00451"",""STC-SINGLETON-SCR-00456"",""STC-SINGLETON-SCR-00460"",""STC-SINGLETON-SCR-00473"",""STC-SINGLETON-SCR-00492"",""STC-SINGLETON-SCR-00496"",""STC-SINGLETON-SCR-00502"",""STC-SINGLETON-SCR-00506"",""STC-SINGLETON-SCR-00527"",""STC-SINGLETON-SCR-00557"",""STC-SINGLETON-SCR-00576"",""STC-SINGLETON-SCR-00589"",""STC-SINGLETON-SCR-00594"",""STC-SINGLETON-SCR-00602"",""STC-SINGLETON-SCR-00607"",""STC-SINGLETON-SCR-00631"",""STC-SINGLETON-SCR-00679"",""STC-SINGLETON-SCR-00680"",""STC-SINGLETON-SCR-00719"",""STC-SINGLETON-SCR-00887"",""STC-SINGLETON-SCR-00891"",""STC-SINGLETON-SCR-00893"",""STC-SINGLETON-SCR-00920"",""STC-SINGLETON-SCR-00941"",""STC-SINGLETON-SCR-00944"",""STC-SINGLETON-SCR-00983"",""STC-SINGLETON-SCR-00992"",""STC-SINGLETON-SCR-01001"",""STC-SINGLETON-SCR-01025"",""STC-SINGLETON-SCR-01029"",""STC-SINGLETON-SCR-01030"",""STC-SINGLETON-SCR-01032"",""STC-SINGLETON-SCR-01033"",""STC-SINGLETON-SCR-01034"",""STC-SINGLETON-SCR-01041"",""STC-SINGLETON-SCR-01059"",""STC-SINGLETON-SCR-01070"",""STC-SINGLETON-SCR-01088"",""STC-SINGLETON-SCR-01152"",""STC-SINGLETON-SCR-01229"",""STC-WBAND-TFDM-DONG-2022-2024""]}"
S2-shared_link_or_channel,Architecture and integration mechanism: shared_link_or_channel,FSO|VLC_LiFi|fiber|hybrid_optical|other_optical|photonic_THz,104,3,3,3,2,2,2,1,3,3,moderate,"{""section"":""S2"",""deterministic_rule"":""floor_of_dimension_medians_with_n_core_median_and_adequate_share_certainty"",""substantive_for_survey_conclusion"":true,""core_median"":2,""adequate_share"":0.9712,""raw_token_unique_count"":0,""raw_token_samples"":[],""contributing_study_ids"":[""STC-ACO-OFDM-LFM-LIDAR-2025"",""STC-DP-IMDD-THZ-RANGING-2025-2026"",""STC-ENDOGENOUS-TS-FRFT-DAS-2025"",""STC-FRDM-POLARIZATION-SENSING-2025-2026"",""STC-ICP-RL-HLLB-3650KM-2024-2025"",""STC-III-NITRIDE-MOTION-VLC-2023"",""STC-MMW-OFDM-PENG-2023-2024"",""STC-MULTICHANNEL-LFM-QAM-THZ-2024-2026"",""STC-OCDM-THZ-OVER-FIBER-2024-2025"",""STC-ODDM-PHOTONIC-MMW-2024-2025"",""STC-SELF-HOMODYNE-MCF-OFDR-2024-2025"",""STC-SEVENCORE-COMB-SH-DAS-2024-2025"",""STC-SINGLETON-SCR-00002"",""STC-SINGLETON-SCR-00007"",""STC-SINGLETON-SCR-00008"",""STC-SINGLETON-SCR-00011"",""STC-SINGLETON-SCR-00012"",""STC-SINGLETON-SCR-00013"",""STC-SINGLETON-SCR-00015"",""STC-SINGLETON-SCR-00038"",""STC-SINGLETON-SCR-00052"",""STC-SINGLETON-SCR-00056"",""STC-SINGLETON-SCR-00057"",""STC-SINGLETON-SCR-00123"",""STC-SINGLETON-SCR-00151"",""STC-SINGLETON-SCR-00189"",""STC-SINGLETON-SCR-00196"",""STC-SINGLETON-SCR-00210"",""STC-SINGLETON-SCR-00218"",""STC-SINGLETON-SCR-00233"",""STC-SINGLETON-SCR-00238"",""STC-SINGLETON-SCR-00256"",""STC-SINGLETON-SCR-00277"",""STC-SINGLETON-SCR-00278"",""STC-SINGLETON-SCR-00344"",""STC-SINGLETON-SCR-00356"",""STC-SINGLETON-SCR-00366"",""STC-SINGLETON-SCR-00367"",""STC-SINGLETON-SCR-00369"",""STC-SINGLETON-SCR-00379"",""STC-SINGLETON-SCR-00387"",""STC-SINGLETON-SCR-00396"",""STC-SINGLETON-SCR-00407"",""STC-SINGLETON-SCR-00418"",""STC-SINGLETON-SCR-00432"",""STC-SINGLETON-SCR-00436"",""STC-SINGLETON-SCR-00456"",""STC-SINGLETON-SCR-00460"",""STC-SINGLETON-SCR-00473"",""STC-SINGLETON-SCR-00488"",""STC-SINGLETON-SCR-00492"",""STC-SINGLETON-SCR-00496"",""STC-SINGLETON-SCR-00502"",""STC-SINGLETON-SCR-00506"",""STC-SINGLETON-SCR-00527"",""STC-SINGLETON-SCR-00557"",""STC-SINGLETON-SCR-00576"",""STC-SINGLETON-SCR-00589"",""STC-SINGLETON-SCR-00607"",""STC-SINGLETON-SCR-00626"",""STC-SINGLETON-SCR-00647"",""STC-SINGLETON-SCR-00665"",""STC-SINGLETON-SCR-00679"",""STC-SINGLETON-SCR-00680"",""STC-SINGLETON-SCR-00719"",""STC-SINGLETON-SCR-00761"",""STC-SINGLETON-SCR-00884"",""STC-SINGLETON-SCR-00887"",""STC-SINGLETON-SCR-00891"",""STC-SINGLETON-SCR-00896"",""STC-SINGLETON-SCR-00902"",""STC-SINGLETON-SCR-00910"",""STC-SINGLETON-SCR-00915"",""STC-SINGLETON-SCR-00917"",""STC-SINGLETON-SCR-00920"",""STC-SINGLETON-SCR-00922"",""STC-SINGLETON-SCR-00943"",""STC-SINGLETON-SCR-00944"",""STC-SINGLETON-SCR-00949"",""STC-SINGLETON-SCR-00959"",""STC-SINGLETON-SCR-00965"",""STC-SINGLETON-SCR-00979"",""STC-SINGLETON-SCR-00983"",""STC-SINGLETON-SCR-00986"",""STC-SINGLETON-SCR-00994"",""STC-SINGLETON-SCR-00998"",""STC-SINGLETON-SCR-01000"",""STC-SINGLETON-SCR-01006"",""STC-SINGLETON-SCR-01009"",""STC-SINGLETON-SCR-01018"",""STC-SINGLETON-SCR-01024"",""STC-SINGLETON-SCR-01034"",""STC-SINGLETON-SCR-01040"",""STC-SINGLETON-SCR-01059"",""STC-SINGLETON-SCR-01070"",""STC-SINGLETON-SCR-01071"",""STC-SINGLETON-SCR-01079"",""STC-SINGLETON-SCR-01085"",""STC-SINGLETON-SCR-01086"",""STC-SINGLETON-SCR-01093"",""STC-SINGLETON-SCR-01105"",""STC-SINGLETON-SCR-01180"",""STC-SUBMARINE-CABLE-DAS-HUIZHOU-2022-2026"",""STC-WBAND-TFDM-DONG-2022-2024""]}"
S2-shared_optical_carrier,Architecture and integration mechanism: shared_optical_carrier,FSO|VLC_LiFi|fiber|hybrid_optical|other_optical|photonic_THz,63,3,3,3,2,2,2,1,3,3,moderate,"{""section"":""S2"",""deterministic_rule"":""floor_of_dimension_medians_with_n_core_median_and_adequate_share_certainty"",""substantive_for_survey_conclusion"":true,""core_median"":2,""adequate_share"":0.9683,""raw_token_unique_count"":0,""raw_token_samples"":[],""contributing_study_ids"":[""STC-ACO-OFDM-LFM-LIDAR-2025"",""STC-DSCM-ANN-DT-ECL-2025-2026"",""STC-EADO-OFDM-RANGING-2024-2025"",""STC-ODDM-PHOTONIC-MMW-2024-2025"",""STC-SELF-HOMODYNE-MCF-OFDR-2024-2025"",""STC-SEVENCORE-COMB-SH-DAS-2024-2025"",""STC-SF-LFM-OFDM-THZ-2025-2026"",""STC-SINGLETON-SCR-00002"",""STC-SINGLETON-SCR-00011"",""STC-SINGLETON-SCR-00012"",""STC-SINGLETON-SCR-00013"",""STC-SINGLETON-SCR-00015"",""STC-SINGLETON-SCR-00110"",""STC-SINGLETON-SCR-00160"",""STC-SINGLETON-SCR-00189"",""STC-SINGLETON-SCR-00196"",""STC-SINGLETON-SCR-00233"",""STC-SINGLETON-SCR-00238"",""STC-SINGLETON-SCR-00256"",""STC-SINGLETON-SCR-00278"",""STC-SINGLETON-SCR-00312"",""STC-SINGLETON-SCR-00344"",""STC-SINGLETON-SCR-00356"",""STC-SINGLETON-SCR-00361"",""STC-SINGLETON-SCR-00362"",""STC-SINGLETON-SCR-00366"",""STC-SINGLETON-SCR-00367"",""STC-SINGLETON-SCR-00369"",""STC-SINGLETON-SCR-00379"",""STC-SINGLETON-SCR-00387"",""STC-SINGLETON-SCR-00407"",""STC-SINGLETON-SCR-00418"",""STC-SINGLETON-SCR-00432"",""STC-SINGLETON-SCR-00456"",""STC-SINGLETON-SCR-00460"",""STC-SINGLETON-SCR-00492"",""STC-SINGLETON-SCR-00502"",""STC-SINGLETON-SCR-00527"",""STC-SINGLETON-SCR-00557"",""STC-SINGLETON-SCR-00576"",""STC-SINGLETON-SCR-00626"",""STC-SINGLETON-SCR-00647"",""STC-SINGLETON-SCR-00665"",""STC-SINGLETON-SCR-00679"",""STC-SINGLETON-SCR-00680"",""STC-SINGLETON-SCR-00719"",""STC-SINGLETON-SCR-00884"",""STC-SINGLETON-SCR-00919"",""STC-SINGLETON-SCR-00926"",""STC-SINGLETON-SCR-00941"",""STC-SINGLETON-SCR-00953"",""STC-SINGLETON-SCR-00954"",""STC-SINGLETON-SCR-00965"",""STC-SINGLETON-SCR-01036"",""STC-SINGLETON-SCR-01070"",""STC-SINGLETON-SCR-01071"",""STC-SINGLETON-SCR-01079"",""STC-SINGLETON-SCR-01086"",""STC-SINGLETON-SCR-01093"",""STC-SINGLETON-SCR-01095"",""STC-SINGLETON-SCR-01165"",""STC-SINGLETON-SCR-01188"",""STC-SUBCARRIER-CHIRP-DBAND-2025""]}"
S2-shared_resource_allocation,Architecture and integration mechanism: shared_resource_allocation,FSO|VLC_LiFi|fiber|hybrid_optical|photonic_THz,90,3,3,3,2,2,2,1,3,3,high,"{""section"":""S2"",""deterministic_rule"":""floor_of_dimension_medians_with_n_core_median_and_adequate_share_certainty"",""substantive_for_survey_conclusion"":true,""core_median"":2.5,""adequate_share"":0.9778,""raw_token_unique_count"":0,""raw_token_samples"":[],""contributing_study_ids"":[""STC-DSCM-ANN-DT-ECL-2025-2026"",""STC-EADO-OFDM-RANGING-2024-2025"",""STC-ENDOGENOUS-TS-FRFT-DAS-2025"",""STC-FRDM-POLARIZATION-SENSING-2025-2026"",""STC-MMW-OFDM-PENG-2023-2024"",""STC-OCDM-THZ-OVER-FIBER-2024-2025"",""STC-REALTIME-BIDIR-DMT-THZ-2024-2026"",""STC-SEVENCORE-COMB-SH-DAS-2024-2025"",""STC-SF-LFM-OFDM-THZ-2025-2026"",""STC-SINGLETON-SCR-00007"",""STC-SINGLETON-SCR-00009"",""STC-SINGLETON-SCR-00012"",""STC-SINGLETON-SCR-00036"",""STC-SINGLETON-SCR-00038"",""STC-SINGLETON-SCR-00052"",""STC-SINGLETON-SCR-00056"",""STC-SINGLETON-SCR-00057"",""STC-SINGLETON-SCR-00086"",""STC-SINGLETON-SCR-00091"",""STC-SINGLETON-SCR-00151"",""STC-SINGLETON-SCR-00177"",""STC-SINGLETON-SCR-00185"",""STC-SINGLETON-SCR-00273"",""STC-SINGLETON-SCR-00274"",""STC-SINGLETON-SCR-00312"",""STC-SINGLETON-SCR-00344"",""STC-SINGLETON-SCR-00361"",""STC-SINGLETON-SCR-00362"",""STC-SINGLETON-SCR-00366"",""STC-SINGLETON-SCR-00367"",""STC-SINGLETON-SCR-00369"",""STC-SINGLETON-SCR-00376"",""STC-SINGLETON-SCR-00396"",""STC-SINGLETON-SCR-00418"",""STC-SINGLETON-SCR-00436"",""STC-SINGLETON-SCR-00460"",""STC-SINGLETON-SCR-00473"",""STC-SINGLETON-SCR-00492"",""STC-SINGLETON-SCR-00496"",""STC-SINGLETON-SCR-00502"",""STC-SINGLETON-SCR-00527"",""STC-SINGLETON-SCR-00576"",""STC-SINGLETON-SCR-00602"",""STC-SINGLETON-SCR-00607"",""STC-SINGLETON-SCR-00631"",""STC-SINGLETON-SCR-00647"",""STC-SINGLETON-SCR-00719"",""STC-SINGLETON-SCR-00730"",""STC-SINGLETON-SCR-00808"",""STC-SINGLETON-SCR-00836"",""STC-SINGLETON-SCR-00882"",""STC-SINGLETON-SCR-00884"",""STC-SINGLETON-SCR-00885"",""STC-SINGLETON-SCR-00887"",""STC-SINGLETON-SCR-00891"",""STC-SINGLETON-SCR-00893"",""STC-SINGLETON-SCR-00917"",""STC-SINGLETON-SCR-00925"",""STC-SINGLETON-SCR-00926"",""STC-SINGLETON-SCR-00941"",""STC-SINGLETON-SCR-00965"",""STC-SINGLETON-SCR-00970"",""STC-SINGLETON-SCR-00977"",""STC-SINGLETON-SCR-00979"",""STC-SINGLETON-SCR-00983"",""STC-SINGLETON-SCR-00985"",""STC-SINGLETON-SCR-00986"",""STC-SINGLETON-SCR-00992"",""STC-SINGLETON-SCR-00996"",""STC-SINGLETON-SCR-01000"",""STC-SINGLETON-SCR-01009"",""STC-SINGLETON-SCR-01010"",""STC-SINGLETON-SCR-01025"",""STC-SINGLETON-SCR-01028"",""STC-SINGLETON-SCR-01030"",""STC-SINGLETON-SCR-01032"",""STC-SINGLETON-SCR-01040"",""STC-SINGLETON-SCR-01049"",""STC-SINGLETON-SCR-01050"",""STC-SINGLETON-SCR-01060"",""STC-SINGLETON-SCR-01073"",""STC-SINGLETON-SCR-01086"",""STC-SINGLETON-SCR-01103"",""STC-SINGLETON-SCR-01151"",""STC-SINGLETON-SCR-01152"",""STC-SINGLETON-SCR-01153"",""STC-SUBCARRIER-CHIRP-DBAND-2025"",""STC-TUNABLE-LASER-THZ-FMCW-2025-2026"",""STC-WBAND-POLARIZATION-JRC-2023-2025"",""STC-WBAND-TFDM-DONG-2022-2024""]}"
S2-shared_waveform,Architecture and integration mechanism: shared_waveform,FSO|VLC_LiFi|fiber|hybrid_optical|other_optical|photonic_THz,105,3,3,3,2,2,2,1,3,3,high,"{""section"":""S2"",""deterministic_rule"":""floor_of_dimension_medians_with_n_core_median_and_adequate_share_certainty"",""substantive_for_survey_conclusion"":true,""core_median"":2.5,""adequate_share"":0.9524,""raw_token_unique_count"":0,""raw_token_samples"":[],""contributing_study_ids"":[""STC-ACO-OFDM-LFM-LIDAR-2025"",""STC-EADO-OFDM-RANGING-2024-2025"",""STC-ENDOGENOUS-TS-FRFT-DAS-2025"",""STC-FRDM-POLARIZATION-SENSING-2025-2026"",""STC-MMW-OFDM-PENG-2023-2024"",""STC-OCDM-THZ-OVER-FIBER-2024-2025"",""STC-ODDM-PHOTONIC-MMW-2024-2025"",""STC-SF-LFM-OFDM-THZ-2025-2026"",""STC-SINGLETON-SCR-00007"",""STC-SINGLETON-SCR-00009"",""STC-SINGLETON-SCR-00011"",""STC-SINGLETON-SCR-00013"",""STC-SINGLETON-SCR-00015"",""STC-SINGLETON-SCR-00036"",""STC-SINGLETON-SCR-00038"",""STC-SINGLETON-SCR-00056"",""STC-SINGLETON-SCR-00086"",""STC-SINGLETON-SCR-00091"",""STC-SINGLETON-SCR-00110"",""STC-SINGLETON-SCR-00151"",""STC-SINGLETON-SCR-00160"",""STC-SINGLETON-SCR-00189"",""STC-SINGLETON-SCR-00196"",""STC-SINGLETON-SCR-00210"",""STC-SINGLETON-SCR-00233"",""STC-SINGLETON-SCR-00238"",""STC-SINGLETON-SCR-00256"",""STC-SINGLETON-SCR-00274"",""STC-SINGLETON-SCR-00278"",""STC-SINGLETON-SCR-00312"",""STC-SINGLETON-SCR-00356"",""STC-SINGLETON-SCR-00361"",""STC-SINGLETON-SCR-00362"",""STC-SINGLETON-SCR-00366"",""STC-SINGLETON-SCR-00367"",""STC-SINGLETON-SCR-00369"",""STC-SINGLETON-SCR-00379"",""STC-SINGLETON-SCR-00387"",""STC-SINGLETON-SCR-00418"",""STC-SINGLETON-SCR-00432"",""STC-SINGLETON-SCR-00436"",""STC-SINGLETON-SCR-00456"",""STC-SINGLETON-SCR-00460"",""STC-SINGLETON-SCR-00488"",""STC-SINGLETON-SCR-00492"",""STC-SINGLETON-SCR-00527"",""STC-SINGLETON-SCR-00557"",""STC-SINGLETON-SCR-00576"",""STC-SINGLETON-SCR-00589"",""STC-SINGLETON-SCR-00594"",""STC-SINGLETON-SCR-00602"",""STC-SINGLETON-SCR-00626"",""STC-SINGLETON-SCR-00631"",""STC-SINGLETON-SCR-00647"",""STC-SINGLETON-SCR-00680"",""STC-SINGLETON-SCR-00719"",""STC-SINGLETON-SCR-00730"",""STC-SINGLETON-SCR-00761"",""STC-SINGLETON-SCR-00808"",""STC-SINGLETON-SCR-00882"",""STC-SINGLETON-SCR-00885"",""STC-SINGLETON-SCR-00887"",""STC-SINGLETON-SCR-00891"",""STC-SINGLETON-SCR-00896"",""STC-SINGLETON-SCR-00899"",""STC-SINGLETON-SCR-00902"",""STC-SINGLETON-SCR-00903"",""STC-SINGLETON-SCR-00904"",""STC-SINGLETON-SCR-00905"",""STC-SINGLETON-SCR-00906"",""STC-SINGLETON-SCR-00909"",""STC-SINGLETON-SCR-00912"",""STC-SINGLETON-SCR-00913"",""STC-SINGLETON-SCR-00916"",""STC-SINGLETON-SCR-00918"",""STC-SINGLETON-SCR-00919"",""STC-SINGLETON-SCR-00925"",""STC-SINGLETON-SCR-00926"",""STC-SINGLETON-SCR-00937"",""STC-SINGLETON-SCR-00941"",""STC-SINGLETON-SCR-00953"",""STC-SINGLETON-SCR-00974"",""STC-SINGLETON-SCR-00975"",""STC-SINGLETON-SCR-00985"",""STC-SINGLETON-SCR-00990"",""STC-SINGLETON-SCR-00994"",""STC-SINGLETON-SCR-00996"",""STC-SINGLETON-SCR-00998"",""STC-SINGLETON-SCR-01004"",""STC-SINGLETON-SCR-01010"",""STC-SINGLETON-SCR-01018"",""STC-SINGLETON-SCR-01020"",""STC-SINGLETON-SCR-01021"",""STC-SINGLETON-SCR-01024"",""STC-SINGLETON-SCR-01025"",""STC-SINGLETON-SCR-01029"",""STC-SINGLETON-SCR-01032"",""STC-SINGLETON-SCR-01041"",""STC-SINGLETON-SCR-01049"",""STC-SINGLETON-SCR-01073"",""STC-SINGLETON-SCR-01101"",""STC-SINGLETON-SCR-01151"",""STC-SINGLETON-SCR-01165"",""STC-SINGLETON-SCR-01229"",""STC-TUNABLE-LASER-THZ-FMCW-2025-2026""]}"
S3-communication_bandwidth_waveform_configuration,Metric reporting map: communication / bandwidth_waveform_configuration,FSO|VLC_LiFi|fiber|hybrid_optical|other_optical|photonic_THz,115,3,3,3,2,2,2,1,3,3,high,"{""section"":""S3"",""deterministic_rule"":""floor_of_dimension_medians_with_n_core_median_and_adequate_share_certainty"",""substantive_for_survey_conclusion"":true,""core_median"":2.5,""adequate_share"":0.9826,""raw_token_unique_count"":202,""raw_token_samples"":[{""token"":""carrier_frequency"",""count"":34},{""token"":""bandwidth"",""count"":22},{""token"":""modulation_order"",""count"":16},{""token"":""sampling_rate"",""count"":13},{""token"":""subcarrier_spacing"",""count"":12},{""token"":""AWG_sampling_rate"",""count"":7},{""token"":""subcarrier_count"",""count"":7},{""token"":""cyclic_prefix"",""count"":6},{""token"":""occupied_bandwidth"",""count"":6},{""token"":""OFDM_bandwidth"",""count"":6},{""token"":""optical_wavelength"",""count"":6},{""token"":""oscilloscope_sampling_rate"",""count"":6},{""token"":""symbol_duration"",""count"":6},{""token"":""THz_carrier_frequency"",""count"":6},{""token"":""cyclic_prefix_length"",""count"":5},{""token"":""data_subcarriers"",""count"":5},{""token"":""receiver_bandwidth"",""count"":5},{""token"":""signal_bandwidth"",""count"":4},{""token"":""subcarrier_center_frequency"",""count"":4},{""token"":""total_bandwidth"",""count"":4}],""contributing_study_ids"":[""STC-ACO-OFDM-LFM-LIDAR-2025"",""STC-DP-IMDD-THZ-RANGING-2025-2026"",""STC-DSCM-ANN-DT-ECL-2025-2026"",""STC-EADO-OFDM-RANGING-2024-2025"",""STC-ICP-RL-HLLB-3650KM-2024-2025"",""STC-III-NITRIDE-MOTION-VLC-2023"",""STC-LED-OISAC-2024-2025"",""STC-MMW-OFDM-PENG-2023-2024"",""STC-MULTICHANNEL-LFM-QAM-THZ-2024-2026"",""STC-OCDM-THZ-OVER-FIBER-2024-2025"",""STC-ODDM-PHOTONIC-MMW-2024-2025"",""STC-REALTIME-BIDIR-DMT-THZ-2024-2026"",""STC-SF-LFM-OFDM-THZ-2025-2026"",""STC-SINGLETON-SCR-00001"",""STC-SINGLETON-SCR-00009"",""STC-SINGLETON-SCR-00274"",""STC-SINGLETON-SCR-00312"",""STC-SINGLETON-SCR-00344"",""STC-SINGLETON-SCR-00362"",""STC-SINGLETON-SCR-00366"",""STC-SINGLETON-SCR-00367"",""STC-SINGLETON-SCR-00369"",""STC-SINGLETON-SCR-00376"",""STC-SINGLETON-SCR-00418"",""STC-SINGLETON-SCR-00451"",""STC-SINGLETON-SCR-00460"",""STC-SINGLETON-SCR-00492"",""STC-SINGLETON-SCR-00502"",""STC-SINGLETON-SCR-00527"",""STC-SINGLETON-SCR-00602"",""STC-SINGLETON-SCR-00626"",""STC-SINGLETON-SCR-00631"",""STC-SINGLETON-SCR-00647"",""STC-SINGLETON-SCR-00665"",""STC-SINGLETON-SCR-00719"",""STC-SINGLETON-SCR-00730"",""STC-SINGLETON-SCR-00808"",""STC-SINGLETON-SCR-00836"",""STC-SINGLETON-SCR-00873"",""STC-SINGLETON-SCR-00882"",""STC-SINGLETON-SCR-00884"",""STC-SINGLETON-SCR-00887"",""STC-SINGLETON-SCR-00891"",""STC-SINGLETON-SCR-00893"",""STC-SINGLETON-SCR-00896"",""STC-SINGLETON-SCR-00899"",""STC-SINGLETON-SCR-00902"",""STC-SINGLETON-SCR-00903"",""STC-SINGLETON-SCR-00905"",""STC-SINGLETON-SCR-00906"",""STC-SINGLETON-SCR-00909"",""STC-SINGLETON-SCR-00910"",""STC-SINGLETON-SCR-00912"",""STC-SINGLETON-SCR-00913"",""STC-SINGLETON-SCR-00916"",""STC-SINGLETON-SCR-00917"",""STC-SINGLETON-SCR-00918"",""STC-SINGLETON-SCR-00919"",""STC-SINGLETON-SCR-00920"",""STC-SINGLETON-SCR-00922"",""STC-SINGLETON-SCR-00925"",""STC-SINGLETON-SCR-00926"",""STC-SINGLETON-SCR-00937"",""STC-SINGLETON-SCR-00953"",""STC-SINGLETON-SCR-00954"",""STC-SINGLETON-SCR-00965"",""STC-SINGLETON-SCR-00970"",""STC-SINGLETON-SCR-00974"",""STC-SINGLETON-SCR-00975"",""STC-SINGLETON-SCR-00977"",""STC-SINGLETON-SCR-00979"",""STC-SINGLETON-SCR-00983"",""STC-SINGLETON-SCR-00985"",""STC-SINGLETON-SCR-00986"",""STC-SINGLETON-SCR-00990"",""STC-SINGLETON-SCR-00992"",""STC-SINGLETON-SCR-00994"",""STC-SINGLETON-SCR-00998"",""STC-SINGLETON-SCR-01000"",""STC-SINGLETON-SCR-01001"",""STC-SINGLETON-SCR-01004"",""STC-SINGLETON-SCR-01009"",""STC-SINGLETON-SCR-01010"",""STC-SINGLETON-SCR-01012"",""STC-SINGLETON-SCR-01018"",""STC-SINGLETON-SCR-01020"",""STC-SINGLETON-SCR-01023"",""STC-SINGLETON-SCR-01024"",""STC-SINGLETON-SCR-01025"",""STC-SINGLETON-SCR-01032"",""STC-SINGLETON-SCR-01033"",""STC-SINGLETON-SCR-01034"",""STC-SINGLETON-SCR-01036"",""STC-SINGLETON-SCR-01040"",""STC-SINGLETON-SCR-01059"",""STC-SINGLETON-SCR-01060"",""STC-SINGLETON-SCR-01070"",""STC-SINGLETON-SCR-01071"",""STC-SINGLETON-SCR-01072"",""STC-SINGLETON-SCR-01073"",""STC-SINGLETON-SCR-01081"",""STC-SINGLETON-SCR-01093"",""STC-SINGLETON-SCR-01095"",""STC-SINGLETON-SCR-01101"",""STC-SINGLETON-SCR-01103"",""STC-SINGLETON-SCR-01105"",""STC-SINGLETON-SCR-01151"",""STC-SINGLETON-SCR-01152"",""STC-SINGLETON-SCR-01153"",""STC-SINGLETON-SCR-01165"",""STC-SINGLETON-SCR-01188"",""STC-SUBCARRIER-CHIRP-DBAND-2025"",""STC-SUBMARINE-CABLE-DAS-HUIZHOU-2022-2026"",""STC-TUNABLE-LASER-THZ-FMCW-2025-2026"",""STC-WBAND-TFDM-DONG-2022-2024""]}"
S3-communication_channel_loss_gain,Metric reporting map: communication / channel_loss_gain,FSO|VLC_LiFi|fiber|hybrid_optical|photonic_THz,12,3,3,3,2,2,1,1,3,2,high,"{""section"":""S3"",""deterministic_rule"":""floor_of_dimension_medians_with_n_core_median_and_adequate_share_certainty"",""substantive_for_survey_conclusion"":true,""core_median"":2.5,""adequate_share"":1,""raw_token_unique_count"":12,""raw_token_samples"":[{""token"":""atmospheric_attenuation"",""count"":2},{""token"":""frequency_response_attenuation"",""count"":2},{""token"":""link_budget"",""count"":2},{""token"":""link_loss"",""count"":2},{""token"":""additional_path_loss"",""count"":1},{""token"":""channel_attenuation"",""count"":1},{""token"":""channel_gain"",""count"":1},{""token"":""communication_path_loss_exponent"",""count"":1},{""token"":""coverage"",""count"":1},{""token"":""excess_path_loss"",""count"":1},{""token"":""stationary_channel_gain"",""count"":1},{""token"":""weather_attenuation_coefficients"",""count"":1}],""contributing_study_ids"":[""STC-EADO-OFDM-RANGING-2024-2025"",""STC-SINGLETON-SCR-00210"",""STC-SINGLETON-SCR-00218"",""STC-SINGLETON-SCR-00277"",""STC-SINGLETON-SCR-00679"",""STC-SINGLETON-SCR-00908"",""STC-SINGLETON-SCR-00909"",""STC-SINGLETON-SCR-00917"",""STC-SINGLETON-SCR-00922"",""STC-SINGLETON-SCR-00926"",""STC-SINGLETON-SCR-01040"",""STC-SINGLETON-SCR-01059""]}"
S3-communication_classification_inference_accuracy,Metric reporting map: communication / classification_inference_accuracy,fiber,1,2,3,3,2,2,2,1,3,3,limited,"{""section"":""S3"",""deterministic_rule"":""floor_of_dimension_medians_with_n_core_median_and_adequate_share_certainty"",""substantive_for_survey_conclusion"":true,""core_median"":2,""adequate_share"":1,""raw_token_unique_count"":2,""raw_token_samples"":[{""token"":""sensing_accuracy_improvement"",""count"":1},{""token"":""sensing_accuracy_penalty"",""count"":1}],""contributing_study_ids"":[""STC-SINGLETON-SCR-00647""]}"
S3-communication_communication_reach_coverage,Metric reporting map: communication / communication_reach_coverage,FSO|VLC_LiFi|fiber|hybrid_optical|other_optical|photonic_THz,79,3,3,3,2,2,2,1,3,3,high,"{""section"":""S3"",""deterministic_rule"":""floor_of_dimension_medians_with_n_core_median_and_adequate_share_certainty"",""substantive_for_survey_conclusion"":true,""core_median"":2.5,""adequate_share"":0.962,""raw_token_unique_count"":63,""raw_token_samples"":[{""token"":""wireless_distance"",""count"":28},{""token"":""propagation_distance"",""count"":7},{""token"":""reachable_distance"",""count"":7},{""token"":""coverage"",""count"":4},{""token"":""transmission_distance"",""count"":4},{""token"":""link_distance"",""count"":3},{""token"":""braking_distance"",""count"":2},{""token"":""chirp_range"",""count"":2},{""token"":""communication_distance"",""count"":2},{""token"":""RF_band"",""count"":2},{""token"":""test_distance"",""count"":2},{""token"":""angle_test_distance"",""count"":1},{""token"":""beamsteering_coverage_gain"",""count"":1},{""token"":""C_band_grid"",""count"":1},{""token"":""cell_radius"",""count"":1},{""token"":""channel_transmissivity_range"",""count"":1},{""token"":""communication_sensing_distance_scaling"",""count"":1},{""token"":""communication_test_distance"",""count"":1},{""token"":""companion_profile"",""count"":1},{""token"":""coverage_gain_intensity"",""count"":1}],""contributing_study_ids"":[""STC-ACO-OFDM-LFM-LIDAR-2025"",""STC-EADO-OFDM-RANGING-2024-2025"",""STC-ICP-RL-HLLB-3650KM-2024-2025"",""STC-LED-OISAC-2024-2025"",""STC-MMW-OFDM-PENG-2023-2024"",""STC-MULTICHANNEL-LFM-QAM-THZ-2024-2026"",""STC-OCDM-THZ-OVER-FIBER-2024-2025"",""STC-ODDM-PHOTONIC-MMW-2024-2025"",""STC-REALTIME-BIDIR-DMT-THZ-2024-2026"",""STC-SF-LFM-OFDM-THZ-2025-2026"",""STC-SINGLETON-SCR-00086"",""STC-SINGLETON-SCR-00123"",""STC-SINGLETON-SCR-00256"",""STC-SINGLETON-SCR-00273"",""STC-SINGLETON-SCR-00277"",""STC-SINGLETON-SCR-00366"",""STC-SINGLETON-SCR-00376"",""STC-SINGLETON-SCR-00406"",""STC-SINGLETON-SCR-00456"",""STC-SINGLETON-SCR-00492"",""STC-SINGLETON-SCR-00527"",""STC-SINGLETON-SCR-00589"",""STC-SINGLETON-SCR-00602"",""STC-SINGLETON-SCR-00836"",""STC-SINGLETON-SCR-00885"",""STC-SINGLETON-SCR-00887"",""STC-SINGLETON-SCR-00891"",""STC-SINGLETON-SCR-00902"",""STC-SINGLETON-SCR-00906"",""STC-SINGLETON-SCR-00910"",""STC-SINGLETON-SCR-00912"",""STC-SINGLETON-SCR-00913"",""STC-SINGLETON-SCR-00916"",""STC-SINGLETON-SCR-00917"",""STC-SINGLETON-SCR-00919"",""STC-SINGLETON-SCR-00922"",""STC-SINGLETON-SCR-00926"",""STC-SINGLETON-SCR-00937"",""STC-SINGLETON-SCR-00949"",""STC-SINGLETON-SCR-00953"",""STC-SINGLETON-SCR-00954"",""STC-SINGLETON-SCR-00965"",""STC-SINGLETON-SCR-00970"",""STC-SINGLETON-SCR-00974"",""STC-SINGLETON-SCR-00975"",""STC-SINGLETON-SCR-00977"",""STC-SINGLETON-SCR-00979"",""STC-SINGLETON-SCR-00980"",""STC-SINGLETON-SCR-00983"",""STC-SINGLETON-SCR-00985"",""STC-SINGLETON-SCR-00986"",""STC-SINGLETON-SCR-00992"",""STC-SINGLETON-SCR-00994"",""STC-SINGLETON-SCR-00996"",""STC-SINGLETON-SCR-01000"",""STC-SINGLETON-SCR-01004"",""STC-SINGLETON-SCR-01009"",""STC-SINGLETON-SCR-01010"",""STC-SINGLETON-SCR-01011"",""STC-SINGLETON-SCR-01012"",""STC-SINGLETON-SCR-01018"",""STC-SINGLETON-SCR-01020"",""STC-SINGLETON-SCR-01024"",""STC-SINGLETON-SCR-01034"",""STC-SINGLETON-SCR-01041"",""STC-SINGLETON-SCR-01070"",""STC-SINGLETON-SCR-01071"",""STC-SINGLETON-SCR-01073"",""STC-SINGLETON-SCR-01085"",""STC-SINGLETON-SCR-01086"",""STC-SINGLETON-SCR-01101"",""STC-SINGLETON-SCR-01105"",""STC-SINGLETON-SCR-01151"",""STC-SINGLETON-SCR-01152"",""STC-SINGLETON-SCR-01153"",""STC-SINGLETON-SCR-01165"",""STC-SUBCARRIER-CHIRP-DBAND-2025"",""STC-TUNABLE-LASER-THZ-FMCW-2025-2026"",""STC-WBAND-TFDM-DONG-2022-2024""]}"
S3-communication_communication_signal_quality,Metric reporting map: communication / communication_signal_quality,FSO|VLC_LiFi|fiber|hybrid_optical|other_optical|photonic_THz,44,3,3,3,2,2,2,1,3,3,high,"{""section"":""S3"",""deterministic_rule"":""floor_of_dimension_medians_with_n_core_median_and_adequate_share_certainty"",""substantive_for_survey_conclusion"":true,""core_median"":2.5,""adequate_share"":0.9545,""raw_token_unique_count"":41,""raw_token_samples"":[{""token"":""SNR"",""count"":30},{""token"":""OSNR"",""count"":13},{""token"":""effective_SNR"",""count"":3},{""token"":""OSNR_threshold"",""count"":3},{""token"":""SNR_penalty"",""count"":3},{""token"":""OSNR_lower"",""count"":2},{""token"":""OSNR_upper"",""count"":2},{""token"":""received_SNR"",""count"":2},{""token"":""signal_to_noise_ratio"",""count"":2},{""token"":""successful_recovery_probability"",""count"":2},{""token"":""amplitude_ratio_SINR_sync_SNR_sweep"",""count"":1},{""token"":""launch_power_interval"",""count"":1},{""token"":""launch_power_threshold"",""count"":1},{""token"":""light_field_SINR_threshold"",""count"":1},{""token"":""light_to_electrical_SNR_relation"",""count"":1},{""token"":""LP_SINR_degradation"",""count"":1},{""token"":""matched_filter_SNR_gain"",""count"":1},{""token"":""MEC_SNR_coverage"",""count"":1},{""token"":""message_recovery"",""count"":1},{""token"":""MIC_SNR_coverage"",""count"":1}],""contributing_study_ids"":[""STC-ENDOGENOUS-TS-FRFT-DAS-2025"",""STC-FRDM-POLARIZATION-SENSING-2025-2026"",""STC-ICP-RL-HLLB-3650KM-2024-2025"",""STC-OPA-OWISAC-BEAMFORMING-2024-2025"",""STC-REALTIME-BIDIR-DMT-THZ-2024-2026"",""STC-SEVENCORE-COMB-SH-DAS-2024-2025"",""STC-SF-LFM-OFDM-THZ-2025-2026"",""STC-SINGLETON-SCR-00052"",""STC-SINGLETON-SCR-00196"",""STC-SINGLETON-SCR-00233"",""STC-SINGLETON-SCR-00256"",""STC-SINGLETON-SCR-00274"",""STC-SINGLETON-SCR-00366"",""STC-SINGLETON-SCR-00369"",""STC-SINGLETON-SCR-00376"",""STC-SINGLETON-SCR-00379"",""STC-SINGLETON-SCR-00387"",""STC-SINGLETON-SCR-00456"",""STC-SINGLETON-SCR-00594"",""STC-SINGLETON-SCR-00626"",""STC-SINGLETON-SCR-00631"",""STC-SINGLETON-SCR-00647"",""STC-SINGLETON-SCR-00679"",""STC-SINGLETON-SCR-00884"",""STC-SINGLETON-SCR-00899"",""STC-SINGLETON-SCR-00908"",""STC-SINGLETON-SCR-00914"",""STC-SINGLETON-SCR-00916"",""STC-SINGLETON-SCR-00941"",""STC-SINGLETON-SCR-00954"",""STC-SINGLETON-SCR-00980"",""STC-SINGLETON-SCR-00990"",""STC-SINGLETON-SCR-01004"",""STC-SINGLETON-SCR-01009"",""STC-SINGLETON-SCR-01011"",""STC-SINGLETON-SCR-01024"",""STC-SINGLETON-SCR-01028"",""STC-SINGLETON-SCR-01071"",""STC-SINGLETON-SCR-01073"",""STC-SINGLETON-SCR-01079"",""STC-SINGLETON-SCR-01081"",""STC-SINGLETON-SCR-01103"",""STC-SINGLETON-SCR-01151"",""STC-SINGLETON-SCR-01180""]}"
S3-communication_detection_false_alarm,Metric reporting map: communication / detection_false_alarm,FSO|VLC_LiFi|fiber,4,2,3,3,1,2,2,1,3,2,moderate,"{""section"":""S3"",""deterministic_rule"":""floor_of_dimension_medians_with_n_core_median_and_adequate_share_certainty"",""substantive_for_survey_conclusion"":true,""core_median"":2.25,""adequate_share"":1,""raw_token_unique_count"":4,""raw_token_samples"":[{""token"":""CPI_duration"",""count"":1},{""token"":""intrusion_detection_rate_definition"",""count"":1},{""token"":""processing_gain"",""count"":1},{""token"":""processor_clock"",""count"":1}],""contributing_study_ids"":[""STC-SINGLETON-SCR-00387"",""STC-SINGLETON-SCR-00761"",""STC-SINGLETON-SCR-00836"",""STC-SINGLETON-SCR-00980""]}"
S3-communication_error_rate,Metric reporting map: communication / error_rate,FSO|VLC_LiFi|fiber|hybrid_optical|other_optical|photonic_THz,156,3,3,3,2,2,2,1,3,3,high,"{""section"":""S3"",""deterministic_rule"":""floor_of_dimension_medians_with_n_core_median_and_adequate_share_certainty"",""substantive_for_survey_conclusion"":true,""core_median"":2.5,""adequate_share"":0.9872,""raw_token_unique_count"":214,""raw_token_samples"":[{""token"":""BER"",""count"":114},{""token"":""laser_linewidth"",""count"":17},{""token"":""other"",""count"":13},{""token"":""fiber_distance"",""count"":12},{""token"":""fiber_length"",""count"":9},{""token"":""propagation_distance"",""count"":7},{""token"":""BER_threshold"",""count"":5},{""token"":""subcarrier_count"",""count"":5},{""token"":""data_rate"",""count"":4},{""token"":""FEC_BER_threshold"",""count"":4},{""token"":""FEC_threshold"",""count"":4},{""token"":""laser_power"",""count"":4},{""token"":""laser_wavelength"",""count"":4},{""token"":""user_count"",""count"":4},{""token"":""azimuth_correction"",""count"":3},{""token"":""bit_error_rate"",""count"":3},{""token"":""data_subcarriers"",""count"":3},{""token"":""estimated_net_data_rate"",""count"":3},{""token"":""estimated_SNR_difference"",""count"":3},{""token"":""fiber_attenuation"",""count"":3}],""contributing_study_ids"":[""STC-ACO-OFDM-LFM-LIDAR-2025"",""STC-DP-IMDD-THZ-RANGING-2025-2026"",""STC-DSCM-ANN-DT-ECL-2025-2026"",""STC-EADO-OFDM-RANGING-2024-2025"",""STC-ENDOGENOUS-TS-FRFT-DAS-2025"",""STC-ICP-RL-HLLB-3650KM-2024-2025"",""STC-LED-OISAC-2024-2025"",""STC-MMW-OFDM-PENG-2023-2024"",""STC-OCDM-THZ-OVER-FIBER-2024-2025"",""STC-ODDM-PHOTONIC-MMW-2024-2025"",""STC-OPA-OWISAC-BEAMFORMING-2024-2025"",""STC-REALTIME-BIDIR-DMT-THZ-2024-2026"",""STC-SELF-HOMODYNE-MCF-OFDR-2024-2025"",""STC-SEVENCORE-COMB-SH-DAS-2024-2025"",""STC-SF-LFM-OFDM-THZ-2025-2026"",""STC-SINGLETON-SCR-00002"",""STC-SINGLETON-SCR-00007"",""STC-SINGLETON-SCR-00008"",""STC-SINGLETON-SCR-00012"",""STC-SINGLETON-SCR-00013"",""STC-SINGLETON-SCR-00015"",""STC-SINGLETON-SCR-00036"",""STC-SINGLETON-SCR-00052"",""STC-SINGLETON-SCR-00056"",""STC-SINGLETON-SCR-00057"",""STC-SINGLETON-SCR-00091"",""STC-SINGLETON-SCR-00110"",""STC-SINGLETON-SCR-00123"",""STC-SINGLETON-SCR-00151"",""STC-SINGLETON-SCR-00185"",""STC-SINGLETON-SCR-00210"",""STC-SINGLETON-SCR-00233"",""STC-SINGLETON-SCR-00238"",""STC-SINGLETON-SCR-00268"",""STC-SINGLETON-SCR-00274"",""STC-SINGLETON-SCR-00278"",""STC-SINGLETON-SCR-00312"",""STC-SINGLETON-SCR-00344"",""STC-SINGLETON-SCR-00356"",""STC-SINGLETON-SCR-00361"",""STC-SINGLETON-SCR-00366"",""STC-SINGLETON-SCR-00367"",""STC-SINGLETON-SCR-00369"",""STC-SINGLETON-SCR-00376"",""STC-SINGLETON-SCR-00379"",""STC-SINGLETON-SCR-00396"",""STC-SINGLETON-SCR-00406"",""STC-SINGLETON-SCR-00418"",""STC-SINGLETON-SCR-00451"",""STC-SINGLETON-SCR-00456"",""STC-SINGLETON-SCR-00460"",""STC-SINGLETON-SCR-00473"",""STC-SINGLETON-SCR-00492"",""STC-SINGLETON-SCR-00496"",""STC-SINGLETON-SCR-00502"",""STC-SINGLETON-SCR-00506"",""STC-SINGLETON-SCR-00527"",""STC-SINGLETON-SCR-00576"",""STC-SINGLETON-SCR-00589"",""STC-SINGLETON-SCR-00594"",""STC-SINGLETON-SCR-00607"",""STC-SINGLETON-SCR-00626"",""STC-SINGLETON-SCR-00631"",""STC-SINGLETON-SCR-00647"",""STC-SINGLETON-SCR-00665"",""STC-SINGLETON-SCR-00679"",""STC-SINGLETON-SCR-00680"",""STC-SINGLETON-SCR-00719"",""STC-SINGLETON-SCR-00808"",""STC-SINGLETON-SCR-00833"",""STC-SINGLETON-SCR-00836"",""STC-SINGLETON-SCR-00873"",""STC-SINGLETON-SCR-00882"",""STC-SINGLETON-SCR-00884"",""STC-SINGLETON-SCR-00887"",""STC-SINGLETON-SCR-00891"",""STC-SINGLETON-SCR-00893"",""STC-SINGLETON-SCR-00902"",""STC-SINGLETON-SCR-00903"",""STC-SINGLETON-SCR-00904"",""STC-SINGLETON-SCR-00905"",""STC-SINGLETON-SCR-00906"",""STC-SINGLETON-SCR-00909"",""STC-SINGLETON-SCR-00910"",""STC-SINGLETON-SCR-00912"",""STC-SINGLETON-SCR-00913"",""STC-SINGLETON-SCR-00915"",""STC-SINGLETON-SCR-00916"",""STC-SINGLETON-SCR-00917"",""STC-SINGLETON-SCR-00918"",""STC-SINGLETON-SCR-00920"",""STC-SINGLETON-SCR-00922"",""STC-SINGLETON-SCR-00925"",""STC-SINGLETON-SCR-00926"",""STC-SINGLETON-SCR-00937"",""STC-SINGLETON-SCR-00941"",""STC-SINGLETON-SCR-00944"",""STC-SINGLETON-SCR-00949"",""STC-SINGLETON-SCR-00953"",""STC-SINGLETON-SCR-00954"",""STC-SINGLETON-SCR-00959"",""STC-SINGLETON-SCR-00965"",""STC-SINGLETON-SCR-00970"",""STC-SINGLETON-SCR-00974"",""STC-SINGLETON-SCR-00975"",""STC-SINGLETON-SCR-00977"",""STC-SINGLETON-SCR-00979"",""STC-SINGLETON-SCR-00980"",""STC-SINGLETON-SCR-00983"",""STC-SINGLETON-SCR-00985"",""STC-SINGLETON-SCR-00986"",""STC-SINGLETON-SCR-00992"",""STC-SINGLETON-SCR-00994"",""STC-SINGLETON-SCR-00998"",""STC-SINGLETON-SCR-01001"",""STC-SINGLETON-SCR-01004"",""STC-SINGLETON-SCR-01009"",""STC-SINGLETON-SCR-01012"",""STC-SINGLETON-SCR-01018"",""STC-SINGLETON-SCR-01020"",""STC-SINGLETON-SCR-01021"",""STC-SINGLETON-SCR-01023"",""STC-SINGLETON-SCR-01024"",""STC-SINGLETON-SCR-01025"",""STC-SINGLETON-SCR-01028"",""STC-SINGLETON-SCR-01029"",""STC-SINGLETON-SCR-01033"",""STC-SINGLETON-SCR-01034"",""STC-SINGLETON-SCR-01036"",""STC-SINGLETON-SCR-01040"",""STC-SINGLETON-SCR-01050"",""STC-SINGLETON-SCR-01060"",""STC-SINGLETON-SCR-01070"",""STC-SINGLETON-SCR-01071"",""STC-SINGLETON-SCR-01072"",""STC-SINGLETON-SCR-01073"",""STC-SINGLETON-SCR-01079"",""STC-SINGLETON-SCR-01085"",""STC-SINGLETON-SCR-01086"",""STC-SINGLETON-SCR-01088"",""STC-SINGLETON-SCR-01093"",""STC-SINGLETON-SCR-01095"",""STC-SINGLETON-SCR-01101"",""STC-SINGLETON-SCR-01103"",""STC-SINGLETON-SCR-01105"",""STC-SINGLETON-SCR-01151"",""STC-SINGLETON-SCR-01152"",""STC-SINGLETON-SCR-01153"",""STC-SINGLETON-SCR-01165"",""STC-SINGLETON-SCR-01180"",""STC-SINGLETON-SCR-01188"",""STC-SUBCARRIER-CHIRP-DBAND-2025"",""STC-SUBMARINE-CABLE-DAS-HUIZHOU-2022-2026"",""STC-TUNABLE-LASER-THZ-FMCW-2025-2026"",""STC-WBAND-POLARIZATION-JRC-2023-2025"",""STC-WBAND-TFDM-DONG-2022-2024""]}"
S3-communication_estimation_error_bound,Metric reporting map: communication / estimation_error_bound,VLC_LiFi|fiber,2,2,3,3,1,2,1,1,3,2,limited,"{""section"":""S3"",""deterministic_rule"":""floor_of_dimension_medians_with_n_core_median_and_adequate_share_certainty"",""substantive_for_survey_conclusion"":true,""core_median"":2,""adequate_share"":0.5,""raw_token_unique_count"":3,""raw_token_samples"":[{""token"":""other"",""count"":2},{""token"":""converged_channel_NMSE"",""count"":1},{""token"":""target_NMSE"",""count"":1}],""contributing_study_ids"":[""STC-ENDOGENOUS-TS-FRFT-DAS-2025"",""STC-SINGLETON-SCR-01081""]}"
S3-communication_imaging_reconstruction_quality,Metric reporting map: communication / imaging_reconstruction_quality,VLC_LiFi,1,3,3,3,2,2,1,1,3,3,limited,"{""section"":""S3"",""deterministic_rule"":""floor_of_dimension_medians_with_n_core_median_and_adequate_share_certainty"",""substantive_for_survey_conclusion"":true,""core_median"":2.5,""adequate_share"":1,""raw_token_unique_count"":1,""raw_token_samples"":[{""token"":""image_display_time"",""count"":1}],""contributing_study_ids"":[""STC-SINGLETON-SCR-00910""]}"
S3-communication_interference_crosstalk,Metric reporting map: communication / interference_crosstalk,FSO|fiber|other_optical|photonic_THz,5,3,3,3,2,2,2,1,3,3,high,"{""section"":""S3"",""deterministic_rule"":""floor_of_dimension_medians_with_n_core_median_and_adequate_share_certainty"",""substantive_for_survey_conclusion"":true,""core_median"":2.5,""adequate_share"":1,""raw_token_unique_count"":6,""raw_token_samples"":[{""token"":""ACLR"",""count"":2},{""token"":""crosstalk"",""count"":2},{""token"":""inter_beam_crosstalk"",""count"":2},{""token"":""adjacent_crosstalk"",""count"":1},{""token"":""crosstalk_suppression"",""count"":1},{""token"":""other"",""count"":1}],""contributing_study_ids"":[""STC-SINGLETON-SCR-00268"",""STC-SINGLETON-SCR-00356"",""STC-SINGLETON-SCR-00396"",""STC-SINGLETON-SCR-00916"",""STC-SINGLETON-SCR-00965""]}"
S3-communication_latency_complexity,Metric reporting map: communication / latency_complexity,FSO|VLC_LiFi|fiber|hybrid_optical|other_optical|photonic_THz,17,3,3,3,2,2,2,1,3,2,moderate,"{""section"":""S3"",""deterministic_rule"":""floor_of_dimension_medians_with_n_core_median_and_adequate_share_certainty"",""substantive_for_survey_conclusion"":true,""core_median"":2,""adequate_share"":1,""raw_token_unique_count"":21,""raw_token_samples"":[{""token"":""latency"",""count"":3},{""token"":""other"",""count"":3},{""token"":""RMS_delay_spread"",""count"":2},{""token"":""algorithm_convergence"",""count"":1},{""token"":""convergence_tolerance"",""count"":1},{""token"":""delay_dimension_symbols"",""count"":1},{""token"":""display_delay"",""count"":1},{""token"":""end_to_end_latency"",""count"":1},{""token"":""FTTR_latency"",""count"":1},{""token"":""input_size_latency_change"",""count"":1},{""token"":""inventory_waiting_time"",""count"":1},{""token"":""joint_cycle_latency"",""count"":1},{""token"":""latency_and_memory"",""count"":1},{""token"":""maximum_subtask_latency"",""count"":1},{""token"":""outer_convergence_iterations"",""count"":1},{""token"":""phase_decryption_delay_mismatch"",""count"":1},{""token"":""relative_time_delay"",""count"":1},{""token"":""self_delay"",""count"":1},{""token"":""time_division_cycle_latency"",""count"":1},{""token"":""training_runtime"",""count"":1}],""contributing_study_ids"":[""STC-ENDOGENOUS-TS-FRFT-DAS-2025"",""STC-ODDM-PHOTONIC-MMW-2024-2025"",""STC-SELF-HOMODYNE-MCF-OFDR-2024-2025"",""STC-SINGLETON-SCR-00009"",""STC-SINGLETON-SCR-00185"",""STC-SINGLETON-SCR-00273"",""STC-SINGLETON-SCR-00407"",""STC-SINGLETON-SCR-00496"",""STC-SINGLETON-SCR-00833"",""STC-SINGLETON-SCR-00903"",""STC-SINGLETON-SCR-00906"",""STC-SINGLETON-SCR-00910"",""STC-SINGLETON-SCR-00926"",""STC-SINGLETON-SCR-00941"",""STC-SINGLETON-SCR-00949"",""STC-SINGLETON-SCR-01059"",""STC-SINGLETON-SCR-01105""]}"
S3-communication_other_communication_metric,Metric reporting map: communication / other_communication_metric (mixed/unclassified; non-substantive),hybrid_optical|photonic_THz,2,2,1,2,2,2,1,1,2,2,unclear,"{""section"":""S3"",""deterministic_rule"":""mixed_unclassified_fallback_not_eligible_for_substantive_survey_certainty_conclusion"",""substantive_for_survey_conclusion"":false,""core_median"":2,""adequate_share"":1,""raw_token_unique_count"":2,""raw_token_samples"":[{""token"":""other"",""count"":1},{""token"":""resource_utilization"",""count"":1}],""contributing_study_ids"":[""STC-SINGLETON-SCR-00189"",""STC-SINGLETON-SCR-00436""]}"
S3-communication_physical_quantity_estimation,Metric reporting map: communication / physical_quantity_estimation,FSO|VLC_LiFi|fiber|photonic_THz,11,3,3,3,2,2,2,1,3,2,high,"{""section"":""S3"",""deterministic_rule"":""floor_of_dimension_medians_with_n_core_median_and_adequate_share_certainty"",""substantive_for_survey_conclusion"":true,""core_median"":2.5,""adequate_share"":1,""raw_token_unique_count"":12,""raw_token_samples"":[{""token"":""refractive_index_structure_parameter"",""count"":3},{""token"":""extinction_ratio"",""count"":2},{""token"":""communication_degradation"",""count"":1},{""token"":""feasible_CSPR_interval"",""count"":1},{""token"":""high_vibration_operational_limit"",""count"":1},{""token"":""nonlinear_refractive_index"",""count"":1},{""token"":""optical_element_parameters"",""count"":1},{""token"":""optical_input_domain"",""count"":1},{""token"":""other"",""count"":1},{""token"":""refractive_index"",""count"":1},{""token"":""refractive_index_structure_constant"",""count"":1},{""token"":""scintillation_index_parameter"",""count"":1}],""contributing_study_ids"":[""STC-ACO-OFDM-LFM-LIDAR-2025"",""STC-EADO-OFDM-RANGING-2024-2025"",""STC-SINGLETON-SCR-00123"",""STC-SINGLETON-SCR-00492"",""STC-SINGLETON-SCR-00589"",""STC-SINGLETON-SCR-00607"",""STC-SINGLETON-SCR-00626"",""STC-SINGLETON-SCR-00908"",""STC-SINGLETON-SCR-00925"",""STC-SINGLETON-SCR-00926"",""STC-SINGLETON-SCR-00953""]}"
S3-communication_power_energy_device_response,Metric reporting map: communication / power_energy_device_response,FSO|VLC_LiFi|fiber|hybrid_optical|photonic_THz,85,3,3,3,2,2,2,1,3,3,high,"{""section"":""S3"",""deterministic_rule"":""floor_of_dimension_medians_with_n_core_median_and_adequate_share_certainty"",""substantive_for_survey_conclusion"":true,""core_median"":2.5,""adequate_share"":1,""raw_token_unique_count"":118,""raw_token_samples"":[{""token"":""other"",""count"":15},{""token"":""link_budget"",""count"":7},{""token"":""power_penalty"",""count"":5},{""token"":""received_optical_power"",""count"":5},{""token"":""average_received_power"",""count"":4},{""token"":""optimal_launch_power"",""count"":4},{""token"":""received_power_improvement"",""count"":3},{""token"":""transmit_power"",""count"":3},{""token"":""AWG_voltage"",""count"":2},{""token"":""carrier_to_signal_power_ratio"",""count"":2},{""token"":""drive_voltage"",""count"":2},{""token"":""input_optical_power"",""count"":2},{""token"":""launch_power_sweep"",""count"":2},{""token"":""main_channel_power"",""count"":2},{""token"":""maximum_Stokes_power"",""count"":2},{""token"":""peak_to_peak_voltage"",""count"":2},{""token"":""photodetector_responsivity"",""count"":2},{""token"":""resource_allocation"",""count"":2},{""token"":""total_transmitted_power"",""count"":2},{""token"":""amplifier_noise_figure"",""count"":1}],""contributing_study_ids"":[""STC-DSCM-ANN-DT-ECL-2025-2026"",""STC-EADO-OFDM-RANGING-2024-2025"",""STC-ICP-RL-HLLB-3650KM-2024-2025"",""STC-MULTICHANNEL-LFM-QAM-THZ-2024-2026"",""STC-OCDM-THZ-OVER-FIBER-2024-2025"",""STC-ODDM-PHOTONIC-MMW-2024-2025"",""STC-OPA-OWISAC-BEAMFORMING-2024-2025"",""STC-SELF-HOMODYNE-MCF-OFDR-2024-2025"",""STC-SF-LFM-OFDM-THZ-2025-2026"",""STC-SINGLETON-SCR-00001"",""STC-SINGLETON-SCR-00009"",""STC-SINGLETON-SCR-00013"",""STC-SINGLETON-SCR-00015"",""STC-SINGLETON-SCR-00038"",""STC-SINGLETON-SCR-00056"",""STC-SINGLETON-SCR-00057"",""STC-SINGLETON-SCR-00151"",""STC-SINGLETON-SCR-00160"",""STC-SINGLETON-SCR-00238"",""STC-SINGLETON-SCR-00277"",""STC-SINGLETON-SCR-00294"",""STC-SINGLETON-SCR-00369"",""STC-SINGLETON-SCR-00376"",""STC-SINGLETON-SCR-00396"",""STC-SINGLETON-SCR-00407"",""STC-SINGLETON-SCR-00451"",""STC-SINGLETON-SCR-00456"",""STC-SINGLETON-SCR-00473"",""STC-SINGLETON-SCR-00502"",""STC-SINGLETON-SCR-00576"",""STC-SINGLETON-SCR-00594"",""STC-SINGLETON-SCR-00626"",""STC-SINGLETON-SCR-00631"",""STC-SINGLETON-SCR-00647"",""STC-SINGLETON-SCR-00679"",""STC-SINGLETON-SCR-00836"",""STC-SINGLETON-SCR-00873"",""STC-SINGLETON-SCR-00882"",""STC-SINGLETON-SCR-00884"",""STC-SINGLETON-SCR-00887"",""STC-SINGLETON-SCR-00891"",""STC-SINGLETON-SCR-00908"",""STC-SINGLETON-SCR-00912"",""STC-SINGLETON-SCR-00917"",""STC-SINGLETON-SCR-00919"",""STC-SINGLETON-SCR-00920"",""STC-SINGLETON-SCR-00922"",""STC-SINGLETON-SCR-00925"",""STC-SINGLETON-SCR-00926"",""STC-SINGLETON-SCR-00943"",""STC-SINGLETON-SCR-00949"",""STC-SINGLETON-SCR-00953"",""STC-SINGLETON-SCR-00965"",""STC-SINGLETON-SCR-00970"",""STC-SINGLETON-SCR-00974"",""STC-SINGLETON-SCR-00980"",""STC-SINGLETON-SCR-00985"",""STC-SINGLETON-SCR-00986"",""STC-SINGLETON-SCR-00990"",""STC-SINGLETON-SCR-00992"",""STC-SINGLETON-SCR-01004"",""STC-SINGLETON-SCR-01009"",""STC-SINGLETON-SCR-01010"",""STC-SINGLETON-SCR-01011"",""STC-SINGLETON-SCR-01012"",""STC-SINGLETON-SCR-01025"",""STC-SINGLETON-SCR-01030"",""STC-SINGLETON-SCR-01034"",""STC-SINGLETON-SCR-01036"",""STC-SINGLETON-SCR-01050"",""STC-SINGLETON-SCR-01059"",""STC-SINGLETON-SCR-01070"",""STC-SINGLETON-SCR-01071"",""STC-SINGLETON-SCR-01072"",""STC-SINGLETON-SCR-01073"",""STC-SINGLETON-SCR-01079"",""STC-SINGLETON-SCR-01085"",""STC-SINGLETON-SCR-01093"",""STC-SINGLETON-SCR-01103"",""STC-SINGLETON-SCR-01105"",""STC-SINGLETON-SCR-01152"",""STC-SINGLETON-SCR-01153"",""STC-SINGLETON-SCR-01165"",""STC-SINGLETON-SCR-01180"",""STC-WBAND-TFDM-DONG-2022-2024""]}"
S3-communication_received_signal_quality,Metric reporting map: communication / received_signal_quality,FSO|VLC_LiFi|fiber|hybrid_optical|other_optical|photonic_THz,32,3,3,3,2,2,2,1,3,3,moderate,"{""section"":""S3"",""deterministic_rule"":""floor_of_dimension_medians_with_n_core_median_and_adequate_share_certainty"",""substantive_for_survey_conclusion"":true,""core_median"":2.25,""adequate_share"":1,""raw_token_unique_count"":40,""raw_token_samples"":[{""token"":""EVM"",""count"":47},{""token"":""NGMI"",""count"":3},{""token"":""Q_factor"",""count"":3},{""token"":""error_vector_magnitude"",""count"":2},{""token"":""evm"",""count"":2},{""token"":""evm_limit"",""count"":2},{""token"":""FEC_threshold"",""count"":2},{""token"":""GMI_reduction"",""count"":2},{""token"":""NGMI_penalty"",""count"":2},{""token"":""NGMI_threshold"",""count"":2},{""token"":""Q_factor_dB"",""count"":2},{""token"":""ROP_threshold"",""count"":2},{""token"":""bandwidth_limit"",""count"":1},{""token"":""best_overlap_EVM"",""count"":1},{""token"":""carrier_frequency_EVM_window"",""count"":1},{""token"":""coexistence_EVM_penalty"",""count"":1},{""token"":""constellation_test_power"",""count"":1},{""token"":""Doppler_frequency_offset_tolerance"",""count"":1},{""token"":""EVM_degradation"",""count"":1},{""token"":""EVM_endpoints"",""count"":1}],""contributing_study_ids"":[""STC-DP-IMDD-THZ-RANGING-2025-2026"",""STC-SINGLETON-SCR-00086"",""STC-SINGLETON-SCR-00268"",""STC-SINGLETON-SCR-00362"",""STC-SINGLETON-SCR-00396"",""STC-SINGLETON-SCR-00406"",""STC-SINGLETON-SCR-00502"",""STC-SINGLETON-SCR-00589"",""STC-SINGLETON-SCR-00602"",""STC-SINGLETON-SCR-00680"",""STC-SINGLETON-SCR-00719"",""STC-SINGLETON-SCR-00808"",""STC-SINGLETON-SCR-00884"",""STC-SINGLETON-SCR-00891"",""STC-SINGLETON-SCR-00896"",""STC-SINGLETON-SCR-00905"",""STC-SINGLETON-SCR-00918"",""STC-SINGLETON-SCR-00944"",""STC-SINGLETON-SCR-00965"",""STC-SINGLETON-SCR-00974"",""STC-SINGLETON-SCR-00983"",""STC-SINGLETON-SCR-00990"",""STC-SINGLETON-SCR-00994"",""STC-SINGLETON-SCR-01000"",""STC-SINGLETON-SCR-01010"",""STC-SINGLETON-SCR-01020"",""STC-SINGLETON-SCR-01023"",""STC-SINGLETON-SCR-01040"",""STC-SINGLETON-SCR-01070"",""STC-SINGLETON-SCR-01071"",""STC-SINGLETON-SCR-01095"",""STC-SINGLETON-SCR-01180""]}"
S3-communication_reliability_outage,Metric reporting map: communication / reliability_outage,FSO|hybrid_optical,2,2,3,2,2,2,2,1,2,2,limited,"{""section"":""S3"",""deterministic_rule"":""floor_of_dimension_medians_with_n_core_median_and_adequate_share_certainty"",""substantive_for_survey_conclusion"":true,""core_median"":2,""adequate_share"":1,""raw_token_unique_count"":3,""raw_token_samples"":[{""token"":""benchmark_outage_boundary"",""count"":1},{""token"":""P2_outage_boundary"",""count"":1},{""token"":""subband_outage_probabilities"",""count"":1}],""contributing_study_ids"":[""STC-SINGLETON-SCR-01011"",""STC-SINGLETON-SCR-01029""]}"
S3-communication_security_resilience,Metric reporting map: communication / security_resilience,FSO|fiber|photonic_THz,3,2,3,3,2,2,2,1,3,3,moderate,"{""section"":""S3"",""deterministic_rule"":""floor_of_dimension_medians_with_n_core_median_and_adequate_share_certainty"",""substantive_for_survey_conclusion"":true,""core_median"":2,""adequate_share"":1,""raw_token_unique_count"":3,""raw_token_samples"":[{""token"":""security_window"",""count"":4},{""token"":""secret_key_rate"",""count"":3},{""token"":""monte_carlo_trials"",""count"":1}],""contributing_study_ids"":[""STC-SINGLETON-SCR-00387"",""STC-SINGLETON-SCR-00607"",""STC-SINGLETON-SCR-00977""]}"
S3-communication_sensing_resolution,Metric reporting map: communication / sensing_resolution,photonic_THz,3,3,3,3,2,2,2,1,3,3,moderate,"{""section"":""S3"",""deterministic_rule"":""floor_of_dimension_medians_with_n_core_median_and_adequate_share_certainty"",""substantive_for_survey_conclusion"":true,""core_median"":2.5,""adequate_share"":1,""raw_token_unique_count"":3,""raw_token_samples"":[{""token"":""beam_steering_resolution"",""count"":2},{""token"":""DIRQ"",""count"":2},{""token"":""IRQ"",""count"":1}],""contributing_study_ids"":[""STC-SF-LFM-OFDM-THZ-2025-2026"",""STC-SINGLETON-SCR-00362"",""STC-SUBCARRIER-CHIRP-DBAND-2025""]}"
S3-communication_sensing_task_output_or_configuration,Metric reporting map: communication / sensing_task_output_or_configuration,FSO|VLC_LiFi|fiber|hybrid_optical|other_optical|photonic_THz,27,3,3,3,2,2,2,1,3,3,high,"{""section"":""S3"",""deterministic_rule"":""floor_of_dimension_medians_with_n_core_median_and_adequate_share_certainty"",""substantive_for_survey_conclusion"":true,""core_median"":2.5,""adequate_share"":0.963,""raw_token_unique_count"":38,""raw_token_samples"":[{""token"":""beam_divergence"",""count"":2},{""token"":""target_light_fraction"",""count"":2},{""token"":""antenna_spacing"",""count"":1},{""token"":""communication_beam_angles"",""count"":1},{""token"":""communication_rate_penalty"",""count"":1},{""token"":""communication_sensing_channel_counts"",""count"":1},{""token"":""desired_angle"",""count"":1},{""token"":""FDM_joint_waveform"",""count"":1},{""token"":""incline_angle"",""count"":1},{""token"":""initial_angle"",""count"":1},{""token"":""leader_speed_sweep"",""count"":1},{""token"":""leader_velocity"",""count"":1},{""token"":""maximum_angles"",""count"":1},{""token"":""monitoring_duration"",""count"":1},{""token"":""mutual_information_at_sensing_optimum"",""count"":1},{""token"":""NDR_estimation_gap_percent"",""count"":1},{""token"":""noise_variance"",""count"":1},{""token"":""optical_angles"",""count"":1},{""token"":""optimal_phase_separation"",""count"":1},{""token"":""packet_loss_rate"",""count"":1}],""contributing_study_ids"":[""STC-EADO-OFDM-RANGING-2024-2025"",""STC-LED-OISAC-2024-2025"",""STC-OPA-OWISAC-BEAMFORMING-2024-2025"",""STC-SF-LFM-OFDM-THZ-2025-2026"",""STC-SINGLETON-SCR-00361"",""STC-SINGLETON-SCR-00369"",""STC-SINGLETON-SCR-00502"",""STC-SINGLETON-SCR-00589"",""STC-SINGLETON-SCR-00730"",""STC-SINGLETON-SCR-00836"",""STC-SINGLETON-SCR-00896"",""STC-SINGLETON-SCR-00906"",""STC-SINGLETON-SCR-00908"",""STC-SINGLETON-SCR-00910"",""STC-SINGLETON-SCR-00916"",""STC-SINGLETON-SCR-00925"",""STC-SINGLETON-SCR-00926"",""STC-SINGLETON-SCR-00944"",""STC-SINGLETON-SCR-00953"",""STC-SINGLETON-SCR-01001"",""STC-SINGLETON-SCR-01004"",""STC-SINGLETON-SCR-01034"",""STC-SINGLETON-SCR-01049"",""STC-SINGLETON-SCR-01059"",""STC-SINGLETON-SCR-01079"",""STC-SINGLETON-SCR-01086"",""STC-SUBMARINE-CABLE-DAS-HUIZHOU-2022-2026""]}"
S3-communication_sensitivity_detection_limit,Metric reporting map: communication / sensitivity_detection_limit,photonic_THz,7,3,3,3,2,2,2,1,3,3,high,"{""section"":""S3"",""deterministic_rule"":""floor_of_dimension_medians_with_n_core_median_and_adequate_share_certainty"",""substantive_for_survey_conclusion"":true,""core_median"":2.5,""adequate_share"":1,""raw_token_unique_count"":4,""raw_token_samples"":[{""token"":""receiver_sensitivity_gain"",""count"":7},{""token"":""IOP_sensitivity_improvement"",""count"":2},{""token"":""optical_sensitivity_gain"",""count"":1},{""token"":""receiving_sensitivity_improvement"",""count"":1}],""contributing_study_ids"":[""STC-MMW-OFDM-PENG-2023-2024"",""STC-ODDM-PHOTONIC-MMW-2024-2025"",""STC-SINGLETON-SCR-00808"",""STC-SINGLETON-SCR-00891"",""STC-SINGLETON-SCR-00998"",""STC-SINGLETON-SCR-01004"",""STC-SINGLETON-SCR-01018""]}"
S3-communication_spectral_efficiency,Metric reporting map: communication / spectral_efficiency,fiber|other_optical|photonic_THz,8,3,3,3,2,2,2,1,3,3,moderate,"{""section"":""S3"",""deterministic_rule"":""floor_of_dimension_medians_with_n_core_median_and_adequate_share_certainty"",""substantive_for_survey_conclusion"":true,""core_median"":2.25,""adequate_share"":1,""raw_token_unique_count"":2,""raw_token_samples"":[{""token"":""spectral_efficiency"",""count"":7},{""token"":""spectral_efficiency_loss"",""count"":1}],""contributing_study_ids"":[""STC-DP-IMDD-THZ-RANGING-2025-2026"",""STC-SINGLETON-SCR-00007"",""STC-SINGLETON-SCR-00013"",""STC-SINGLETON-SCR-00268"",""STC-SINGLETON-SCR-00274"",""STC-SINGLETON-SCR-00312"",""STC-SINGLETON-SCR-00344"",""STC-SINGLETON-SCR-00891""]}"
S3-communication_system_configuration_or_input_parameter,Metric reporting map: communication / system_configuration_or_input_parameter,FSO|VLC_LiFi|fiber|hybrid_optical|other_optical|photonic_THz,84,3,3,3,2,2,2,1,3,3,high,"{""section"":""S3"",""deterministic_rule"":""floor_of_dimension_medians_with_n_core_median_and_adequate_share_certainty"",""substantive_for_survey_conclusion"":true,""core_median"":2.5,""adequate_share"":0.9643,""raw_token_unique_count"":133,""raw_token_samples"":[{""token"":""other"",""count"":6},{""token"":""clipping_ratio"",""count"":5},{""token"":""FFT_size"",""count"":5},{""token"":""IFFT_size"",""count"":5},{""token"":""PRBS_length"",""count"":5},{""token"":""MAC_operations"",""count"":4},{""token"":""Brillouin_threshold"",""count"":3},{""token"":""pulse_duration"",""count"":3},{""token"":""upsampling_ratio"",""count"":3},{""token"":""block_size"",""count"":2},{""token"":""channel_spacing"",""count"":2},{""token"":""feasible_CSPR_width"",""count"":2},{""token"":""FEC_overhead"",""count"":2},{""token"":""FEC_threshold"",""count"":2},{""token"":""frame_duration"",""count"":2},{""token"":""Fresnel_focal_length"",""count"":2},{""token"":""room_dimensions"",""count"":2},{""token"":""SD_FEC_threshold"",""count"":2},{""token"":""sweep_period"",""count"":2},{""token"":""symbol_count"",""count"":2}],""contributing_study_ids"":[""STC-DSCM-ANN-DT-ECL-2025-2026"",""STC-EADO-OFDM-RANGING-2024-2025"",""STC-ENDOGENOUS-TS-FRFT-DAS-2025"",""STC-ICP-RL-HLLB-3650KM-2024-2025"",""STC-LED-OISAC-2024-2025"",""STC-MULTICHANNEL-LFM-QAM-THZ-2024-2026"",""STC-OCDM-THZ-OVER-FIBER-2024-2025"",""STC-SELF-HOMODYNE-MCF-OFDR-2024-2025"",""STC-SF-LFM-OFDM-THZ-2025-2026"",""STC-SINGLETON-SCR-00086"",""STC-SINGLETON-SCR-00160"",""STC-SINGLETON-SCR-00238"",""STC-SINGLETON-SCR-00362"",""STC-SINGLETON-SCR-00366"",""STC-SINGLETON-SCR-00369"",""STC-SINGLETON-SCR-00396"",""STC-SINGLETON-SCR-00492"",""STC-SINGLETON-SCR-00496"",""STC-SINGLETON-SCR-00502"",""STC-SINGLETON-SCR-00602"",""STC-SINGLETON-SCR-00607"",""STC-SINGLETON-SCR-00626"",""STC-SINGLETON-SCR-00647"",""STC-SINGLETON-SCR-00719"",""STC-SINGLETON-SCR-00730"",""STC-SINGLETON-SCR-00808"",""STC-SINGLETON-SCR-00882"",""STC-SINGLETON-SCR-00885"",""STC-SINGLETON-SCR-00891"",""STC-SINGLETON-SCR-00902"",""STC-SINGLETON-SCR-00904"",""STC-SINGLETON-SCR-00905"",""STC-SINGLETON-SCR-00906"",""STC-SINGLETON-SCR-00908"",""STC-SINGLETON-SCR-00909"",""STC-SINGLETON-SCR-00910"",""STC-SINGLETON-SCR-00912"",""STC-SINGLETON-SCR-00915"",""STC-SINGLETON-SCR-00916"",""STC-SINGLETON-SCR-00917"",""STC-SINGLETON-SCR-00918"",""STC-SINGLETON-SCR-00919"",""STC-SINGLETON-SCR-00920"",""STC-SINGLETON-SCR-00922"",""STC-SINGLETON-SCR-00925"",""STC-SINGLETON-SCR-00926"",""STC-SINGLETON-SCR-00943"",""STC-SINGLETON-SCR-00949"",""STC-SINGLETON-SCR-00953"",""STC-SINGLETON-SCR-00954"",""STC-SINGLETON-SCR-00965"",""STC-SINGLETON-SCR-00970"",""STC-SINGLETON-SCR-00974"",""STC-SINGLETON-SCR-00975"",""STC-SINGLETON-SCR-00977"",""STC-SINGLETON-SCR-00979"",""STC-SINGLETON-SCR-00986"",""STC-SINGLETON-SCR-00990"",""STC-SINGLETON-SCR-01004"",""STC-SINGLETON-SCR-01020"",""STC-SINGLETON-SCR-01021"",""STC-SINGLETON-SCR-01025"",""STC-SINGLETON-SCR-01029"",""STC-SINGLETON-SCR-01034"",""STC-SINGLETON-SCR-01036"",""STC-SINGLETON-SCR-01059"",""STC-SINGLETON-SCR-01060"",""STC-SINGLETON-SCR-01070"",""STC-SINGLETON-SCR-01072"",""STC-SINGLETON-SCR-01073"",""STC-SINGLETON-SCR-01079"",""STC-SINGLETON-SCR-01081"",""STC-SINGLETON-SCR-01085"",""STC-SINGLETON-SCR-01093"",""STC-SINGLETON-SCR-01101"",""STC-SINGLETON-SCR-01151"",""STC-SINGLETON-SCR-01152"",""STC-SINGLETON-SCR-01153"",""STC-SINGLETON-SCR-01165"",""STC-SINGLETON-SCR-01180"",""STC-SINGLETON-SCR-01188"",""STC-TUNABLE-LASER-THZ-FMCW-2025-2026"",""STC-WBAND-POLARIZATION-JRC-2023-2025"",""STC-WBAND-TFDM-DONG-2022-2024""]}"
S3-communication_throughput_rate_capacity,Metric reporting map: communication / throughput_rate_capacity,FSO|VLC_LiFi|fiber|hybrid_optical|other_optical|photonic_THz,145,3,3,3,2,2,2,1,3,3,high,"{""section"":""S3"",""deterministic_rule"":""floor_of_dimension_medians_with_n_core_median_and_adequate_share_certainty"",""substantive_for_survey_conclusion"":true,""core_median"":2.5,""adequate_share"":0.9862,""raw_token_unique_count"":88,""raw_token_samples"":[{""token"":""data_rate"",""count"":123},{""token"":""symbol_rate"",""count"":24},{""token"":""net_data_rate"",""count"":7},{""token"":""gross_data_rate"",""count"":5},{""token"":""baud_rate"",""count"":4},{""token"":""EVM"",""count"":4},{""token"":""line_rate"",""count"":4},{""token"":""maximum_data_rate"",""count"":4},{""token"":""data_rate_range"",""count"":3},{""token"":""net_bitrate"",""count"":3},{""token"":""other"",""count"":3},{""token"":""aggregate_data_rate"",""count"":2},{""token"":""baseline_data_rate"",""count"":2},{""token"":""binary_symbol_capacity"",""count"":2},{""token"":""capacity_resolution_quotient"",""count"":2},{""token"":""gross_net_data_rate"",""count"":2},{""token"":""OFDM_frame_parameters"",""count"":2},{""token"":""peak_to_noise_ratio"",""count"":2},{""token"":""reported_data_rate"",""count"":2},{""token"":""ROP_at_HD_FEC"",""count"":2}],""contributing_study_ids"":[""STC-DP-IMDD-THZ-RANGING-2025-2026"",""STC-DSCM-ANN-DT-ECL-2025-2026"",""STC-ENDOGENOUS-TS-FRFT-DAS-2025"",""STC-FRDM-POLARIZATION-SENSING-2025-2026"",""STC-ICP-RL-HLLB-3650KM-2024-2025"",""STC-III-NITRIDE-MOTION-VLC-2023"",""STC-MMW-OFDM-PENG-2023-2024"",""STC-MULTICHANNEL-LFM-QAM-THZ-2024-2026"",""STC-OCDM-THZ-OVER-FIBER-2024-2025"",""STC-ODDM-PHOTONIC-MMW-2024-2025"",""STC-REALTIME-BIDIR-DMT-THZ-2024-2026"",""STC-SELF-HOMODYNE-MCF-OFDR-2024-2025"",""STC-SEVENCORE-COMB-SH-DAS-2024-2025"",""STC-SF-LFM-OFDM-THZ-2025-2026"",""STC-SINGLETON-SCR-00002"",""STC-SINGLETON-SCR-00008"",""STC-SINGLETON-SCR-00011"",""STC-SINGLETON-SCR-00012"",""STC-SINGLETON-SCR-00013"",""STC-SINGLETON-SCR-00015"",""STC-SINGLETON-SCR-00036"",""STC-SINGLETON-SCR-00038"",""STC-SINGLETON-SCR-00052"",""STC-SINGLETON-SCR-00056"",""STC-SINGLETON-SCR-00057"",""STC-SINGLETON-SCR-00086"",""STC-SINGLETON-SCR-00091"",""STC-SINGLETON-SCR-00110"",""STC-SINGLETON-SCR-00123"",""STC-SINGLETON-SCR-00151"",""STC-SINGLETON-SCR-00160"",""STC-SINGLETON-SCR-00177"",""STC-SINGLETON-SCR-00185"",""STC-SINGLETON-SCR-00196"",""STC-SINGLETON-SCR-00268"",""STC-SINGLETON-SCR-00277"",""STC-SINGLETON-SCR-00278"",""STC-SINGLETON-SCR-00294"",""STC-SINGLETON-SCR-00312"",""STC-SINGLETON-SCR-00344"",""STC-SINGLETON-SCR-00356"",""STC-SINGLETON-SCR-00361"",""STC-SINGLETON-SCR-00362"",""STC-SINGLETON-SCR-00367"",""STC-SINGLETON-SCR-00369"",""STC-SINGLETON-SCR-00376"",""STC-SINGLETON-SCR-00379"",""STC-SINGLETON-SCR-00387"",""STC-SINGLETON-SCR-00396"",""STC-SINGLETON-SCR-00406"",""STC-SINGLETON-SCR-00418"",""STC-SINGLETON-SCR-00451"",""STC-SINGLETON-SCR-00456"",""STC-SINGLETON-SCR-00460"",""STC-SINGLETON-SCR-00473"",""STC-SINGLETON-SCR-00492"",""STC-SINGLETON-SCR-00496"",""STC-SINGLETON-SCR-00502"",""STC-SINGLETON-SCR-00527"",""STC-SINGLETON-SCR-00576"",""STC-SINGLETON-SCR-00589"",""STC-SINGLETON-SCR-00594"",""STC-SINGLETON-SCR-00607"",""STC-SINGLETON-SCR-00626"",""STC-SINGLETON-SCR-00631"",""STC-SINGLETON-SCR-00647"",""STC-SINGLETON-SCR-00665"",""STC-SINGLETON-SCR-00680"",""STC-SINGLETON-SCR-00719"",""STC-SINGLETON-SCR-00730"",""STC-SINGLETON-SCR-00808"",""STC-SINGLETON-SCR-00833"",""STC-SINGLETON-SCR-00873"",""STC-SINGLETON-SCR-00884"",""STC-SINGLETON-SCR-00885"",""STC-SINGLETON-SCR-00887"",""STC-SINGLETON-SCR-00891"",""STC-SINGLETON-SCR-00893"",""STC-SINGLETON-SCR-00896"",""STC-SINGLETON-SCR-00908"",""STC-SINGLETON-SCR-00909"",""STC-SINGLETON-SCR-00912"",""STC-SINGLETON-SCR-00916"",""STC-SINGLETON-SCR-00918"",""STC-SINGLETON-SCR-00919"",""STC-SINGLETON-SCR-00920"",""STC-SINGLETON-SCR-00922"",""STC-SINGLETON-SCR-00926"",""STC-SINGLETON-SCR-00937"",""STC-SINGLETON-SCR-00943"",""STC-SINGLETON-SCR-00944"",""STC-SINGLETON-SCR-00949"",""STC-SINGLETON-SCR-00953"",""STC-SINGLETON-SCR-00954"",""STC-SINGLETON-SCR-00965"",""STC-SINGLETON-SCR-00970"",""STC-SINGLETON-SCR-00974"",""STC-SINGLETON-SCR-00975"",""STC-SINGLETON-SCR-00977"",""STC-SINGLETON-SCR-00979"",""STC-SINGLETON-SCR-00983"",""STC-SINGLETON-SCR-00985"",""STC-SINGLETON-SCR-00986"",""STC-SINGLETON-SCR-00990"",""STC-SINGLETON-SCR-00992"",""STC-SINGLETON-SCR-00994"",""STC-SINGLETON-SCR-00996"",""STC-SINGLETON-SCR-00998"",""STC-SINGLETON-SCR-01000"",""STC-SINGLETON-SCR-01001"",""STC-SINGLETON-SCR-01004"",""STC-SINGLETON-SCR-01009"",""STC-SINGLETON-SCR-01010"",""STC-SINGLETON-SCR-01012"",""STC-SINGLETON-SCR-01018"",""STC-SINGLETON-SCR-01021"",""STC-SINGLETON-SCR-01025"",""STC-SINGLETON-SCR-01029"",""STC-SINGLETON-SCR-01032"",""STC-SINGLETON-SCR-01033"",""STC-SINGLETON-SCR-01034"",""STC-SINGLETON-SCR-01036"",""STC-SINGLETON-SCR-01041"",""STC-SINGLETON-SCR-01047"",""STC-SINGLETON-SCR-01049"",""STC-SINGLETON-SCR-01070"",""STC-SINGLETON-SCR-01071"",""STC-SINGLETON-SCR-01072"",""STC-SINGLETON-SCR-01073"",""STC-SINGLETON-SCR-01079"",""STC-SINGLETON-SCR-01085"",""STC-SINGLETON-SCR-01086"",""STC-SINGLETON-SCR-01101"",""STC-SINGLETON-SCR-01105"",""STC-SINGLETON-SCR-01151"",""STC-SINGLETON-SCR-01152"",""STC-SINGLETON-SCR-01153"",""STC-SINGLETON-SCR-01165"",""STC-SINGLETON-SCR-01180"",""STC-SINGLETON-SCR-01188"",""STC-SINGLETON-SCR-01229"",""STC-SUBCARRIER-CHIRP-DBAND-2025"",""STC-TUNABLE-LASER-THZ-FMCW-2025-2026"",""STC-WBAND-POLARIZATION-JRC-2023-2025"",""STC-WBAND-TFDM-DONG-2022-2024""]}"
S3-sensing_angle_position_localization,Metric reporting map: sensing / angle_position_localization,FSO|VLC_LiFi|fiber|other_optical|photonic_THz,30,2,3,3,2,2,2,1,3,2,moderate,"{""section"":""S3"",""deterministic_rule"":""floor_of_dimension_medians_with_n_core_median_and_adequate_share_certainty"",""substantive_for_survey_conclusion"":true,""core_median"":2,""adequate_share"":0.8667,""raw_token_unique_count"":37,""raw_token_samples"":[{""token"":""localization_error"",""count"":21},{""token"":""resolution"",""count"":5},{""token"":""localization_RMSE"",""count"":4},{""token"":""position_RMSE"",""count"":3},{""token"":""positioning_error_90pct"",""count"":3},{""token"":""best_epsilon90"",""count"":2},{""token"":""centralized_MTL_positioning_error"",""count"":2},{""token"":""coordinate_error_reduction"",""count"":2},{""token"":""maximum_localization_error"",""count"":2},{""token"":""mean_localization_error"",""count"":2},{""token"":""aggregate_coordinate_error"",""count"":1},{""token"":""beam_orientation_count"",""count"":1},{""token"":""comprehensive_localization_error"",""count"":1},{""token"":""converged_positioning_error"",""count"":1},{""token"":""error_direction_angle"",""count"":1},{""token"":""estimation_error"",""count"":1},{""token"":""localization_error_90pct"",""count"":1},{""token"":""localization_standard_deviation"",""count"":1},{""token"":""localized_vibration_position"",""count"":1},{""token"":""loss_localization_error"",""count"":1}],""contributing_study_ids"":[""STC-FRDM-POLARIZATION-SENSING-2025-2026"",""STC-LED-OISAC-2024-2025"",""STC-SINGLETON-SCR-00012"",""STC-SINGLETON-SCR-00015"",""STC-SINGLETON-SCR-00056"",""STC-SINGLETON-SCR-00196"",""STC-SINGLETON-SCR-00238"",""STC-SINGLETON-SCR-00268"",""STC-SINGLETON-SCR-00278"",""STC-SINGLETON-SCR-00369"",""STC-SINGLETON-SCR-00488"",""STC-SINGLETON-SCR-00506"",""STC-SINGLETON-SCR-00527"",""STC-SINGLETON-SCR-00557"",""STC-SINGLETON-SCR-00589"",""STC-SINGLETON-SCR-00680"",""STC-SINGLETON-SCR-00905"",""STC-SINGLETON-SCR-00915"",""STC-SINGLETON-SCR-00937"",""STC-SINGLETON-SCR-00949"",""STC-SINGLETON-SCR-01008"",""STC-SINGLETON-SCR-01024"",""STC-SINGLETON-SCR-01028"",""STC-SINGLETON-SCR-01029"",""STC-SINGLETON-SCR-01060"",""STC-SINGLETON-SCR-01081"",""STC-SINGLETON-SCR-01103"",""STC-SINGLETON-SCR-01105"",""STC-SINGLETON-SCR-01165"",""STC-SINGLETON-SCR-01188""]}"
S3-sensing_bandwidth_waveform_configuration,Metric reporting map: sensing / bandwidth_waveform_configuration,FSO|VLC_LiFi|fiber|hybrid_optical|other_optical|photonic_THz,129,3,3,3,2,2,2,1,3,3,high,"{""section"":""S3"",""deterministic_rule"":""floor_of_dimension_medians_with_n_core_median_and_adequate_share_certainty"",""substantive_for_survey_conclusion"":true,""core_median"":2.5,""adequate_share"":0.969,""raw_token_unique_count"":261,""raw_token_samples"":[{""token"":""carrier_frequency"",""count"":32},{""token"":""bandwidth"",""count"":22},{""token"":""sampling_rate"",""count"":15},{""token"":""vibration_frequency"",""count"":14},{""token"":""subcarrier_spacing"",""count"":8},{""token"":""waveform_bandwidth"",""count"":8},{""token"":""AWG_sampling_rate"",""count"":7},{""token"":""LFM_bandwidth"",""count"":7},{""token"":""FMCW_bandwidth"",""count"":6},{""token"":""frequency"",""count"":6},{""token"":""THz_carrier_frequency"",""count"":6},{""token"":""occupied_bandwidth"",""count"":5},{""token"":""ADC_sampling_rate"",""count"":4},{""token"":""optical_wavelength"",""count"":4},{""token"":""photodiode_bandwidth"",""count"":4},{""token"":""radar_bandwidth"",""count"":4},{""token"":""resolution"",""count"":4},{""token"":""total_bandwidth"",""count"":4},{""token"":""wavelength"",""count"":4},{""token"":""cyclic_prefix"",""count"":3}],""contributing_study_ids"":[""STC-ACO-OFDM-LFM-LIDAR-2025"",""STC-DP-IMDD-THZ-RANGING-2025-2026"",""STC-DSCM-ANN-DT-ECL-2025-2026"",""STC-EADO-OFDM-RANGING-2024-2025"",""STC-ICP-RL-HLLB-3650KM-2024-2025"",""STC-MMW-OFDM-PENG-2023-2024"",""STC-MULTICHANNEL-LFM-QAM-THZ-2024-2026"",""STC-OCDM-THZ-OVER-FIBER-2024-2025"",""STC-ODDM-PHOTONIC-MMW-2024-2025"",""STC-REALTIME-BIDIR-DMT-THZ-2024-2026"",""STC-SELF-HOMODYNE-MCF-OFDR-2024-2025"",""STC-SF-LFM-OFDM-THZ-2025-2026"",""STC-SINGLETON-SCR-00008"",""STC-SINGLETON-SCR-00057"",""STC-SINGLETON-SCR-00151"",""STC-SINGLETON-SCR-00177"",""STC-SINGLETON-SCR-00185"",""STC-SINGLETON-SCR-00189"",""STC-SINGLETON-SCR-00268"",""STC-SINGLETON-SCR-00274"",""STC-SINGLETON-SCR-00312"",""STC-SINGLETON-SCR-00344"",""STC-SINGLETON-SCR-00356"",""STC-SINGLETON-SCR-00362"",""STC-SINGLETON-SCR-00366"",""STC-SINGLETON-SCR-00367"",""STC-SINGLETON-SCR-00369"",""STC-SINGLETON-SCR-00396"",""STC-SINGLETON-SCR-00406"",""STC-SINGLETON-SCR-00418"",""STC-SINGLETON-SCR-00432"",""STC-SINGLETON-SCR-00451"",""STC-SINGLETON-SCR-00460"",""STC-SINGLETON-SCR-00473"",""STC-SINGLETON-SCR-00488"",""STC-SINGLETON-SCR-00492"",""STC-SINGLETON-SCR-00502"",""STC-SINGLETON-SCR-00527"",""STC-SINGLETON-SCR-00557"",""STC-SINGLETON-SCR-00589"",""STC-SINGLETON-SCR-00602"",""STC-SINGLETON-SCR-00607"",""STC-SINGLETON-SCR-00626"",""STC-SINGLETON-SCR-00631"",""STC-SINGLETON-SCR-00647"",""STC-SINGLETON-SCR-00665"",""STC-SINGLETON-SCR-00680"",""STC-SINGLETON-SCR-00719"",""STC-SINGLETON-SCR-00808"",""STC-SINGLETON-SCR-00836"",""STC-SINGLETON-SCR-00873"",""STC-SINGLETON-SCR-00882"",""STC-SINGLETON-SCR-00884"",""STC-SINGLETON-SCR-00885"",""STC-SINGLETON-SCR-00887"",""STC-SINGLETON-SCR-00891"",""STC-SINGLETON-SCR-00893"",""STC-SINGLETON-SCR-00896"",""STC-SINGLETON-SCR-00899"",""STC-SINGLETON-SCR-00902"",""STC-SINGLETON-SCR-00903"",""STC-SINGLETON-SCR-00904"",""STC-SINGLETON-SCR-00905"",""STC-SINGLETON-SCR-00909"",""STC-SINGLETON-SCR-00910"",""STC-SINGLETON-SCR-00913"",""STC-SINGLETON-SCR-00916"",""STC-SINGLETON-SCR-00917"",""STC-SINGLETON-SCR-00918"",""STC-SINGLETON-SCR-00919"",""STC-SINGLETON-SCR-00920"",""STC-SINGLETON-SCR-00925"",""STC-SINGLETON-SCR-00926"",""STC-SINGLETON-SCR-00937"",""STC-SINGLETON-SCR-00953"",""STC-SINGLETON-SCR-00954"",""STC-SINGLETON-SCR-00965"",""STC-SINGLETON-SCR-00970"",""STC-SINGLETON-SCR-00974"",""STC-SINGLETON-SCR-00975"",""STC-SINGLETON-SCR-00977"",""STC-SINGLETON-SCR-00979"",""STC-SINGLETON-SCR-00983"",""STC-SINGLETON-SCR-00985"",""STC-SINGLETON-SCR-00986"",""STC-SINGLETON-SCR-00990"",""STC-SINGLETON-SCR-00992"",""STC-SINGLETON-SCR-00994"",""STC-SINGLETON-SCR-00996"",""STC-SINGLETON-SCR-00998"",""STC-SINGLETON-SCR-01000"",""STC-SINGLETON-SCR-01001"",""STC-SINGLETON-SCR-01004"",""STC-SINGLETON-SCR-01008"",""STC-SINGLETON-SCR-01009"",""STC-SINGLETON-SCR-01010"",""STC-SINGLETON-SCR-01012"",""STC-SINGLETON-SCR-01018"",""STC-SINGLETON-SCR-01020"",""STC-SINGLETON-SCR-01021"",""STC-SINGLETON-SCR-01033"",""STC-SINGLETON-SCR-01034"",""STC-SINGLETON-SCR-01036"",""STC-SINGLETON-SCR-01040"",""STC-SINGLETON-SCR-01045"",""STC-SINGLETON-SCR-01060"",""STC-SINGLETON-SCR-01070"",""STC-SINGLETON-SCR-01071"",""STC-SINGLETON-SCR-01072"",""STC-SINGLETON-SCR-01073"",""STC-SINGLETON-SCR-01079"",""STC-SINGLETON-SCR-01086"",""STC-SINGLETON-SCR-01088"",""STC-SINGLETON-SCR-01093"",""STC-SINGLETON-SCR-01095"",""STC-SINGLETON-SCR-01101"",""STC-SINGLETON-SCR-01103"",""STC-SINGLETON-SCR-01105"",""STC-SINGLETON-SCR-01151"",""STC-SINGLETON-SCR-01152"",""STC-SINGLETON-SCR-01153"",""STC-SINGLETON-SCR-01165"",""STC-SINGLETON-SCR-01180"",""STC-SINGLETON-SCR-01188"",""STC-SUBCARRIER-CHIRP-DBAND-2025"",""STC-SUBMARINE-CABLE-DAS-HUIZHOU-2022-2026"",""STC-TUNABLE-LASER-THZ-FMCW-2025-2026"",""STC-WBAND-POLARIZATION-JRC-2023-2025"",""STC-WBAND-TFDM-DONG-2022-2024""]}"
S3-sensing_channel_loss_gain,Metric reporting map: sensing / channel_loss_gain,FSO|VLC_LiFi|fiber|photonic_THz,12,3,3,3,2,2,1,1,3,3,high,"{""section"":""S3"",""deterministic_rule"":""floor_of_dimension_medians_with_n_core_median_and_adequate_share_certainty"",""substantive_for_survey_conclusion"":true,""core_median"":2.5,""adequate_share"":1,""raw_token_unique_count"":13,""raw_token_samples"":[{""token"":""atmospheric_attenuation"",""count"":2},{""token"":""frequency_response_attenuation"",""count"":2},{""token"":""channel_attenuation"",""count"":1},{""token"":""channel_gain"",""count"":1},{""token"":""channel_gain_estimation_error"",""count"":1},{""token"":""cross_correlation_attenuation"",""count"":1},{""token"":""FIM"",""count"":1},{""token"":""HPF_stopband_attenuation"",""count"":1},{""token"":""link_budget"",""count"":1},{""token"":""link_loss"",""count"":1},{""token"":""sensing_path_loss_exponent"",""count"":1},{""token"":""stationary_channel_gain"",""count"":1},{""token"":""weather_attenuation_coefficients"",""count"":1}],""contributing_study_ids"":[""STC-EADO-OFDM-RANGING-2024-2025"",""STC-SF-LFM-OFDM-THZ-2025-2026"",""STC-SINGLETON-SCR-00218"",""STC-SINGLETON-SCR-00679"",""STC-SINGLETON-SCR-00908"",""STC-SINGLETON-SCR-00909"",""STC-SINGLETON-SCR-00917"",""STC-SINGLETON-SCR-00926"",""STC-SINGLETON-SCR-00941"",""STC-SINGLETON-SCR-00985"",""STC-SINGLETON-SCR-01040"",""STC-SINGLETON-SCR-01059""]}"
S3-sensing_classification_inference_accuracy,Metric reporting map: sensing / classification_inference_accuracy,FSO|VLC_LiFi|fiber|hybrid_optical|photonic_THz,20,2,3,3,2,2,2,1,3,3,moderate,"{""section"":""S3"",""deterministic_rule"":""floor_of_dimension_medians_with_n_core_median_and_adequate_share_certainty"",""substantive_for_survey_conclusion"":true,""core_median"":2,""adequate_share"":1,""raw_token_unique_count"":40,""raw_token_samples"":[{""token"":""classification_accuracy"",""count"":10},{""token"":""class_accuracy"",""count"":8},{""token"":""other"",""count"":6},{""token"":""accuracy_improvement"",""count"":4},{""token"":""recognition_accuracy"",""count"":4},{""token"":""accuracy_standard_deviation"",""count"":3},{""token"":""classification_metrics"",""count"":3},{""token"":""mean_classification_accuracy"",""count"":3},{""token"":""precision_NAR_F1"",""count"":3},{""token"":""recognition_error_rate"",""count"":3},{""token"":""sensing_accuracy_change"",""count"":2},{""token"":""accuracy_advantage"",""count"":1},{""token"":""accuracy_definition"",""count"":1},{""token"":""accuracy_variation"",""count"":1},{""token"":""average_accuracy_density_pattern"",""count"":1},{""token"":""average_density_accuracy"",""count"":1},{""token"":""baseline_2D_CNN_accuracy"",""count"":1},{""token"":""baseline_accuracy_drop"",""count"":1},{""token"":""baseline_object_recognition_accuracy"",""count"":1},{""token"":""baseline_SVM_accuracy"",""count"":1}],""contributing_study_ids"":[""STC-REALTIME-BIDIR-DMT-THZ-2024-2026"",""STC-SINGLETON-SCR-00009"",""STC-SINGLETON-SCR-00012"",""STC-SINGLETON-SCR-00376"",""STC-SINGLETON-SCR-00456"",""STC-SINGLETON-SCR-00607"",""STC-SINGLETON-SCR-00647"",""STC-SINGLETON-SCR-00730"",""STC-SINGLETON-SCR-00833"",""STC-SINGLETON-SCR-00873"",""STC-SINGLETON-SCR-00959"",""STC-SINGLETON-SCR-01006"",""STC-SINGLETON-SCR-01021"",""STC-SINGLETON-SCR-01034"",""STC-SINGLETON-SCR-01036"",""STC-SINGLETON-SCR-01047"",""STC-SINGLETON-SCR-01050"",""STC-SINGLETON-SCR-01072"",""STC-SINGLETON-SCR-01095"",""STC-SINGLETON-SCR-01180""]}"
S3-sensing_detection_false_alarm,Metric reporting map: sensing / detection_false_alarm,FSO|VLC_LiFi|fiber,10,2,3,3,2,2,2,1,3,2,moderate,"{""section"":""S3"",""deterministic_rule"":""floor_of_dimension_medians_with_n_core_median_and_adequate_share_certainty"",""substantive_for_survey_conclusion"":true,""core_median"":2,""adequate_share"":1,""raw_token_unique_count"":12,""raw_token_samples"":[{""token"":""maximum_intrusion_detection_rate"",""count"":2},{""token"":""bandpass_filter"",""count"":1},{""token"":""benchmark_group_count"",""count"":1},{""token"":""CPI_duration"",""count"":1},{""token"":""detection_probability"",""count"":1},{""token"":""dynamic_range"",""count"":1},{""token"":""intrusion_detection_rate_at_maximum_DTR"",""count"":1},{""token"":""intrusion_detection_rate_definition"",""count"":1},{""token"":""other"",""count"":1},{""token"":""process_variance"",""count"":1},{""token"":""processor_clock"",""count"":1},{""token"":""sampling_preprocessing"",""count"":1}],""contributing_study_ids"":[""STC-SINGLETON-SCR-00110"",""STC-SINGLETON-SCR-00376"",""STC-SINGLETON-SCR-00473"",""STC-SINGLETON-SCR-00665"",""STC-SINGLETON-SCR-00761"",""STC-SINGLETON-SCR-00836"",""STC-SINGLETON-SCR-00959"",""STC-SINGLETON-SCR-00980"",""STC-SINGLETON-SCR-01047"",""STC-SUBMARINE-CABLE-DAS-HUIZHOU-2022-2026""]}"
S3-sensing_error_rate,Metric reporting map: sensing / error_rate,FSO|VLC_LiFi|fiber|hybrid_optical|other_optical|photonic_THz,103,3,3,3,2,2,2,1,3,3,high,"{""section"":""S3"",""deterministic_rule"":""floor_of_dimension_medians_with_n_core_median_and_adequate_share_certainty"",""substantive_for_survey_conclusion"":true,""core_median"":2.5,""adequate_share"":0.9612,""raw_token_unique_count"":186,""raw_token_samples"":[{""token"":""laser_linewidth"",""count"":18},{""token"":""other"",""count"":15},{""token"":""fiber_distance"",""count"":12},{""token"":""fiber_length"",""count"":9},{""token"":""laser_power"",""count"":4},{""token"":""laser_wavelength"",""count"":4},{""token"":""peak_to_sidelobe_ratio"",""count"":4},{""token"":""propagation_distance"",""count"":4},{""token"":""reference_distance"",""count"":4},{""token"":""azimuth_correction"",""count"":3},{""token"":""distance_RMSE_floor"",""count"":3},{""token"":""fiber_attenuation"",""count"":3},{""token"":""inference_latency"",""count"":3},{""token"":""measured_azimuth"",""count"":3},{""token"":""measured_distance"",""count"":3},{""token"":""optical_wavelength"",""count"":3},{""token"":""signal_to_interference_ratio"",""count"":3},{""token"":""subcarrier_count"",""count"":3},{""token"":""user_count"",""count"":3},{""token"":""calibrated_range_error"",""count"":2}],""contributing_study_ids"":[""STC-ACO-OFDM-LFM-LIDAR-2025"",""STC-DP-IMDD-THZ-RANGING-2025-2026"",""STC-DSCM-ANN-DT-ECL-2025-2026"",""STC-EADO-OFDM-RANGING-2024-2025"",""STC-ENDOGENOUS-TS-FRFT-DAS-2025"",""STC-ICP-RL-HLLB-3650KM-2024-2025"",""STC-LED-OISAC-2024-2025"",""STC-MMW-OFDM-PENG-2023-2024"",""STC-OCDM-THZ-OVER-FIBER-2024-2025"",""STC-OPA-OWISAC-BEAMFORMING-2024-2025"",""STC-REALTIME-BIDIR-DMT-THZ-2024-2026"",""STC-SELF-HOMODYNE-MCF-OFDR-2024-2025"",""STC-SINGLETON-SCR-00008"",""STC-SINGLETON-SCR-00056"",""STC-SINGLETON-SCR-00091"",""STC-SINGLETON-SCR-00110"",""STC-SINGLETON-SCR-00196"",""STC-SINGLETON-SCR-00218"",""STC-SINGLETON-SCR-00233"",""STC-SINGLETON-SCR-00238"",""STC-SINGLETON-SCR-00268"",""STC-SINGLETON-SCR-00274"",""STC-SINGLETON-SCR-00366"",""STC-SINGLETON-SCR-00367"",""STC-SINGLETON-SCR-00369"",""STC-SINGLETON-SCR-00406"",""STC-SINGLETON-SCR-00432"",""STC-SINGLETON-SCR-00460"",""STC-SINGLETON-SCR-00473"",""STC-SINGLETON-SCR-00492"",""STC-SINGLETON-SCR-00496"",""STC-SINGLETON-SCR-00502"",""STC-SINGLETON-SCR-00506"",""STC-SINGLETON-SCR-00557"",""STC-SINGLETON-SCR-00589"",""STC-SINGLETON-SCR-00607"",""STC-SINGLETON-SCR-00626"",""STC-SINGLETON-SCR-00631"",""STC-SINGLETON-SCR-00647"",""STC-SINGLETON-SCR-00665"",""STC-SINGLETON-SCR-00679"",""STC-SINGLETON-SCR-00719"",""STC-SINGLETON-SCR-00730"",""STC-SINGLETON-SCR-00761"",""STC-SINGLETON-SCR-00808"",""STC-SINGLETON-SCR-00833"",""STC-SINGLETON-SCR-00873"",""STC-SINGLETON-SCR-00882"",""STC-SINGLETON-SCR-00884"",""STC-SINGLETON-SCR-00899"",""STC-SINGLETON-SCR-00904"",""STC-SINGLETON-SCR-00906"",""STC-SINGLETON-SCR-00916"",""STC-SINGLETON-SCR-00918"",""STC-SINGLETON-SCR-00920"",""STC-SINGLETON-SCR-00925"",""STC-SINGLETON-SCR-00926"",""STC-SINGLETON-SCR-00937"",""STC-SINGLETON-SCR-00941"",""STC-SINGLETON-SCR-00949"",""STC-SINGLETON-SCR-00959"",""STC-SINGLETON-SCR-00965"",""STC-SINGLETON-SCR-00970"",""STC-SINGLETON-SCR-00974"",""STC-SINGLETON-SCR-00975"",""STC-SINGLETON-SCR-00979"",""STC-SINGLETON-SCR-00980"",""STC-SINGLETON-SCR-00983"",""STC-SINGLETON-SCR-00985"",""STC-SINGLETON-SCR-00986"",""STC-SINGLETON-SCR-00992"",""STC-SINGLETON-SCR-00994"",""STC-SINGLETON-SCR-01001"",""STC-SINGLETON-SCR-01004"",""STC-SINGLETON-SCR-01006"",""STC-SINGLETON-SCR-01009"",""STC-SINGLETON-SCR-01018"",""STC-SINGLETON-SCR-01020"",""STC-SINGLETON-SCR-01021"",""STC-SINGLETON-SCR-01032"",""STC-SINGLETON-SCR-01033"",""STC-SINGLETON-SCR-01036"",""STC-SINGLETON-SCR-01040"",""STC-SINGLETON-SCR-01045"",""STC-SINGLETON-SCR-01070"",""STC-SINGLETON-SCR-01071"",""STC-SINGLETON-SCR-01072"",""STC-SINGLETON-SCR-01073"",""STC-SINGLETON-SCR-01085"",""STC-SINGLETON-SCR-01101"",""STC-SINGLETON-SCR-01103"",""STC-SINGLETON-SCR-01105"",""STC-SINGLETON-SCR-01151"",""STC-SINGLETON-SCR-01152"",""STC-SINGLETON-SCR-01153"",""STC-SINGLETON-SCR-01165"",""STC-SINGLETON-SCR-01180"",""STC-SINGLETON-SCR-01188"",""STC-SUBCARRIER-CHIRP-DBAND-2025"",""STC-SUBMARINE-CABLE-DAS-HUIZHOU-2022-2026"",""STC-TUNABLE-LASER-THZ-FMCW-2025-2026"",""STC-WBAND-POLARIZATION-JRC-2023-2025"",""STC-WBAND-TFDM-DONG-2022-2024""]}"
S3-sensing_estimation_error_bound,Metric reporting map: sensing / estimation_error_bound,FSO|VLC_LiFi|fiber|other_optical,13,3,3,3,2,2,2,1,3,3,high,"{""section"":""S3"",""deterministic_rule"":""floor_of_dimension_medians_with_n_core_median_and_adequate_share_certainty"",""substantive_for_survey_conclusion"":true,""core_median"":2.5,""adequate_share"":0.9231,""raw_token_unique_count"":12,""raw_token_samples"":[{""token"":""estimation_error"",""count"":12},{""token"":""MAPE"",""count"":2},{""token"":""mean_absolute_error"",""count"":2},{""token"":""normalized_fisher_requirement"",""count"":2},{""token"":""required_EbN0_gain_for_MSE"",""count"":2},{""token"":""BCRB_condition"",""count"":1},{""token"":""correlation_window_length"",""count"":1},{""token"":""coverage_gain_MSE"",""count"":1},{""token"":""CRB"",""count"":1},{""token"":""estimation_error_units"",""count"":1},{""token"":""fit_RMSE"",""count"":1},{""token"":""RMSE_reduction"",""count"":1}],""contributing_study_ids"":[""STC-FRDM-POLARIZATION-SENSING-2025-2026"",""STC-LED-OISAC-2024-2025"",""STC-SINGLETON-SCR-00007"",""STC-SINGLETON-SCR-00123"",""STC-SINGLETON-SCR-00196"",""STC-SINGLETON-SCR-00218"",""STC-SINGLETON-SCR-00836"",""STC-SINGLETON-SCR-00902"",""STC-SINGLETON-SCR-00904"",""STC-SINGLETON-SCR-00906"",""STC-SINGLETON-SCR-00908"",""STC-SINGLETON-SCR-00941"",""STC-SINGLETON-SCR-01034""]}"
S3-sensing_imaging_reconstruction_quality,Metric reporting map: sensing / imaging_reconstruction_quality,FSO|fiber|photonic_THz,10,3,3,3,2,2,2,1,3,3,high,"{""section"":""S3"",""deterministic_rule"":""floor_of_dimension_medians_with_n_core_median_and_adequate_share_certainty"",""substantive_for_survey_conclusion"":true,""core_median"":2.5,""adequate_share"":1,""raw_token_unique_count"":10,""raw_token_samples"":[{""token"":""target_separation"",""count"":2},{""token"":""acquisition_time"",""count"":1},{""token"":""echo_count"",""count"":1},{""token"":""ISAR_target_spacing"",""count"":1},{""token"":""imaging_rounds"",""count"":1},{""token"":""imaging_sequence"",""count"":1},{""token"":""matrix_dimensions"",""count"":1},{""token"":""maximum_imaging_error"",""count"":1},{""token"":""other"",""count"":1},{""token"":""RF_image_center"",""count"":1}],""contributing_study_ids"":[""STC-OPA-OWISAC-BEAMFORMING-2024-2025"",""STC-SINGLETON-SCR-00012"",""STC-SINGLETON-SCR-00396"",""STC-SINGLETON-SCR-00406"",""STC-SINGLETON-SCR-00631"",""STC-SINGLETON-SCR-00891"",""STC-SINGLETON-SCR-00959"",""STC-SINGLETON-SCR-01009"",""STC-SINGLETON-SCR-01095"",""STC-SUBCARRIER-CHIRP-DBAND-2025""]}"
S3-sensing_interference_crosstalk,Metric reporting map: sensing / interference_crosstalk,FSO|other_optical|photonic_THz,3,3,3,3,2,2,2,1,3,3,moderate,"{""section"":""S3"",""deterministic_rule"":""floor_of_dimension_medians_with_n_core_median_and_adequate_share_certainty"",""substantive_for_survey_conclusion"":true,""core_median"":2.5,""adequate_share"":1,""raw_token_unique_count"":4,""raw_token_samples"":[{""token"":""inter_beam_crosstalk"",""count"":2},{""token"":""adjacent_crosstalk"",""count"":1},{""token"":""crosstalk_suppression"",""count"":1},{""token"":""other"",""count"":1}],""contributing_study_ids"":[""STC-SINGLETON-SCR-00268"",""STC-SINGLETON-SCR-00396"",""STC-SINGLETON-SCR-00916""]}"
S3-sensing_latency_complexity,Metric reporting map: sensing / latency_complexity,FSO|VLC_LiFi|fiber|other_optical|photonic_THz,27,3,3,3,2,2,2,1,3,3,high,"{""section"":""S3"",""deterministic_rule"":""floor_of_dimension_medians_with_n_core_median_and_adequate_share_certainty"",""substantive_for_survey_conclusion"":true,""core_median"":2.5,""adequate_share"":0.9259,""raw_token_unique_count"":33,""raw_token_samples"":[{""token"":""delay_RMSE"",""count"":6},{""token"":""other"",""count"":6},{""token"":""runtime"",""count"":6},{""token"":""preprocessing_time"",""count"":4},{""token"":""latency"",""count"":3},{""token"":""algorithm_convergence"",""count"":2},{""token"":""RMS_delay_spread"",""count"":2},{""token"":""time_delay"",""count"":2},{""token"":""time_delay_error"",""count"":2},{""token"":""convergence_iterations"",""count"":1},{""token"":""convergence_tolerance"",""count"":1},{""token"":""correlation_region_radius"",""count"":1},{""token"":""dechirped_frequency"",""count"":1},{""token"":""delay_dimension_symbols"",""count"":1},{""token"":""delay_error_standard_deviation"",""count"":1},{""token"":""delay_estimation_accuracy"",""count"":1},{""token"":""end_to_end_latency"",""count"":1},{""token"":""FTTR_latency"",""count"":1},{""token"":""input_size_latency_change"",""count"":1},{""token"":""inventory_waiting_time"",""count"":1}],""contributing_study_ids"":[""STC-ODDM-PHOTONIC-MMW-2024-2025"",""STC-SINGLETON-SCR-00008"",""STC-SINGLETON-SCR-00177"",""STC-SINGLETON-SCR-00185"",""STC-SINGLETON-SCR-00273"",""STC-SINGLETON-SCR-00406"",""STC-SINGLETON-SCR-00407"",""STC-SINGLETON-SCR-00488"",""STC-SINGLETON-SCR-00496"",""STC-SINGLETON-SCR-00557"",""STC-SINGLETON-SCR-00589"",""STC-SINGLETON-SCR-00833"",""STC-SINGLETON-SCR-00891"",""STC-SINGLETON-SCR-00899"",""STC-SINGLETON-SCR-00906"",""STC-SINGLETON-SCR-00926"",""STC-SINGLETON-SCR-00941"",""STC-SINGLETON-SCR-00949"",""STC-SINGLETON-SCR-00959"",""STC-SINGLETON-SCR-00979"",""STC-SINGLETON-SCR-00980"",""STC-SINGLETON-SCR-00985"",""STC-SINGLETON-SCR-01040"",""STC-SINGLETON-SCR-01050"",""STC-SINGLETON-SCR-01059"",""STC-SINGLETON-SCR-01088"",""STC-SINGLETON-SCR-01153""]}"
S3-sensing_other_sensing_metric,Metric reporting map: sensing / other_sensing_metric (mixed/unclassified; non-substantive),fiber|hybrid_optical,2,2,2,2,2,1,1,1,2,2,unclear,"{""section"":""S3"",""deterministic_rule"":""mixed_unclassified_fallback_not_eligible_for_substantive_survey_certainty_conclusion"",""substantive_for_survey_conclusion"":false,""core_median"":2,""adequate_share"":1,""raw_token_unique_count"":2,""raw_token_samples"":[{""token"":""other"",""count"":1},{""token"":""resource_utilization"",""count"":1}],""contributing_study_ids"":[""STC-SINGLETON-SCR-00052"",""STC-SINGLETON-SCR-00436""]}"
S3-sensing_physical_quantity_estimation,Metric reporting map: sensing / physical_quantity_estimation,FSO|VLC_LiFi|fiber|hybrid_optical|photonic_THz,35,2,3,3,2,2,2,1,3,3,moderate,"{""section"":""S3"",""deterministic_rule"":""floor_of_dimension_medians_with_n_core_median_and_adequate_share_certainty"",""substantive_for_survey_conclusion"":true,""core_median"":2,""adequate_share"":1,""raw_token_unique_count"":43,""raw_token_samples"":[{""token"":""other"",""count"":11},{""token"":""vibration_position"",""count"":4},{""token"":""refractive_index_structure_parameter"",""count"":3},{""token"":""noise_equivalent_strain"",""count"":2},{""token"":""vibration_location"",""count"":2},{""token"":""vibration_phase_amplitude"",""count"":2},{""token"":""apparent_perturbation_length"",""count"":1},{""token"":""assumed_event_velocity"",""count"":1},{""token"":""class_count"",""count"":1},{""token"":""communication_degradation"",""count"":1},{""token"":""controlled_vibration"",""count"":1},{""token"":""demonstrated_distance"",""count"":1},{""token"":""event_class_count"",""count"":1},{""token"":""event_end_time"",""count"":1},{""token"":""event_onset_time"",""count"":1},{""token"":""feasible_CSPR_interval"",""count"":1},{""token"":""high_vibration_operational_limit"",""count"":1},{""token"":""linearity"",""count"":1},{""token"":""localization"",""count"":1},{""token"":""maximum_detectable_strain"",""count"":1}],""contributing_study_ids"":[""STC-ACO-OFDM-LFM-LIDAR-2025"",""STC-EADO-OFDM-RANGING-2024-2025"",""STC-FRDM-POLARIZATION-SENSING-2025-2026"",""STC-SELF-HOMODYNE-MCF-OFDR-2024-2025"",""STC-SINGLETON-SCR-00008"",""STC-SINGLETON-SCR-00013"",""STC-SINGLETON-SCR-00123"",""STC-SINGLETON-SCR-00238"",""STC-SINGLETON-SCR-00277"",""STC-SINGLETON-SCR-00344"",""STC-SINGLETON-SCR-00366"",""STC-SINGLETON-SCR-00473"",""STC-SINGLETON-SCR-00492"",""STC-SINGLETON-SCR-00589"",""STC-SINGLETON-SCR-00607"",""STC-SINGLETON-SCR-00626"",""STC-SINGLETON-SCR-00647"",""STC-SINGLETON-SCR-00665"",""STC-SINGLETON-SCR-00679"",""STC-SINGLETON-SCR-00680"",""STC-SINGLETON-SCR-00908"",""STC-SINGLETON-SCR-00925"",""STC-SINGLETON-SCR-00926"",""STC-SINGLETON-SCR-00953"",""STC-SINGLETON-SCR-01006"",""STC-SINGLETON-SCR-01070"",""STC-SINGLETON-SCR-01071"",""STC-SINGLETON-SCR-01072"",""STC-SINGLETON-SCR-01079"",""STC-SINGLETON-SCR-01093"",""STC-SINGLETON-SCR-01101"",""STC-SINGLETON-SCR-01103"",""STC-SINGLETON-SCR-01105"",""STC-SINGLETON-SCR-01180"",""STC-SINGLETON-SCR-01188""]}"
S3-sensing_power_energy_device_response,Metric reporting map: sensing / power_energy_device_response,FSO|VLC_LiFi|fiber|photonic_THz,62,3,3,3,2,2,2,1,3,3,moderate,"{""section"":""S3"",""deterministic_rule"":""floor_of_dimension_medians_with_n_core_median_and_adequate_share_certainty"",""substantive_for_survey_conclusion"":true,""core_median"":2,""adequate_share"":1,""raw_token_unique_count"":96,""raw_token_samples"":[{""token"":""other"",""count"":13},{""token"":""normalized_fundamental_energy"",""count"":4},{""token"":""drive_voltage"",""count"":3},{""token"":""pump_peak_power"",""count"":3},{""token"":""resource_allocation"",""count"":3},{""token"":""carrier_to_signal_power_ratio"",""count"":2},{""token"":""estimation_error"",""count"":2},{""token"":""failed_power_allocation"",""count"":2},{""token"":""launch_power_sweep"",""count"":2},{""token"":""linearity"",""count"":2},{""token"":""minimum_power_allocation"",""count"":2},{""token"":""noise_figure"",""count"":2},{""token"":""photocurrent_variation_amplitude"",""count"":2},{""token"":""target_power_ratio"",""count"":2},{""token"":""total_transmitted_power"",""count"":2},{""token"":""transmit_power"",""count"":2},{""token"":""voltage_response"",""count"":2},{""token"":""AWG_max_power"",""count"":1},{""token"":""AWG_voltage"",""count"":1},{""token"":""background_power_share"",""count"":1}],""contributing_study_ids"":[""STC-EADO-OFDM-RANGING-2024-2025"",""STC-III-NITRIDE-MOTION-VLC-2023"",""STC-OPA-OWISAC-BEAMFORMING-2024-2025"",""STC-SELF-HOMODYNE-MCF-OFDR-2024-2025"",""STC-SF-LFM-OFDM-THZ-2025-2026"",""STC-SINGLETON-SCR-00001"",""STC-SINGLETON-SCR-00013"",""STC-SINGLETON-SCR-00015"",""STC-SINGLETON-SCR-00057"",""STC-SINGLETON-SCR-00151"",""STC-SINGLETON-SCR-00160"",""STC-SINGLETON-SCR-00238"",""STC-SINGLETON-SCR-00294"",""STC-SINGLETON-SCR-00369"",""STC-SINGLETON-SCR-00376"",""STC-SINGLETON-SCR-00396"",""STC-SINGLETON-SCR-00407"",""STC-SINGLETON-SCR-00451"",""STC-SINGLETON-SCR-00473"",""STC-SINGLETON-SCR-00496"",""STC-SINGLETON-SCR-00502"",""STC-SINGLETON-SCR-00576"",""STC-SINGLETON-SCR-00626"",""STC-SINGLETON-SCR-00631"",""STC-SINGLETON-SCR-00647"",""STC-SINGLETON-SCR-00679"",""STC-SINGLETON-SCR-00836"",""STC-SINGLETON-SCR-00882"",""STC-SINGLETON-SCR-00884"",""STC-SINGLETON-SCR-00908"",""STC-SINGLETON-SCR-00912"",""STC-SINGLETON-SCR-00925"",""STC-SINGLETON-SCR-00926"",""STC-SINGLETON-SCR-00941"",""STC-SINGLETON-SCR-00943"",""STC-SINGLETON-SCR-00953"",""STC-SINGLETON-SCR-00965"",""STC-SINGLETON-SCR-00974"",""STC-SINGLETON-SCR-00980"",""STC-SINGLETON-SCR-00985"",""STC-SINGLETON-SCR-00986"",""STC-SINGLETON-SCR-01010"",""STC-SINGLETON-SCR-01021"",""STC-SINGLETON-SCR-01023"",""STC-SINGLETON-SCR-01030"",""STC-SINGLETON-SCR-01034"",""STC-SINGLETON-SCR-01036"",""STC-SINGLETON-SCR-01070"",""STC-SINGLETON-SCR-01071"",""STC-SINGLETON-SCR-01072"",""STC-SINGLETON-SCR-01073"",""STC-SINGLETON-SCR-01079"",""STC-SINGLETON-SCR-01085"",""STC-SINGLETON-SCR-01093"",""STC-SINGLETON-SCR-01103"",""STC-SINGLETON-SCR-01105"",""STC-SINGLETON-SCR-01152"",""STC-SINGLETON-SCR-01153"",""STC-SINGLETON-SCR-01165"",""STC-SINGLETON-SCR-01180"",""STC-SINGLETON-SCR-01188"",""STC-WBAND-TFDM-DONG-2022-2024""]}"
S3-sensing_range_error_resolution,Metric reporting map: sensing / range_error_resolution,FSO|VLC_LiFi|fiber|hybrid_optical|other_optical|photonic_THz,99,3,3,3,2,2,2,1,3,3,high,"{""section"":""S3"",""deterministic_rule"":""floor_of_dimension_medians_with_n_core_median_and_adequate_share_certainty"",""substantive_for_survey_conclusion"":true,""core_median"":2.5,""adequate_share"":0.9899,""raw_token_unique_count"":88,""raw_token_samples"":[{""token"":""range_resolution"",""count"":70},{""token"":""range_error"",""count"":36},{""token"":""ranging_error"",""count"":13},{""token"":""theoretical_range_resolution"",""count"":11},{""token"":""range_accuracy"",""count"":8},{""token"":""range_estimate"",""count"":8},{""token"":""ranging_resolution"",""count"":6},{""token"":""calibrated_range_error"",""count"":4},{""token"":""ranging_RMSE"",""count"":4},{""token"":""cross_range_resolution"",""count"":3},{""token"":""estimated_range"",""count"":3},{""token"":""maximum_distance_error"",""count"":3},{""token"":""range_measurement_error"",""count"":3},{""token"":""range_precision"",""count"":3},{""token"":""range_RMSE"",""count"":3},{""token"":""average_ranging_error"",""count"":2},{""token"":""average_ranging_RMSE"",""count"":2},{""token"":""distance_error"",""count"":2},{""token"":""distance_resolution"",""count"":2},{""token"":""distance_resolution_formula"",""count"":2}],""contributing_study_ids"":[""STC-ACO-OFDM-LFM-LIDAR-2025"",""STC-DP-IMDD-THZ-RANGING-2025-2026"",""STC-MMW-OFDM-PENG-2023-2024"",""STC-MULTICHANNEL-LFM-QAM-THZ-2024-2026"",""STC-OCDM-THZ-OVER-FIBER-2024-2025"",""STC-ODDM-PHOTONIC-MMW-2024-2025"",""STC-OPA-OWISAC-BEAMFORMING-2024-2025"",""STC-REALTIME-BIDIR-DMT-THZ-2024-2026"",""STC-SF-LFM-OFDM-THZ-2025-2026"",""STC-SINGLETON-SCR-00011"",""STC-SINGLETON-SCR-00036"",""STC-SINGLETON-SCR-00056"",""STC-SINGLETON-SCR-00091"",""STC-SINGLETON-SCR-00185"",""STC-SINGLETON-SCR-00210"",""STC-SINGLETON-SCR-00233"",""STC-SINGLETON-SCR-00268"",""STC-SINGLETON-SCR-00312"",""STC-SINGLETON-SCR-00361"",""STC-SINGLETON-SCR-00369"",""STC-SINGLETON-SCR-00387"",""STC-SINGLETON-SCR-00396"",""STC-SINGLETON-SCR-00406"",""STC-SINGLETON-SCR-00418"",""STC-SINGLETON-SCR-00460"",""STC-SINGLETON-SCR-00492"",""STC-SINGLETON-SCR-00502"",""STC-SINGLETON-SCR-00576"",""STC-SINGLETON-SCR-00602"",""STC-SINGLETON-SCR-00631"",""STC-SINGLETON-SCR-00719"",""STC-SINGLETON-SCR-00808"",""STC-SINGLETON-SCR-00882"",""STC-SINGLETON-SCR-00887"",""STC-SINGLETON-SCR-00891"",""STC-SINGLETON-SCR-00893"",""STC-SINGLETON-SCR-00896"",""STC-SINGLETON-SCR-00899"",""STC-SINGLETON-SCR-00902"",""STC-SINGLETON-SCR-00903"",""STC-SINGLETON-SCR-00905"",""STC-SINGLETON-SCR-00908"",""STC-SINGLETON-SCR-00909"",""STC-SINGLETON-SCR-00912"",""STC-SINGLETON-SCR-00913"",""STC-SINGLETON-SCR-00915"",""STC-SINGLETON-SCR-00916"",""STC-SINGLETON-SCR-00918"",""STC-SINGLETON-SCR-00919"",""STC-SINGLETON-SCR-00920"",""STC-SINGLETON-SCR-00925"",""STC-SINGLETON-SCR-00937"",""STC-SINGLETON-SCR-00941"",""STC-SINGLETON-SCR-00944"",""STC-SINGLETON-SCR-00953"",""STC-SINGLETON-SCR-00954"",""STC-SINGLETON-SCR-00965"",""STC-SINGLETON-SCR-00970"",""STC-SINGLETON-SCR-00974"",""STC-SINGLETON-SCR-00975"",""STC-SINGLETON-SCR-00977"",""STC-SINGLETON-SCR-00979"",""STC-SINGLETON-SCR-00983"",""STC-SINGLETON-SCR-00985"",""STC-SINGLETON-SCR-00986"",""STC-SINGLETON-SCR-00990"",""STC-SINGLETON-SCR-00992"",""STC-SINGLETON-SCR-00994"",""STC-SINGLETON-SCR-00996"",""STC-SINGLETON-SCR-00998"",""STC-SINGLETON-SCR-01000"",""STC-SINGLETON-SCR-01004"",""STC-SINGLETON-SCR-01008"",""STC-SINGLETON-SCR-01010"",""STC-SINGLETON-SCR-01012"",""STC-SINGLETON-SCR-01018"",""STC-SINGLETON-SCR-01020"",""STC-SINGLETON-SCR-01021"",""STC-SINGLETON-SCR-01023"",""STC-SINGLETON-SCR-01025"",""STC-SINGLETON-SCR-01032"",""STC-SINGLETON-SCR-01033"",""STC-SINGLETON-SCR-01034"",""STC-SINGLETON-SCR-01041"",""STC-SINGLETON-SCR-01049"",""STC-SINGLETON-SCR-01050"",""STC-SINGLETON-SCR-01060"",""STC-SINGLETON-SCR-01073"",""STC-SINGLETON-SCR-01088"",""STC-SINGLETON-SCR-01101"",""STC-SINGLETON-SCR-01151"",""STC-SINGLETON-SCR-01152"",""STC-SINGLETON-SCR-01153"",""STC-SINGLETON-SCR-01165"",""STC-SINGLETON-SCR-01229"",""STC-SUBCARRIER-CHIRP-DBAND-2025"",""STC-TUNABLE-LASER-THZ-FMCW-2025-2026"",""STC-WBAND-POLARIZATION-JRC-2023-2025"",""STC-WBAND-TFDM-DONG-2022-2024""]}"
S3-sensing_received_signal_quality,Metric reporting map: sensing / received_signal_quality,VLC_LiFi|fiber|photonic_THz,4,3,3,3,2,2,1,1,3,3,moderate,"{""section"":""S3"",""deterministic_rule"":""floor_of_dimension_medians_with_n_core_median_and_adequate_share_certainty"",""substantive_for_survey_conclusion"":true,""core_median"":2.5,""adequate_share"":1,""raw_token_unique_count"":4,""raw_token_samples"":[{""token"":""coexistence_temperature_cases"",""count"":1},{""token"":""formation_error_band"",""count"":1},{""token"":""position_error_vector"",""count"":1},{""token"":""power_ratio_EVM_error"",""count"":1}],""contributing_study_ids"":[""STC-SINGLETON-SCR-00910"",""STC-SINGLETON-SCR-00937"",""STC-SINGLETON-SCR-01010"",""STC-SINGLETON-SCR-01095""]}"
S3-sensing_security_resilience,Metric reporting map: sensing / security_resilience,FSO|photonic_THz,2,2,3,3,2,2,2,1,3,3,limited,"{""section"":""S3"",""deterministic_rule"":""floor_of_dimension_medians_with_n_core_median_and_adequate_share_certainty"",""substantive_for_survey_conclusion"":true,""core_median"":2.25,""adequate_share"":1,""raw_token_unique_count"":2,""raw_token_samples"":[{""token"":""security_window"",""count"":4},{""token"":""monte_carlo_trials"",""count"":1}],""contributing_study_ids"":[""STC-SINGLETON-SCR-00387"",""STC-SINGLETON-SCR-00977""]}"
S3-sensing_sensing_resolution,Metric reporting map: sensing / sensing_resolution,FSO|VLC_LiFi|fiber|hybrid_optical|photonic_THz,46,3,3,3,2,2,2,1,3,3,moderate,"{""section"":""S3"",""deterministic_rule"":""floor_of_dimension_medians_with_n_core_median_and_adequate_share_certainty"",""substantive_for_survey_conclusion"":true,""core_median"":2.25,""adequate_share"":0.9783,""raw_token_unique_count"":33,""raw_token_samples"":[{""token"":""resolution"",""count"":17},{""token"":""spatial_resolution"",""count"":13},{""token"":""imaging_resolution"",""count"":5},{""token"":""strain_resolution"",""count"":4},{""token"":""beam_steering_resolution"",""count"":2},{""token"":""DIRQ"",""count"":2},{""token"":""dual_target_resolution"",""count"":2},{""token"":""theoretical_spatial_resolution"",""count"":2},{""token"":""two_target_resolution"",""count"":2},{""token"":""ADC_resolution"",""count"":1},{""token"":""angular_resolution"",""count"":1},{""token"":""AR_resolution_penalty"",""count"":1},{""token"":""equivalent_time_resolution"",""count"":1},{""token"":""fusion_resolution_bounds"",""count"":1},{""token"":""IRQ"",""count"":1},{""token"":""ISAR_imaging_resolution"",""count"":1},{""token"":""measured_spatial_resolution"",""count"":1},{""token"":""measured_two_target_resolution"",""count"":1},{""token"":""pulse_width_spatial_resolution"",""count"":1},{""token"":""radial_resolution"",""count"":1}],""contributing_study_ids"":[""STC-ENDOGENOUS-TS-FRFT-DAS-2025"",""STC-ICP-RL-HLLB-3650KM-2024-2025"",""STC-MMW-OFDM-PENG-2023-2024"",""STC-MULTICHANNEL-LFM-QAM-THZ-2024-2026"",""STC-SELF-HOMODYNE-MCF-OFDR-2024-2025"",""STC-SEVENCORE-COMB-SH-DAS-2024-2025"",""STC-SF-LFM-OFDM-THZ-2025-2026"",""STC-SINGLETON-SCR-00012"",""STC-SINGLETON-SCR-00013"",""STC-SINGLETON-SCR-00038"",""STC-SINGLETON-SCR-00057"",""STC-SINGLETON-SCR-00086"",""STC-SINGLETON-SCR-00123"",""STC-SINGLETON-SCR-00189"",""STC-SINGLETON-SCR-00196"",""STC-SINGLETON-SCR-00238"",""STC-SINGLETON-SCR-00344"",""STC-SINGLETON-SCR-00362"",""STC-SINGLETON-SCR-00366"",""STC-SINGLETON-SCR-00367"",""STC-SINGLETON-SCR-00473"",""STC-SINGLETON-SCR-00594"",""STC-SINGLETON-SCR-00607"",""STC-SINGLETON-SCR-00631"",""STC-SINGLETON-SCR-00647"",""STC-SINGLETON-SCR-00719"",""STC-SINGLETON-SCR-00893"",""STC-SINGLETON-SCR-00954"",""STC-SINGLETON-SCR-00959"",""STC-SINGLETON-SCR-00970"",""STC-SINGLETON-SCR-00986"",""STC-SINGLETON-SCR-01000"",""STC-SINGLETON-SCR-01006"",""STC-SINGLETON-SCR-01009"",""STC-SINGLETON-SCR-01040"",""STC-SINGLETON-SCR-01045"",""STC-SINGLETON-SCR-01060"",""STC-SINGLETON-SCR-01079"",""STC-SINGLETON-SCR-01086"",""STC-SINGLETON-SCR-01093"",""STC-SINGLETON-SCR-01095"",""STC-SINGLETON-SCR-01105"",""STC-SINGLETON-SCR-01180"",""STC-SINGLETON-SCR-01188"",""STC-SUBCARRIER-CHIRP-DBAND-2025"",""STC-WBAND-POLARIZATION-JRC-2023-2025""]}"
S3-sensing_sensing_signal_quality,Metric reporting map: sensing / sensing_signal_quality,FSO|VLC_LiFi|fiber|hybrid_optical|other_optical|photonic_THz,50,3,3,3,2,2,2,1,3,3,high,"{""section"":""S3"",""deterministic_rule"":""floor_of_dimension_medians_with_n_core_median_and_adequate_share_certainty"",""substantive_for_survey_conclusion"":true,""core_median"":2.5,""adequate_share"":0.92,""raw_token_unique_count"":47,""raw_token_samples"":[{""token"":""sensing_SNR"",""count"":31},{""token"":""SNR"",""count"":12},{""token"":""event_detection_SNR"",""count"":3},{""token"":""event_detection_SNR_SD"",""count"":3},{""token"":""LS_SSNR"",""count"":3},{""token"":""asymptotic_exponent"",""count"":2},{""token"":""dechirped_peak_snr"",""count"":2},{""token"":""event_detection_SNR_penalty"",""count"":2},{""token"":""FD_SSNR_improvement"",""count"":2},{""token"":""SNR_gain"",""count"":2},{""token"":""SNR_threshold"",""count"":2},{""token"":""amplitude_ratio_SINR_sync_SNR_sweep"",""count"":1},{""token"":""beat_SNR"",""count"":1},{""token"":""centimeter_accuracy_SNR"",""count"":1},{""token"":""classification_SNR_stability"",""count"":1},{""token"":""dechirped_signal_SNR"",""count"":1},{""token"":""detection_SNR_threshold"",""count"":1},{""token"":""encoding_gain"",""count"":1},{""token"":""equivalent_SNR_augmentation"",""count"":1},{""token"":""error_scaling"",""count"":1}],""contributing_study_ids"":[""STC-DSCM-ANN-DT-ECL-2025-2026"",""STC-ENDOGENOUS-TS-FRFT-DAS-2025"",""STC-FRDM-POLARIZATION-SENSING-2025-2026"",""STC-OPA-OWISAC-BEAMFORMING-2024-2025"",""STC-REALTIME-BIDIR-DMT-THZ-2024-2026"",""STC-SEVENCORE-COMB-SH-DAS-2024-2025"",""STC-SINGLETON-SCR-00008"",""STC-SINGLETON-SCR-00036"",""STC-SINGLETON-SCR-00057"",""STC-SINGLETON-SCR-00151"",""STC-SINGLETON-SCR-00177"",""STC-SINGLETON-SCR-00238"",""STC-SINGLETON-SCR-00344"",""STC-SINGLETON-SCR-00366"",""STC-SINGLETON-SCR-00367"",""STC-SINGLETON-SCR-00369"",""STC-SINGLETON-SCR-00379"",""STC-SINGLETON-SCR-00418"",""STC-SINGLETON-SCR-00432"",""STC-SINGLETON-SCR-00488"",""STC-SINGLETON-SCR-00492"",""STC-SINGLETON-SCR-00557"",""STC-SINGLETON-SCR-00626"",""STC-SINGLETON-SCR-00631"",""STC-SINGLETON-SCR-00647"",""STC-SINGLETON-SCR-00665"",""STC-SINGLETON-SCR-00679"",""STC-SINGLETON-SCR-00884"",""STC-SINGLETON-SCR-00887"",""STC-SINGLETON-SCR-00904"",""STC-SINGLETON-SCR-00908"",""STC-SINGLETON-SCR-00916"",""STC-SINGLETON-SCR-00917"",""STC-SINGLETON-SCR-00922"",""STC-SINGLETON-SCR-00954"",""STC-SINGLETON-SCR-00980"",""STC-SINGLETON-SCR-00990"",""STC-SINGLETON-SCR-01011"",""STC-SINGLETON-SCR-01045"",""STC-SINGLETON-SCR-01050"",""STC-SINGLETON-SCR-01072"",""STC-SINGLETON-SCR-01081"",""STC-SINGLETON-SCR-01088"",""STC-SINGLETON-SCR-01093"",""STC-SINGLETON-SCR-01103"",""STC-SINGLETON-SCR-01153"",""STC-SINGLETON-SCR-01180"",""STC-SINGLETON-SCR-01188"",""STC-SINGLETON-SCR-01229"",""STC-WBAND-POLARIZATION-JRC-2023-2025""]}"
S3-sensing_sensing_task_output_or_configuration,Metric reporting map: sensing / sensing_task_output_or_configuration,FSO|VLC_LiFi|fiber|hybrid_optical|other_optical|photonic_THz,128,3,3,3,2,2,2,1,3,3,high,"{""section"":""S3"",""deterministic_rule"":""floor_of_dimension_medians_with_n_core_median_and_adequate_share_certainty"",""substantive_for_survey_conclusion"":true,""core_median"":2.5,""adequate_share"":0.9609,""raw_token_unique_count"":240,""raw_token_samples"":[{""token"":""wireless_distance"",""count"":14},{""token"":""detection_range"",""count"":10},{""token"":""target_range"",""count"":10},{""token"":""other"",""count"":9},{""token"":""target_distance"",""count"":8},{""token"":""target_separation"",""count"":7},{""token"":""maximum_unambiguous_range"",""count"":6},{""token"":""PSLR"",""count"":5},{""token"":""range_peak_width"",""count"":4},{""token"":""sensing_rate"",""count"":4},{""token"":""target_velocity"",""count"":4},{""token"":""absolute_range_deviation"",""count"":3},{""token"":""coverage"",""count"":3},{""token"":""FWHM"",""count"":3},{""token"":""measured_target_spacing"",""count"":3},{""token"":""peak_sidelobe_ratio"",""count"":3},{""token"":""peak_to_sidelobe_ratio"",""count"":3},{""token"":""propagation_distance"",""count"":3},{""token"":""target_distances"",""count"":3},{""token"":""transmission_distance"",""count"":3}],""contributing_study_ids"":[""STC-ACO-OFDM-LFM-LIDAR-2025"",""STC-EADO-OFDM-RANGING-2024-2025"",""STC-ICP-RL-HLLB-3650KM-2024-2025"",""STC-III-NITRIDE-MOTION-VLC-2023"",""STC-LED-OISAC-2024-2025"",""STC-MMW-OFDM-PENG-2023-2024"",""STC-MULTICHANNEL-LFM-QAM-THZ-2024-2026"",""STC-OCDM-THZ-OVER-FIBER-2024-2025"",""STC-ODDM-PHOTONIC-MMW-2024-2025"",""STC-OPA-OWISAC-BEAMFORMING-2024-2025"",""STC-REALTIME-BIDIR-DMT-THZ-2024-2026"",""STC-SELF-HOMODYNE-MCF-OFDR-2024-2025"",""STC-SEVENCORE-COMB-SH-DAS-2024-2025"",""STC-SF-LFM-OFDM-THZ-2025-2026"",""STC-SINGLETON-SCR-00008"",""STC-SINGLETON-SCR-00011"",""STC-SINGLETON-SCR-00056"",""STC-SINGLETON-SCR-00160"",""STC-SINGLETON-SCR-00185"",""STC-SINGLETON-SCR-00196"",""STC-SINGLETON-SCR-00233"",""STC-SINGLETON-SCR-00256"",""STC-SINGLETON-SCR-00273"",""STC-SINGLETON-SCR-00361"",""STC-SINGLETON-SCR-00362"",""STC-SINGLETON-SCR-00366"",""STC-SINGLETON-SCR-00367"",""STC-SINGLETON-SCR-00369"",""STC-SINGLETON-SCR-00396"",""STC-SINGLETON-SCR-00406"",""STC-SINGLETON-SCR-00407"",""STC-SINGLETON-SCR-00418"",""STC-SINGLETON-SCR-00460"",""STC-SINGLETON-SCR-00488"",""STC-SINGLETON-SCR-00492"",""STC-SINGLETON-SCR-00496"",""STC-SINGLETON-SCR-00502"",""STC-SINGLETON-SCR-00527"",""STC-SINGLETON-SCR-00576"",""STC-SINGLETON-SCR-00589"",""STC-SINGLETON-SCR-00594"",""STC-SINGLETON-SCR-00602"",""STC-SINGLETON-SCR-00631"",""STC-SINGLETON-SCR-00647"",""STC-SINGLETON-SCR-00680"",""STC-SINGLETON-SCR-00719"",""STC-SINGLETON-SCR-00836"",""STC-SINGLETON-SCR-00882"",""STC-SINGLETON-SCR-00884"",""STC-SINGLETON-SCR-00885"",""STC-SINGLETON-SCR-00891"",""STC-SINGLETON-SCR-00896"",""STC-SINGLETON-SCR-00899"",""STC-SINGLETON-SCR-00902"",""STC-SINGLETON-SCR-00903"",""STC-SINGLETON-SCR-00905"",""STC-SINGLETON-SCR-00906"",""STC-SINGLETON-SCR-00908"",""STC-SINGLETON-SCR-00909"",""STC-SINGLETON-SCR-00910"",""STC-SINGLETON-SCR-00913"",""STC-SINGLETON-SCR-00914"",""STC-SINGLETON-SCR-00916"",""STC-SINGLETON-SCR-00917"",""STC-SINGLETON-SCR-00919"",""STC-SINGLETON-SCR-00922"",""STC-SINGLETON-SCR-00925"",""STC-SINGLETON-SCR-00926"",""STC-SINGLETON-SCR-00944"",""STC-SINGLETON-SCR-00949"",""STC-SINGLETON-SCR-00953"",""STC-SINGLETON-SCR-00954"",""STC-SINGLETON-SCR-00959"",""STC-SINGLETON-SCR-00965"",""STC-SINGLETON-SCR-00970"",""STC-SINGLETON-SCR-00974"",""STC-SINGLETON-SCR-00975"",""STC-SINGLETON-SCR-00977"",""STC-SINGLETON-SCR-00979"",""STC-SINGLETON-SCR-00980"",""STC-SINGLETON-SCR-00983"",""STC-SINGLETON-SCR-00985"",""STC-SINGLETON-SCR-00986"",""STC-SINGLETON-SCR-00990"",""STC-SINGLETON-SCR-00992"",""STC-SINGLETON-SCR-00994"",""STC-SINGLETON-SCR-00996"",""STC-SINGLETON-SCR-01000"",""STC-SINGLETON-SCR-01001"",""STC-SINGLETON-SCR-01004"",""STC-SINGLETON-SCR-01008"",""STC-SINGLETON-SCR-01009"",""STC-SINGLETON-SCR-01010"",""STC-SINGLETON-SCR-01011"",""STC-SINGLETON-SCR-01012"",""STC-SINGLETON-SCR-01018"",""STC-SINGLETON-SCR-01020"",""STC-SINGLETON-SCR-01021"",""STC-SINGLETON-SCR-01025"",""STC-SINGLETON-SCR-01030"",""STC-SINGLETON-SCR-01033"",""STC-SINGLETON-SCR-01034"",""STC-SINGLETON-SCR-01036"",""STC-SINGLETON-SCR-01040"",""STC-SINGLETON-SCR-01041"",""STC-SINGLETON-SCR-01047"",""STC-SINGLETON-SCR-01049"",""STC-SINGLETON-SCR-01059"",""STC-SINGLETON-SCR-01060"",""STC-SINGLETON-SCR-01070"",""STC-SINGLETON-SCR-01071"",""STC-SINGLETON-SCR-01073"",""STC-SINGLETON-SCR-01081"",""STC-SINGLETON-SCR-01086"",""STC-SINGLETON-SCR-01095"",""STC-SINGLETON-SCR-01101"",""STC-SINGLETON-SCR-01103"",""STC-SINGLETON-SCR-01105"",""STC-SINGLETON-SCR-01151"",""STC-SINGLETON-SCR-01152"",""STC-SINGLETON-SCR-01153"",""STC-SINGLETON-SCR-01165"",""STC-SINGLETON-SCR-01180"",""STC-SINGLETON-SCR-01188"",""STC-SUBCARRIER-CHIRP-DBAND-2025"",""STC-SUBMARINE-CABLE-DAS-HUIZHOU-2022-2026"",""STC-TUNABLE-LASER-THZ-FMCW-2025-2026"",""STC-WBAND-TFDM-DONG-2022-2024""]}"
S3-sensing_sensitivity_detection_limit,Metric reporting map: sensing / sensitivity_detection_limit,FSO|VLC_LiFi|fiber|hybrid_optical|photonic_THz,22,2,3,3,2,2,2,1,3,3,moderate,"{""section"":""S3"",""deterministic_rule"":""floor_of_dimension_medians_with_n_core_median_and_adequate_share_certainty"",""substantive_for_survey_conclusion"":true,""core_median"":2,""adequate_share"":0.9545,""raw_token_unique_count"":13,""raw_token_samples"":[{""token"":""sensitivity"",""count"":10},{""token"":""other"",""count"":8},{""token"":""limit_of_detection"",""count"":6},{""token"":""strain_sensitivity"",""count"":3},{""token"":""phase_sensitivity"",""count"":2},{""token"":""calibration_sensitivity"",""count"":1},{""token"":""component_sensitivity_gain"",""count"":1},{""token"":""detectable_range"",""count"":1},{""token"":""dynamic_range_enhancement"",""count"":1},{""token"":""imaging_dynamic_range"",""count"":1},{""token"":""intensity_sensitivity"",""count"":1},{""token"":""tag_sensitivity"",""count"":1},{""token"":""vibration_sensitivity"",""count"":1}],""contributing_study_ids"":[""STC-FRDM-POLARIZATION-SENSING-2025-2026"",""STC-SELF-HOMODYNE-MCF-OFDR-2024-2025"",""STC-SEVENCORE-COMB-SH-DAS-2024-2025"",""STC-SINGLETON-SCR-00001"",""STC-SINGLETON-SCR-00002"",""STC-SINGLETON-SCR-00013"",""STC-SINGLETON-SCR-00091"",""STC-SINGLETON-SCR-00294"",""STC-SINGLETON-SCR-00344"",""STC-SINGLETON-SCR-00366"",""STC-SINGLETON-SCR-00432"",""STC-SINGLETON-SCR-00473"",""STC-SINGLETON-SCR-00496"",""STC-SINGLETON-SCR-00589"",""STC-SINGLETON-SCR-00602"",""STC-SINGLETON-SCR-00679"",""STC-SINGLETON-SCR-00680"",""STC-SINGLETON-SCR-00882"",""STC-SINGLETON-SCR-01029"",""STC-SINGLETON-SCR-01070"",""STC-SINGLETON-SCR-01086"",""STC-SINGLETON-SCR-01151""]}"
S3-sensing_spectral_efficiency,Metric reporting map: sensing / spectral_efficiency,photonic_THz,1,3,3,3,2,1,1,1,2,2,limited,"{""section"":""S3"",""deterministic_rule"":""floor_of_dimension_medians_with_n_core_median_and_adequate_share_certainty"",""substantive_for_survey_conclusion"":true,""core_median"":2,""adequate_share"":1,""raw_token_unique_count"":1,""raw_token_samples"":[{""token"":""spectral_efficiency"",""count"":1}],""contributing_study_ids"":[""STC-SINGLETON-SCR-00312""]}"
S3-sensing_system_configuration_or_input_parameter,Metric reporting map: sensing / system_configuration_or_input_parameter,FSO|VLC_LiFi|fiber|hybrid_optical|other_optical|photonic_THz,104,3,3,3,2,2,2,1,3,3,high,"{""section"":""S3"",""deterministic_rule"":""floor_of_dimension_medians_with_n_core_median_and_adequate_share_certainty"",""substantive_for_survey_conclusion"":true,""core_median"":2.5,""adequate_share"":0.9519,""raw_token_unique_count"":170,""raw_token_samples"":[{""token"":""other"",""count"":18},{""token"":""PSLR"",""count"":12},{""token"":""peak_sidelobe_ratio"",""count"":6},{""token"":""pulse_duration"",""count"":6},{""token"":""main_lobe_width"",""count"":5},{""token"":""dataset_size"",""count"":4},{""token"":""estimated_separation"",""count"":4},{""token"":""reconstructed_r0"",""count"":4},{""token"":""spurious_suppression_ratio"",""count"":4},{""token"":""upsampling_ratio"",""count"":4},{""token"":""Brillouin_threshold"",""count"":3},{""token"":""chirp_duration"",""count"":3},{""token"":""FFT_size"",""count"":3},{""token"":""LFM_duration"",""count"":3},{""token"":""model_size"",""count"":3},{""token"":""peak_to_sidelobe_ratio"",""count"":3},{""token"":""pulse_compression_ratio"",""count"":3},{""token"":""pulse_width"",""count"":3},{""token"":""block_size"",""count"":2},{""token"":""BS_count"",""count"":2}],""contributing_study_ids"":[""STC-ACO-OFDM-LFM-LIDAR-2025"",""STC-EADO-OFDM-RANGING-2024-2025"",""STC-ENDOGENOUS-TS-FRFT-DAS-2025"",""STC-LED-OISAC-2024-2025"",""STC-MMW-OFDM-PENG-2023-2024"",""STC-MULTICHANNEL-LFM-QAM-THZ-2024-2026"",""STC-OCDM-THZ-OVER-FIBER-2024-2025"",""STC-SF-LFM-OFDM-THZ-2025-2026"",""STC-SINGLETON-SCR-00001"",""STC-SINGLETON-SCR-00008"",""STC-SINGLETON-SCR-00012"",""STC-SINGLETON-SCR-00086"",""STC-SINGLETON-SCR-00123"",""STC-SINGLETON-SCR-00160"",""STC-SINGLETON-SCR-00189"",""STC-SINGLETON-SCR-00196"",""STC-SINGLETON-SCR-00256"",""STC-SINGLETON-SCR-00274"",""STC-SINGLETON-SCR-00312"",""STC-SINGLETON-SCR-00362"",""STC-SINGLETON-SCR-00366"",""STC-SINGLETON-SCR-00367"",""STC-SINGLETON-SCR-00376"",""STC-SINGLETON-SCR-00396"",""STC-SINGLETON-SCR-00451"",""STC-SINGLETON-SCR-00488"",""STC-SINGLETON-SCR-00492"",""STC-SINGLETON-SCR-00496"",""STC-SINGLETON-SCR-00502"",""STC-SINGLETON-SCR-00576"",""STC-SINGLETON-SCR-00589"",""STC-SINGLETON-SCR-00594"",""STC-SINGLETON-SCR-00602"",""STC-SINGLETON-SCR-00626"",""STC-SINGLETON-SCR-00631"",""STC-SINGLETON-SCR-00647"",""STC-SINGLETON-SCR-00719"",""STC-SINGLETON-SCR-00730"",""STC-SINGLETON-SCR-00761"",""STC-SINGLETON-SCR-00882"",""STC-SINGLETON-SCR-00884"",""STC-SINGLETON-SCR-00885"",""STC-SINGLETON-SCR-00891"",""STC-SINGLETON-SCR-00896"",""STC-SINGLETON-SCR-00902"",""STC-SINGLETON-SCR-00904"",""STC-SINGLETON-SCR-00905"",""STC-SINGLETON-SCR-00906"",""STC-SINGLETON-SCR-00908"",""STC-SINGLETON-SCR-00909"",""STC-SINGLETON-SCR-00910"",""STC-SINGLETON-SCR-00912"",""STC-SINGLETON-SCR-00915"",""STC-SINGLETON-SCR-00916"",""STC-SINGLETON-SCR-00917"",""STC-SINGLETON-SCR-00918"",""STC-SINGLETON-SCR-00922"",""STC-SINGLETON-SCR-00925"",""STC-SINGLETON-SCR-00926"",""STC-SINGLETON-SCR-00937"",""STC-SINGLETON-SCR-00949"",""STC-SINGLETON-SCR-00953"",""STC-SINGLETON-SCR-00959"",""STC-SINGLETON-SCR-00965"",""STC-SINGLETON-SCR-00970"",""STC-SINGLETON-SCR-00974"",""STC-SINGLETON-SCR-00975"",""STC-SINGLETON-SCR-00979"",""STC-SINGLETON-SCR-00980"",""STC-SINGLETON-SCR-00983"",""STC-SINGLETON-SCR-00985"",""STC-SINGLETON-SCR-00986"",""STC-SINGLETON-SCR-00990"",""STC-SINGLETON-SCR-00998"",""STC-SINGLETON-SCR-01006"",""STC-SINGLETON-SCR-01008"",""STC-SINGLETON-SCR-01012"",""STC-SINGLETON-SCR-01018"",""STC-SINGLETON-SCR-01020"",""STC-SINGLETON-SCR-01021"",""STC-SINGLETON-SCR-01024"",""STC-SINGLETON-SCR-01034"",""STC-SINGLETON-SCR-01036"",""STC-SINGLETON-SCR-01045"",""STC-SINGLETON-SCR-01047"",""STC-SINGLETON-SCR-01072"",""STC-SINGLETON-SCR-01073"",""STC-SINGLETON-SCR-01079"",""STC-SINGLETON-SCR-01085"",""STC-SINGLETON-SCR-01088"",""STC-SINGLETON-SCR-01093"",""STC-SINGLETON-SCR-01101"",""STC-SINGLETON-SCR-01151"",""STC-SINGLETON-SCR-01152"",""STC-SINGLETON-SCR-01153"",""STC-SINGLETON-SCR-01165"",""STC-SINGLETON-SCR-01180"",""STC-SINGLETON-SCR-01188"",""STC-SINGLETON-SCR-01229"",""STC-SUBCARRIER-CHIRP-DBAND-2025"",""STC-SUBMARINE-CABLE-DAS-HUIZHOU-2022-2026"",""STC-TUNABLE-LASER-THZ-FMCW-2025-2026"",""STC-WBAND-POLARIZATION-JRC-2023-2025"",""STC-WBAND-TFDM-DONG-2022-2024""]}"
S3-sensing_throughput_rate_capacity,Metric reporting map: sensing / throughput_rate_capacity,FSO|VLC_LiFi|fiber|photonic_THz,13,3,3,3,2,2,2,1,3,3,high,"{""section"":""S3"",""deterministic_rule"":""floor_of_dimension_medians_with_n_core_median_and_adequate_share_certainty"",""substantive_for_survey_conclusion"":true,""core_median"":2.5,""adequate_share"":1,""raw_token_unique_count"":14,""raw_token_samples"":[{""token"":""capacity_resolution_quotient"",""count"":2},{""token"":""bandwidth_rate_EVM_error_sweeps"",""count"":1},{""token"":""baud_distance_profiles"",""count"":1},{""token"":""baud_rate"",""count"":1},{""token"":""capacity_CRLB_Pareto"",""count"":1},{""token"":""communication_rate_penalty"",""count"":1},{""token"":""data_rate_chirp_bandwidth_sweep"",""count"":1},{""token"":""DCRQ"",""count"":1},{""token"":""localization_error"",""count"":1},{""token"":""optimized_data_rate"",""count"":1},{""token"":""rate_EVM_PSLR_sweep"",""count"":1},{""token"":""selected_max_fit_rate"",""count"":1},{""token"":""simulated_bandwidth_performance_boundary"",""count"":1},{""token"":""symbol_rate"",""count"":1}],""contributing_study_ids"":[""STC-DP-IMDD-THZ-RANGING-2025-2026"",""STC-OCDM-THZ-OVER-FIBER-2024-2025"",""STC-SF-LFM-OFDM-THZ-2025-2026"",""STC-SINGLETON-SCR-00278"",""STC-SINGLETON-SCR-00926"",""STC-SINGLETON-SCR-00975"",""STC-SINGLETON-SCR-00990"",""STC-SINGLETON-SCR-01009"",""STC-SINGLETON-SCR-01010"",""STC-SINGLETON-SCR-01012"",""STC-SINGLETON-SCR-01021"",""STC-SINGLETON-SCR-01105"",""STC-SUBCARRIER-CHIRP-DBAND-2025""]}"
S3-sensing_velocity_doppler_error_resolution,Metric reporting map: sensing / velocity_doppler_error_resolution,FSO|fiber|hybrid_optical|other_optical|photonic_THz,9,3,3,3,2,2,2,1,3,2,moderate,"{""section"":""S3"",""deterministic_rule"":""floor_of_dimension_medians_with_n_core_median_and_adequate_share_certainty"",""substantive_for_survey_conclusion"":true,""core_median"":2,""adequate_share"":1,""raw_token_unique_count"":8,""raw_token_samples"":[{""token"":""estimation_error"",""count"":5},{""token"":""estimated_velocity"",""count"":2},{""token"":""velocity_error"",""count"":2},{""token"":""velocity_resolution"",""count"":2},{""token"":""relative_velocity_formula"",""count"":1},{""token"":""resolution"",""count"":1},{""token"":""velocity_resolution_cases"",""count"":1},{""token"":""velocity_resolution_formula"",""count"":1}],""contributing_study_ids"":[""STC-MMW-OFDM-PENG-2023-2024"",""STC-SINGLETON-SCR-00210"",""STC-SINGLETON-SCR-00233"",""STC-SINGLETON-SCR-00268"",""STC-SINGLETON-SCR-00406"",""STC-SINGLETON-SCR-00882"",""STC-SINGLETON-SCR-00916"",""STC-SINGLETON-SCR-01023"",""STC-SINGLETON-SCR-01049""]}"
S4-bandwidth_spectral_efficiency,Communication-sensing tradeoff: bandwidth_spectral_efficiency,FSO|VLC_LiFi|fiber|hybrid_optical|photonic_THz,27,3,3,3,2,2,2,1,3,3,moderate,"{""section"":""S4"",""deterministic_rule"":""floor_of_dimension_medians_with_n_core_median_and_adequate_share_certainty"",""substantive_for_survey_conclusion"":true,""core_median"":2,""adequate_share"":1,""raw_token_unique_count"":0,""raw_token_samples"":[],""contributing_study_ids"":[""STC-III-NITRIDE-MOTION-VLC-2023"",""STC-MMW-OFDM-PENG-2023-2024"",""STC-SINGLETON-SCR-00007"",""STC-SINGLETON-SCR-00011"",""STC-SINGLETON-SCR-00177"",""STC-SINGLETON-SCR-00189"",""STC-SINGLETON-SCR-00273"",""STC-SINGLETON-SCR-00274"",""STC-SINGLETON-SCR-00366"",""STC-SINGLETON-SCR-00367"",""STC-SINGLETON-SCR-00396"",""STC-SINGLETON-SCR-00527"",""STC-SINGLETON-SCR-00647"",""STC-SINGLETON-SCR-00884"",""STC-SINGLETON-SCR-00909"",""STC-SINGLETON-SCR-00965"",""STC-SINGLETON-SCR-00983"",""STC-SINGLETON-SCR-01000"",""STC-SINGLETON-SCR-01004"",""STC-SINGLETON-SCR-01012"",""STC-SINGLETON-SCR-01023"",""STC-SINGLETON-SCR-01036"",""STC-SINGLETON-SCR-01073"",""STC-SINGLETON-SCR-01085"",""STC-SINGLETON-SCR-01088"",""STC-SINGLETON-SCR-01095"",""STC-TUNABLE-LASER-THZ-FMCW-2025-2026""]}"
S4-complexity_latency,Communication-sensing tradeoff: complexity_latency,FSO|VLC_LiFi|fiber|photonic_THz,14,3,3,3,2,2,2,1,3,3,moderate,"{""section"":""S4"",""deterministic_rule"":""floor_of_dimension_medians_with_n_core_median_and_adequate_share_certainty"",""substantive_for_survey_conclusion"":true,""core_median"":2.25,""adequate_share"":0.9286,""raw_token_unique_count"":0,""raw_token_samples"":[],""contributing_study_ids"":[""STC-MMW-OFDM-PENG-2023-2024"",""STC-SINGLETON-SCR-00012"",""STC-SINGLETON-SCR-00833"",""STC-SINGLETON-SCR-00979"",""STC-SINGLETON-SCR-00994"",""STC-SINGLETON-SCR-01006"",""STC-SINGLETON-SCR-01025"",""STC-SINGLETON-SCR-01034"",""STC-SINGLETON-SCR-01059"",""STC-SINGLETON-SCR-01072"",""STC-SINGLETON-SCR-01081"",""STC-SINGLETON-SCR-01093"",""STC-WBAND-POLARIZATION-JRC-2023-2025"",""STC-WBAND-TFDM-DONG-2022-2024""]}"
S4-interference_coexistence,Communication-sensing tradeoff: interference_coexistence,VLC_LiFi|fiber|photonic_THz,12,3,3,3,2,2,2,1,3,3,moderate,"{""section"":""S4"",""deterministic_rule"":""floor_of_dimension_medians_with_n_core_median_and_adequate_share_certainty"",""substantive_for_survey_conclusion"":true,""core_median"":2.25,""adequate_share"":0.8333,""raw_token_unique_count"":0,""raw_token_samples"":[],""contributing_study_ids"":[""STC-III-NITRIDE-MOTION-VLC-2023"",""STC-SINGLETON-SCR-00177"",""STC-SINGLETON-SCR-00492"",""STC-SINGLETON-SCR-00589"",""STC-SINGLETON-SCR-00808"",""STC-SINGLETON-SCR-00919"",""STC-SINGLETON-SCR-00920"",""STC-SINGLETON-SCR-00977"",""STC-SINGLETON-SCR-01036"",""STC-SINGLETON-SCR-01045"",""STC-SINGLETON-SCR-01081"",""STC-SUBMARINE-CABLE-DAS-HUIZHOU-2022-2026""]}"
S4-other_tradeoff,Communication-sensing tradeoff: other_tradeoff,FSO|VLC_LiFi|fiber|other_optical|photonic_THz,42,3,3,3,2,2,2,1,3,3,high,"{""section"":""S4"",""deterministic_rule"":""floor_of_dimension_medians_with_n_core_median_and_adequate_share_certainty"",""substantive_for_survey_conclusion"":true,""core_median"":2.5,""adequate_share"":0.9524,""raw_token_unique_count"":0,""raw_token_samples"":[],""contributing_study_ids"":[""STC-ICP-RL-HLLB-3650KM-2024-2025"",""STC-OCDM-THZ-OVER-FIBER-2024-2025"",""STC-SF-LFM-OFDM-THZ-2025-2026"",""STC-SINGLETON-SCR-00001"",""STC-SINGLETON-SCR-00002"",""STC-SINGLETON-SCR-00056"",""STC-SINGLETON-SCR-00218"",""STC-SINGLETON-SCR-00278"",""STC-SINGLETON-SCR-00344"",""STC-SINGLETON-SCR-00387"",""STC-SINGLETON-SCR-00460"",""STC-SINGLETON-SCR-00680"",""STC-SINGLETON-SCR-00719"",""STC-SINGLETON-SCR-00730"",""STC-SINGLETON-SCR-00884"",""STC-SINGLETON-SCR-00902"",""STC-SINGLETON-SCR-00906"",""STC-SINGLETON-SCR-00908"",""STC-SINGLETON-SCR-00910"",""STC-SINGLETON-SCR-00916"",""STC-SINGLETON-SCR-00919"",""STC-SINGLETON-SCR-00922"",""STC-SINGLETON-SCR-00959"",""STC-SINGLETON-SCR-00996"",""STC-SINGLETON-SCR-01001"",""STC-SINGLETON-SCR-01006"",""STC-SINGLETON-SCR-01018"",""STC-SINGLETON-SCR-01020"",""STC-SINGLETON-SCR-01023"",""STC-SINGLETON-SCR-01024"",""STC-SINGLETON-SCR-01040"",""STC-SINGLETON-SCR-01045"",""STC-SINGLETON-SCR-01047"",""STC-SINGLETON-SCR-01060"",""STC-SINGLETON-SCR-01070"",""STC-SINGLETON-SCR-01081"",""STC-SINGLETON-SCR-01085"",""STC-SINGLETON-SCR-01086"",""STC-SINGLETON-SCR-01088"",""STC-SINGLETON-SCR-01103"",""STC-SUBCARRIER-CHIRP-DBAND-2025"",""STC-SUBMARINE-CABLE-DAS-HUIZHOU-2022-2026""]}"
S4-power_resource_allocation,Communication-sensing tradeoff: power_resource_allocation,FSO|VLC_LiFi|fiber|hybrid_optical|photonic_THz,83,3,3,3,2,2,2,1,3,3,high,"{""section"":""S4"",""deterministic_rule"":""floor_of_dimension_medians_with_n_core_median_and_adequate_share_certainty"",""substantive_for_survey_conclusion"":true,""core_median"":2.5,""adequate_share"":0.988,""raw_token_unique_count"":0,""raw_token_samples"":[],""contributing_study_ids"":[""STC-DSCM-ANN-DT-ECL-2025-2026"",""STC-EADO-OFDM-RANGING-2024-2025"",""STC-ENDOGENOUS-TS-FRFT-DAS-2025"",""STC-FRDM-POLARIZATION-SENSING-2025-2026"",""STC-ICP-RL-HLLB-3650KM-2024-2025"",""STC-OPA-OWISAC-BEAMFORMING-2024-2025"",""STC-SELF-HOMODYNE-MCF-OFDR-2024-2025"",""STC-SEVENCORE-COMB-SH-DAS-2024-2025"",""STC-SINGLETON-SCR-00007"",""STC-SINGLETON-SCR-00008"",""STC-SINGLETON-SCR-00013"",""STC-SINGLETON-SCR-00052"",""STC-SINGLETON-SCR-00056"",""STC-SINGLETON-SCR-00057"",""STC-SINGLETON-SCR-00086"",""STC-SINGLETON-SCR-00151"",""STC-SINGLETON-SCR-00233"",""STC-SINGLETON-SCR-00344"",""STC-SINGLETON-SCR-00362"",""STC-SINGLETON-SCR-00366"",""STC-SINGLETON-SCR-00369"",""STC-SINGLETON-SCR-00387"",""STC-SINGLETON-SCR-00396"",""STC-SINGLETON-SCR-00473"",""STC-SINGLETON-SCR-00492"",""STC-SINGLETON-SCR-00506"",""STC-SINGLETON-SCR-00576"",""STC-SINGLETON-SCR-00602"",""STC-SINGLETON-SCR-00626"",""STC-SINGLETON-SCR-00631"",""STC-SINGLETON-SCR-00665"",""STC-SINGLETON-SCR-00891"",""STC-SINGLETON-SCR-00893"",""STC-SINGLETON-SCR-00908"",""STC-SINGLETON-SCR-00910"",""STC-SINGLETON-SCR-00914"",""STC-SINGLETON-SCR-00916"",""STC-SINGLETON-SCR-00918"",""STC-SINGLETON-SCR-00920"",""STC-SINGLETON-SCR-00925"",""STC-SINGLETON-SCR-00926"",""STC-SINGLETON-SCR-00937"",""STC-SINGLETON-SCR-00941"",""STC-SINGLETON-SCR-00953"",""STC-SINGLETON-SCR-00954"",""STC-SINGLETON-SCR-00959"",""STC-SINGLETON-SCR-00965"",""STC-SINGLETON-SCR-00970"",""STC-SINGLETON-SCR-00980"",""STC-SINGLETON-SCR-00983"",""STC-SINGLETON-SCR-00985"",""STC-SINGLETON-SCR-00986"",""STC-SINGLETON-SCR-00990"",""STC-SINGLETON-SCR-00996"",""STC-SINGLETON-SCR-01010"",""STC-SINGLETON-SCR-01012"",""STC-SINGLETON-SCR-01020"",""STC-SINGLETON-SCR-01021"",""STC-SINGLETON-SCR-01023"",""STC-SINGLETON-SCR-01024"",""STC-SINGLETON-SCR-01025"",""STC-SINGLETON-SCR-01030"",""STC-SINGLETON-SCR-01032"",""STC-SINGLETON-SCR-01033"",""STC-SINGLETON-SCR-01034"",""STC-SINGLETON-SCR-01041"",""STC-SINGLETON-SCR-01045"",""STC-SINGLETON-SCR-01071"",""STC-SINGLETON-SCR-01072"",""STC-SINGLETON-SCR-01079"",""STC-SINGLETON-SCR-01086"",""STC-SINGLETON-SCR-01088"",""STC-SINGLETON-SCR-01093"",""STC-SINGLETON-SCR-01103"",""STC-SINGLETON-SCR-01105"",""STC-SINGLETON-SCR-01151"",""STC-SINGLETON-SCR-01153"",""STC-SINGLETON-SCR-01165"",""STC-SINGLETON-SCR-01180"",""STC-SINGLETON-SCR-01188"",""STC-SUBCARRIER-CHIRP-DBAND-2025"",""STC-WBAND-POLARIZATION-JRC-2023-2025"",""STC-WBAND-TFDM-DONG-2022-2024""]}"
S4-rate_accuracy,Communication-sensing tradeoff: rate_accuracy,FSO|VLC_LiFi|fiber|hybrid_optical|photonic_THz,51,3,3,3,2,2,2,1,3,3,high,"{""section"":""S4"",""deterministic_rule"":""floor_of_dimension_medians_with_n_core_median_and_adequate_share_certainty"",""substantive_for_survey_conclusion"":true,""core_median"":2.5,""adequate_share"":0.9804,""raw_token_unique_count"":0,""raw_token_samples"":[],""contributing_study_ids"":[""STC-ACO-OFDM-LFM-LIDAR-2025"",""STC-ENDOGENOUS-TS-FRFT-DAS-2025"",""STC-MMW-OFDM-PENG-2023-2024"",""STC-REALTIME-BIDIR-DMT-THZ-2024-2026"",""STC-SELF-HOMODYNE-MCF-OFDR-2024-2025"",""STC-SF-LFM-OFDM-THZ-2025-2026"",""STC-SINGLETON-SCR-00009"",""STC-SINGLETON-SCR-00011"",""STC-SINGLETON-SCR-00036"",""STC-SINGLETON-SCR-00110"",""STC-SINGLETON-SCR-00196"",""STC-SINGLETON-SCR-00238"",""STC-SINGLETON-SCR-00367"",""STC-SINGLETON-SCR-00369"",""STC-SINGLETON-SCR-00436"",""STC-SINGLETON-SCR-00460"",""STC-SINGLETON-SCR-00488"",""STC-SINGLETON-SCR-00527"",""STC-SINGLETON-SCR-00647"",""STC-SINGLETON-SCR-00761"",""STC-SINGLETON-SCR-00833"",""STC-SINGLETON-SCR-00836"",""STC-SINGLETON-SCR-00910"",""STC-SINGLETON-SCR-00912"",""STC-SINGLETON-SCR-00916"",""STC-SINGLETON-SCR-00975"",""STC-SINGLETON-SCR-00979"",""STC-SINGLETON-SCR-00985"",""STC-SINGLETON-SCR-00998"",""STC-SINGLETON-SCR-01010"",""STC-SINGLETON-SCR-01018"",""STC-SINGLETON-SCR-01021"",""STC-SINGLETON-SCR-01024"",""STC-SINGLETON-SCR-01025"",""STC-SINGLETON-SCR-01028"",""STC-SINGLETON-SCR-01040"",""STC-SINGLETON-SCR-01041"",""STC-SINGLETON-SCR-01047"",""STC-SINGLETON-SCR-01049"",""STC-SINGLETON-SCR-01050"",""STC-SINGLETON-SCR-01059"",""STC-SINGLETON-SCR-01060"",""STC-SINGLETON-SCR-01071"",""STC-SINGLETON-SCR-01073"",""STC-SINGLETON-SCR-01085"",""STC-SINGLETON-SCR-01095"",""STC-SINGLETON-SCR-01101"",""STC-SINGLETON-SCR-01105"",""STC-SINGLETON-SCR-01165"",""STC-SINGLETON-SCR-01180"",""STC-WBAND-TFDM-DONG-2022-2024""]}"
S4-rate_range,Communication-sensing tradeoff: rate_range,FSO|VLC_LiFi|fiber|hybrid_optical|photonic_THz,14,3,3,3,2,2,2,1,3,3,high,"{""section"":""S4"",""deterministic_rule"":""floor_of_dimension_medians_with_n_core_median_and_adequate_share_certainty"",""substantive_for_survey_conclusion"":true,""core_median"":2.5,""adequate_share"":1,""raw_token_unique_count"":0,""raw_token_samples"":[],""contributing_study_ids"":[""STC-SINGLETON-SCR-00008"",""STC-SINGLETON-SCR-00361"",""STC-SINGLETON-SCR-00576"",""STC-SINGLETON-SCR-00887"",""STC-SINGLETON-SCR-00902"",""STC-SINGLETON-SCR-00908"",""STC-SINGLETON-SCR-00909"",""STC-SINGLETON-SCR-00925"",""STC-SINGLETON-SCR-00926"",""STC-SINGLETON-SCR-00965"",""STC-SINGLETON-SCR-00974"",""STC-SINGLETON-SCR-00986"",""STC-SINGLETON-SCR-00990"",""STC-SINGLETON-SCR-01011""]}"
S4-rate_resolution,Communication-sensing tradeoff: rate_resolution,FSO|fiber|hybrid_optical|photonic_THz,31,3,3,3,2,2,2,1,3,3,high,"{""section"":""S4"",""deterministic_rule"":""floor_of_dimension_medians_with_n_core_median_and_adequate_share_certainty"",""substantive_for_survey_conclusion"":true,""core_median"":2.5,""adequate_share"":0.9677,""raw_token_unique_count"":0,""raw_token_samples"":[],""contributing_study_ids"":[""STC-ACO-OFDM-LFM-LIDAR-2025"",""STC-OCDM-THZ-OVER-FIBER-2024-2025"",""STC-REALTIME-BIDIR-DMT-THZ-2024-2026"",""STC-SF-LFM-OFDM-THZ-2025-2026"",""STC-SINGLETON-SCR-00012"",""STC-SINGLETON-SCR-00210"",""STC-SINGLETON-SCR-00361"",""STC-SINGLETON-SCR-00362"",""STC-SINGLETON-SCR-00418"",""STC-SINGLETON-SCR-00576"",""STC-SINGLETON-SCR-00631"",""STC-SINGLETON-SCR-00680"",""STC-SINGLETON-SCR-00719"",""STC-SINGLETON-SCR-00885"",""STC-SINGLETON-SCR-00887"",""STC-SINGLETON-SCR-00896"",""STC-SINGLETON-SCR-00899"",""STC-SINGLETON-SCR-00913"",""STC-SINGLETON-SCR-00944"",""STC-SINGLETON-SCR-00977"",""STC-SINGLETON-SCR-00985"",""STC-SINGLETON-SCR-01000"",""STC-SINGLETON-SCR-01009"",""STC-SINGLETON-SCR-01041"",""STC-SINGLETON-SCR-01049"",""STC-SINGLETON-SCR-01101"",""STC-SINGLETON-SCR-01151"",""STC-SINGLETON-SCR-01152"",""STC-SINGLETON-SCR-01153"",""STC-SUBCARRIER-CHIRP-DBAND-2025"",""STC-WBAND-POLARIZATION-JRC-2023-2025""]}"
S4-security,Communication-sensing tradeoff: security,fiber,1,2,3,3,2,2,2,1,3,3,limited,"{""section"":""S4"",""deterministic_rule"":""floor_of_dimension_medians_with_n_core_median_and_adequate_share_certainty"",""substantive_for_survey_conclusion"":true,""core_median"":2,""adequate_share"":1,""raw_token_unique_count"":0,""raw_token_samples"":[],""contributing_study_ids"":[""STC-SINGLETON-SCR-01105""]}"
S4-waveform_pilot_guard,Communication-sensing tradeoff: waveform_pilot_guard,FSO|fiber|photonic_THz,23,3,3,3,2,2,2,1,3,3,moderate,"{""section"":""S4"",""deterministic_rule"":""floor_of_dimension_medians_with_n_core_median_and_adequate_share_certainty"",""substantive_for_survey_conclusion"":true,""core_median"":2,""adequate_share"":0.9565,""raw_token_unique_count"":0,""raw_token_samples"":[],""contributing_study_ids"":[""STC-MULTICHANNEL-LFM-QAM-THZ-2024-2026"",""STC-SINGLETON-SCR-00160"",""STC-SINGLETON-SCR-00278"",""STC-SINGLETON-SCR-00312"",""STC-SINGLETON-SCR-00607"",""STC-SINGLETON-SCR-00680"",""STC-SINGLETON-SCR-00885"",""STC-SINGLETON-SCR-00909"",""STC-SINGLETON-SCR-00922"",""STC-SINGLETON-SCR-00941"",""STC-SINGLETON-SCR-00983"",""STC-SINGLETON-SCR-00986"",""STC-SINGLETON-SCR-01000"",""STC-SINGLETON-SCR-01004"",""STC-SINGLETON-SCR-01049"",""STC-SINGLETON-SCR-01070"",""STC-SINGLETON-SCR-01073"",""STC-SINGLETON-SCR-01079"",""STC-SINGLETON-SCR-01101"",""STC-SINGLETON-SCR-01105"",""STC-SINGLETON-SCR-01188"",""STC-SUBMARINE-CABLE-DAS-HUIZHOU-2022-2026"",""STC-TUNABLE-LASER-THZ-FMCW-2025-2026""]}"
S5-analytical_or_simulation,Validation maturity and benchmark readiness: analytical_or_simulation,FSO|VLC_LiFi|fiber|hybrid_optical|other_optical|photonic_THz,32,3,3,3,1,2,1,1,3,2,moderate,"{""section"":""S5"",""deterministic_rule"":""floor_of_dimension_medians_with_n_core_median_and_adequate_share_certainty"",""substantive_for_survey_conclusion"":true,""core_median"":2,""adequate_share"":0.7813,""raw_token_unique_count"":0,""raw_token_samples"":[],""contributing_study_ids"":[""STC-EADO-OFDM-RANGING-2024-2025"",""STC-LED-OISAC-2024-2025"",""STC-SINGLETON-SCR-00007"",""STC-SINGLETON-SCR-00008"",""STC-SINGLETON-SCR-00009"",""STC-SINGLETON-SCR-00091"",""STC-SINGLETON-SCR-00233"",""STC-SINGLETON-SCR-00256"",""STC-SINGLETON-SCR-00274"",""STC-SINGLETON-SCR-00277"",""STC-SINGLETON-SCR-00407"",""STC-SINGLETON-SCR-00456"",""STC-SINGLETON-SCR-00488"",""STC-SINGLETON-SCR-00527"",""STC-SINGLETON-SCR-00557"",""STC-SINGLETON-SCR-00594"",""STC-SINGLETON-SCR-00626"",""STC-SINGLETON-SCR-00761"",""STC-SINGLETON-SCR-00882"",""STC-SINGLETON-SCR-00885"",""STC-SINGLETON-SCR-00903"",""STC-SINGLETON-SCR-00905"",""STC-SINGLETON-SCR-00906"",""STC-SINGLETON-SCR-00908"",""STC-SINGLETON-SCR-00915"",""STC-SINGLETON-SCR-00925"",""STC-SINGLETON-SCR-00937"",""STC-SINGLETON-SCR-00941"",""STC-SINGLETON-SCR-00980"",""STC-SINGLETON-SCR-01033"",""STC-SINGLETON-SCR-01081"",""STC-SINGLETON-SCR-01103""]}"
S5-field_or_deployment,Validation maturity and benchmark readiness: field_or_deployment,FSO|fiber|photonic_THz,6,2,3,3,3,2,2,1,3,3,high,"{""section"":""S5"",""deterministic_rule"":""floor_of_dimension_medians_with_n_core_median_and_adequate_share_certainty"",""substantive_for_survey_conclusion"":true,""core_median"":2.75,""adequate_share"":1,""raw_token_unique_count"":0,""raw_token_samples"":[],""contributing_study_ids"":[""STC-REALTIME-BIDIR-DMT-THZ-2024-2026"",""STC-SINGLETON-SCR-00496"",""STC-SINGLETON-SCR-00631"",""STC-SINGLETON-SCR-00730"",""STC-SINGLETON-SCR-01086"",""STC-SUBMARINE-CABLE-DAS-HUIZHOU-2022-2026""]}"
S5-laboratory_or_prototype,Validation maturity and benchmark readiness: laboratory_or_prototype,FSO|VLC_LiFi|fiber|hybrid_optical|other_optical|photonic_THz,168,3,3,3,2,2,2,1,3,3,moderate,"{""section"":""S5"",""deterministic_rule"":""floor_of_dimension_medians_with_n_core_median_and_adequate_share_certainty"",""substantive_for_survey_conclusion"":true,""core_median"":2,""adequate_share"":0.994,""raw_token_unique_count"":0,""raw_token_samples"":[],""contributing_study_ids"":[""STC-ACO-OFDM-LFM-LIDAR-2025"",""STC-DP-IMDD-THZ-RANGING-2025-2026"",""STC-DSCM-ANN-DT-ECL-2025-2026"",""STC-ENDOGENOUS-TS-FRFT-DAS-2025"",""STC-FRDM-POLARIZATION-SENSING-2025-2026"",""STC-ICP-RL-HLLB-3650KM-2024-2025"",""STC-III-NITRIDE-MOTION-VLC-2023"",""STC-MMW-OFDM-PENG-2023-2024"",""STC-MULTICHANNEL-LFM-QAM-THZ-2024-2026"",""STC-OCDM-THZ-OVER-FIBER-2024-2025"",""STC-ODDM-PHOTONIC-MMW-2024-2025"",""STC-OPA-OWISAC-BEAMFORMING-2024-2025"",""STC-SELF-HOMODYNE-MCF-OFDR-2024-2025"",""STC-SEVENCORE-COMB-SH-DAS-2024-2025"",""STC-SF-LFM-OFDM-THZ-2025-2026"",""STC-SINGLETON-SCR-00001"",""STC-SINGLETON-SCR-00002"",""STC-SINGLETON-SCR-00011"",""STC-SINGLETON-SCR-00012"",""STC-SINGLETON-SCR-00013"",""STC-SINGLETON-SCR-00015"",""STC-SINGLETON-SCR-00036"",""STC-SINGLETON-SCR-00038"",""STC-SINGLETON-SCR-00052"",""STC-SINGLETON-SCR-00056"",""STC-SINGLETON-SCR-00057"",""STC-SINGLETON-SCR-00086"",""STC-SINGLETON-SCR-00110"",""STC-SINGLETON-SCR-00123"",""STC-SINGLETON-SCR-00151"",""STC-SINGLETON-SCR-00160"",""STC-SINGLETON-SCR-00177"",""STC-SINGLETON-SCR-00185"",""STC-SINGLETON-SCR-00189"",""STC-SINGLETON-SCR-00196"",""STC-SINGLETON-SCR-00210"",""STC-SINGLETON-SCR-00218"",""STC-SINGLETON-SCR-00238"",""STC-SINGLETON-SCR-00268"",""STC-SINGLETON-SCR-00273"",""STC-SINGLETON-SCR-00278"",""STC-SINGLETON-SCR-00294"",""STC-SINGLETON-SCR-00312"",""STC-SINGLETON-SCR-00344"",""STC-SINGLETON-SCR-00356"",""STC-SINGLETON-SCR-00361"",""STC-SINGLETON-SCR-00362"",""STC-SINGLETON-SCR-00366"",""STC-SINGLETON-SCR-00367"",""STC-SINGLETON-SCR-00369"",""STC-SINGLETON-SCR-00376"",""STC-SINGLETON-SCR-00379"",""STC-SINGLETON-SCR-00387"",""STC-SINGLETON-SCR-00396"",""STC-SINGLETON-SCR-00406"",""STC-SINGLETON-SCR-00418"",""STC-SINGLETON-SCR-00432"",""STC-SINGLETON-SCR-00436"",""STC-SINGLETON-SCR-00451"",""STC-SINGLETON-SCR-00460"",""STC-SINGLETON-SCR-00473"",""STC-SINGLETON-SCR-00492"",""STC-SINGLETON-SCR-00502"",""STC-SINGLETON-SCR-00506"",""STC-SINGLETON-SCR-00576"",""STC-SINGLETON-SCR-00589"",""STC-SINGLETON-SCR-00602"",""STC-SINGLETON-SCR-00607"",""STC-SINGLETON-SCR-00647"",""STC-SINGLETON-SCR-00665"",""STC-SINGLETON-SCR-00679"",""STC-SINGLETON-SCR-00680"",""STC-SINGLETON-SCR-00719"",""STC-SINGLETON-SCR-00808"",""STC-SINGLETON-SCR-00833"",""STC-SINGLETON-SCR-00836"",""STC-SINGLETON-SCR-00873"",""STC-SINGLETON-SCR-00884"",""STC-SINGLETON-SCR-00887"",""STC-SINGLETON-SCR-00891"",""STC-SINGLETON-SCR-00893"",""STC-SINGLETON-SCR-00896"",""STC-SINGLETON-SCR-00899"",""STC-SINGLETON-SCR-00902"",""STC-SINGLETON-SCR-00904"",""STC-SINGLETON-SCR-00909"",""STC-SINGLETON-SCR-00910"",""STC-SINGLETON-SCR-00912"",""STC-SINGLETON-SCR-00913"",""STC-SINGLETON-SCR-00914"",""STC-SINGLETON-SCR-00916"",""STC-SINGLETON-SCR-00917"",""STC-SINGLETON-SCR-00918"",""STC-SINGLETON-SCR-00919"",""STC-SINGLETON-SCR-00920"",""STC-SINGLETON-SCR-00922"",""STC-SINGLETON-SCR-00926"",""STC-SINGLETON-SCR-00943"",""STC-SINGLETON-SCR-00944"",""STC-SINGLETON-SCR-00949"",""STC-SINGLETON-SCR-00953"",""STC-SINGLETON-SCR-00954"",""STC-SINGLETON-SCR-00959"",""STC-SINGLETON-SCR-00965"",""STC-SINGLETON-SCR-00970"",""STC-SINGLETON-SCR-00974"",""STC-SINGLETON-SCR-00975"",""STC-SINGLETON-SCR-00977"",""STC-SINGLETON-SCR-00979"",""STC-SINGLETON-SCR-00983"",""STC-SINGLETON-SCR-00985"",""STC-SINGLETON-SCR-00986"",""STC-SINGLETON-SCR-00990"",""STC-SINGLETON-SCR-00992"",""STC-SINGLETON-SCR-00994"",""STC-SINGLETON-SCR-00996"",""STC-SINGLETON-SCR-00998"",""STC-SINGLETON-SCR-01000"",""STC-SINGLETON-SCR-01001"",""STC-SINGLETON-SCR-01004"",""STC-SINGLETON-SCR-01006"",""STC-SINGLETON-SCR-01008"",""STC-SINGLETON-SCR-01009"",""STC-SINGLETON-SCR-01010"",""STC-SINGLETON-SCR-01011"",""STC-SINGLETON-SCR-01012"",""STC-SINGLETON-SCR-01018"",""STC-SINGLETON-SCR-01020"",""STC-SINGLETON-SCR-01021"",""STC-SINGLETON-SCR-01023"",""STC-SINGLETON-SCR-01024"",""STC-SINGLETON-SCR-01025"",""STC-SINGLETON-SCR-01028"",""STC-SINGLETON-SCR-01029"",""STC-SINGLETON-SCR-01030"",""STC-SINGLETON-SCR-01032"",""STC-SINGLETON-SCR-01034"",""STC-SINGLETON-SCR-01036"",""STC-SINGLETON-SCR-01040"",""STC-SINGLETON-SCR-01041"",""STC-SINGLETON-SCR-01045"",""STC-SINGLETON-SCR-01047"",""STC-SINGLETON-SCR-01049"",""STC-SINGLETON-SCR-01050"",""STC-SINGLETON-SCR-01059"",""STC-SINGLETON-SCR-01060"",""STC-SINGLETON-SCR-01070"",""STC-SINGLETON-SCR-01071"",""STC-SINGLETON-SCR-01072"",""STC-SINGLETON-SCR-01073"",""STC-SINGLETON-SCR-01079"",""STC-SINGLETON-SCR-01085"",""STC-SINGLETON-SCR-01088"",""STC-SINGLETON-SCR-01093"",""STC-SINGLETON-SCR-01095"",""STC-SINGLETON-SCR-01101"",""STC-SINGLETON-SCR-01105"",""STC-SINGLETON-SCR-01151"",""STC-SINGLETON-SCR-01152"",""STC-SINGLETON-SCR-01153"",""STC-SINGLETON-SCR-01165"",""STC-SINGLETON-SCR-01180"",""STC-SINGLETON-SCR-01188"",""STC-SINGLETON-SCR-01229"",""STC-SUBCARRIER-CHIRP-DBAND-2025"",""STC-TUNABLE-LASER-THZ-FMCW-2025-2026"",""STC-WBAND-POLARIZATION-JRC-2023-2025"",""STC-WBAND-TFDM-DONG-2022-2024""]}"
S6-application_aerospace_satellite_space,Application domain: aerospace_satellite_space,FSO|fiber|hybrid_optical|other_optical|photonic_THz,18,3,3,3,2,2,2,1,3,3,moderate,"{""section"":""S6"",""deterministic_rule"":""floor_of_dimension_medians_with_n_core_median_and_adequate_share_certainty"",""substantive_for_survey_conclusion"":true,""core_median"":2,""adequate_share"":0.9444,""raw_token_unique_count"":10,""raw_token_samples"":[{""token"":""aerospace"",""count"":8},{""token"":""free_space_optical_communication"",""count"":4},{""token"":""satellite"",""count"":3},{""token"":""free_space_optics"",""count"":1},{""token"":""multiuser_free_space_optics"",""count"":1},{""token"":""satellite_laser_ranging"",""count"":1},{""token"":""space_communication"",""count"":1},{""token"":""space_communications"",""count"":1},{""token"":""space_debris_monitoring"",""count"":1},{""token"":""space_ISAC"",""count"":1}],""contributing_study_ids"":[""STC-SINGLETON-SCR-00091"",""STC-SINGLETON-SCR-00268"",""STC-SINGLETON-SCR-00274"",""STC-SINGLETON-SCR-00361"",""STC-SINGLETON-SCR-00362"",""STC-SINGLETON-SCR-00387"",""STC-SINGLETON-SCR-00396"",""STC-SINGLETON-SCR-00456"",""STC-SINGLETON-SCR-00576"",""STC-SINGLETON-SCR-00679"",""STC-SINGLETON-SCR-00730"",""STC-SINGLETON-SCR-00903"",""STC-SINGLETON-SCR-00908"",""STC-SINGLETON-SCR-00909"",""STC-SINGLETON-SCR-00913"",""STC-SINGLETON-SCR-00944"",""STC-SINGLETON-SCR-00979"",""STC-SINGLETON-SCR-01085""]}"
S6-application_environmental_and_atmospheric_monitoring,Application domain: environmental_and_atmospheric_monitoring,FSO|VLC_LiFi|fiber|hybrid_optical|other_optical|photonic_THz,25,3,3,3,2,2,2,1,3,3,moderate,"{""section"":""S6"",""deterministic_rule"":""floor_of_dimension_medians_with_n_core_median_and_adequate_share_certainty"",""substantive_for_survey_conclusion"":true,""core_median"":2,""adequate_share"":1,""raw_token_unique_count"":15,""raw_token_samples"":[{""token"":""environment_monitoring"",""count"":13},{""token"":""atmospheric_lidar"",""count"":1},{""token"":""atmospheric_turbulence_monitoring"",""count"":1},{""token"":""electromagnetic_environment_sensing"",""count"":1},{""token"":""environment_imaging"",""count"":1},{""token"":""environment_reconstruction"",""count"":1},{""token"":""marine_environmental_monitoring"",""count"":1},{""token"":""ocean_environment_monitoring"",""count"":1},{""token"":""ocean_science"",""count"":1},{""token"":""potential_fiber_temperature_sensing"",""count"":1},{""token"":""smart_indoor_environment"",""count"":1},{""token"":""temperature_monitoring"",""count"":1},{""token"":""underwater_communication"",""count"":1},{""token"":""water_quality"",""count"":1},{""token"":""weather_sensing"",""count"":1}],""contributing_study_ids"":[""STC-III-NITRIDE-MOTION-VLC-2023"",""STC-OPA-OWISAC-BEAMFORMING-2024-2025"",""STC-SEVENCORE-COMB-SH-DAS-2024-2025"",""STC-SINGLETON-SCR-00002"",""STC-SINGLETON-SCR-00008"",""STC-SINGLETON-SCR-00013"",""STC-SINGLETON-SCR-00218"",""STC-SINGLETON-SCR-00277"",""STC-SINGLETON-SCR-00294"",""STC-SINGLETON-SCR-00344"",""STC-SINGLETON-SCR-00379"",""STC-SINGLETON-SCR-00456"",""STC-SINGLETON-SCR-00679"",""STC-SINGLETON-SCR-00680"",""STC-SINGLETON-SCR-00730"",""STC-SINGLETON-SCR-00917"",""STC-SINGLETON-SCR-00941"",""STC-SINGLETON-SCR-00975"",""STC-SINGLETON-SCR-01021"",""STC-SINGLETON-SCR-01029"",""STC-SINGLETON-SCR-01073"",""STC-SINGLETON-SCR-01085"",""STC-SINGLETON-SCR-01088"",""STC-SINGLETON-SCR-01095"",""STC-SUBMARINE-CABLE-DAS-HUIZHOU-2022-2026""]}"
S6-application_healthcare_biomedical_wearables,Application domain: healthcare_biomedical_wearables,FSO|VLC_LiFi|fiber|hybrid_optical,8,2,2,3,2,2,2,1,3,2,moderate,"{""section"":""S6"",""deterministic_rule"":""floor_of_dimension_medians_with_n_core_median_and_adequate_share_certainty"",""substantive_for_survey_conclusion"":true,""core_median"":2,""adequate_share"":1,""raw_token_unique_count"":5,""raw_token_samples"":[{""token"":""healthcare"",""count"":5},{""token"":""wearables"",""count"":2},{""token"":""indoor_health_monitoring"",""count"":1},{""token"":""link_health_monitoring"",""count"":1},{""token"":""wearable"",""count"":1}],""contributing_study_ids"":[""STC-SELF-HOMODYNE-MCF-OFDR-2024-2025"",""STC-SINGLETON-SCR-00001"",""STC-SINGLETON-SCR-00009"",""STC-SINGLETON-SCR-00294"",""STC-SINGLETON-SCR-00376"",""STC-SINGLETON-SCR-00451"",""STC-SINGLETON-SCR-00506"",""STC-SINGLETON-SCR-01047""]}"
S6-application_imaging_lidar_mapping,Application domain: imaging_lidar_mapping,FSO|fiber|photonic_THz,19,3,3,3,2,2,2,1,3,3,high,"{""section"":""S6"",""deterministic_rule"":""floor_of_dimension_medians_with_n_core_median_and_adequate_share_certainty"",""substantive_for_survey_conclusion"":true,""core_median"":2.5,""adequate_share"":0.9474,""raw_token_unique_count"":8,""raw_token_samples"":[{""token"":""radar_imaging"",""count"":7},{""token"":""LiDAR"",""count"":5},{""token"":""LiDAR_ranging"",""count"":2},{""token"":""complex_target_imaging"",""count"":1},{""token"":""FMCW_Lidar"",""count"":1},{""token"":""high_resolution_imaging"",""count"":1},{""token"":""LiDAR_like_ranging"",""count"":1},{""token"":""OPA_LiDAR"",""count"":1}],""contributing_study_ids"":[""STC-EADO-OFDM-RANGING-2024-2025"",""STC-OCDM-THZ-OVER-FIBER-2024-2025"",""STC-OPA-OWISAC-BEAMFORMING-2024-2025"",""STC-SINGLETON-SCR-00256"",""STC-SINGLETON-SCR-00396"",""STC-SINGLETON-SCR-00406"",""STC-SINGLETON-SCR-00576"",""STC-SINGLETON-SCR-00594"",""STC-SINGLETON-SCR-00631"",""STC-SINGLETON-SCR-00891"",""STC-SINGLETON-SCR-00893"",""STC-SINGLETON-SCR-00903"",""STC-SINGLETON-SCR-00908"",""STC-SINGLETON-SCR-00916"",""STC-SINGLETON-SCR-00926"",""STC-SINGLETON-SCR-00980"",""STC-SINGLETON-SCR-00985"",""STC-SINGLETON-SCR-01000"",""STC-SINGLETON-SCR-01009""]}"
S6-application_industrial_and_infrastructure,Application domain: industrial_and_infrastructure,FSO|VLC_LiFi|fiber|hybrid_optical|other_optical|photonic_THz,57,2,3,3,2,2,2,1,3,3,moderate,"{""section"":""S6"",""deterministic_rule"":""floor_of_dimension_medians_with_n_core_median_and_adequate_share_certainty"",""substantive_for_survey_conclusion"":true,""core_median"":2,""adequate_share"":0.9649,""raw_token_unique_count"":20,""raw_token_samples"":[{""token"":""smart_infrastructure"",""count"":30},{""token"":""industrial"",""count"":22},{""token"":""industrial_IoT"",""count"":4},{""token"":""industrial_internet_of_things"",""count"":2},{""token"":""converged_fiber_infrastructure"",""count"":1},{""token"":""fiber_infrastructure_protection"",""count"":1},{""token"":""fiber_infrastructure_reuse"",""count"":1},{""token"":""high_speed_rail"",""count"":1},{""token"":""industrial_automation"",""count"":1},{""token"":""industrial_networking"",""count"":1},{""token"":""infrastructure_monitoring"",""count"":1},{""token"":""intelligent_factory"",""count"":1},{""token"":""pipeline_safety"",""count"":1},{""token"":""railway_safety"",""count"":1},{""token"":""smart_factory"",""count"":1},{""token"":""smart_manufacturing"",""count"":1},{""token"":""SMART_subsea_cable"",""count"":1},{""token"":""structural_health_monitoring"",""count"":1},{""token"":""structural_sensing"",""count"":1},{""token"":""submarine_optical_cables"",""count"":1}],""contributing_study_ids"":[""STC-ICP-RL-HLLB-3650KM-2024-2025"",""STC-LED-OISAC-2024-2025"",""STC-SEVENCORE-COMB-SH-DAS-2024-2025"",""STC-SINGLETON-SCR-00002"",""STC-SINGLETON-SCR-00008"",""STC-SINGLETON-SCR-00009"",""STC-SINGLETON-SCR-00011"",""STC-SINGLETON-SCR-00012"",""STC-SINGLETON-SCR-00013"",""STC-SINGLETON-SCR-00015"",""STC-SINGLETON-SCR-00036"",""STC-SINGLETON-SCR-00110"",""STC-SINGLETON-SCR-00123"",""STC-SINGLETON-SCR-00177"",""STC-SINGLETON-SCR-00189"",""STC-SINGLETON-SCR-00210"",""STC-SINGLETON-SCR-00218"",""STC-SINGLETON-SCR-00238"",""STC-SINGLETON-SCR-00273"",""STC-SINGLETON-SCR-00274"",""STC-SINGLETON-SCR-00277"",""STC-SINGLETON-SCR-00278"",""STC-SINGLETON-SCR-00294"",""STC-SINGLETON-SCR-00312"",""STC-SINGLETON-SCR-00344"",""STC-SINGLETON-SCR-00356"",""STC-SINGLETON-SCR-00362"",""STC-SINGLETON-SCR-00366"",""STC-SINGLETON-SCR-00367"",""STC-SINGLETON-SCR-00369"",""STC-SINGLETON-SCR-00376"",""STC-SINGLETON-SCR-00379"",""STC-SINGLETON-SCR-00418"",""STC-SINGLETON-SCR-00432"",""STC-SINGLETON-SCR-00436"",""STC-SINGLETON-SCR-00473"",""STC-SINGLETON-SCR-00527"",""STC-SINGLETON-SCR-00557"",""STC-SINGLETON-SCR-00576"",""STC-SINGLETON-SCR-00589"",""STC-SINGLETON-SCR-00607"",""STC-SINGLETON-SCR-00647"",""STC-SINGLETON-SCR-00679"",""STC-SINGLETON-SCR-00680"",""STC-SINGLETON-SCR-00836"",""STC-SINGLETON-SCR-00884"",""STC-SINGLETON-SCR-00887"",""STC-SINGLETON-SCR-00959"",""STC-SINGLETON-SCR-00996"",""STC-SINGLETON-SCR-01004"",""STC-SINGLETON-SCR-01006"",""STC-SINGLETON-SCR-01008"",""STC-SINGLETON-SCR-01032"",""STC-SINGLETON-SCR-01050"",""STC-SINGLETON-SCR-01060"",""STC-SINGLETON-SCR-01086"",""STC-SINGLETON-SCR-01095""]}"
S6-application_localization_positioning_navigation,Application domain: localization_positioning_navigation,FSO|VLC_LiFi|fiber|hybrid_optical|photonic_THz,28,3,3,3,2,2,2,1,3,2,moderate,"{""section"":""S6"",""deterministic_rule"":""floor_of_dimension_medians_with_n_core_median_and_adequate_share_certainty"",""substantive_for_survey_conclusion"":true,""core_median"":2,""adequate_share"":0.8929,""raw_token_unique_count"":19,""raw_token_samples"":[{""token"":""indoor_positioning"",""count"":5},{""token"":""user_localization"",""count"":4},{""token"":""indoor_localization"",""count"":3},{""token"":""fiber_fault_localization"",""count"":2},{""token"":""aerial_retroreflective_positioning"",""count"":1},{""token"":""beam_tracking"",""count"":1},{""token"":""earthquake_localization"",""count"":1},{""token"":""fiber_vibration_localization"",""count"":1},{""token"":""high_precision_positioning"",""count"":1},{""token"":""identification_sensing_tracking"",""count"":1},{""token"":""indoor_positioning_and_communication"",""count"":1},{""token"":""localization_support"",""count"":1},{""token"":""navigation"",""count"":1},{""token"":""optical_positioning"",""count"":1},{""token"":""positioning"",""count"":1},{""token"":""smart_factory_positioning"",""count"":1},{""token"":""target_localization"",""count"":1},{""token"":""user_equipment_positioning"",""count"":1},{""token"":""warehouse_tracking"",""count"":1}],""contributing_study_ids"":[""STC-DP-IMDD-THZ-RANGING-2025-2026"",""STC-ICP-RL-HLLB-3650KM-2024-2025"",""STC-LED-OISAC-2024-2025"",""STC-SINGLETON-SCR-00056"",""STC-SINGLETON-SCR-00196"",""STC-SINGLETON-SCR-00406"",""STC-SINGLETON-SCR-00488"",""STC-SINGLETON-SCR-00502"",""STC-SINGLETON-SCR-00882"",""STC-SINGLETON-SCR-00905"",""STC-SINGLETON-SCR-00910"",""STC-SINGLETON-SCR-00914"",""STC-SINGLETON-SCR-00915"",""STC-SINGLETON-SCR-00937"",""STC-SINGLETON-SCR-00983"",""STC-SINGLETON-SCR-01000"",""STC-SINGLETON-SCR-01008"",""STC-SINGLETON-SCR-01011"",""STC-SINGLETON-SCR-01023"",""STC-SINGLETON-SCR-01024"",""STC-SINGLETON-SCR-01028"",""STC-SINGLETON-SCR-01029"",""STC-SINGLETON-SCR-01040"",""STC-SINGLETON-SCR-01041"",""STC-SINGLETON-SCR-01050"",""STC-SINGLETON-SCR-01081"",""STC-SINGLETON-SCR-01103"",""STC-SINGLETON-SCR-01165""]}"
S6-application_other_application_domain,Application domain: other_application_domain (mixed/unclassified; non-substantive),VLC_LiFi|fiber|photonic_THz,15,3,3,3,2,2,2,1,3,3,unclear,"{""section"":""S6"",""deterministic_rule"":""mixed_unclassified_fallback_not_eligible_for_substantive_survey_certainty_conclusion"",""substantive_for_survey_conclusion"":false,""core_median"":2.5,""adequate_share"":1,""raw_token_unique_count"":46,""raw_token_samples"":[{""token"":""six_g"",""count"":8},{""token"":""high_capacity_wireless"",""count"":5},{""token"":""radar_ranging"",""count"":4},{""token"":""high_resolution_radar"",""count"":3},{""token"":""mmWave_ISAC"",""count"":3},{""token"":""THz_ISAC"",""count"":3},{""token"":""optical_ISAC"",""count"":2},{""token"":""adaptive_waveform_design"",""count"":1},{""token"":""beam_scanning"",""count"":1},{""token"":""bidirectional_wireless"",""count"":1},{""token"":""centimeter_resolution_radar"",""count"":1},{""token"":""digital_twin"",""count"":1},{""token"":""distributed_acoustic_sensing"",""count"":1},{""token"":""fiber_monitoring"",""count"":1},{""token"":""fiber_wireless_network"",""count"":1},{""token"":""full_duplex_visible_light"",""count"":1},{""token"":""hand_gesture_recognition"",""count"":1},{""token"":""high_rate_wireless"",""count"":1},{""token"":""human_computer_interaction"",""count"":1},{""token"":""ISAR"",""count"":1}],""contributing_study_ids"":[""STC-MULTICHANNEL-LFM-QAM-THZ-2024-2026"",""STC-ODDM-PHOTONIC-MMW-2024-2025"",""STC-SINGLETON-SCR-00052"",""STC-SINGLETON-SCR-00602"",""STC-SINGLETON-SCR-00899"",""STC-SINGLETON-SCR-00919"",""STC-SINGLETON-SCR-00953"",""STC-SINGLETON-SCR-00970"",""STC-SINGLETON-SCR-00974"",""STC-SINGLETON-SCR-00990"",""STC-SINGLETON-SCR-01010"",""STC-SINGLETON-SCR-01036"",""STC-SINGLETON-SCR-01059"",""STC-SINGLETON-SCR-01079"",""STC-SINGLETON-SCR-01101""]}"
S6-application_security_surveillance_resilience,Application domain: security_surveillance_resilience,FSO|VLC_LiFi|fiber|hybrid_optical|other_optical|photonic_THz,25,2,3,3,2,2,2,1,3,3,moderate,"{""section"":""S6"",""deterministic_rule"":""floor_of_dimension_medians_with_n_core_median_and_adequate_share_certainty"",""substantive_for_survey_conclusion"":true,""core_median"":2,""adequate_share"":0.88,""raw_token_unique_count"":12,""raw_token_samples"":[{""token"":""security"",""count"":13},{""token"":""physical_layer_security"",""count"":3},{""token"":""anti_jamming"",""count"":2},{""token"":""anti_jamming_ISAC"",""count"":1},{""token"":""anti_jamming_wireless"",""count"":1},{""token"":""border_security"",""count"":1},{""token"":""fiber_intrusion_monitoring"",""count"":1},{""token"":""fiber_security"",""count"":1},{""token"":""human_intrusion_monitoring"",""count"":1},{""token"":""intrusion_detection"",""count"":1},{""token"":""perimeter_security"",""count"":1},{""token"":""privacy_preserving_multiuser_learning"",""count"":1}],""contributing_study_ids"":[""STC-SINGLETON-SCR-00012"",""STC-SINGLETON-SCR-00015"",""STC-SINGLETON-SCR-00238"",""STC-SINGLETON-SCR-00268"",""STC-SINGLETON-SCR-00278"",""STC-SINGLETON-SCR-00369"",""STC-SINGLETON-SCR-00379"",""STC-SINGLETON-SCR-00387"",""STC-SINGLETON-SCR-00432"",""STC-SINGLETON-SCR-00473"",""STC-SINGLETON-SCR-00589"",""STC-SINGLETON-SCR-00607"",""STC-SINGLETON-SCR-00679"",""STC-SINGLETON-SCR-00680"",""STC-SINGLETON-SCR-00719"",""STC-SINGLETON-SCR-00761"",""STC-SINGLETON-SCR-00885"",""STC-SINGLETON-SCR-00977"",""STC-SINGLETON-SCR-00992"",""STC-SINGLETON-SCR-01045"",""STC-SINGLETON-SCR-01081"",""STC-SINGLETON-SCR-01086"",""STC-SINGLETON-SCR-01105"",""STC-SINGLETON-SCR-01188"",""STC-SINGLETON-SCR-01229""]}"
S6-application_six_g_and_future_networks,Application domain: six_g_and_future_networks,FSO|VLC_LiFi|fiber|hybrid_optical|other_optical|photonic_THz,68,3,3,3,2,2,2,1,3,3,high,"{""section"":""S6"",""deterministic_rule"":""floor_of_dimension_medians_with_n_core_median_and_adequate_share_certainty"",""substantive_for_survey_conclusion"":true,""core_median"":2.5,""adequate_share"":1,""raw_token_unique_count"":12,""raw_token_samples"":[{""token"":""6G_access"",""count"":25},{""token"":""6G"",""count"":24},{""token"":""6G_ISAC"",""count"":10},{""token"":""6G_adjacent_W_band_ISAC"",""count"":1},{""token"":""6G_B6G"",""count"":1},{""token"":""6G_network_optimization"",""count"":1},{""token"":""6G_RAN"",""count"":1},{""token"":""6G_transport_network"",""count"":1},{""token"":""B5G_6G"",""count"":1},{""token"":""beyond_5G"",""count"":1},{""token"":""bidirectional_6G_access"",""count"":1},{""token"":""short_range_6G_microcell"",""count"":1}],""contributing_study_ids"":[""STC-EADO-OFDM-RANGING-2024-2025"",""STC-OCDM-THZ-OVER-FIBER-2024-2025"",""STC-SEVENCORE-COMB-SH-DAS-2024-2025"",""STC-SF-LFM-OFDM-THZ-2025-2026"",""STC-SINGLETON-SCR-00160"",""STC-SINGLETON-SCR-00177"",""STC-SINGLETON-SCR-00185"",""STC-SINGLETON-SCR-00189"",""STC-SINGLETON-SCR-00196"",""STC-SINGLETON-SCR-00210"",""STC-SINGLETON-SCR-00268"",""STC-SINGLETON-SCR-00273"",""STC-SINGLETON-SCR-00274"",""STC-SINGLETON-SCR-00277"",""STC-SINGLETON-SCR-00312"",""STC-SINGLETON-SCR-00361"",""STC-SINGLETON-SCR-00362"",""STC-SINGLETON-SCR-00366"",""STC-SINGLETON-SCR-00369"",""STC-SINGLETON-SCR-00407"",""STC-SINGLETON-SCR-00418"",""STC-SINGLETON-SCR-00436"",""STC-SINGLETON-SCR-00456"",""STC-SINGLETON-SCR-00460"",""STC-SINGLETON-SCR-00492"",""STC-SINGLETON-SCR-00502"",""STC-SINGLETON-SCR-00527"",""STC-SINGLETON-SCR-00626"",""STC-SINGLETON-SCR-00631"",""STC-SINGLETON-SCR-00836"",""STC-SINGLETON-SCR-00882"",""STC-SINGLETON-SCR-00891"",""STC-SINGLETON-SCR-00902"",""STC-SINGLETON-SCR-00906"",""STC-SINGLETON-SCR-00908"",""STC-SINGLETON-SCR-00909"",""STC-SINGLETON-SCR-00917"",""STC-SINGLETON-SCR-00920"",""STC-SINGLETON-SCR-00922"",""STC-SINGLETON-SCR-00925"",""STC-SINGLETON-SCR-00926"",""STC-SINGLETON-SCR-00941"",""STC-SINGLETON-SCR-00954"",""STC-SINGLETON-SCR-00977"",""STC-SINGLETON-SCR-00979"",""STC-SINGLETON-SCR-00980"",""STC-SINGLETON-SCR-00985"",""STC-SINGLETON-SCR-00986"",""STC-SINGLETON-SCR-00994"",""STC-SINGLETON-SCR-00996"",""STC-SINGLETON-SCR-00998"",""STC-SINGLETON-SCR-01000"",""STC-SINGLETON-SCR-01004"",""STC-SINGLETON-SCR-01006"",""STC-SINGLETON-SCR-01012"",""STC-SINGLETON-SCR-01018"",""STC-SINGLETON-SCR-01020"",""STC-SINGLETON-SCR-01023"",""STC-SINGLETON-SCR-01024"",""STC-SINGLETON-SCR-01025"",""STC-SINGLETON-SCR-01040"",""STC-SINGLETON-SCR-01049"",""STC-SINGLETON-SCR-01152"",""STC-SINGLETON-SCR-01153"",""STC-SINGLETON-SCR-01229"",""STC-SUBCARRIER-CHIRP-DBAND-2025"",""STC-TUNABLE-LASER-THZ-FMCW-2025-2026"",""STC-WBAND-TFDM-DONG-2022-2024""]}"
S6-application_smart_city_iot_indoor,Application domain: smart_city_iot_indoor,FSO|VLC_LiFi|fiber|hybrid_optical|other_optical|photonic_THz,34,3,3,3,2,2,2,1,3,3,moderate,"{""section"":""S6"",""deterministic_rule"":""floor_of_dimension_medians_with_n_core_median_and_adequate_share_certainty"",""substantive_for_survey_conclusion"":true,""core_median"":2,""adequate_share"":0.9412,""raw_token_unique_count"":21,""raw_token_samples"":[{""token"":""indoor_connectivity"",""count"":8},{""token"":""IoT"",""count"":5},{""token"":""smart_home"",""count"":5},{""token"":""smart_city"",""count"":4},{""token"":""internet_of_things"",""count"":3},{""token"":""indoor_THz_communication"",""count"":2},{""token"":""indoor_VLC"",""count"":2},{""token"":""energy_efficient_building"",""count"":1},{""token"":""IoT_IoE"",""count"":1},{""token"":""indoor_AGV_ranging"",""count"":1},{""token"":""indoor_and_underground_networks"",""count"":1},{""token"":""indoor_IoT"",""count"":1},{""token"":""indoor_ISAC"",""count"":1},{""token"":""indoor_OWC"",""count"":1},{""token"":""indoor_ranging"",""count"":1},{""token"":""indoor_sensing"",""count"":1},{""token"":""indoor_short_range"",""count"":1},{""token"":""indoor_wireless"",""count"":1},{""token"":""massive_IoT"",""count"":1},{""token"":""passive_IoT"",""count"":1}],""contributing_study_ids"":[""STC-III-NITRIDE-MOTION-VLC-2023"",""STC-LED-OISAC-2024-2025"",""STC-SINGLETON-SCR-00086"",""STC-SINGLETON-SCR-00312"",""STC-SINGLETON-SCR-00376"",""STC-SINGLETON-SCR-00379"",""STC-SINGLETON-SCR-00387"",""STC-SINGLETON-SCR-00460"",""STC-SINGLETON-SCR-00492"",""STC-SINGLETON-SCR-00496"",""STC-SINGLETON-SCR-00502"",""STC-SINGLETON-SCR-00506"",""STC-SINGLETON-SCR-00527"",""STC-SINGLETON-SCR-00557"",""STC-SINGLETON-SCR-00873"",""STC-SINGLETON-SCR-00902"",""STC-SINGLETON-SCR-00909"",""STC-SINGLETON-SCR-00912"",""STC-SINGLETON-SCR-00918"",""STC-SINGLETON-SCR-00920"",""STC-SINGLETON-SCR-00925"",""STC-SINGLETON-SCR-00926"",""STC-SINGLETON-SCR-00943"",""STC-SINGLETON-SCR-00996"",""STC-SINGLETON-SCR-01000"",""STC-SINGLETON-SCR-01001"",""STC-SINGLETON-SCR-01011"",""STC-SINGLETON-SCR-01024"",""STC-SINGLETON-SCR-01025"",""STC-SINGLETON-SCR-01028"",""STC-SINGLETON-SCR-01030"",""STC-SINGLETON-SCR-01047"",""STC-SINGLETON-SCR-01152"",""STC-SINGLETON-SCR-01188""]}"
S6-application_structural_health_and_vibration_monitoring,Application domain: structural_health_and_vibration_monitoring,fiber|photonic_THz,12,2,3,3,2,2,2,1,3,3,moderate,"{""section"":""S6"",""deterministic_rule"":""floor_of_dimension_medians_with_n_core_median_and_adequate_share_certainty"",""substantive_for_survey_conclusion"":true,""core_median"":2,""adequate_share"":1,""raw_token_unique_count"":7,""raw_token_samples"":[{""token"":""distributed_vibration_sensing"",""count"":4},{""token"":""forward_vibration_sensing"",""count"":2},{""token"":""vibration_monitoring"",""count"":2},{""token"":""distributed_fiber_vibration_sensing"",""count"":1},{""token"":""fault_detection"",""count"":1},{""token"":""fiber_vibration_monitoring"",""count"":1},{""token"":""link_security_and_fault_warning"",""count"":1}],""contributing_study_ids"":[""STC-DSCM-ANN-DT-ECL-2025-2026"",""STC-ENDOGENOUS-TS-FRFT-DAS-2025"",""STC-FRDM-POLARIZATION-SENSING-2025-2026"",""STC-SINGLETON-SCR-00057"",""STC-SINGLETON-SCR-00665"",""STC-SINGLETON-SCR-00680"",""STC-SINGLETON-SCR-00949"",""STC-SINGLETON-SCR-01070"",""STC-SINGLETON-SCR-01071"",""STC-SINGLETON-SCR-01072"",""STC-SINGLETON-SCR-01093"",""STC-SINGLETON-SCR-01105""]}"
S6-application_telecom_access_transport_datacenter,Application domain: telecom_access_transport_datacenter,FSO|VLC_LiFi|fiber|hybrid_optical|photonic_THz,46,3,3,3,2,2,2,1,3,3,high,"{""section"":""S6"",""deterministic_rule"":""floor_of_dimension_medians_with_n_core_median_and_adequate_share_certainty"",""substantive_for_survey_conclusion"":true,""core_median"":2.5,""adequate_share"":1,""raw_token_unique_count"":31,""raw_token_samples"":[{""token"":""optical_access_network"",""count"":9},{""token"":""fiber_wireless_access"",""count"":4},{""token"":""telecom_fiber_monitoring"",""count"":4},{""token"":""mobile_fronthaul"",""count"":3},{""token"":""datacenter"",""count"":2},{""token"":""multiuser_access"",""count"":2},{""token"":""radio_access_network"",""count"":2},{""token"":""transport_network"",""count"":2},{""token"":""analog_fronthaul"",""count"":1},{""token"":""beamsteering_access_point"",""count"":1},{""token"":""C_RAN_fronthaul"",""count"":1},{""token"":""centralized_radio_access"",""count"":1},{""token"":""coherent_telecommunication"",""count"":1},{""token"":""data_center_interconnect"",""count"":1},{""token"":""data_center_optical_interconnects"",""count"":1},{""token"":""deterministic_PON"",""count"":1},{""token"":""FSO_backhaul"",""count"":1},{""token"":""high_capacity_backhaul"",""count"":1},{""token"":""high_rate_access"",""count"":1},{""token"":""long_range_wireless_backhaul"",""count"":1}],""contributing_study_ids"":[""STC-ENDOGENOUS-TS-FRFT-DAS-2025"",""STC-FRDM-POLARIZATION-SENSING-2025-2026"",""STC-OCDM-THZ-OVER-FIBER-2024-2025"",""STC-REALTIME-BIDIR-DMT-THZ-2024-2026"",""STC-SELF-HOMODYNE-MCF-OFDR-2024-2025"",""STC-SEVENCORE-COMB-SH-DAS-2024-2025"",""STC-SINGLETON-SCR-00007"",""STC-SINGLETON-SCR-00038"",""STC-SINGLETON-SCR-00151"",""STC-SINGLETON-SCR-00218"",""STC-SINGLETON-SCR-00238"",""STC-SINGLETON-SCR-00278"",""STC-SINGLETON-SCR-00344"",""STC-SINGLETON-SCR-00356"",""STC-SINGLETON-SCR-00366"",""STC-SINGLETON-SCR-00367"",""STC-SINGLETON-SCR-00432"",""STC-SINGLETON-SCR-00436"",""STC-SINGLETON-SCR-00492"",""STC-SINGLETON-SCR-00496"",""STC-SINGLETON-SCR-00502"",""STC-SINGLETON-SCR-00626"",""STC-SINGLETON-SCR-00631"",""STC-SINGLETON-SCR-00680"",""STC-SINGLETON-SCR-00719"",""STC-SINGLETON-SCR-00808"",""STC-SINGLETON-SCR-00904"",""STC-SINGLETON-SCR-00917"",""STC-SINGLETON-SCR-00918"",""STC-SINGLETON-SCR-00922"",""STC-SINGLETON-SCR-00925"",""STC-SINGLETON-SCR-00944"",""STC-SINGLETON-SCR-00965"",""STC-SINGLETON-SCR-00983"",""STC-SINGLETON-SCR-00985"",""STC-SINGLETON-SCR-00986"",""STC-SINGLETON-SCR-01024"",""STC-SINGLETON-SCR-01049"",""STC-SINGLETON-SCR-01072"",""STC-SINGLETON-SCR-01088"",""STC-SINGLETON-SCR-01093"",""STC-SINGLETON-SCR-01095"",""STC-SINGLETON-SCR-01180"",""STC-SUBCARRIER-CHIRP-DBAND-2025"",""STC-SUBMARINE-CABLE-DAS-HUIZHOU-2022-2026"",""STC-WBAND-POLARIZATION-JRC-2023-2025""]}"
S6-application_transportation_autonomy_and_uav,Application domain: transportation_autonomy_and_uav,FSO|VLC_LiFi|fiber|hybrid_optical|photonic_THz,38,3,3,3,2,2,2,1,3,3,moderate,"{""section"":""S6"",""deterministic_rule"":""floor_of_dimension_medians_with_n_core_median_and_adequate_share_certainty"",""substantive_for_survey_conclusion"":true,""core_median"":2,""adequate_share"":0.9211,""raw_token_unique_count"":29,""raw_token_samples"":[{""token"":""intelligent_transportation"",""count"":9},{""token"":""automotive_radar"",""count"":4},{""token"":""autonomous_driving"",""count"":4},{""token"":""robotics"",""count"":3},{""token"":""smart_transportation"",""count"":3},{""token"":""UAV"",""count"":3},{""token"":""autonomous_platforms"",""count"":2},{""token"":""UAV_or_vehicular"",""count"":2},{""token"":""adaptive_driving_beam"",""count"":1},{""token"":""automotive"",""count"":1},{""token"":""automotive_ISAC"",""count"":1},{""token"":""automotive_LiDAR"",""count"":1},{""token"":""autonomous_parking"",""count"":1},{""token"":""autonomous_systems"",""count"":1},{""token"":""autonomous_train_operation"",""count"":1},{""token"":""cooperative_mobile_robotics"",""count"":1},{""token"":""Internet_of_Vehicles"",""count"":1},{""token"":""intelligent_transportation_system"",""count"":1},{""token"":""intelligent_vehicle"",""count"":1},{""token"":""robot_connectivity"",""count"":1}],""contributing_study_ids"":[""STC-ACO-OFDM-LFM-LIDAR-2025"",""STC-EADO-OFDM-RANGING-2024-2025"",""STC-III-NITRIDE-MOTION-VLC-2023"",""STC-MMW-OFDM-PENG-2023-2024"",""STC-OPA-OWISAC-BEAMFORMING-2024-2025"",""STC-SINGLETON-SCR-00036"",""STC-SINGLETON-SCR-00233"",""STC-SINGLETON-SCR-00256"",""STC-SINGLETON-SCR-00387"",""STC-SINGLETON-SCR-00396"",""STC-SINGLETON-SCR-00460"",""STC-SINGLETON-SCR-00488"",""STC-SINGLETON-SCR-00506"",""STC-SINGLETON-SCR-00557"",""STC-SINGLETON-SCR-00576"",""STC-SINGLETON-SCR-00594"",""STC-SINGLETON-SCR-00631"",""STC-SINGLETON-SCR-00719"",""STC-SINGLETON-SCR-00833"",""STC-SINGLETON-SCR-00884"",""STC-SINGLETON-SCR-00896"",""STC-SINGLETON-SCR-00908"",""STC-SINGLETON-SCR-00909"",""STC-SINGLETON-SCR-00910"",""STC-SINGLETON-SCR-00915"",""STC-SINGLETON-SCR-00917"",""STC-SINGLETON-SCR-00926"",""STC-SINGLETON-SCR-00944"",""STC-SINGLETON-SCR-01000"",""STC-SINGLETON-SCR-01004"",""STC-SINGLETON-SCR-01023"",""STC-SINGLETON-SCR-01033"",""STC-SINGLETON-SCR-01034"",""STC-SINGLETON-SCR-01050"",""STC-SINGLETON-SCR-01060"",""STC-SINGLETON-SCR-01086"",""STC-SINGLETON-SCR-01151"",""STC-SINGLETON-SCR-01153""]}"
S6-technology_ai_ml_and_data_driven_methods,Enabling technology: ai_ml_and_data_driven_methods,FSO|fiber,4,3,3,3,1,2,1,1,3,2,moderate,"{""section"":""S6"",""deterministic_rule"":""floor_of_dimension_medians_with_n_core_median_and_adequate_share_certainty"",""substantive_for_survey_conclusion"":true,""core_median"":2.5,""adequate_share"":1,""raw_token_unique_count"":3,""raw_token_samples"":[{""token"":""deep_learning"",""count"":2},{""token"":""machine_learning"",""count"":1},{""token"":""physics_informed_neural_network"",""count"":1}],""contributing_study_ids"":[""STC-SINGLETON-SCR-00233"",""STC-SINGLETON-SCR-00456"",""STC-SINGLETON-SCR-00626"",""STC-SINGLETON-SCR-00949""]}"
S6-technology_coherent_detection_and_dsp,Enabling technology: coherent_detection_and_dsp,FSO|VLC_LiFi|fiber|hybrid_optical|other_optical|photonic_THz,62,3,3,3,2,2,2,1,3,3,moderate,"{""section"":""S6"",""deterministic_rule"":""floor_of_dimension_medians_with_n_core_median_and_adequate_share_certainty"",""substantive_for_survey_conclusion"":true,""core_median"":2.25,""adequate_share"":0.9839,""raw_token_unique_count"":27,""raw_token_samples"":[{""token"":""coherent_detection"",""count"":13},{""token"":""coherent_optics"",""count"":13},{""token"":""optical_heterodyne"",""count"":9},{""token"":""coherent_transmission"",""count"":3},{""token"":""photonic_heterodyne"",""count"":3},{""token"":""coherent_communication"",""count"":2},{""token"":""coherent_DSCM"",""count"":2},{""token"":""coherent_states"",""count"":2},{""token"":""DSP"",""count"":2},{""token"":""homodyne_detection"",""count"":2},{""token"":""coherent_800G"",""count"":1},{""token"":""coherent_DP_QPSK"",""count"":1},{""token"":""coherent_DSP"",""count"":1},{""token"":""coherent_fusion"",""count"":1},{""token"":""coherent_OFC"",""count"":1},{""token"":""coherent_optical_receiver"",""count"":1},{""token"":""coherent_photonics"",""count"":1},{""token"":""coherent_QPSK"",""count"":1},{""token"":""coherent_receiver"",""count"":1},{""token"":""coherent_sensing_receiver"",""count"":1}],""contributing_study_ids"":[""STC-ENDOGENOUS-TS-FRFT-DAS-2025"",""STC-FRDM-POLARIZATION-SENSING-2025-2026"",""STC-ICP-RL-HLLB-3650KM-2024-2025"",""STC-MMW-OFDM-PENG-2023-2024"",""STC-MULTICHANNEL-LFM-QAM-THZ-2024-2026"",""STC-REALTIME-BIDIR-DMT-THZ-2024-2026"",""STC-SEVENCORE-COMB-SH-DAS-2024-2025"",""STC-SINGLETON-SCR-00007"",""STC-SINGLETON-SCR-00008"",""STC-SINGLETON-SCR-00038"",""STC-SINGLETON-SCR-00052"",""STC-SINGLETON-SCR-00057"",""STC-SINGLETON-SCR-00091"",""STC-SINGLETON-SCR-00151"",""STC-SINGLETON-SCR-00189"",""STC-SINGLETON-SCR-00238"",""STC-SINGLETON-SCR-00278"",""STC-SINGLETON-SCR-00312"",""STC-SINGLETON-SCR-00344"",""STC-SINGLETON-SCR-00369"",""STC-SINGLETON-SCR-00387"",""STC-SINGLETON-SCR-00418"",""STC-SINGLETON-SCR-00432"",""STC-SINGLETON-SCR-00473"",""STC-SINGLETON-SCR-00607"",""STC-SINGLETON-SCR-00626"",""STC-SINGLETON-SCR-00647"",""STC-SINGLETON-SCR-00665"",""STC-SINGLETON-SCR-00761"",""STC-SINGLETON-SCR-00891"",""STC-SINGLETON-SCR-00903"",""STC-SINGLETON-SCR-00906"",""STC-SINGLETON-SCR-00916"",""STC-SINGLETON-SCR-00937"",""STC-SINGLETON-SCR-00949"",""STC-SINGLETON-SCR-00959"",""STC-SINGLETON-SCR-00970"",""STC-SINGLETON-SCR-00974"",""STC-SINGLETON-SCR-00975"",""STC-SINGLETON-SCR-00977"",""STC-SINGLETON-SCR-00986"",""STC-SINGLETON-SCR-00990"",""STC-SINGLETON-SCR-00994"",""STC-SINGLETON-SCR-00998"",""STC-SINGLETON-SCR-01000"",""STC-SINGLETON-SCR-01004"",""STC-SINGLETON-SCR-01018"",""STC-SINGLETON-SCR-01020"",""STC-SINGLETON-SCR-01033"",""STC-SINGLETON-SCR-01070"",""STC-SINGLETON-SCR-01071"",""STC-SINGLETON-SCR-01079"",""STC-SINGLETON-SCR-01085"",""STC-SINGLETON-SCR-01086"",""STC-SINGLETON-SCR-01088"",""STC-SINGLETON-SCR-01093"",""STC-SINGLETON-SCR-01103"",""STC-SINGLETON-SCR-01105"",""STC-SINGLETON-SCR-01180"",""STC-SUBCARRIER-CHIRP-DBAND-2025"",""STC-SUBMARINE-CABLE-DAS-HUIZHOU-2022-2026"",""STC-WBAND-POLARIZATION-JRC-2023-2025""]}"
S6-technology_distributed_fiber_sensing,Enabling technology: distributed_fiber_sensing,fiber|hybrid_optical|photonic_THz,28,2,3,3,2,2,2,1,3,3,moderate,"{""section"":""S6"",""deterministic_rule"":""floor_of_dimension_medians_with_n_core_median_and_adequate_share_certainty"",""substantive_for_survey_conclusion"":true,""core_median"":2,""adequate_share"":0.9643,""raw_token_unique_count"":15,""raw_token_samples"":[{""token"":""DAS"",""count"":8},{""token"":""Rayleigh_backscatter"",""count"":5},{""token"":""distributed_fiber_sensing"",""count"":4},{""token"":""fiber_DAS"",""count"":4},{""token"":""phi_OTDR"",""count"":3},{""token"":""Phi_OTDR"",""count"":3},{""token"":""OTDR"",""count"":2},{""token"":""BOTDR"",""count"":1},{""token"":""CC_OTDR"",""count"":1},{""token"":""coherent_DAS"",""count"":1},{""token"":""OTDR_backscatter"",""count"":1},{""token"":""phase_OTDR"",""count"":1},{""token"":""PhaseNet_DAS"",""count"":1},{""token"":""phi_OTDR_DAS"",""count"":1},{""token"":""Rayleigh_scattering"",""count"":1}],""contributing_study_ids"":[""STC-ENDOGENOUS-TS-FRFT-DAS-2025"",""STC-ICP-RL-HLLB-3650KM-2024-2025"",""STC-SINGLETON-SCR-00008"",""STC-SINGLETON-SCR-00013"",""STC-SINGLETON-SCR-00015"",""STC-SINGLETON-SCR-00038"",""STC-SINGLETON-SCR-00052"",""STC-SINGLETON-SCR-00057"",""STC-SINGLETON-SCR-00123"",""STC-SINGLETON-SCR-00238"",""STC-SINGLETON-SCR-00366"",""STC-SINGLETON-SCR-00367"",""STC-SINGLETON-SCR-00473"",""STC-SINGLETON-SCR-00589"",""STC-SINGLETON-SCR-00607"",""STC-SINGLETON-SCR-00626"",""STC-SINGLETON-SCR-00647"",""STC-SINGLETON-SCR-00761"",""STC-SINGLETON-SCR-01006"",""STC-SINGLETON-SCR-01008"",""STC-SINGLETON-SCR-01045"",""STC-SINGLETON-SCR-01079"",""STC-SINGLETON-SCR-01086"",""STC-SINGLETON-SCR-01093"",""STC-SINGLETON-SCR-01105"",""STC-SINGLETON-SCR-01180"",""STC-SINGLETON-SCR-01188"",""STC-SUBMARINE-CABLE-DAS-HUIZHOU-2022-2026""]}"
S6-technology_fso_lidar,Enabling technology: fso_lidar,FSO,9,3,3,3,1,2,1,1,3,2,high,"{""section"":""S6"",""deterministic_rule"":""floor_of_dimension_medians_with_n_core_median_and_adequate_share_certainty"",""substantive_for_survey_conclusion"":true,""core_median"":2.5,""adequate_share"":0.8889,""raw_token_unique_count"":4,""raw_token_samples"":[{""token"":""FSO"",""count"":6},{""token"":""LiDAR"",""count"":2},{""token"":""FMCW_LiDAR"",""count"":1},{""token"":""IM_DD_FSO"",""count"":1}],""contributing_study_ids"":[""STC-SINGLETON-SCR-00233"",""STC-SINGLETON-SCR-00256"",""STC-SINGLETON-SCR-00456"",""STC-SINGLETON-SCR-00506"",""STC-SINGLETON-SCR-00576"",""STC-SINGLETON-SCR-00594"",""STC-SINGLETON-SCR-00908"",""STC-SINGLETON-SCR-00917"",""STC-SINGLETON-SCR-00922""]}"
S6-technology_gratings_and_interferometry,Enabling technology: gratings_and_interferometry,fiber|photonic_THz,4,2,3,3,2,2,2,1,3,3,moderate,"{""section"":""S6"",""deterministic_rule"":""floor_of_dimension_medians_with_n_core_median_and_adequate_share_certainty"",""substantive_for_survey_conclusion"":true,""core_median"":2,""adequate_share"":0.75,""raw_token_unique_count"":3,""raw_token_samples"":[{""token"":""FBG"",""count"":2},{""token"":""CFBG"",""count"":1},{""token"":""PS_FBG"",""count"":1}],""contributing_study_ids"":[""STC-ICP-RL-HLLB-3650KM-2024-2025"",""STC-SINGLETON-SCR-00996"",""STC-SINGLETON-SCR-01045"",""STC-SINGLETON-SCR-01105""]}"
S6-technology_integrated_photonics,Enabling technology: integrated_photonics,FSO|VLC_LiFi|fiber|hybrid_optical|other_optical|photonic_THz,19,3,3,3,2,2,2,1,3,3,moderate,"{""section"":""S6"",""deterministic_rule"":""floor_of_dimension_medians_with_n_core_median_and_adequate_share_certainty"",""substantive_for_survey_conclusion"":true,""core_median"":2,""adequate_share"":1,""raw_token_unique_count"":6,""raw_token_samples"":[{""token"":""photonic_integration"",""count"":14},{""token"":""silicon_photonics"",""count"":2},{""token"":""comb_waveguide"",""count"":1},{""token"":""GaN_on_silicon"",""count"":1},{""token"":""silicon_OPA"",""count"":1},{""token"":""silicon_photonic_FEM"",""count"":1}],""contributing_study_ids"":[""STC-SEVENCORE-COMB-SH-DAS-2024-2025"",""STC-SINGLETON-SCR-00001"",""STC-SINGLETON-SCR-00002"",""STC-SINGLETON-SCR-00009"",""STC-SINGLETON-SCR-00036"",""STC-SINGLETON-SCR-00160"",""STC-SINGLETON-SCR-00177"",""STC-SINGLETON-SCR-00185"",""STC-SINGLETON-SCR-00268"",""STC-SINGLETON-SCR-00274"",""STC-SINGLETON-SCR-00294"",""STC-SINGLETON-SCR-00361"",""STC-SINGLETON-SCR-00362"",""STC-SINGLETON-SCR-00396"",""STC-SINGLETON-SCR-00406"",""STC-SINGLETON-SCR-00594"",""STC-SINGLETON-SCR-00916"",""STC-SINGLETON-SCR-00943"",""STC-SINGLETON-SCR-01152""]}"
S6-technology_microwave_photonics_and_photonic_thz,Enabling technology: microwave_photonics_and_photonic_thz,FSO|fiber|hybrid_optical|photonic_THz,58,3,3,3,2,2,2,1,3,3,high,"{""section"":""S6"",""deterministic_rule"":""floor_of_dimension_medians_with_n_core_median_and_adequate_share_certainty"",""substantive_for_survey_conclusion"":true,""core_median"":2.5,""adequate_share"":0.9828,""raw_token_unique_count"":10,""raw_token_samples"":[{""token"":""microwave_photonics"",""count"":38},{""token"":""UTC_PD"",""count"":12},{""token"":""photonic_THz_generation"",""count"":10},{""token"":""millimeter_wave"",""count"":2},{""token"":""mmWave"",""count"":2},{""token"":""microwave_photonic_frequency_quadrupling"",""count"":1},{""token"":""photomixing"",""count"":1},{""token"":""photonic_THz"",""count"":1},{""token"":""terahertz_photonics"",""count"":1},{""token"":""THz"",""count"":1}],""contributing_study_ids"":[""STC-DP-IMDD-THZ-RANGING-2025-2026"",""STC-MMW-OFDM-PENG-2023-2024"",""STC-MULTICHANNEL-LFM-QAM-THZ-2024-2026"",""STC-OCDM-THZ-OVER-FIBER-2024-2025"",""STC-ODDM-PHOTONIC-MMW-2024-2025"",""STC-REALTIME-BIDIR-DMT-THZ-2024-2026"",""STC-SF-LFM-OFDM-THZ-2025-2026"",""STC-SINGLETON-SCR-00086"",""STC-SINGLETON-SCR-00160"",""STC-SINGLETON-SCR-00177"",""STC-SINGLETON-SCR-00185"",""STC-SINGLETON-SCR-00189"",""STC-SINGLETON-SCR-00274"",""STC-SINGLETON-SCR-00312"",""STC-SINGLETON-SCR-00361"",""STC-SINGLETON-SCR-00362"",""STC-SINGLETON-SCR-00396"",""STC-SINGLETON-SCR-00406"",""STC-SINGLETON-SCR-00418"",""STC-SINGLETON-SCR-00492"",""STC-SINGLETON-SCR-00502"",""STC-SINGLETON-SCR-00602"",""STC-SINGLETON-SCR-00719"",""STC-SINGLETON-SCR-00882"",""STC-SINGLETON-SCR-00885"",""STC-SINGLETON-SCR-00887"",""STC-SINGLETON-SCR-00891"",""STC-SINGLETON-SCR-00893"",""STC-SINGLETON-SCR-00917"",""STC-SINGLETON-SCR-00922"",""STC-SINGLETON-SCR-00953"",""STC-SINGLETON-SCR-00965"",""STC-SINGLETON-SCR-00970"",""STC-SINGLETON-SCR-00974"",""STC-SINGLETON-SCR-00975"",""STC-SINGLETON-SCR-00983"",""STC-SINGLETON-SCR-00985"",""STC-SINGLETON-SCR-00986"",""STC-SINGLETON-SCR-00990"",""STC-SINGLETON-SCR-00992"",""STC-SINGLETON-SCR-00996"",""STC-SINGLETON-SCR-01000"",""STC-SINGLETON-SCR-01009"",""STC-SINGLETON-SCR-01010"",""STC-SINGLETON-SCR-01011"",""STC-SINGLETON-SCR-01012"",""STC-SINGLETON-SCR-01040"",""STC-SINGLETON-SCR-01041"",""STC-SINGLETON-SCR-01060"",""STC-SINGLETON-SCR-01073"",""STC-SINGLETON-SCR-01101"",""STC-SINGLETON-SCR-01151"",""STC-SINGLETON-SCR-01165"",""STC-SINGLETON-SCR-01229"",""STC-SUBCARRIER-CHIRP-DBAND-2025"",""STC-TUNABLE-LASER-THZ-FMCW-2025-2026"",""STC-WBAND-POLARIZATION-JRC-2023-2025"",""STC-WBAND-TFDM-DONG-2022-2024""]}"
S6-technology_mimo_beamforming_and_opa,Enabling technology: mimo_beamforming_and_opa,FSO|VLC_LiFi|fiber|hybrid_optical|other_optical|photonic_THz,17,3,3,3,2,2,2,1,3,3,high,"{""section"":""S6"",""deterministic_rule"":""floor_of_dimension_medians_with_n_core_median_and_adequate_share_certainty"",""substantive_for_survey_conclusion"":true,""core_median"":2.5,""adequate_share"":0.9412,""raw_token_unique_count"":11,""raw_token_samples"":[{""token"":""beamforming"",""count"":7},{""token"":""MIMO"",""count"":3},{""token"":""OPA"",""count"":3},{""token"":""2x2_MIMO"",""count"":1},{""token"":""beamsteering"",""count"":1},{""token"":""distributed_beamforming"",""count"":1},{""token"":""joint_beamforming"",""count"":1},{""token"":""MIMO_equalization"",""count"":1},{""token"":""multi_beamforming"",""count"":1},{""token"":""optical_beamforming"",""count"":1},{""token"":""optical_phased_array"",""count"":1}],""contributing_study_ids"":[""STC-LED-OISAC-2024-2025"",""STC-OPA-OWISAC-BEAMFORMING-2024-2025"",""STC-SINGLETON-SCR-00012"",""STC-SINGLETON-SCR-00196"",""STC-SINGLETON-SCR-00268"",""STC-SINGLETON-SCR-00277"",""STC-SINGLETON-SCR-00356"",""STC-SINGLETON-SCR-00362"",""STC-SINGLETON-SCR-00369"",""STC-SINGLETON-SCR-00396"",""STC-SINGLETON-SCR-00496"",""STC-SINGLETON-SCR-00506"",""STC-SINGLETON-SCR-00594"",""STC-SINGLETON-SCR-00941"",""STC-SINGLETON-SCR-00980"",""STC-SINGLETON-SCR-01012"",""STC-SINGLETON-SCR-01024""]}"
S6-technology_multicarrier_waveforms,Enabling technology: multicarrier_waveforms,FSO|VLC_LiFi|fiber|hybrid_optical|photonic_THz,54,3,3,3,2,2,2,1,3,3,high,"{""section"":""S6"",""deterministic_rule"":""floor_of_dimension_medians_with_n_core_median_and_adequate_share_certainty"",""substantive_for_survey_conclusion"":true,""core_median"":2.5,""adequate_share"":0.9259,""raw_token_unique_count"":17,""raw_token_samples"":[{""token"":""OFDM"",""count"":35},{""token"":""DCO_OFDM"",""count"":5},{""token"":""ACO_OFDM"",""count"":3},{""token"":""CE_OFDM"",""count"":2},{""token"":""OTFS"",""count"":2},{""token"":""CE_LFM_OFDM"",""count"":1},{""token"":""CEO_OFDM"",""count"":1},{""token"":""DFT_S_OFDM"",""count"":1},{""token"":""DMT_OFDM"",""count"":1},{""token"":""EADO_OFDM"",""count"":1},{""token"":""LACO_OFDM"",""count"":1},{""token"":""LFM_OFDM"",""count"":1},{""token"":""MIMO_OFDM"",""count"":1},{""token"":""OFDMA"",""count"":1},{""token"":""QPSK_OFDM"",""count"":1},{""token"":""self_coherent_OFDM"",""count"":1},{""token"":""TDM_OFDM_LFM"",""count"":1}],""contributing_study_ids"":[""STC-ACO-OFDM-LFM-LIDAR-2025"",""STC-DP-IMDD-THZ-RANGING-2025-2026"",""STC-EADO-OFDM-RANGING-2024-2025"",""STC-LED-OISAC-2024-2025"",""STC-MMW-OFDM-PENG-2023-2024"",""STC-OCDM-THZ-OVER-FIBER-2024-2025"",""STC-REALTIME-BIDIR-DMT-THZ-2024-2026"",""STC-SF-LFM-OFDM-THZ-2025-2026"",""STC-SINGLETON-SCR-00007"",""STC-SINGLETON-SCR-00011"",""STC-SINGLETON-SCR-00036"",""STC-SINGLETON-SCR-00233"",""STC-SINGLETON-SCR-00274"",""STC-SINGLETON-SCR-00366"",""STC-SINGLETON-SCR-00367"",""STC-SINGLETON-SCR-00418"",""STC-SINGLETON-SCR-00436"",""STC-SINGLETON-SCR-00488"",""STC-SINGLETON-SCR-00492"",""STC-SINGLETON-SCR-00557"",""STC-SINGLETON-SCR-00602"",""STC-SINGLETON-SCR-00631"",""STC-SINGLETON-SCR-00891"",""STC-SINGLETON-SCR-00893"",""STC-SINGLETON-SCR-00902"",""STC-SINGLETON-SCR-00905"",""STC-SINGLETON-SCR-00912"",""STC-SINGLETON-SCR-00915"",""STC-SINGLETON-SCR-00918"",""STC-SINGLETON-SCR-00919"",""STC-SINGLETON-SCR-00920"",""STC-SINGLETON-SCR-00925"",""STC-SINGLETON-SCR-00926"",""STC-SINGLETON-SCR-00937"",""STC-SINGLETON-SCR-00941"",""STC-SINGLETON-SCR-00954"",""STC-SINGLETON-SCR-00970"",""STC-SINGLETON-SCR-00974"",""STC-SINGLETON-SCR-00977"",""STC-SINGLETON-SCR-00994"",""STC-SINGLETON-SCR-00998"",""STC-SINGLETON-SCR-01018"",""STC-SINGLETON-SCR-01020"",""STC-SINGLETON-SCR-01023"",""STC-SINGLETON-SCR-01024"",""STC-SINGLETON-SCR-01025"",""STC-SINGLETON-SCR-01032"",""STC-SINGLETON-SCR-01040"",""STC-SINGLETON-SCR-01049"",""STC-SINGLETON-SCR-01050"",""STC-SINGLETON-SCR-01081"",""STC-SINGLETON-SCR-01101"",""STC-SINGLETON-SCR-01188"",""STC-WBAND-TFDM-DONG-2022-2024""]}"
S6-technology_optical_frequency_combs,Enabling technology: optical_frequency_combs,photonic_THz,8,3,3,3,2,2,2,1,3,3,high,"{""section"":""S6"",""deterministic_rule"":""floor_of_dimension_medians_with_n_core_median_and_adequate_share_certainty"",""substantive_for_survey_conclusion"":true,""core_median"":2.5,""adequate_share"":1,""raw_token_unique_count"":2,""raw_token_samples"":[{""token"":""optical_frequency_comb"",""count"":7},{""token"":""microcomb"",""count"":1}],""contributing_study_ids"":[""STC-MULTICHANNEL-LFM-QAM-THZ-2024-2026"",""STC-SINGLETON-SCR-00406"",""STC-SINGLETON-SCR-00808"",""STC-SINGLETON-SCR-00953"",""STC-SINGLETON-SCR-00975"",""STC-SINGLETON-SCR-01009"",""STC-SINGLETON-SCR-01010"",""STC-SINGLETON-SCR-01040""]}"
S6-technology_optimization_and_communications_dsp,Enabling technology: optimization_and_communications_dsp,FSO|VLC_LiFi|fiber|photonic_THz,14,3,3,3,2,2,2,1,3,3,high,"{""section"":""S6"",""deterministic_rule"":""floor_of_dimension_medians_with_n_core_median_and_adequate_share_certainty"",""substantive_for_survey_conclusion"":true,""core_median"":2.5,""adequate_share"":0.9286,""raw_token_unique_count"":11,""raw_token_samples"":[{""token"":""Volterra_equalization"",""count"":3},{""token"":""Volterra_equalizer"",""count"":2},{""token"":""DFT_precoding"",""count"":1},{""token"":""Gray_coding"",""count"":1},{""token"":""Hamiltonian_coding"",""count"":1},{""token"":""Manchester_coding"",""count"":1},{""token"":""particle_swarm_optimization"",""count"":1},{""token"":""perturbation_optimization"",""count"":1},{""token"":""phase_coding"",""count"":1},{""token"":""source_layout_optimization"",""count"":1},{""token"":""whale_optimization"",""count"":1}],""contributing_study_ids"":[""STC-DP-IMDD-THZ-RANGING-2025-2026"",""STC-LED-OISAC-2024-2025"",""STC-OCDM-THZ-OVER-FIBER-2024-2025"",""STC-SINGLETON-SCR-00460"",""STC-SINGLETON-SCR-00922"",""STC-SINGLETON-SCR-00979"",""STC-SINGLETON-SCR-00980"",""STC-SINGLETON-SCR-00998"",""STC-SINGLETON-SCR-01034"",""STC-SINGLETON-SCR-01060"",""STC-SINGLETON-SCR-01070"",""STC-SINGLETON-SCR-01071"",""STC-SINGLETON-SCR-01101"",""STC-SINGLETON-SCR-01151""]}"
S6-technology_other_enabling_technology,Enabling technology: other_enabling_technology (mixed/unclassified; non-substantive),FSO|VLC_LiFi|fiber|hybrid_optical,19,2,3,3,2,2,2,1,3,3,unclear,"{""section"":""S6"",""deterministic_rule"":""mixed_unclassified_fallback_not_eligible_for_substantive_survey_certainty_conclusion"",""substantive_for_survey_conclusion"":false,""core_median"":2,""adequate_share"":1,""raw_token_unique_count"":82,""raw_token_samples"":[{""token"":""other"",""count"":7},{""token"":""DP_16QAM"",""count"":2},{""token"":""IMDD"",""count"":2},{""token"":""LFM"",""count"":2},{""token"":""ML_AI"",""count"":2},{""token"":""OFDR"",""count"":2},{""token"":""2D_IFFT"",""count"":1},{""token"":""attention_MLP"",""count"":1},{""token"":""Canny_edge_detection"",""count"":1},{""token"":""closed_loop_control"",""count"":1},{""token"":""commercial_ECL"",""count"":1},{""token"":""conditional_GAN"",""count"":1},{""token"":""continuous_time_tagging"",""count"":1},{""token"":""corner_reflector"",""count"":1},{""token"":""CPM"",""count"":1},{""token"":""CRB"",""count"":1},{""token"":""DFT"",""count"":1},{""token"":""digital_twin"",""count"":1},{""token"":""DP_QAM16"",""count"":1},{""token"":""DS18B20"",""count"":1}],""contributing_study_ids"":[""STC-DSCM-ANN-DT-ECL-2025-2026"",""STC-SELF-HOMODYNE-MCF-OFDR-2024-2025"",""STC-SINGLETON-SCR-00056"",""STC-SINGLETON-SCR-00110"",""STC-SINGLETON-SCR-00210"",""STC-SINGLETON-SCR-00218"",""STC-SINGLETON-SCR-00273"",""STC-SINGLETON-SCR-00376"",""STC-SINGLETON-SCR-00407"",""STC-SINGLETON-SCR-00679"",""STC-SINGLETON-SCR-00680"",""STC-SINGLETON-SCR-00730"",""STC-SINGLETON-SCR-00833"",""STC-SINGLETON-SCR-00904"",""STC-SINGLETON-SCR-00909"",""STC-SINGLETON-SCR-00910"",""STC-SINGLETON-SCR-00913"",""STC-SINGLETON-SCR-00914"",""STC-SINGLETON-SCR-01095""]}"
S6-technology_quantum_and_photon_counting,Enabling technology: quantum_and_photon_counting,fiber|other_optical,2,1,3,3,1,2,2,1,3,2,limited,"{""section"":""S6"",""deterministic_rule"":""floor_of_dimension_medians_with_n_core_median_and_adequate_share_certainty"",""substantive_for_survey_conclusion"":true,""core_median"":2,""adequate_share"":1,""raw_token_unique_count"":2,""raw_token_samples"":[{""token"":""photon_counting"",""count"":1},{""token"":""quantum_hypothesis_testing"",""count"":1}],""contributing_study_ids"":[""STC-SINGLETON-SCR-00379"",""STC-SINGLETON-SCR-00761""]}"
S6-technology_radar_and_fmcw_processing,Enabling technology: radar_and_fmcw_processing,FSO|VLC_LiFi|fiber|hybrid_optical|other_optical|photonic_THz,41,3,3,3,2,2,2,1,3,3,moderate,"{""section"":""S6"",""deterministic_rule"":""floor_of_dimension_medians_with_n_core_median_and_adequate_share_certainty"",""substantive_for_survey_conclusion"":true,""core_median"":2,""adequate_share"":0.9756,""raw_token_unique_count"":18,""raw_token_samples"":[{""token"":""FMCW"",""count"":12},{""token"":""LFMCW"",""count"":5},{""token"":""photonic_dechirping"",""count"":5},{""token"":""optical_dechirping"",""count"":4},{""token"":""dual_chirp"",""count"":3},{""token"":""photonic_dechirp"",""count"":3},{""token"":""LFM_radar"",""count"":2},{""token"":""analog_dechirp"",""count"":1},{""token"":""chirp_polarity_modulation"",""count"":1},{""token"":""correlation_radar"",""count"":1},{""token"":""cross_correlation_radar"",""count"":1},{""token"":""dechirp_ranging"",""count"":1},{""token"":""Doppler_radar"",""count"":1},{""token"":""dual_chirp_LFM"",""count"":1},{""token"":""M_sequence_radar"",""count"":1},{""token"":""PC_FMCW"",""count"":1},{""token"":""radar_dechirping"",""count"":1},{""token"":""RBPSK_FMCW"",""count"":1}],""contributing_study_ids"":[""STC-SEVENCORE-COMB-SH-DAS-2024-2025"",""STC-SF-LFM-OFDM-THZ-2025-2026"",""STC-SINGLETON-SCR-00036"",""STC-SINGLETON-SCR-00086"",""STC-SINGLETON-SCR-00177"",""STC-SINGLETON-SCR-00185"",""STC-SINGLETON-SCR-00268"",""STC-SINGLETON-SCR-00312"",""STC-SINGLETON-SCR-00344"",""STC-SINGLETON-SCR-00361"",""STC-SINGLETON-SCR-00362"",""STC-SINGLETON-SCR-00502"",""STC-SINGLETON-SCR-00719"",""STC-SINGLETON-SCR-00808"",""STC-SINGLETON-SCR-00882"",""STC-SINGLETON-SCR-00884"",""STC-SINGLETON-SCR-00885"",""STC-SINGLETON-SCR-00893"",""STC-SINGLETON-SCR-00896"",""STC-SINGLETON-SCR-00899"",""STC-SINGLETON-SCR-00903"",""STC-SINGLETON-SCR-00916"",""STC-SINGLETON-SCR-00944"",""STC-SINGLETON-SCR-00953"",""STC-SINGLETON-SCR-00965"",""STC-SINGLETON-SCR-00990"",""STC-SINGLETON-SCR-00992"",""STC-SINGLETON-SCR-01010"",""STC-SINGLETON-SCR-01033"",""STC-SINGLETON-SCR-01049"",""STC-SINGLETON-SCR-01060"",""STC-SINGLETON-SCR-01073"",""STC-SINGLETON-SCR-01101"",""STC-SINGLETON-SCR-01152"",""STC-SINGLETON-SCR-01153"",""STC-SINGLETON-SCR-01165"",""STC-SINGLETON-SCR-01229"",""STC-SUBCARRIER-CHIRP-DBAND-2025"",""STC-TUNABLE-LASER-THZ-FMCW-2025-2026"",""STC-WBAND-POLARIZATION-JRC-2023-2025"",""STC-WBAND-TFDM-DONG-2022-2024""]}"
S6-technology_radio_over_fiber,Enabling technology: radio_over_fiber,fiber|hybrid_optical|photonic_THz,13,3,3,3,2,2,2,1,3,3,high,"{""section"":""S6"",""deterministic_rule"":""floor_of_dimension_medians_with_n_core_median_and_adequate_share_certainty"",""substantive_for_survey_conclusion"":true,""core_median"":2.5,""adequate_share"":1,""raw_token_unique_count"":7,""raw_token_samples"":[{""token"":""RoF"",""count"":5},{""token"":""radio_over_fiber"",""count"":3},{""token"":""ARoF"",""count"":2},{""token"":""A_RoF"",""count"":1},{""token"":""analog_radio_over_fiber"",""count"":1},{""token"":""analog_RoF"",""count"":1},{""token"":""photonic_fronthaul"",""count"":1}],""contributing_study_ids"":[""STC-SINGLETON-SCR-00366"",""STC-SINGLETON-SCR-00492"",""STC-SINGLETON-SCR-00502"",""STC-SINGLETON-SCR-00631"",""STC-SINGLETON-SCR-00719"",""STC-SINGLETON-SCR-00884"",""STC-SINGLETON-SCR-00944"",""STC-SINGLETON-SCR-00965"",""STC-SINGLETON-SCR-00979"",""STC-SINGLETON-SCR-00983"",""STC-SINGLETON-SCR-00985"",""STC-SINGLETON-SCR-00986"",""STC-SINGLETON-SCR-01093""]}"
S6-technology_reconfigurable_intelligent_surfaces,Enabling technology: reconfigurable_intelligent_surfaces,photonic_THz,1,3,3,3,2,2,2,1,3,3,limited,"{""section"":""S6"",""deterministic_rule"":""floor_of_dimension_medians_with_n_core_median_and_adequate_share_certainty"",""substantive_for_survey_conclusion"":true,""core_median"":2.5,""adequate_share"":1,""raw_token_unique_count"":1,""raw_token_samples"":[{""token"":""Risley_prism"",""count"":1}],""contributing_study_ids"":[""STC-SINGLETON-SCR-00953""]}"
S6-technology_sensing_and_inference_processing,Enabling technology: sensing_and_inference_processing,FSO|VLC_LiFi|fiber,13,3,3,3,2,2,2,1,3,3,high,"{""section"":""S6"",""deterministic_rule"":""floor_of_dimension_medians_with_n_core_median_and_adequate_share_certainty"",""substantive_for_survey_conclusion"":true,""core_median"":2.5,""adequate_share"":0.9231,""raw_token_unique_count"":13,""raw_token_samples"":[{""token"":""polarization_sensing"",""count"":2},{""token"":""BER_sensing"",""count"":1},{""token"":""Bussgang_decomposition"",""count"":1},{""token"":""compressed_sensing"",""count"":1},{""token"":""distributed_acoustic_sensing"",""count"":1},{""token"":""forward_loop_localization"",""count"":1},{""token"":""microwave_forward_looking_imaging"",""count"":1},{""token"":""NLOS_reflection_sensing"",""count"":1},{""token"":""OAM_modal_decomposition"",""count"":1},{""token"":""RSS_positioning"",""count"":1},{""token"":""SIMO_sensing_array"",""count"":1},{""token"":""SOP_sensing"",""count"":1},{""token"":""wavefront_sensing"",""count"":1}],""contributing_study_ids"":[""STC-FRDM-POLARIZATION-SENSING-2025-2026"",""STC-SINGLETON-SCR-00369"",""STC-SINGLETON-SCR-00456"",""STC-SINGLETON-SCR-00631"",""STC-SINGLETON-SCR-00908"",""STC-SINGLETON-SCR-00926"",""STC-SINGLETON-SCR-01008"",""STC-SINGLETON-SCR-01021"",""STC-SINGLETON-SCR-01028"",""STC-SINGLETON-SCR-01029"",""STC-SINGLETON-SCR-01072"",""STC-SINGLETON-SCR-01081"",""STC-SINGLETON-SCR-01085""]}"
S6-technology_vlc_lifi_illumination,Enabling technology: vlc_lifi_illumination,FSO|VLC_LiFi|hybrid_optical,27,3,3,3,2,2,2,1,3,2,moderate,"{""section"":""S6"",""deterministic_rule"":""floor_of_dimension_medians_with_n_core_median_and_adequate_share_certainty"",""substantive_for_survey_conclusion"":true,""core_median"":2,""adequate_share"":0.8519,""raw_token_unique_count"":14,""raw_token_samples"":[{""token"":""VLC"",""count"":13},{""token"":""LED"",""count"":6},{""token"":""IR_LED"",""count"":2},{""token"":""visible_light_communication"",""count"":2},{""token"":""blue_LED"",""count"":1},{""token"":""commercial_LED"",""count"":1},{""token"":""COTS_LED_array"",""count"":1},{""token"":""dual_function_LED_photodiode"",""count"":1},{""token"":""free_space_VLC"",""count"":1},{""token"":""LED_as_receiver"",""count"":1},{""token"":""LED_photodiode_dual_function"",""count"":1},{""token"":""LED_streetlamp"",""count"":1},{""token"":""multi_carrier_VLC"",""count"":1},{""token"":""OpenVLC"",""count"":1}],""contributing_study_ids"":[""STC-III-NITRIDE-MOTION-VLC-2023"",""STC-LED-OISAC-2024-2025"",""STC-SINGLETON-SCR-00451"",""STC-SINGLETON-SCR-00460"",""STC-SINGLETON-SCR-00488"",""STC-SINGLETON-SCR-00527"",""STC-SINGLETON-SCR-00557"",""STC-SINGLETON-SCR-00836"",""STC-SINGLETON-SCR-00873"",""STC-SINGLETON-SCR-00902"",""STC-SINGLETON-SCR-00912"",""STC-SINGLETON-SCR-00915"",""STC-SINGLETON-SCR-00925"",""STC-SINGLETON-SCR-00943"",""STC-SINGLETON-SCR-01001"",""STC-SINGLETON-SCR-01011"",""STC-SINGLETON-SCR-01021"",""STC-SINGLETON-SCR-01024"",""STC-SINGLETON-SCR-01028"",""STC-SINGLETON-SCR-01029"",""STC-SINGLETON-SCR-01030"",""STC-SINGLETON-SCR-01034"",""STC-SINGLETON-SCR-01036"",""STC-SINGLETON-SCR-01047"",""STC-SINGLETON-SCR-01050"",""STC-SINGLETON-SCR-01059"",""STC-SINGLETON-SCR-01081""]}"
S7-ai_generalization_security,"Research gap: AI generalization, security and privacy",FSO|VLC_LiFi|fiber|hybrid_optical|other_optical|photonic_THz,203,3,3,3,2,2,2,1,3,3,high,"{""section"":""S7"",""deterministic_rule"":""gap_triangulation_by_study_and_modality"",""substantive_for_survey_conclusion"":true,""core_median"":2,""adequate_share"":0.9606,""raw_token_unique_count"":0,""raw_token_samples"":[],""contributing_study_ids"":[""STC-ACO-OFDM-LFM-LIDAR-2025"",""STC-DP-IMDD-THZ-RANGING-2025-2026"",""STC-DSCM-ANN-DT-ECL-2025-2026"",""STC-EADO-OFDM-RANGING-2024-2025"",""STC-ENDOGENOUS-TS-FRFT-DAS-2025"",""STC-FRDM-POLARIZATION-SENSING-2025-2026"",""STC-ICP-RL-HLLB-3650KM-2024-2025"",""STC-III-NITRIDE-MOTION-VLC-2023"",""STC-LED-OISAC-2024-2025"",""STC-MMW-OFDM-PENG-2023-2024"",""STC-MULTICHANNEL-LFM-QAM-THZ-2024-2026"",""STC-OCDM-THZ-OVER-FIBER-2024-2025"",""STC-ODDM-PHOTONIC-MMW-2024-2025"",""STC-OPA-OWISAC-BEAMFORMING-2024-2025"",""STC-REALTIME-BIDIR-DMT-THZ-2024-2026"",""STC-SELF-HOMODYNE-MCF-OFDR-2024-2025"",""STC-SEVENCORE-COMB-SH-DAS-2024-2025"",""STC-SF-LFM-OFDM-THZ-2025-2026"",""STC-SINGLETON-SCR-00001"",""STC-SINGLETON-SCR-00002"",""STC-SINGLETON-SCR-00007"",""STC-SINGLETON-SCR-00008"",""STC-SINGLETON-SCR-00009"",""STC-SINGLETON-SCR-00011"",""STC-SINGLETON-SCR-00012"",""STC-SINGLETON-SCR-00013"",""STC-SINGLETON-SCR-00015"",""STC-SINGLETON-SCR-00036"",""STC-SINGLETON-SCR-00038"",""STC-SINGLETON-SCR-00052"",""STC-SINGLETON-SCR-00056"",""STC-SINGLETON-SCR-00057"",""STC-SINGLETON-SCR-00086"",""STC-SINGLETON-SCR-00091"",""STC-SINGLETON-SCR-00110"",""STC-SINGLETON-SCR-00123"",""STC-SINGLETON-SCR-00151"",""STC-SINGLETON-SCR-00160"",""STC-SINGLETON-SCR-00177"",""STC-SINGLETON-SCR-00185"",""STC-SINGLETON-SCR-00189"",""STC-SINGLETON-SCR-00196"",""STC-SINGLETON-SCR-00210"",""STC-SINGLETON-SCR-00218"",""STC-SINGLETON-SCR-00233"",""STC-SINGLETON-SCR-00238"",""STC-SINGLETON-SCR-00256"",""STC-SINGLETON-SCR-00268"",""STC-SINGLETON-SCR-00273"",""STC-SINGLETON-SCR-00274"",""STC-SINGLETON-SCR-00277"",""STC-SINGLETON-SCR-00278"",""STC-SINGLETON-SCR-00294"",""STC-SINGLETON-SCR-00312"",""STC-SINGLETON-SCR-00344"",""STC-SINGLETON-SCR-00356"",""STC-SINGLETON-SCR-00361"",""STC-SINGLETON-SCR-00362"",""STC-SINGLETON-SCR-00366"",""STC-SINGLETON-SCR-00367"",""STC-SINGLETON-SCR-00369"",""STC-SINGLETON-SCR-00376"",""STC-SINGLETON-SCR-00379"",""STC-SINGLETON-SCR-00387"",""STC-SINGLETON-SCR-00396"",""STC-SINGLETON-SCR-00406"",""STC-SINGLETON-SCR-00407"",""STC-SINGLETON-SCR-00418"",""STC-SINGLETON-SCR-00432"",""STC-SINGLETON-SCR-00436"",""STC-SINGLETON-SCR-00451"",""STC-SINGLETON-SCR-00456"",""STC-SINGLETON-SCR-00460"",""STC-SINGLETON-SCR-00473"",""STC-SINGLETON-SCR-00488"",""STC-SINGLETON-SCR-00492"",""STC-SINGLETON-SCR-00496"",""STC-SINGLETON-SCR-00502"",""STC-SINGLETON-SCR-00506"",""STC-SINGLETON-SCR-00527"",""STC-SINGLETON-SCR-00557"",""STC-SINGLETON-SCR-00576"",""STC-SINGLETON-SCR-00589"",""STC-SINGLETON-SCR-00594"",""STC-SINGLETON-SCR-00602"",""STC-SINGLETON-SCR-00607"",""STC-SINGLETON-SCR-00626"",""STC-SINGLETON-SCR-00631"",""STC-SINGLETON-SCR-00647"",""STC-SINGLETON-SCR-00665"",""STC-SINGLETON-SCR-00679"",""STC-SINGLETON-SCR-00680"",""STC-SINGLETON-SCR-00719"",""STC-SINGLETON-SCR-00730"",""STC-SINGLETON-SCR-00761"",""STC-SINGLETON-SCR-00808"",""STC-SINGLETON-SCR-00833"",""STC-SINGLETON-SCR-00836"",""STC-SINGLETON-SCR-00873"",""STC-SINGLETON-SCR-00882"",""STC-SINGLETON-SCR-00884"",""STC-SINGLETON-SCR-00885"",""STC-SINGLETON-SCR-00887"",""STC-SINGLETON-SCR-00891"",""STC-SINGLETON-SCR-00893"",""STC-SINGLETON-SCR-00896"",""STC-SINGLETON-SCR-00899"",""STC-SINGLETON-SCR-00902"",""STC-SINGLETON-SCR-00903"",""STC-SINGLETON-SCR-00904"",""STC-SINGLETON-SCR-00905"",""STC-SINGLETON-SCR-00906"",""STC-SINGLETON-SCR-00908"",""STC-SINGLETON-SCR-00909"",""STC-SINGLETON-SCR-00910"",""STC-SINGLETON-SCR-00912"",""STC-SINGLETON-SCR-00914"",""STC-SINGLETON-SCR-00915"",""STC-SINGLETON-SCR-00916"",""STC-SINGLETON-SCR-00917"",""STC-SINGLETON-SCR-00918"",""STC-SINGLETON-SCR-00919"",""STC-SINGLETON-SCR-00920"",""STC-SINGLETON-SCR-00922"",""STC-SINGLETON-SCR-00925"",""STC-SINGLETON-SCR-00926"",""STC-SINGLETON-SCR-00937"",""STC-SINGLETON-SCR-00941"",""STC-SINGLETON-SCR-00943"",""STC-SINGLETON-SCR-00944"",""STC-SINGLETON-SCR-00949"",""STC-SINGLETON-SCR-00953"",""STC-SINGLETON-SCR-00954"",""STC-SINGLETON-SCR-00959"",""STC-SINGLETON-SCR-00965"",""STC-SINGLETON-SCR-00970"",""STC-SINGLETON-SCR-00974"",""STC-SINGLETON-SCR-00975"",""STC-SINGLETON-SCR-00977"",""STC-SINGLETON-SCR-00979"",""STC-SINGLETON-SCR-00980"",""STC-SINGLETON-SCR-00983"",""STC-SINGLETON-SCR-00985"",""STC-SINGLETON-SCR-00990"",""STC-SINGLETON-SCR-00992"",""STC-SINGLETON-SCR-00994"",""STC-SINGLETON-SCR-00996"",""STC-SINGLETON-SCR-01000"",""STC-SINGLETON-SCR-01001"",""STC-SINGLETON-SCR-01004"",""STC-SINGLETON-SCR-01006"",""STC-SINGLETON-SCR-01008"",""STC-SINGLETON-SCR-01009"",""STC-SINGLETON-SCR-01010"",""STC-SINGLETON-SCR-01011"",""STC-SINGLETON-SCR-01012"",""STC-SINGLETON-SCR-01018"",""STC-SINGLETON-SCR-01020"",""STC-SINGLETON-SCR-01021"",""STC-SINGLETON-SCR-01023"",""STC-SINGLETON-SCR-01024"",""STC-SINGLETON-SCR-01025"",""STC-SINGLETON-SCR-01028"",""STC-SINGLETON-SCR-01029"",""STC-SINGLETON-SCR-01030"",""STC-SINGLETON-SCR-01032"",""STC-SINGLETON-SCR-01033"",""STC-SINGLETON-SCR-01034"",""STC-SINGLETON-SCR-01036"",""STC-SINGLETON-SCR-01040"",""STC-SINGLETON-SCR-01041"",""STC-SINGLETON-SCR-01045"",""STC-SINGLETON-SCR-01047"",""STC-SINGLETON-SCR-01049"",""STC-SINGLETON-SCR-01050"",""STC-SINGLETON-SCR-01059"",""STC-SINGLETON-SCR-01060"",""STC-SINGLETON-SCR-01070"",""STC-SINGLETON-SCR-01071"",""STC-SINGLETON-SCR-01072"",""STC-SINGLETON-SCR-01073"",""STC-SINGLETON-SCR-01079"",""STC-SINGLETON-SCR-01081"",""STC-SINGLETON-SCR-01085"",""STC-SINGLETON-SCR-01086"",""STC-SINGLETON-SCR-01088"",""STC-SINGLETON-SCR-01093"",""STC-SINGLETON-SCR-01095"",""STC-SINGLETON-SCR-01101"",""STC-SINGLETON-SCR-01103"",""STC-SINGLETON-SCR-01105"",""STC-SINGLETON-SCR-01151"",""STC-SINGLETON-SCR-01152"",""STC-SINGLETON-SCR-01153"",""STC-SINGLETON-SCR-01165"",""STC-SINGLETON-SCR-01180"",""STC-SINGLETON-SCR-01188"",""STC-SINGLETON-SCR-01229"",""STC-SUBCARRIER-CHIRP-DBAND-2025"",""STC-SUBMARINE-CABLE-DAS-HUIZHOU-2022-2026"",""STC-TUNABLE-LASER-THZ-FMCW-2025-2026"",""STC-WBAND-POLARIZATION-JRC-2023-2025"",""STC-WBAND-TFDM-DONG-2022-2024""]}"
S7-common_benchmarks,Research gap: common baselines and benchmark protocols,FSO|VLC_LiFi|fiber|hybrid_optical|other_optical|photonic_THz,48,3,3,3,2,2,1,1,3,2,high,"{""section"":""S7"",""deterministic_rule"":""gap_triangulation_by_study_and_modality"",""substantive_for_survey_conclusion"":true,""core_median"":2,""adequate_share"":0.8542,""raw_token_unique_count"":0,""raw_token_samples"":[],""contributing_study_ids"":[""STC-EADO-OFDM-RANGING-2024-2025"",""STC-III-NITRIDE-MOTION-VLC-2023"",""STC-LED-OISAC-2024-2025"",""STC-SINGLETON-SCR-00009"",""STC-SINGLETON-SCR-00091"",""STC-SINGLETON-SCR-00110"",""STC-SINGLETON-SCR-00278"",""STC-SINGLETON-SCR-00312"",""STC-SINGLETON-SCR-00356"",""STC-SINGLETON-SCR-00407"",""STC-SINGLETON-SCR-00432"",""STC-SINGLETON-SCR-00436"",""STC-SINGLETON-SCR-00456"",""STC-SINGLETON-SCR-00473"",""STC-SINGLETON-SCR-00488"",""STC-SINGLETON-SCR-00502"",""STC-SINGLETON-SCR-00506"",""STC-SINGLETON-SCR-00557"",""STC-SINGLETON-SCR-00626"",""STC-SINGLETON-SCR-00679"",""STC-SINGLETON-SCR-00730"",""STC-SINGLETON-SCR-00885"",""STC-SINGLETON-SCR-00887"",""STC-SINGLETON-SCR-00903"",""STC-SINGLETON-SCR-00905"",""STC-SINGLETON-SCR-00906"",""STC-SINGLETON-SCR-00908"",""STC-SINGLETON-SCR-00910"",""STC-SINGLETON-SCR-00915"",""STC-SINGLETON-SCR-00917"",""STC-SINGLETON-SCR-00922"",""STC-SINGLETON-SCR-00925"",""STC-SINGLETON-SCR-00926"",""STC-SINGLETON-SCR-00937"",""STC-SINGLETON-SCR-00941"",""STC-SINGLETON-SCR-00943"",""STC-SINGLETON-SCR-00980"",""STC-SINGLETON-SCR-01023"",""STC-SINGLETON-SCR-01025"",""STC-SINGLETON-SCR-01033"",""STC-SINGLETON-SCR-01041"",""STC-SINGLETON-SCR-01045"",""STC-SINGLETON-SCR-01049"",""STC-SINGLETON-SCR-01050"",""STC-SINGLETON-SCR-01059"",""STC-SINGLETON-SCR-01081"",""STC-SINGLETON-SCR-01103"",""STC-SINGLETON-SCR-01229""]}"
S7-concurrent_integration,Research gap: genuinely concurrent shared-resource O-ISAC integration,FSO|VLC_LiFi|fiber|hybrid_optical|other_optical|photonic_THz,50,2,3,3,2,2,2,1,3,2,high,"{""section"":""S7"",""deterministic_rule"":""gap_triangulation_by_study_and_modality"",""substantive_for_survey_conclusion"":true,""core_median"":2,""adequate_share"":0.9,""raw_token_unique_count"":0,""raw_token_samples"":[],""contributing_study_ids"":[""STC-LED-OISAC-2024-2025"",""STC-SINGLETON-SCR-00001"",""STC-SINGLETON-SCR-00008"",""STC-SINGLETON-SCR-00110"",""STC-SINGLETON-SCR-00123"",""STC-SINGLETON-SCR-00177"",""STC-SINGLETON-SCR-00218"",""STC-SINGLETON-SCR-00238"",""STC-SINGLETON-SCR-00268"",""STC-SINGLETON-SCR-00273"",""STC-SINGLETON-SCR-00277"",""STC-SINGLETON-SCR-00294"",""STC-SINGLETON-SCR-00376"",""STC-SINGLETON-SCR-00379"",""STC-SINGLETON-SCR-00387"",""STC-SINGLETON-SCR-00396"",""STC-SINGLETON-SCR-00406"",""STC-SINGLETON-SCR-00407"",""STC-SINGLETON-SCR-00436"",""STC-SINGLETON-SCR-00451"",""STC-SINGLETON-SCR-00488"",""STC-SINGLETON-SCR-00492"",""STC-SINGLETON-SCR-00496"",""STC-SINGLETON-SCR-00502"",""STC-SINGLETON-SCR-00506"",""STC-SINGLETON-SCR-00527"",""STC-SINGLETON-SCR-00557"",""STC-SINGLETON-SCR-00576"",""STC-SINGLETON-SCR-00631"",""STC-SINGLETON-SCR-00679"",""STC-SINGLETON-SCR-00680"",""STC-SINGLETON-SCR-00719"",""STC-SINGLETON-SCR-00730"",""STC-SINGLETON-SCR-00833"",""STC-SINGLETON-SCR-00836"",""STC-SINGLETON-SCR-00873"",""STC-SINGLETON-SCR-00882"",""STC-SINGLETON-SCR-00914"",""STC-SINGLETON-SCR-00959"",""STC-SINGLETON-SCR-00986"",""STC-SINGLETON-SCR-01008"",""STC-SINGLETON-SCR-01011"",""STC-SINGLETON-SCR-01012"",""STC-SINGLETON-SCR-01023"",""STC-SINGLETON-SCR-01041"",""STC-SINGLETON-SCR-01045"",""STC-SINGLETON-SCR-01047"",""STC-SINGLETON-SCR-01060"",""STC-SINGLETON-SCR-01081"",""STC-SINGLETON-SCR-01152""]}"
S7-field_validation,Research gap: field validation and deployment evidence,FSO|VLC_LiFi|fiber|hybrid_optical|other_optical|photonic_THz,32,3,3,3,1,2,1,1,3,2,high,"{""section"":""S7"",""deterministic_rule"":""gap_triangulation_by_study_and_modality"",""substantive_for_survey_conclusion"":true,""core_median"":2,""adequate_share"":0.7813,""raw_token_unique_count"":0,""raw_token_samples"":[],""contributing_study_ids"":[""STC-EADO-OFDM-RANGING-2024-2025"",""STC-LED-OISAC-2024-2025"",""STC-SINGLETON-SCR-00007"",""STC-SINGLETON-SCR-00008"",""STC-SINGLETON-SCR-00009"",""STC-SINGLETON-SCR-00091"",""STC-SINGLETON-SCR-00233"",""STC-SINGLETON-SCR-00256"",""STC-SINGLETON-SCR-00274"",""STC-SINGLETON-SCR-00277"",""STC-SINGLETON-SCR-00407"",""STC-SINGLETON-SCR-00456"",""STC-SINGLETON-SCR-00488"",""STC-SINGLETON-SCR-00527"",""STC-SINGLETON-SCR-00557"",""STC-SINGLETON-SCR-00594"",""STC-SINGLETON-SCR-00626"",""STC-SINGLETON-SCR-00761"",""STC-SINGLETON-SCR-00882"",""STC-SINGLETON-SCR-00885"",""STC-SINGLETON-SCR-00903"",""STC-SINGLETON-SCR-00905"",""STC-SINGLETON-SCR-00906"",""STC-SINGLETON-SCR-00908"",""STC-SINGLETON-SCR-00915"",""STC-SINGLETON-SCR-00925"",""STC-SINGLETON-SCR-00937"",""STC-SINGLETON-SCR-00941"",""STC-SINGLETON-SCR-00980"",""STC-SINGLETON-SCR-01033"",""STC-SINGLETON-SCR-01081"",""STC-SINGLETON-SCR-01103""]}"
S7-hardware_power_complexity,"Research gap: hardware, power and complexity constraints",FSO|VLC_LiFi|fiber|hybrid_optical|other_optical|photonic_THz,178,3,3,3,2,2,2,1,3,3,high,"{""section"":""S7"",""deterministic_rule"":""gap_triangulation_by_study_and_modality"",""substantive_for_survey_conclusion"":true,""core_median"":2,""adequate_share"":0.9607,""raw_token_unique_count"":0,""raw_token_samples"":[],""contributing_study_ids"":[""STC-ACO-OFDM-LFM-LIDAR-2025"",""STC-DP-IMDD-THZ-RANGING-2025-2026"",""STC-DSCM-ANN-DT-ECL-2025-2026"",""STC-EADO-OFDM-RANGING-2024-2025"",""STC-ENDOGENOUS-TS-FRFT-DAS-2025"",""STC-FRDM-POLARIZATION-SENSING-2025-2026"",""STC-ICP-RL-HLLB-3650KM-2024-2025"",""STC-III-NITRIDE-MOTION-VLC-2023"",""STC-LED-OISAC-2024-2025"",""STC-MMW-OFDM-PENG-2023-2024"",""STC-MULTICHANNEL-LFM-QAM-THZ-2024-2026"",""STC-OCDM-THZ-OVER-FIBER-2024-2025"",""STC-ODDM-PHOTONIC-MMW-2024-2025"",""STC-OPA-OWISAC-BEAMFORMING-2024-2025"",""STC-REALTIME-BIDIR-DMT-THZ-2024-2026"",""STC-SELF-HOMODYNE-MCF-OFDR-2024-2025"",""STC-SF-LFM-OFDM-THZ-2025-2026"",""STC-SINGLETON-SCR-00001"",""STC-SINGLETON-SCR-00002"",""STC-SINGLETON-SCR-00007"",""STC-SINGLETON-SCR-00008"",""STC-SINGLETON-SCR-00012"",""STC-SINGLETON-SCR-00013"",""STC-SINGLETON-SCR-00015"",""STC-SINGLETON-SCR-00036"",""STC-SINGLETON-SCR-00038"",""STC-SINGLETON-SCR-00086"",""STC-SINGLETON-SCR-00091"",""STC-SINGLETON-SCR-00110"",""STC-SINGLETON-SCR-00160"",""STC-SINGLETON-SCR-00177"",""STC-SINGLETON-SCR-00185"",""STC-SINGLETON-SCR-00210"",""STC-SINGLETON-SCR-00233"",""STC-SINGLETON-SCR-00238"",""STC-SINGLETON-SCR-00256"",""STC-SINGLETON-SCR-00274"",""STC-SINGLETON-SCR-00277"",""STC-SINGLETON-SCR-00294"",""STC-SINGLETON-SCR-00344"",""STC-SINGLETON-SCR-00361"",""STC-SINGLETON-SCR-00362"",""STC-SINGLETON-SCR-00366"",""STC-SINGLETON-SCR-00367"",""STC-SINGLETON-SCR-00369"",""STC-SINGLETON-SCR-00376"",""STC-SINGLETON-SCR-00387"",""STC-SINGLETON-SCR-00396"",""STC-SINGLETON-SCR-00406"",""STC-SINGLETON-SCR-00407"",""STC-SINGLETON-SCR-00418"",""STC-SINGLETON-SCR-00436"",""STC-SINGLETON-SCR-00451"",""STC-SINGLETON-SCR-00456"",""STC-SINGLETON-SCR-00460"",""STC-SINGLETON-SCR-00473"",""STC-SINGLETON-SCR-00492"",""STC-SINGLETON-SCR-00496"",""STC-SINGLETON-SCR-00502"",""STC-SINGLETON-SCR-00506"",""STC-SINGLETON-SCR-00527"",""STC-SINGLETON-SCR-00557"",""STC-SINGLETON-SCR-00576"",""STC-SINGLETON-SCR-00589"",""STC-SINGLETON-SCR-00594"",""STC-SINGLETON-SCR-00602"",""STC-SINGLETON-SCR-00607"",""STC-SINGLETON-SCR-00626"",""STC-SINGLETON-SCR-00631"",""STC-SINGLETON-SCR-00647"",""STC-SINGLETON-SCR-00665"",""STC-SINGLETON-SCR-00679"",""STC-SINGLETON-SCR-00680"",""STC-SINGLETON-SCR-00719"",""STC-SINGLETON-SCR-00730"",""STC-SINGLETON-SCR-00761"",""STC-SINGLETON-SCR-00808"",""STC-SINGLETON-SCR-00833"",""STC-SINGLETON-SCR-00836"",""STC-SINGLETON-SCR-00873"",""STC-SINGLETON-SCR-00882"",""STC-SINGLETON-SCR-00884"",""STC-SINGLETON-SCR-00885"",""STC-SINGLETON-SCR-00887"",""STC-SINGLETON-SCR-00891"",""STC-SINGLETON-SCR-00893"",""STC-SINGLETON-SCR-00896"",""STC-SINGLETON-SCR-00899"",""STC-SINGLETON-SCR-00902"",""STC-SINGLETON-SCR-00903"",""STC-SINGLETON-SCR-00904"",""STC-SINGLETON-SCR-00905"",""STC-SINGLETON-SCR-00906"",""STC-SINGLETON-SCR-00908"",""STC-SINGLETON-SCR-00909"",""STC-SINGLETON-SCR-00910"",""STC-SINGLETON-SCR-00912"",""STC-SINGLETON-SCR-00913"",""STC-SINGLETON-SCR-00914"",""STC-SINGLETON-SCR-00915"",""STC-SINGLETON-SCR-00916"",""STC-SINGLETON-SCR-00917"",""STC-SINGLETON-SCR-00918"",""STC-SINGLETON-SCR-00919"",""STC-SINGLETON-SCR-00920"",""STC-SINGLETON-SCR-00922"",""STC-SINGLETON-SCR-00925"",""STC-SINGLETON-SCR-00926"",""STC-SINGLETON-SCR-00937"",""STC-SINGLETON-SCR-00941"",""STC-SINGLETON-SCR-00943"",""STC-SINGLETON-SCR-00944"",""STC-SINGLETON-SCR-00949"",""STC-SINGLETON-SCR-00959"",""STC-SINGLETON-SCR-00965"",""STC-SINGLETON-SCR-00970"",""STC-SINGLETON-SCR-00974"",""STC-SINGLETON-SCR-00975"",""STC-SINGLETON-SCR-00977"",""STC-SINGLETON-SCR-00979"",""STC-SINGLETON-SCR-00980"",""STC-SINGLETON-SCR-00983"",""STC-SINGLETON-SCR-00985"",""STC-SINGLETON-SCR-00986"",""STC-SINGLETON-SCR-00990"",""STC-SINGLETON-SCR-00992"",""STC-SINGLETON-SCR-00994"",""STC-SINGLETON-SCR-00998"",""STC-SINGLETON-SCR-01000"",""STC-SINGLETON-SCR-01001"",""STC-SINGLETON-SCR-01004"",""STC-SINGLETON-SCR-01006"",""STC-SINGLETON-SCR-01008"",""STC-SINGLETON-SCR-01009"",""STC-SINGLETON-SCR-01010"",""STC-SINGLETON-SCR-01011"",""STC-SINGLETON-SCR-01012"",""STC-SINGLETON-SCR-01020"",""STC-SINGLETON-SCR-01021"",""STC-SINGLETON-SCR-01023"",""STC-SINGLETON-SCR-01024"",""STC-SINGLETON-SCR-01025"",""STC-SINGLETON-SCR-01028"",""STC-SINGLETON-SCR-01029"",""STC-SINGLETON-SCR-01030"",""STC-SINGLETON-SCR-01032"",""STC-SINGLETON-SCR-01033"",""STC-SINGLETON-SCR-01034"",""STC-SINGLETON-SCR-01036"",""STC-SINGLETON-SCR-01041"",""STC-SINGLETON-SCR-01045"",""STC-SINGLETON-SCR-01047"",""STC-SINGLETON-SCR-01049"",""STC-SINGLETON-SCR-01050"",""STC-SINGLETON-SCR-01059"",""STC-SINGLETON-SCR-01060"",""STC-SINGLETON-SCR-01071"",""STC-SINGLETON-SCR-01072"",""STC-SINGLETON-SCR-01073"",""STC-SINGLETON-SCR-01079"",""STC-SINGLETON-SCR-01081"",""STC-SINGLETON-SCR-01085"",""STC-SINGLETON-SCR-01086"",""STC-SINGLETON-SCR-01088"",""STC-SINGLETON-SCR-01093"",""STC-SINGLETON-SCR-01095"",""STC-SINGLETON-SCR-01101"",""STC-SINGLETON-SCR-01103"",""STC-SINGLETON-SCR-01152"",""STC-SINGLETON-SCR-01153"",""STC-SINGLETON-SCR-01180"",""STC-SINGLETON-SCR-01188"",""STC-SINGLETON-SCR-01229"",""STC-SUBCARRIER-CHIRP-DBAND-2025"",""STC-SUBMARINE-CABLE-DAS-HUIZHOU-2022-2026"",""STC-TUNABLE-LASER-THZ-FMCW-2025-2026"",""STC-WBAND-POLARIZATION-JRC-2023-2025"",""STC-WBAND-TFDM-DONG-2022-2024""]}"
S7-measurement_plane_and_comparability,Research gap: measurement-plane harmonization and comparison admissibility,FSO|VLC_LiFi|fiber|hybrid_optical|other_optical|photonic_THz,192,3,3,3,2,2,2,1,3,3,high,"{""section"":""S7"",""deterministic_rule"":""gap_triangulation_by_study_and_modality"",""substantive_for_survey_conclusion"":true,""core_median"":2,""adequate_share"":0.9583,""raw_token_unique_count"":0,""raw_token_samples"":[],""contributing_study_ids"":[""STC-ACO-OFDM-LFM-LIDAR-2025"",""STC-DP-IMDD-THZ-RANGING-2025-2026"",""STC-DSCM-ANN-DT-ECL-2025-2026"",""STC-EADO-OFDM-RANGING-2024-2025"",""STC-ICP-RL-HLLB-3650KM-2024-2025"",""STC-III-NITRIDE-MOTION-VLC-2023"",""STC-LED-OISAC-2024-2025"",""STC-MMW-OFDM-PENG-2023-2024"",""STC-MULTICHANNEL-LFM-QAM-THZ-2024-2026"",""STC-OCDM-THZ-OVER-FIBER-2024-2025"",""STC-ODDM-PHOTONIC-MMW-2024-2025"",""STC-OPA-OWISAC-BEAMFORMING-2024-2025"",""STC-REALTIME-BIDIR-DMT-THZ-2024-2026"",""STC-SELF-HOMODYNE-MCF-OFDR-2024-2025"",""STC-SEVENCORE-COMB-SH-DAS-2024-2025"",""STC-SF-LFM-OFDM-THZ-2025-2026"",""STC-SINGLETON-SCR-00001"",""STC-SINGLETON-SCR-00002"",""STC-SINGLETON-SCR-00007"",""STC-SINGLETON-SCR-00009"",""STC-SINGLETON-SCR-00011"",""STC-SINGLETON-SCR-00012"",""STC-SINGLETON-SCR-00013"",""STC-SINGLETON-SCR-00015"",""STC-SINGLETON-SCR-00091"",""STC-SINGLETON-SCR-00110"",""STC-SINGLETON-SCR-00123"",""STC-SINGLETON-SCR-00151"",""STC-SINGLETON-SCR-00160"",""STC-SINGLETON-SCR-00177"",""STC-SINGLETON-SCR-00185"",""STC-SINGLETON-SCR-00189"",""STC-SINGLETON-SCR-00210"",""STC-SINGLETON-SCR-00218"",""STC-SINGLETON-SCR-00256"",""STC-SINGLETON-SCR-00268"",""STC-SINGLETON-SCR-00273"",""STC-SINGLETON-SCR-00274"",""STC-SINGLETON-SCR-00277"",""STC-SINGLETON-SCR-00278"",""STC-SINGLETON-SCR-00294"",""STC-SINGLETON-SCR-00312"",""STC-SINGLETON-SCR-00344"",""STC-SINGLETON-SCR-00356"",""STC-SINGLETON-SCR-00361"",""STC-SINGLETON-SCR-00362"",""STC-SINGLETON-SCR-00366"",""STC-SINGLETON-SCR-00367"",""STC-SINGLETON-SCR-00369"",""STC-SINGLETON-SCR-00376"",""STC-SINGLETON-SCR-00379"",""STC-SINGLETON-SCR-00387"",""STC-SINGLETON-SCR-00396"",""STC-SINGLETON-SCR-00406"",""STC-SINGLETON-SCR-00407"",""STC-SINGLETON-SCR-00418"",""STC-SINGLETON-SCR-00432"",""STC-SINGLETON-SCR-00436"",""STC-SINGLETON-SCR-00451"",""STC-SINGLETON-SCR-00456"",""STC-SINGLETON-SCR-00460"",""STC-SINGLETON-SCR-00473"",""STC-SINGLETON-SCR-00488"",""STC-SINGLETON-SCR-00492"",""STC-SINGLETON-SCR-00496"",""STC-SINGLETON-SCR-00502"",""STC-SINGLETON-SCR-00506"",""STC-SINGLETON-SCR-00527"",""STC-SINGLETON-SCR-00557"",""STC-SINGLETON-SCR-00576"",""STC-SINGLETON-SCR-00589"",""STC-SINGLETON-SCR-00594"",""STC-SINGLETON-SCR-00602"",""STC-SINGLETON-SCR-00607"",""STC-SINGLETON-SCR-00626"",""STC-SINGLETON-SCR-00631"",""STC-SINGLETON-SCR-00647"",""STC-SINGLETON-SCR-00665"",""STC-SINGLETON-SCR-00679"",""STC-SINGLETON-SCR-00680"",""STC-SINGLETON-SCR-00719"",""STC-SINGLETON-SCR-00730"",""STC-SINGLETON-SCR-00761"",""STC-SINGLETON-SCR-00808"",""STC-SINGLETON-SCR-00833"",""STC-SINGLETON-SCR-00836"",""STC-SINGLETON-SCR-00873"",""STC-SINGLETON-SCR-00882"",""STC-SINGLETON-SCR-00884"",""STC-SINGLETON-SCR-00885"",""STC-SINGLETON-SCR-00887"",""STC-SINGLETON-SCR-00891"",""STC-SINGLETON-SCR-00893"",""STC-SINGLETON-SCR-00896"",""STC-SINGLETON-SCR-00899"",""STC-SINGLETON-SCR-00902"",""STC-SINGLETON-SCR-00903"",""STC-SINGLETON-SCR-00904"",""STC-SINGLETON-SCR-00905"",""STC-SINGLETON-SCR-00906"",""STC-SINGLETON-SCR-00908"",""STC-SINGLETON-SCR-00909"",""STC-SINGLETON-SCR-00910"",""STC-SINGLETON-SCR-00912"",""STC-SINGLETON-SCR-00913"",""STC-SINGLETON-SCR-00914"",""STC-SINGLETON-SCR-00915"",""STC-SINGLETON-SCR-00916"",""STC-SINGLETON-SCR-00917"",""STC-SINGLETON-SCR-00918"",""STC-SINGLETON-SCR-00919"",""STC-SINGLETON-SCR-00920"",""STC-SINGLETON-SCR-00922"",""STC-SINGLETON-SCR-00925"",""STC-SINGLETON-SCR-00926"",""STC-SINGLETON-SCR-00937"",""STC-SINGLETON-SCR-00943"",""STC-SINGLETON-SCR-00944"",""STC-SINGLETON-SCR-00949"",""STC-SINGLETON-SCR-00953"",""STC-SINGLETON-SCR-00954"",""STC-SINGLETON-SCR-00959"",""STC-SINGLETON-SCR-00965"",""STC-SINGLETON-SCR-00970"",""STC-SINGLETON-SCR-00974"",""STC-SINGLETON-SCR-00975"",""STC-SINGLETON-SCR-00977"",""STC-SINGLETON-SCR-00979"",""STC-SINGLETON-SCR-00980"",""STC-SINGLETON-SCR-00983"",""STC-SINGLETON-SCR-00985"",""STC-SINGLETON-SCR-00986"",""STC-SINGLETON-SCR-00990"",""STC-SINGLETON-SCR-00992"",""STC-SINGLETON-SCR-00994"",""STC-SINGLETON-SCR-00996"",""STC-SINGLETON-SCR-00998"",""STC-SINGLETON-SCR-01000"",""STC-SINGLETON-SCR-01001"",""STC-SINGLETON-SCR-01004"",""STC-SINGLETON-SCR-01006"",""STC-SINGLETON-SCR-01008"",""STC-SINGLETON-SCR-01009"",""STC-SINGLETON-SCR-01010"",""STC-SINGLETON-SCR-01011"",""STC-SINGLETON-SCR-01012"",""STC-SINGLETON-SCR-01018"",""STC-SINGLETON-SCR-01020"",""STC-SINGLETON-SCR-01021"",""STC-SINGLETON-SCR-01023"",""STC-SINGLETON-SCR-01024"",""STC-SINGLETON-SCR-01025"",""STC-SINGLETON-SCR-01028"",""STC-SINGLETON-SCR-01029"",""STC-SINGLETON-SCR-01030"",""STC-SINGLETON-SCR-01032"",""STC-SINGLETON-SCR-01033"",""STC-SINGLETON-SCR-01034"",""STC-SINGLETON-SCR-01036"",""STC-SINGLETON-SCR-01040"",""STC-SINGLETON-SCR-01041"",""STC-SINGLETON-SCR-01045"",""STC-SINGLETON-SCR-01047"",""STC-SINGLETON-SCR-01049"",""STC-SINGLETON-SCR-01050"",""STC-SINGLETON-SCR-01059"",""STC-SINGLETON-SCR-01060"",""STC-SINGLETON-SCR-01070"",""STC-SINGLETON-SCR-01071"",""STC-SINGLETON-SCR-01072"",""STC-SINGLETON-SCR-01073"",""STC-SINGLETON-SCR-01079"",""STC-SINGLETON-SCR-01081"",""STC-SINGLETON-SCR-01085"",""STC-SINGLETON-SCR-01086"",""STC-SINGLETON-SCR-01088"",""STC-SINGLETON-SCR-01093"",""STC-SINGLETON-SCR-01095"",""STC-SINGLETON-SCR-01101"",""STC-SINGLETON-SCR-01103"",""STC-SINGLETON-SCR-01105"",""STC-SINGLETON-SCR-01151"",""STC-SINGLETON-SCR-01152"",""STC-SINGLETON-SCR-01153"",""STC-SINGLETON-SCR-01165"",""STC-SINGLETON-SCR-01180"",""STC-SINGLETON-SCR-01188"",""STC-SINGLETON-SCR-01229"",""STC-SUBCARRIER-CHIRP-DBAND-2025"",""STC-SUBMARINE-CABLE-DAS-HUIZHOU-2022-2026"",""STC-WBAND-POLARIZATION-JRC-2023-2025"",""STC-WBAND-TFDM-DONG-2022-2024""]}"
S7-metric_definition_and_reporting,Research gap: standardized metric definitions and complete reporting,FSO|VLC_LiFi|fiber|hybrid_optical|photonic_THz,31,2,1,3,2,2,2,1,2,2,high,"{""section"":""S7"",""deterministic_rule"":""gap_triangulation_by_study_and_modality"",""substantive_for_survey_conclusion"":true,""core_median"":2,""adequate_share"":0.8387,""raw_token_unique_count"":0,""raw_token_samples"":[],""contributing_study_ids"":[""STC-III-NITRIDE-MOTION-VLC-2023"",""STC-SINGLETON-SCR-00002"",""STC-SINGLETON-SCR-00189"",""STC-SINGLETON-SCR-00210"",""STC-SINGLETON-SCR-00256"",""STC-SINGLETON-SCR-00273"",""STC-SINGLETON-SCR-00274"",""STC-SINGLETON-SCR-00277"",""STC-SINGLETON-SCR-00278"",""STC-SINGLETON-SCR-00294"",""STC-SINGLETON-SCR-00361"",""STC-SINGLETON-SCR-00432"",""STC-SINGLETON-SCR-00436"",""STC-SINGLETON-SCR-00473"",""STC-SINGLETON-SCR-00488"",""STC-SINGLETON-SCR-00506"",""STC-SINGLETON-SCR-00557"",""STC-SINGLETON-SCR-00607"",""STC-SINGLETON-SCR-00833"",""STC-SINGLETON-SCR-00885"",""STC-SINGLETON-SCR-00899"",""STC-SINGLETON-SCR-00919"",""STC-SINGLETON-SCR-00920"",""STC-SINGLETON-SCR-00944"",""STC-SINGLETON-SCR-00986"",""STC-SINGLETON-SCR-01004"",""STC-SINGLETON-SCR-01006"",""STC-SINGLETON-SCR-01008"",""STC-SINGLETON-SCR-01024"",""STC-SINGLETON-SCR-01045"",""STC-WBAND-TFDM-DONG-2022-2024""]}"
S7-open_artifacts_and_reproducibility,"Research gap: open datasets, code/models and reproducibility",fiber|photonic_THz,4,2,3,3,2,1,2,1,2,2,limited,"{""section"":""S7"",""deterministic_rule"":""gap_triangulation_by_study_and_modality"",""substantive_for_survey_conclusion"":true,""core_median"":2,""adequate_share"":1,""raw_token_unique_count"":0,""raw_token_samples"":[],""contributing_study_ids"":[""STC-SINGLETON-SCR-00038"",""STC-SINGLETON-SCR-00052"",""STC-SINGLETON-SCR-00312"",""STC-SINGLETON-SCR-00959""]}"
S7-robustness_channel_mobility,"Research gap: channel robustness, mobility and environmental realism",FSO|VLC_LiFi|fiber|hybrid_optical|other_optical|photonic_THz,155,3,3,3,2,2,2,1,3,3,high,"{""section"":""S7"",""deterministic_rule"":""gap_triangulation_by_study_and_modality"",""substantive_for_survey_conclusion"":true,""core_median"":2,""adequate_share"":0.9548,""raw_token_unique_count"":0,""raw_token_samples"":[],""contributing_study_ids"":[""STC-ACO-OFDM-LFM-LIDAR-2025"",""STC-DP-IMDD-THZ-RANGING-2025-2026"",""STC-DSCM-ANN-DT-ECL-2025-2026"",""STC-EADO-OFDM-RANGING-2024-2025"",""STC-ENDOGENOUS-TS-FRFT-DAS-2025"",""STC-FRDM-POLARIZATION-SENSING-2025-2026"",""STC-ICP-RL-HLLB-3650KM-2024-2025"",""STC-III-NITRIDE-MOTION-VLC-2023"",""STC-LED-OISAC-2024-2025"",""STC-MMW-OFDM-PENG-2023-2024"",""STC-MULTICHANNEL-LFM-QAM-THZ-2024-2026"",""STC-OCDM-THZ-OVER-FIBER-2024-2025"",""STC-ODDM-PHOTONIC-MMW-2024-2025"",""STC-OPA-OWISAC-BEAMFORMING-2024-2025"",""STC-REALTIME-BIDIR-DMT-THZ-2024-2026"",""STC-SEVENCORE-COMB-SH-DAS-2024-2025"",""STC-SF-LFM-OFDM-THZ-2025-2026"",""STC-SINGLETON-SCR-00002"",""STC-SINGLETON-SCR-00007"",""STC-SINGLETON-SCR-00008"",""STC-SINGLETON-SCR-00009"",""STC-SINGLETON-SCR-00011"",""STC-SINGLETON-SCR-00015"",""STC-SINGLETON-SCR-00036"",""STC-SINGLETON-SCR-00038"",""STC-SINGLETON-SCR-00056"",""STC-SINGLETON-SCR-00086"",""STC-SINGLETON-SCR-00091"",""STC-SINGLETON-SCR-00123"",""STC-SINGLETON-SCR-00151"",""STC-SINGLETON-SCR-00177"",""STC-SINGLETON-SCR-00189"",""STC-SINGLETON-SCR-00210"",""STC-SINGLETON-SCR-00218"",""STC-SINGLETON-SCR-00233"",""STC-SINGLETON-SCR-00238"",""STC-SINGLETON-SCR-00256"",""STC-SINGLETON-SCR-00273"",""STC-SINGLETON-SCR-00274"",""STC-SINGLETON-SCR-00277"",""STC-SINGLETON-SCR-00278"",""STC-SINGLETON-SCR-00312"",""STC-SINGLETON-SCR-00344"",""STC-SINGLETON-SCR-00361"",""STC-SINGLETON-SCR-00362"",""STC-SINGLETON-SCR-00367"",""STC-SINGLETON-SCR-00376"",""STC-SINGLETON-SCR-00387"",""STC-SINGLETON-SCR-00396"",""STC-SINGLETON-SCR-00406"",""STC-SINGLETON-SCR-00407"",""STC-SINGLETON-SCR-00418"",""STC-SINGLETON-SCR-00436"",""STC-SINGLETON-SCR-00451"",""STC-SINGLETON-SCR-00456"",""STC-SINGLETON-SCR-00488"",""STC-SINGLETON-SCR-00492"",""STC-SINGLETON-SCR-00496"",""STC-SINGLETON-SCR-00502"",""STC-SINGLETON-SCR-00506"",""STC-SINGLETON-SCR-00557"",""STC-SINGLETON-SCR-00576"",""STC-SINGLETON-SCR-00589"",""STC-SINGLETON-SCR-00594"",""STC-SINGLETON-SCR-00602"",""STC-SINGLETON-SCR-00626"",""STC-SINGLETON-SCR-00631"",""STC-SINGLETON-SCR-00647"",""STC-SINGLETON-SCR-00665"",""STC-SINGLETON-SCR-00679"",""STC-SINGLETON-SCR-00730"",""STC-SINGLETON-SCR-00761"",""STC-SINGLETON-SCR-00873"",""STC-SINGLETON-SCR-00882"",""STC-SINGLETON-SCR-00885"",""STC-SINGLETON-SCR-00891"",""STC-SINGLETON-SCR-00893"",""STC-SINGLETON-SCR-00896"",""STC-SINGLETON-SCR-00899"",""STC-SINGLETON-SCR-00902"",""STC-SINGLETON-SCR-00903"",""STC-SINGLETON-SCR-00904"",""STC-SINGLETON-SCR-00905"",""STC-SINGLETON-SCR-00906"",""STC-SINGLETON-SCR-00908"",""STC-SINGLETON-SCR-00909"",""STC-SINGLETON-SCR-00912"",""STC-SINGLETON-SCR-00913"",""STC-SINGLETON-SCR-00915"",""STC-SINGLETON-SCR-00916"",""STC-SINGLETON-SCR-00917"",""STC-SINGLETON-SCR-00919"",""STC-SINGLETON-SCR-00920"",""STC-SINGLETON-SCR-00922"",""STC-SINGLETON-SCR-00925"",""STC-SINGLETON-SCR-00926"",""STC-SINGLETON-SCR-00937"",""STC-SINGLETON-SCR-00941"",""STC-SINGLETON-SCR-00944"",""STC-SINGLETON-SCR-00953"",""STC-SINGLETON-SCR-00954"",""STC-SINGLETON-SCR-00959"",""STC-SINGLETON-SCR-00970"",""STC-SINGLETON-SCR-00974"",""STC-SINGLETON-SCR-00977"",""STC-SINGLETON-SCR-00979"",""STC-SINGLETON-SCR-00980"",""STC-SINGLETON-SCR-00985"",""STC-SINGLETON-SCR-00986"",""STC-SINGLETON-SCR-00990"",""STC-SINGLETON-SCR-00992"",""STC-SINGLETON-SCR-00994"",""STC-SINGLETON-SCR-00998"",""STC-SINGLETON-SCR-01000"",""STC-SINGLETON-SCR-01001"",""STC-SINGLETON-SCR-01004"",""STC-SINGLETON-SCR-01008"",""STC-SINGLETON-SCR-01009"",""STC-SINGLETON-SCR-01010"",""STC-SINGLETON-SCR-01011"",""STC-SINGLETON-SCR-01012"",""STC-SINGLETON-SCR-01018"",""STC-SINGLETON-SCR-01023"",""STC-SINGLETON-SCR-01028"",""STC-SINGLETON-SCR-01029"",""STC-SINGLETON-SCR-01030"",""STC-SINGLETON-SCR-01032"",""STC-SINGLETON-SCR-01033"",""STC-SINGLETON-SCR-01034"",""STC-SINGLETON-SCR-01047"",""STC-SINGLETON-SCR-01049"",""STC-SINGLETON-SCR-01050"",""STC-SINGLETON-SCR-01059"",""STC-SINGLETON-SCR-01060"",""STC-SINGLETON-SCR-01070"",""STC-SINGLETON-SCR-01072"",""STC-SINGLETON-SCR-01081"",""STC-SINGLETON-SCR-01085"",""STC-SINGLETON-SCR-01086"",""STC-SINGLETON-SCR-01088"",""STC-SINGLETON-SCR-01093"",""STC-SINGLETON-SCR-01095"",""STC-SINGLETON-SCR-01101"",""STC-SINGLETON-SCR-01103"",""STC-SINGLETON-SCR-01105"",""STC-SINGLETON-SCR-01151"",""STC-SINGLETON-SCR-01152"",""STC-SINGLETON-SCR-01153"",""STC-SINGLETON-SCR-01180"",""STC-SINGLETON-SCR-01188"",""STC-SUBCARRIER-CHIRP-DBAND-2025"",""STC-SUBMARINE-CABLE-DAS-HUIZHOU-2022-2026"",""STC-TUNABLE-LASER-THZ-FMCW-2025-2026"",""STC-WBAND-POLARIZATION-JRC-2023-2025"",""STC-WBAND-TFDM-DONG-2022-2024""]}"
S7-six_g_scalability,Research gap: explicit 6G scalability and network-level evaluation,FSO|VLC_LiFi|fiber|hybrid_optical|other_optical|photonic_THz,68,2,3,3,2,2,2,1,3,3,high,"{""section"":""S7"",""deterministic_rule"":""gap_triangulation_by_study_and_modality"",""substantive_for_survey_conclusion"":true,""core_median"":2,""adequate_share"":0.9559,""raw_token_unique_count"":0,""raw_token_samples"":[],""contributing_study_ids"":[""STC-ACO-OFDM-LFM-LIDAR-2025"",""STC-ICP-RL-HLLB-3650KM-2024-2025"",""STC-LED-OISAC-2024-2025"",""STC-SELF-HOMODYNE-MCF-OFDR-2024-2025"",""STC-SINGLETON-SCR-00001"",""STC-SINGLETON-SCR-00002"",""STC-SINGLETON-SCR-00007"",""STC-SINGLETON-SCR-00008"",""STC-SINGLETON-SCR-00011"",""STC-SINGLETON-SCR-00015"",""STC-SINGLETON-SCR-00052"",""STC-SINGLETON-SCR-00056"",""STC-SINGLETON-SCR-00057"",""STC-SINGLETON-SCR-00086"",""STC-SINGLETON-SCR-00091"",""STC-SINGLETON-SCR-00110"",""STC-SINGLETON-SCR-00123"",""STC-SINGLETON-SCR-00151"",""STC-SINGLETON-SCR-00160"",""STC-SINGLETON-SCR-00218"",""STC-SINGLETON-SCR-00238"",""STC-SINGLETON-SCR-00256"",""STC-SINGLETON-SCR-00278"",""STC-SINGLETON-SCR-00294"",""STC-SINGLETON-SCR-00344"",""STC-SINGLETON-SCR-00376"",""STC-SINGLETON-SCR-00379"",""STC-SINGLETON-SCR-00387"",""STC-SINGLETON-SCR-00396"",""STC-SINGLETON-SCR-00406"",""STC-SINGLETON-SCR-00432"",""STC-SINGLETON-SCR-00496"",""STC-SINGLETON-SCR-00506"",""STC-SINGLETON-SCR-00576"",""STC-SINGLETON-SCR-00647"",""STC-SINGLETON-SCR-00665"",""STC-SINGLETON-SCR-00730"",""STC-SINGLETON-SCR-00761"",""STC-SINGLETON-SCR-00808"",""STC-SINGLETON-SCR-00833"",""STC-SINGLETON-SCR-00873"",""STC-SINGLETON-SCR-00884"",""STC-SINGLETON-SCR-00893"",""STC-SINGLETON-SCR-00896"",""STC-SINGLETON-SCR-00899"",""STC-SINGLETON-SCR-00903"",""STC-SINGLETON-SCR-00904"",""STC-SINGLETON-SCR-00905"",""STC-SINGLETON-SCR-00913"",""STC-SINGLETON-SCR-00949"",""STC-SINGLETON-SCR-00959"",""STC-SINGLETON-SCR-00983"",""STC-SINGLETON-SCR-01004"",""STC-SINGLETON-SCR-01021"",""STC-SINGLETON-SCR-01033"",""STC-SINGLETON-SCR-01060"",""STC-SINGLETON-SCR-01070"",""STC-SINGLETON-SCR-01071"",""STC-SINGLETON-SCR-01072"",""STC-SINGLETON-SCR-01079"",""STC-SINGLETON-SCR-01086"",""STC-SINGLETON-SCR-01093"",""STC-SINGLETON-SCR-01095"",""STC-SINGLETON-SCR-01103"",""STC-SINGLETON-SCR-01105"",""STC-SINGLETON-SCR-01151"",""STC-SINGLETON-SCR-01165"",""STC-SINGLETON-SCR-01188""]}"
