paper_id,year,modality,scenario,metric_name,metric_value,metric_unit,definition_class,evidence_type,heading_path,line_start,line_end,excerpt_paraphrase,excerpt_quote,notes
O_ISAC_001,2025,VLC,Indoor,B,250000000.0,Hz,OTHER,figure,Modulation Strategies for Robust Optical Wireless Communications and Sensing in 6G > B. VLC CE-OFDM Receiver > III. VLC CE-OFDM PERFORMANCE ASSESSMENT,89,89,Bandwidth is reported.,"Fig. 1 presents the experimental performance evaluation results of the VLC CE-OFDM system, conducted using the same laboratory setup described in [8]. In the experiment,",
O_ISAC_002,2025,Hybrid,Indoor,R,100000000000.0,bps,OTHER,text,**Photonic Terahertz Integrated Sensing and Communication (ISAC) Systems** > **1. Introduction**,11,11,Data rate/throughput is reported.,"The growing complexity of the electromagnetic environment has heightened the need for reliable connectivity in wireless networks, leading to increased interest in integrated sensing and",
O_ISAC_002,2025,Hybrid,Indoor,R,6000000000.0,bps,OTHER,text,**2. Photonic THz ISAC Waveform Design**,19,19,Data rate/throughput is reported.,"We have proposed a radar-centric waveform that combines linear frequency modulation (LFM) with phase shift keying (PSK) [8], i.e. LFM-PSK waveform. Through theoretical analysis, we",
O_ISAC_002,2025,Hybrid,Indoor,CRB,8,m,OTHER,text,**2. Photonic THz ISAC Waveform Design**,19,19,CRB/FIM is referenced.,"We have proposed a radar-centric waveform that combines linear frequency modulation (LFM) with phase shift keying (PSK) [8], i.e. LFM-PSK waveform. Through theoretical analysis, we",
O_ISAC_002,2025,Hybrid,Indoor,R,120000000000.0,bps,OTHER,figure,**2. Photonic THz ISAC Waveform Design** > 3. Photonic THz Coherent Fusion ISAC System,27,27,Data rate/throughput is reported.,"Photonic terahertz ISAC systems use integrated waveforms to enhance resource efficiency and overall performance, surpassing that of conventional waveforms. Despite these advancements, current ISAC demonstrations",
O_ISAC_002,2025,Hybrid,Indoor,R,20000000000.0,bps,OTHER,figure,**2. Photonic THz ISAC Waveform Design** > 4. Photonic THz Sensing enhanced Communications,35,35,Data rate/throughput is reported.,"Recent photonic THz-ISAC prototypes have achieved timing resolution at the nanosecond level and positioning resolution on a millimeter scale, highlighting their potential to enhance communication",
O_ISAC_003,2025,VLC,Outdoor,B,6000000000.0,Hz,OTHER,text,I. INTRODUCTION,11,11,Bandwidth is reported.,"Rapid development of intelligent transportation systems (ITS) has led to advancements in vehicle-to-vehicle (V2V) communication technology, which is crucial for improving road safety and traffic",
O_ISAC_004,2025,Hybrid,Unknown,R,128000000000.0,bps,OTHER,text,Adiabatic-tapered few-mode-fiber-based system for integrating optical fiber sensing and telecommunication,7,7,Data rate/throughput is reported.,"*Abstract*—**We demonstrated an adiabatic-tapered fewmode-fiber-based system for integrating sensing and telecommunication, where the system shows a salinity sensitivity of 0.1 nm/**‰ **and transmission rate of",
O_ISAC_004,2025,Hybrid,Unknown,R,128000000000.0,bps,OTHER,figure,Adiabatic-tapered few-mode-fiber-based system for integrating optical fiber sensing and telecommunication > III. RESULTS AND DISCUSSIONS,59,59,Data rate/throughput is reported.,"In the meanwhile, the device also serves the function of telecommunications. The QPSK, 16QAM, 32QAM, and 64QAM modulation formats are applied for the testing of",
O_ISAC_004,2025,Hybrid,Unknown,B,3000.0,Hz,OTHER,figure,Adiabatic-tapered few-mode-fiber-based system for integrating optical fiber sensing and telecommunication > III. RESULTS AND DISCUSSIONS,59,59,Bandwidth is reported.,"In the meanwhile, the device also serves the function of telecommunications. The QPSK, 16QAM, 32QAM, and 64QAM modulation formats are applied for the testing of",
O_ISAC_005,2024,Hybrid,Outdoor,B,1000000000.0,Hz,OTHER,text,III. PROBLEM FORMULATION AND RESOURCE ALLOCATION > B. Resource Optimization using Reinforcement Learning,152,152,Bandwidth is reported.,| Bandwidth | $\Omega_o$ | 1 GHz |,
O_ISAC_005,2024,Hybrid,Outdoor,B,250000000.0,Hz,OTHER,text,III. PROBLEM FORMULATION AND RESOURCE ALLOCATION > B. Resource Optimization using Reinforcement Learning,156,156,Bandwidth is reported.,| Bandwidth | $\Omega_{ m m}$ | 50-250 MHz |,
O_ISAC_006,2024,Fiber,Indoor,B,600.0,Hz,OTHER,text,*A. Solution based on multiplexing technology*,77,77,Bandwidth is reported.,The ISAC-OF solution based on backscattered light was initially implemented in WDM and Space Division Multiplexing (SDM) systems. Experiments reported in [23-24] utilized optical fiber,
O_ISAC_006,2024,Fiber,Indoor,Δz,0.5,m,DZ,text,*A. Solution based on multiplexing technology*,79,95,Fiber spatial granularity/gauge length is reported.,"demonstrated an SDM-based ISAC-OF scheme, deploying a seven-core optical fiber in field trials[27] . The schematic of the experimental setup is shown in figure 5.",
O_ISAC_006,2024,Fiber,Indoor,Δz,0.5,m,DZ,text,*A. Solution based on multiplexing technology*,80,96,Fiber spatial granularity/gauge length is reported.,"![](_page_2_Figure_8.jpeg) Fig.5 Schematic diagram of experimental structure in scheme [27]. ## *B. Solution using the same wavelength* In ISAC-OF schemes based on WDM and SDM,",
O_ISAC_006,2024,Fiber,Indoor,Δz,0.5,m,DZ,text,*A. Solution based on multiplexing technology*,81,97,Fiber spatial granularity/gauge length is reported.,"![](_page_2_Figure_8.jpeg) Fig.5 Schematic diagram of experimental structure in scheme [27]. ## *B. Solution using the same wavelength* In ISAC-OF schemes based on WDM and SDM,",
O_ISAC_006,2024,Fiber,Indoor,Δz,0.5,m,DZ,text,*A. Solution based on multiplexing technology*,82,98,Fiber spatial granularity/gauge length is reported.,"Fig.5 Schematic diagram of experimental structure in scheme [27]. ## *B. Solution using the same wavelength* In ISAC-OF schemes based on WDM and SDM, dedicating",
O_ISAC_006,2024,Fiber,Indoor,Δz,0.5,m,DZ,text,*A. Solution based on multiplexing technology*,83,99,Fiber spatial granularity/gauge length is reported.,"Fig.5 Schematic diagram of experimental structure in scheme [27]. ## *B. Solution using the same wavelength* In ISAC-OF schemes based on WDM and SDM, dedicating",
O_ISAC_006,2024,Fiber,Indoor,Δz,0.5,m,DZ,text,*A. Solution based on multiplexing technology*,84,100,Fiber spatial granularity/gauge length is reported.,"## *B. Solution using the same wavelength* In ISAC-OF schemes based on WDM and SDM, dedicating spectrum or fiber resources exclusively to sensing can lead",
O_ISAC_006,2024,Fiber,Indoor,Δz,0.5,m,DZ,text,*A. Solution based on multiplexing technology* > *B. Solution using the same wavelength*,85,101,Fiber spatial granularity/gauge length is reported.,"## *B. Solution using the same wavelength* In ISAC-OF schemes based on WDM and SDM, dedicating spectrum or fiber resources exclusively to sensing can lead",
O_ISAC_006,2024,Fiber,Indoor,Δz,0.5,m,DZ,text,*A. Solution based on multiplexing technology* > *B. Solution using the same wavelength*,86,102,Fiber spatial granularity/gauge length is reported.,"In ISAC-OF schemes based on WDM and SDM, dedicating spectrum or fiber resources exclusively to sensing can lead to inefficient resource utilization. To enhance the",
O_ISAC_006,2024,Fiber,Indoor,Δz,0.5,m,DZ,text,*A. Solution based on multiplexing technology* > *B. Solution using the same wavelength*,87,103,Fiber spatial granularity/gauge length is reported.,"In ISAC-OF schemes based on WDM and SDM, dedicating spectrum or fiber resources exclusively to sensing can lead to inefficient resource utilization. To enhance the",
O_ISAC_006,2024,Fiber,Indoor,Δz,0.5,m,DZ,text,*A. Solution based on multiplexing technology* > *B. Solution using the same wavelength*,88,104,Fiber spatial granularity/gauge length is reported.,![](_page_2_Figure_12.jpeg) Fig.6 Schematic diagram of experimental structure in scheme [28]. # *C. Solution Utilizing the Structure of Communication Data Frames* Reference [29] proposed a straightforward,
O_ISAC_006,2024,Fiber,Indoor,Δz,0.5,m,DZ,text,*A. Solution based on multiplexing technology* > *B. Solution using the same wavelength*,89,105,Fiber spatial granularity/gauge length is reported.,![](_page_2_Figure_12.jpeg) Fig.6 Schematic diagram of experimental structure in scheme [28]. # *C. Solution Utilizing the Structure of Communication Data Frames* Reference [29] proposed a straightforward,
O_ISAC_006,2024,Fiber,Indoor,Δz,0.5,m,DZ,text,*A. Solution based on multiplexing technology* > *B. Solution using the same wavelength*,90,106,Fiber spatial granularity/gauge length is reported.,Fig.6 Schematic diagram of experimental structure in scheme [28]. # *C. Solution Utilizing the Structure of Communication Data Frames* Reference [29] proposed a straightforward ISAC,
O_ISAC_006,2024,Fiber,Indoor,Δz,0.5,m,DZ,text,*A. Solution based on multiplexing technology* > *B. Solution using the same wavelength*,91,107,Fiber spatial granularity/gauge length is reported.,Fig.6 Schematic diagram of experimental structure in scheme [28]. # *C. Solution Utilizing the Structure of Communication Data Frames* Reference [29] proposed a straightforward ISAC,
O_ISAC_006,2024,Fiber,Indoor,Δz,0.5,m,DZ,text,*A. Solution based on multiplexing technology* > *B. Solution using the same wavelength*,92,108,Fiber spatial granularity/gauge length is reported.,# *C. Solution Utilizing the Structure of Communication Data Frames* Reference [29] proposed a straightforward ISAC solution that does not require additional dedicated wavelength channels,
O_ISAC_006,2024,Fiber,Indoor,Δz,0.5,m,DZ,text,*C. Solution Utilizing the Structure of Communication Data Frames*,93,109,Fiber spatial granularity/gauge length is reported.,# *C. Solution Utilizing the Structure of Communication Data Frames* Reference [29] proposed a straightforward ISAC solution that does not require additional dedicated wavelength channels,
O_ISAC_006,2024,Fiber,Indoor,Δz,0.5,m,DZ,text,*C. Solution Utilizing the Structure of Communication Data Frames*,94,110,Fiber spatial granularity/gauge length is reported.,Reference [29] proposed a straightforward ISAC solution that does not require additional dedicated wavelength channels by utilizing the structure of communication data frames. The schematic,
O_ISAC_006,2024,Fiber,Indoor,Δz,0.5,m,DZ,text,*C. Solution Utilizing the Structure of Communication Data Frames*,95,111,Fiber spatial granularity/gauge length is reported.,Reference [29] proposed a straightforward ISAC solution that does not require additional dedicated wavelength channels by utilizing the structure of communication data frames. The schematic,
O_ISAC_006,2024,Fiber,Indoor,R,100000000000.0,bps,OTHER,text,*C. Solution Utilizing the Structure of Communication Data Frames* > D. Solution based on DSCM,103,103,Data rate/throughput is reported.,"Zihe Hu et al. [30] integrated the spectrum of sensing probes into the center of the Digital Subcarrier Multiplexing (DSCM) signal spectrum, utilizing DSCM technology",
O_ISAC_006,2024,Fiber,Indoor,Δz,4.0,m,DZ,text,*C. Solution Utilizing the Structure of Communication Data Frames*,96,112,Fiber spatial granularity/gauge length is reported.,![](_page_3_Figure_1.jpeg) Fig.7 Schematic diagram of experimental structure in scheme [29]. #### D. Solution based on DSCM Zihe Hu et al. [30] integrated the spectrum of,
O_ISAC_006,2024,Fiber,Indoor,Δz,4.0,m,DZ,text,*C. Solution Utilizing the Structure of Communication Data Frames*,97,113,Fiber spatial granularity/gauge length is reported.,![](_page_3_Figure_1.jpeg) Fig.7 Schematic diagram of experimental structure in scheme [29]. #### D. Solution based on DSCM Zihe Hu et al. [30] integrated the spectrum of,
O_ISAC_006,2024,Fiber,Indoor,Δz,4.0,m,DZ,text,*C. Solution Utilizing the Structure of Communication Data Frames*,98,114,Fiber spatial granularity/gauge length is reported.,Fig.7 Schematic diagram of experimental structure in scheme [29]. #### D. Solution based on DSCM Zihe Hu et al. [30] integrated the spectrum of sensing,
O_ISAC_006,2024,Fiber,Indoor,Δz,4.0,m,DZ,text,*C. Solution Utilizing the Structure of Communication Data Frames*,99,115,Fiber spatial granularity/gauge length is reported.,Fig.7 Schematic diagram of experimental structure in scheme [29]. #### D. Solution based on DSCM Zihe Hu et al. [30] integrated the spectrum of sensing,
O_ISAC_006,2024,Fiber,Indoor,Δz,4.0,m,DZ,text,*C. Solution Utilizing the Structure of Communication Data Frames*,100,116,Fiber spatial granularity/gauge length is reported.,#### D. Solution based on DSCM Zihe Hu et al. [30] integrated the spectrum of sensing probes into the center of the Digital Subcarrier Multiplexing,
O_ISAC_006,2024,Fiber,Indoor,Δz,4.0,m,DZ,text,*C. Solution Utilizing the Structure of Communication Data Frames* > D. Solution based on DSCM,101,117,Fiber spatial granularity/gauge length is reported.,#### D. Solution based on DSCM Zihe Hu et al. [30] integrated the spectrum of sensing probes into the center of the Digital Subcarrier Multiplexing,
O_ISAC_006,2024,Fiber,Indoor,Δz,4.0,m,DZ,text,*C. Solution Utilizing the Structure of Communication Data Frames* > D. Solution based on DSCM,102,118,Fiber spatial granularity/gauge length is reported.,"Zihe Hu et al. [30] integrated the spectrum of sensing probes into the center of the Digital Subcarrier Multiplexing (DSCM) signal spectrum, utilizing DSCM technology",
O_ISAC_006,2024,Fiber,Indoor,Δz,4.0,m,DZ,text,*C. Solution Utilizing the Structure of Communication Data Frames* > D. Solution based on DSCM,103,119,Fiber spatial granularity/gauge length is reported.,"Zihe Hu et al. [30] integrated the spectrum of sensing probes into the center of the Digital Subcarrier Multiplexing (DSCM) signal spectrum, utilizing DSCM technology",
O_ISAC_006,2024,Fiber,Indoor,R,600000000000.0,bps,OTHER,text,*C. Solution Utilizing the Structure of Communication Data Frames* > REFERENCES,168,168,Data rate/throughput is reported.,"- [25] S. Guerrier, K. Benyahya, C. Dorize, et al., ""Vibration Detection and Localization in Buried Fiber Cable after 80km of SSMF using Digital Coherent",
O_ISAC_008,2025,Hybrid,Indoor,R,4000000000.0,bps,OTHER,text,**Wide-steering Integrated Sensing and Communication OPA-based Lidar Design with Joint Waveform and Thinned Antenna**,9,9,Data rate/throughput is reported.,*Abstract: We propose an integrated sensing and communication Lidar design with joint waveform and thinned ring antenna. Evaluation results show a higher data rate of,
O_ISAC_008,2025,Hybrid,Indoor,R,4000000000.0,bps,OTHER,figure,**Wide-steering Integrated Sensing and Communication OPA-based Lidar Design with Joint Waveform and Thinned Antenna** > A. Principle of QPSK-FMCW Joint Waveform Design > B. Principle of Thinned Ring Antenna Design > A. ISAC Joint Waveform Evaluation,69,69,Data rate/throughput is reported.,The VPltransmissionMaker is utilized to evaluate the function of proposed ISAC Lidar system utilizing QPSK-FMCW joint waveform in Fig. 1 (a). Considering the actual experiment,
O_ISAC_008,2025,Hybrid,Indoor,B,8000000000.0,Hz,OTHER,figure,**Wide-steering Integrated Sensing and Communication OPA-based Lidar Design with Joint Waveform and Thinned Antenna** > A. Principle of QPSK-FMCW Joint Waveform Design > B. Principle of Thinned Ring Antenna Design > A. ISAC Joint Waveform Evaluation,69,69,Bandwidth is reported.,The VPltransmissionMaker is utilized to evaluate the function of proposed ISAC Lidar system utilizing QPSK-FMCW joint waveform in Fig. 1 (a). Considering the actual experiment,
O_ISAC_009,2025,VLC,Indoor,B,1000000000.0,Hz,OTHER,eq,"<span id=""page-0-17""></span>Integrated Positioning and Communication Relying on Wireless Optical OFDM > <span id=""page-0-5""></span><span id=""page-0-4""></span><span id=""page-0-3""></span><span id=""page-0-2""></span><span id=""page-0-1""></span>I. INTRODUCTION",25,25,Bandwidth is reported.,"<span id=""page-0-16""></span><span id=""page-0-15""></span><span id=""page-0-14""></span><span id=""page-0-13""></span><span id=""page-0-12""></span><span id=""page-0-11""></span><span id=""page-0-10""></span><span id=""page-0-9""></span><span id=""page-0-8""></span><span id=""page-0-7""></span><span id=""page-0-6""></span>To harness this spectrum, significant efforts have been invested in improving the Light Emitting",
O_ISAC_009,2025,VLC,Indoor,B,240000.0,Hz,OTHER,eq,"<span id=""page-2-0""></span>*A. Scenarios and System Description* > <span id=""page-4-3""></span>B. PD Signal Reception",253,253,Bandwidth is reported.,"model of (6) to be free of inter-symbol interference, the CP length has to be higher than the maximum delay, i.e. $M_{cp} > \max_{\forall p}",
O_ISAC_009,2025,VLC,Indoor,B,240000.0,Hz,OTHER,figure,"<span id=""page-2-0""></span>*A. Scenarios and System Description* > <span id=""page-5-2""></span>B. Optical OFDM Radar Sensing",364,364,Bandwidth is reported.,"<span id=""page-6-1""></span>Property 2 is confirmed by Fig. 2, which exemplifes the CIRs experienced by a VLPC-DCO-OFDM system that models a LED, a PD and a",
O_ISAC_009,2025,VLC,Indoor,B,240000.0,Hz,OTHER,figure,"<span id=""page-2-0""></span>*A. Scenarios and System Description* > <span id=""page-7-1""></span>C. Hybrid Radar-RSS Sensing > <span id=""page-8-2""></span>D. Maximum Achievable Rates",486,486,Bandwidth is reported.,Fig. 6. Power of each CIR for VLPC-DCO-OFDM with different bandwidths $BW = M \cdot SCS$ in multipath scenario. The subfigures are (a) Pair A,
O_ISAC_009,2025,VLC,Indoor,B,240000.0,Hz,OTHER,figure,"<span id=""page-2-0""></span>*A. Scenarios and System Description* > <span id=""page-9-1""></span>A. Simulation Parameters",512,512,Bandwidth is reported.,"environment of Fig. 5 is considered, where the configurations are summarized in Table V. The LEDs are equi-spaced on the ceiling with 2 m distances",
O_ISAC_009,2025,VLC,Indoor,sigma_r,2.2,m,OTHER,figure,"<span id=""page-2-0""></span>*A. Scenarios and System Description* > <span id=""page-10-1""></span>C. Positioning Accuracy",547,547,Estimator accuracy/RMSE is reported.,"Fig. 7 characterizes the Root Mean Squared Error (RMSE) of positioning functionality in a LoS-only scenario. Based on the simulation parameters of Sec. VI-A, the",
O_ISAC_009,2025,VLC,Indoor,sigma_r,1.0,m,OTHER,figure,"<span id=""page-2-0""></span>*A. Scenarios and System Description* > <span id=""page-10-1""></span>C. Positioning Accuracy",557,557,Estimator accuracy/RMSE is reported.,"However, in the rich scattering multipath scenario of Fig. [8,](#page-10-3) the conventional RSS-based VLP schemes suffer from severe performance degradation, where their ranging RMSEs become",
O_ISAC_009,2025,VLC,Indoor,R,100000000.0,bps,OTHER,figure,"<span id=""page-2-0""></span>*A. Scenarios and System Description* > <span id=""page-11-0""></span>*D. Communication Data Rates and BERs*",571,571,Data rate/throughput is reported.,"Fig. [11](#page-11-1) demonstrates the CCMC rates of the VLPC-DCO-OFDM communication functionality, when the CSI is either obtained from the sensing functionality or estimated in the",
O_ISAC_009,2025,VLC,Indoor,R,100000000.0,bps,OTHER,figure,"<span id=""page-2-0""></span>*A. Scenarios and System Description* > <span id=""page-11-0""></span>*D. Communication Data Rates and BERs*",579,579,Data rate/throughput is reported.,"We note that the CCMC rate evaluation of [\(28\)](#page-8-4) can only be approached for idealistic Gaussian-distributed input and output signals through channel coding, and this",
O_ISAC_009,2025,VLC,Indoor,sigma_r,1.0,m,OTHER,figure,"<span id=""page-2-0""></span>*A. Scenarios and System Description* > <span id=""page-12-0""></span>*E. Overall Illumination Functionality*",609,609,Estimator accuracy/RMSE is reported.,"Fig. 18. Positioning functionality: Average localization error of VLPC-DCO-OFDM in multipath scenario, where we have P<sup>t</sup> = −20dBm. The subfigures are average RMSE on ranging",
O_ISAC_009,2025,VLC,Indoor,R,100000000.0,bps,OTHER,figure,"<span id=""page-2-0""></span>*A. Scenarios and System Description* > <span id=""page-14-2""></span>F. Overall Positioning Functionality > <span id=""page-14-3""></span>G. Overall Communication Functionality",629,629,Data rate/throughput is reported.,"Finally, Fig. 19 portrays the communication data rate distribution in multipath scenarios, where OOK is used by the RSS scheme, while QPSK is used by",
O_ISAC_009,2025,VLC,Indoor,B,245760000.0,Hz,OTHER,figure,"<span id=""page-2-0""></span>*A. Scenarios and System Description* > <span id=""page-14-2""></span>F. Overall Positioning Functionality > <span id=""page-14-3""></span>G. Overall Communication Functionality",629,629,Bandwidth is reported.,"Finally, Fig. 19 portrays the communication data rate distribution in multipath scenarios, where OOK is used by the RSS scheme, while QPSK is used by",
O_ISAC_009,2025,VLC,Indoor,R,2805000000.0,bps,OTHER,eq,"<span id=""page-2-0""></span>*A. Scenarios and System Description* > REFERENCES",659,659,Data rate/throughput is reported.,"- <span id=""page-15-16""></span>[\[18\]](#page-1-3) Y.-H. Chang et al., ""2.805 Gbit/s high-bandwidth phosphor white light visible light communication utilizing an InGaN/GaN semipolar blue micro-LED,"" *Opt. Exp.*, vol.",
O_ISAC_009,2025,VLC,Indoor,B,1500000000.0,Hz,OTHER,eq,"<span id=""page-2-0""></span>*A. Scenarios and System Description* > REFERENCES",661,661,Bandwidth is reported.,"- <span id=""page-15-18""></span>[\[20\]](#page-1-5) A. Rashidi, M. Monavarian, A. Aragon, A. Rishinaramangalam, and D. Feezell, ""Nonpolar m -plane InGaN/GaN micro-scale light-emitting diode with 1.5 GHz modulation",
O_ISAC_009,2025,VLC,Indoor,R,10000000000.0,bps,OTHER,eq,"<span id=""page-2-0""></span>*A. Scenarios and System Description* > REFERENCES",663,663,Data rate/throughput is reported.,"- <span id=""page-15-20""></span>[\[22\]](#page-1-7) M. S. Islim et al., ""Towards 10 Gb/s orthogonal frequency division multiplexing-based visible light communication using a GaN violet micro-LED,"" *Photon. Res.*,",
O_ISAC_010,2024,Fiber,Unknown,R,117000000000.0,bps,OTHER,text,High-speed DMT signal and power-over-fiber simultaneous transmission over weakly-coupled multicore Fiber > Wei Chen,69,69,Data rate/throughput is reported.,Abstract—We experimentally demonstrate transmission of 50 and 60 GBaud 64-level quadrature amplitude modulation (QAM) high-speed optical discrete multi-tone (DMT) signal corresponding to the data rate,
O_ISAC_010,2024,Fiber,Unknown,R,9000000000.0,bps,OTHER,text,High-speed DMT signal and power-over-fiber simultaneous transmission over weakly-coupled multicore Fiber > I. INTRODUCTION,81,81,Data rate/throughput is reported.,"In recent years, PoF schemes based on double-clad fiber (DCF), standard single-mode fiber (SSMF), multi-mode fiber (MMF), multicore fiber (MCF), and hollow-core fiber (HCF) with",
O_ISAC_010,2024,Fiber,Unknown,R,114000000000.0,bps,OTHER,table,High-speed DMT signal and power-over-fiber simultaneous transmission over weakly-coupled multicore Fiber > I. INTRODUCTION,83,83,Data rate/throughput is reported.,"However, the primary challenges confronting systems capable of simultaneously transmitting optical signals and PoF are twofold. First, the transmission rate of the signal light is",
O_ISAC_010,2024,Fiber,Unknown,B,40000000000.0,Hz,OTHER,figure,High-speed DMT signal and power-over-fiber simultaneous transmission over weakly-coupled multicore Fiber > II. EXPERIMENTAL SETUP,87,87,Bandwidth is reported.,"First, wemeasured the transmission of 1064 nm PoF signal over 1 to 3 km of SMF, asshown in Fig. (a). Ahigh power fiber laser(HPFL) is",
O_ISAC_010,2024,Fiber,Unknown,R,117000000000.0,bps,OTHER,figure,High-speed DMT signal and power-over-fiber simultaneous transmission over weakly-coupled multicore Fiber > II. EXPERIMENTAL SETUP,97,97,Data rate/throughput is reported.,"In the following, the experimental setup for co-transmission over 1-km 7-core single-mode WC-MCF with high-power PoF signal and IM-DD based high-speed DMT signal is shown",
O_ISAC_010,2024,Fiber,Unknown,B,45000000000.0,Hz,OTHER,figure,High-speed DMT signal and power-over-fiber simultaneous transmission over weakly-coupled multicore Fiber > II. EXPERIMENTAL SETUP,97,97,Bandwidth is reported.,"In the following, the experimental setup for co-transmission over 1-km 7-core single-mode WC-MCF with high-power PoF signal and IM-DD based high-speed DMT signal is shown",
O_ISAC_010,2024,Fiber,Unknown,B,45000000000.0,Hz,OTHER,figure,High-speed DMT signal and power-over-fiber simultaneous transmission over weakly-coupled multicore Fiber > II. EXPERIMENTAL SETUP,103,103,Bandwidth is reported.,"polarization state of the output light of ECL. Then, the optical carrier is fed into a LiNbO3-based electro-optic Mach-Zehnder modulator (MZM) with a 3 dB",
O_ISAC_010,2024,Fiber,Unknown,R,117000000000.0,bps,OTHER,figure,III. RESULTS AND DISCUSSIONS,119,119,Data rate/throughput is reported.,"To validate the performance of the DMT signal light with the 60 W PoF signal in any fiber core, the optical DMT signal is fed",
O_ISAC_010,2024,Fiber,Unknown,R,117000000000.0,bps,OTHER,table,IV. CONCLUSION,141,141,Data rate/throughput is reported.,"In conclusion, we experimentally demonstrate the simultaneous transmission of 60 W PoF signal with 117 Gbit/s and 140 Gbit/s highspeed DMT signal in an IM-DD",
O_ISAC_011,2024,Hybrid,Indoor,sigma_r,2.95,m,OTHER,figure,B. Simulation Results,165,165,Estimator accuracy/RMSE is reported.,Fig. 7. Positioning RMSE distribution when Tx1 and Tx4 are located at the height of 2.95m.,
O_ISAC_011,2024,Hybrid,Indoor,sigma_r,1.0,m,OTHER,figure,B. Simulation Results,167,167,Estimator accuracy/RMSE is reported.,"To explore the positioning capability of the system at different positions in space when ensure the time delay will be correctly measured, we move the",
O_ISAC_011,2024,Hybrid,Indoor,sigma_r,2.5,m,OTHER,figure,B. Simulation Results,171,171,Estimator accuracy/RMSE is reported.,Fig. 8. Positioning RMSE distribution when Tx1 and Tx4 are located at the height of 2.5m,
O_ISAC_012,2023,FSO,Outdoor,R,1000000000.0,bps,OTHER,text,Phase-Coded FMCW for Optical Integrated Sensing and Communication,11,11,Data rate/throughput is reported.,"*Abstract*—A scheme for optical integrated sensing and communication using phase coded frequency-modulated continuous wave (PC-FMCW) is proposed. By using phase modulation, communication codes are carried",
O_ISAC_012,2023,FSO,Outdoor,R,1000000000.0,bps,OTHER,eq,I. INTRODUCTION > II. OPERATION PRINCIPLE,37,37,Data rate/throughput is reported.,where ϕs(t) represents the phase shift corresponding to the communication code. The encoded light is transmitted into free space and partially received at the target,
O_ISAC_012,2023,FSO,Outdoor,B,10000000000.0,Hz,OTHER,eq,I. INTRODUCTION > II. OPERATION PRINCIPLE,37,37,Bandwidth is reported.,where ϕs(t) represents the phase shift corresponding to the communication code. The encoded light is transmitted into free space and partially received at the target,
O_ISAC_012,2023,FSO,Outdoor,R,1000000000.0,bps,OTHER,figure,I. INTRODUCTION > *B. Communication* > III. SIMULATION AND RESULT,105,105,Data rate/throughput is reported.,"The simulation system is shown in Fig. 2 where the system is divided into three parts, Transmitter, Communication (target) and Sensing. Linear Frequency Modulation (LFM)",
O_ISAC_012,2023,FSO,Outdoor,B,10000000000.0,Hz,OTHER,figure,I. INTRODUCTION > *B. Communication* > III. SIMULATION AND RESULT,105,105,Bandwidth is reported.,"The simulation system is shown in Fig. 2 where the system is divided into three parts, Transmitter, Communication (target) and Sensing. Linear Frequency Modulation (LFM)",
O_ISAC_012,2023,FSO,Outdoor,R,1000000000.0,bps,OTHER,text,I. INTRODUCTION > *B. Communication* > IV. CONCLUSION,119,119,Data rate/throughput is reported.,"In summary, we propose a phase-coded FMCW scheme for optical sensing and communication and simulate the communication and sensing results of the scheme using OptiSystem",
O_ISAC_013,2025,Fiber,Unknown,Δz,15.3,m,DZ,text,,1,11,Fiber spatial granularity/gauge length is reported.,"![](_page_0_Picture_2.jpeg) # Single-Ended > 100-km Distributed Vibration Sensor Based on OFDR Using Pearson Correlation Coefficient Haohan Guo, Kun Liu , Yuanyao Li , Ji Liu,",
O_ISAC_013,2025,Fiber,Unknown,Δz,15.3,m,DZ,text,,1,12,Fiber spatial granularity/gauge length is reported.,"![](_page_0_Picture_2.jpeg) # Single-Ended > 100-km Distributed Vibration Sensor Based on OFDR Using Pearson Correlation Coefficient Haohan Guo, Kun Liu , Yuanyao Li , Ji Liu,",
O_ISAC_013,2025,Fiber,Unknown,Δz,15.3,m,DZ,text,,1,13,Fiber spatial granularity/gauge length is reported.,"![](_page_0_Picture_2.jpeg) # Single-Ended > 100-km Distributed Vibration Sensor Based on OFDR Using Pearson Correlation Coefficient Haohan Guo, Kun Liu , Yuanyao Li , Ji Liu,",
O_ISAC_013,2025,Fiber,Unknown,Δz,15.3,m,DZ,text,,1,14,Fiber spatial granularity/gauge length is reported.,"![](_page_0_Picture_2.jpeg) # Single-Ended > 100-km Distributed Vibration Sensor Based on OFDR Using Pearson Correlation Coefficient Haohan Guo, Kun Liu , Yuanyao Li , Ji Liu,",
O_ISAC_013,2025,Fiber,Unknown,Δz,15.3,m,DZ,text,,1,15,Fiber spatial granularity/gauge length is reported.,"![](_page_0_Picture_2.jpeg) # Single-Ended > 100-km Distributed Vibration Sensor Based on OFDR Using Pearson Correlation Coefficient Haohan Guo, Kun Liu , Yuanyao Li , Ji Liu,",
O_ISAC_013,2025,Fiber,Unknown,Δz,15.3,m,DZ,text,,1,16,Fiber spatial granularity/gauge length is reported.,"![](_page_0_Picture_2.jpeg) # Single-Ended > 100-km Distributed Vibration Sensor Based on OFDR Using Pearson Correlation Coefficient Haohan Guo, Kun Liu , Yuanyao Li , Ji Liu,",
O_ISAC_013,2025,Fiber,Unknown,Δz,15.3,m,DZ,text,,1,17,Fiber spatial granularity/gauge length is reported.,"![](_page_0_Picture_2.jpeg) # Single-Ended > 100-km Distributed Vibration Sensor Based on OFDR Using Pearson Correlation Coefficient Haohan Guo, Kun Liu , Yuanyao Li , Ji Liu,",
O_ISAC_013,2025,Fiber,Unknown,Δz,15.3,m,DZ,text,,2,18,Fiber spatial granularity/gauge length is reported.,"# Single-Ended > 100-km Distributed Vibration Sensor Based on OFDR Using Pearson Correlation Coefficient Haohan Guo, Kun Liu , Yuanyao Li , Ji Liu, Huafang",
O_ISAC_013,2025,Fiber,Unknown,Δz,15.3,m,DZ,text,Single-Ended > 100-km Distributed Vibration Sensor Based on OFDR Using Pearson Correlation Coefficient,3,19,Fiber spatial granularity/gauge length is reported.,"# Single-Ended > 100-km Distributed Vibration Sensor Based on OFDR Using Pearson Correlation Coefficient Haohan Guo, Kun Liu , Yuanyao Li , Ji Liu, Huafang",
O_ISAC_013,2025,Fiber,Unknown,Δz,15.3,m,DZ,text,Single-Ended > 100-km Distributed Vibration Sensor Based on OFDR Using Pearson Correlation Coefficient,4,20,Fiber spatial granularity/gauge length is reported.,"Haohan Guo, Kun Liu , Yuanyao Li , Ji Liu, Huafang Wang, Jinqi Deng, Junfeng Jiang , Tiegen Liu , and Zhenyang Ding *Abstract***—Distributed optical",
O_ISAC_013,2025,Fiber,Unknown,Δz,15.3,m,DZ,text,Single-Ended > 100-km Distributed Vibration Sensor Based on OFDR Using Pearson Correlation Coefficient,5,21,Fiber spatial granularity/gauge length is reported.,"Haohan Guo, Kun Liu , Yuanyao Li , Ji Liu, Huafang Wang, Jinqi Deng, Junfeng Jiang , Tiegen Liu , and Zhenyang Ding *Abstract***—Distributed optical",
O_ISAC_013,2025,Fiber,Unknown,Δz,15.3,m,DZ,text,Single-Ended > 100-km Distributed Vibration Sensor Based on OFDR Using Pearson Correlation Coefficient,6,22,Fiber spatial granularity/gauge length is reported.,"*Abstract***—Distributed optical fiber vibration sensor (DOFVS) is an ideal technology for integrated sensing and communication in an optical fiber (ISAC-OF), which can be widely applied",
O_ISAC_013,2025,Fiber,Unknown,Δz,15.3,m,DZ,text,Single-Ended > 100-km Distributed Vibration Sensor Based on OFDR Using Pearson Correlation Coefficient,7,23,Fiber spatial granularity/gauge length is reported.,"*Abstract***—Distributed optical fiber vibration sensor (DOFVS) is an ideal technology for integrated sensing and communication in an optical fiber (ISAC-OF), which can be widely applied",
O_ISAC_013,2025,Fiber,Unknown,Δz,15.3,m,DZ,text,Single-Ended > 100-km Distributed Vibration Sensor Based on OFDR Using Pearson Correlation Coefficient,8,24,Fiber spatial granularity/gauge length is reported.,"![](_page_0_Figure_6.jpeg) **tion OFDR system without any amplifier, specialty optical fiber, and complex modulation techniques, vibration events can be located by detecting changepoints in step form",
O_ISAC_013,2025,Fiber,Unknown,Δz,15.3,m,DZ,text,Single-Ended > 100-km Distributed Vibration Sensor Based on OFDR Using Pearson Correlation Coefficient,9,25,Fiber spatial granularity/gauge length is reported.,"![](_page_0_Figure_6.jpeg) **tion OFDR system without any amplifier, specialty optical fiber, and complex modulation techniques, vibration events can be located by detecting changepoints in step form",
O_ISAC_013,2025,Fiber,Unknown,Δz,15.3,m,DZ,text,Single-Ended > 100-km Distributed Vibration Sensor Based on OFDR Using Pearson Correlation Coefficient,10,26,Fiber spatial granularity/gauge length is reported.,"**tion OFDR system without any amplifier, specialty optical fiber, and complex modulation techniques, vibration events can be located by detecting changepoints in step form in",
O_ISAC_013,2025,Fiber,Unknown,Δz,15.3,m,DZ,text,Single-Ended > 100-km Distributed Vibration Sensor Based on OFDR Using Pearson Correlation Coefficient,11,27,Fiber spatial granularity/gauge length is reported.,"**tion OFDR system without any amplifier, specialty optical fiber, and complex modulation techniques, vibration events can be located by detecting changepoints in step form in",
O_ISAC_013,2025,Fiber,Unknown,Δz,15.0,m,DZ,text,Single-Ended > 100-km Distributed Vibration Sensor Based on OFDR Using Pearson Correlation Coefficient > I. INTRODUCTION,58,74,Fiber spatial granularity/gauge length is reported.,| | Pattern recognition | [32] | 80 | | Yes | | Single | | | Improved<br>hardware | [33] | 102.7 | 15 |,
O_ISAC_013,2025,Fiber,Unknown,Δz,15.0,m,DZ,text,Single-Ended > 100-km Distributed Vibration Sensor Based on OFDR Using Pearson Correlation Coefficient > I. INTRODUCTION,59,75,Fiber spatial granularity/gauge length is reported.,| | Improved<br>hardware | [33] | 102.7 | 15 | Yes | | Single | | | | [34] | 103 | 9.3 | |,
O_ISAC_013,2025,Fiber,Unknown,Δz,15.0,m,DZ,text,Single-Ended > 100-km Distributed Vibration Sensor Based on OFDR Using Pearson Correlation Coefficient > I. INTRODUCTION,60,76,Fiber spatial granularity/gauge length is reported.,| | | [34] | 103 | 9.3 | | 97 pε/√Hz | Single | | | | [35] | 100 | 10 | |,
O_ISAC_013,2025,Fiber,Unknown,Δz,15.0,m,DZ,text,Single-Ended > 100-km Distributed Vibration Sensor Based on OFDR Using Pearson Correlation Coefficient > I. INTRODUCTION,61,77,Fiber spatial granularity/gauge length is reported.,| | | [35] | 100 | 10 | | 200 pε/√Hz | Single | | OFDR | Distributed amplification | [38] | 108 |,
O_ISAC_013,2025,Fiber,Unknown,Δz,15.0,m,DZ,text,Single-Ended > 100-km Distributed Vibration Sensor Based on OFDR Using Pearson Correlation Coefficient > I. INTRODUCTION,62,78,Fiber spatial granularity/gauge length is reported.,| OFDR | Distributed amplification | [38] | 108 | 5 | | 220 pε/√Hz | Dual | | | Enhanced | [39] | 101,
O_ISAC_013,2025,Fiber,Unknown,Δz,15.0,m,DZ,text,Single-Ended > 100-km Distributed Vibration Sensor Based on OFDR Using Pearson Correlation Coefficient > I. INTRODUCTION,63,79,Fiber spatial granularity/gauge length is reported.,| | Enhanced | [39] | 101 | 1.4 | Yes | | Single | | | scattering fiber | [36] | 100 | 100,
O_ISAC_013,2025,Fiber,Unknown,Δz,15.0,m,DZ,text,Single-Ended > 100-km Distributed Vibration Sensor Based on OFDR Using Pearson Correlation Coefficient > I. INTRODUCTION,64,80,Fiber spatial granularity/gauge length is reported.,| | scattering fiber | [36] | 100 | 100 | Yes | | Single | | | Relay amplification | [37] | 220 (110.9),
O_ISAC_013,2025,Fiber,Unknown,Δz,15.0,m,DZ,text,Single-Ended > 100-km Distributed Vibration Sensor Based on OFDR Using Pearson Correlation Coefficient > I. INTRODUCTION,65,81,Fiber spatial granularity/gauge length is reported.,| | Relay amplification | [37] | 220 (110.9) | 20.4 | | | Dual | | | Internal<br>modulation and<br>Pearson-CC<br>algorithm | Ours | 100 |,
O_ISAC_013,2025,Fiber,Unknown,Δz,15.0,m,DZ,text,Single-Ended > 100-km Distributed Vibration Sensor Based on OFDR Using Pearson Correlation Coefficient > I. INTRODUCTION,66,82,Fiber spatial granularity/gauge length is reported.,| | Internal<br>modulation and<br>Pearson-CC<br>algorithm | Ours | 100 | 15 | Yes | 868 рε | Single | reflectometry (ϕ-OTDR) and optical frequency-domain reflectometry (OFDR).,
O_ISAC_013,2025,Fiber,Unknown,Δz,15.0,m,DZ,text,Single-Ended > 100-km Distributed Vibration Sensor Based on OFDR Using Pearson Correlation Coefficient > I. INTRODUCTION,67,83,Fiber spatial granularity/gauge length is reported.,"reflectometry (ϕ-OTDR) and optical frequency-domain reflectometry (OFDR). There are many methods for vibration sensing in ϕ-OTDR to further sensing distance. First, the commonly used method",
O_ISAC_013,2025,Fiber,Unknown,Δz,15.0,m,DZ,text,Single-Ended > 100-km Distributed Vibration Sensor Based on OFDR Using Pearson Correlation Coefficient > I. INTRODUCTION,68,84,Fiber spatial granularity/gauge length is reported.,"reflectometry (ϕ-OTDR) and optical frequency-domain reflectometry (OFDR). There are many methods for vibration sensing in ϕ-OTDR to further sensing distance. First, the commonly used method",
O_ISAC_013,2025,Fiber,Unknown,Δz,15.0,m,DZ,text,Single-Ended > 100-km Distributed Vibration Sensor Based on OFDR Using Pearson Correlation Coefficient > I. INTRODUCTION,69,85,Fiber spatial granularity/gauge length is reported.,"Another long-distance DOFVS is based on OFDR. Traditional OFDR systems are single-ended based on external modulation, using a single sideband with a suppressed carrier (SSB-SC)",
O_ISAC_013,2025,Fiber,Unknown,Δz,15.0,m,DZ,text,Single-Ended > 100-km Distributed Vibration Sensor Based on OFDR Using Pearson Correlation Coefficient > I. INTRODUCTION,70,86,Fiber spatial granularity/gauge length is reported.,"Another long-distance DOFVS is based on OFDR. Traditional OFDR systems are single-ended based on external modulation, using a single sideband with a suppressed carrier (SSB-SC)",
O_ISAC_013,2025,Fiber,Unknown,Δz,15.0,m,DZ,text,Single-Ended > 100-km Distributed Vibration Sensor Based on OFDR Using Pearson Correlation Coefficient > I. INTRODUCTION,71,87,Fiber spatial granularity/gauge length is reported.,"Rayleigh backscattering can act as an FUT ""fingerprint"" in OFDR. The vibration events on an FUT give rise to a variation in the ""fingerprint"" of",
O_ISAC_013,2025,Fiber,Unknown,Δz,15.0,m,DZ,text,Single-Ended > 100-km Distributed Vibration Sensor Based on OFDR Using Pearson Correlation Coefficient > I. INTRODUCTION,72,88,Fiber spatial granularity/gauge length is reported.,"Rayleigh backscattering can act as an FUT ""fingerprint"" in OFDR. The vibration events on an FUT give rise to a variation in the ""fingerprint"" of",
O_ISAC_013,2025,Fiber,Unknown,Δz,15.0,m,DZ,text,Single-Ended > 100-km Distributed Vibration Sensor Based on OFDR Using Pearson Correlation Coefficient > I. INTRODUCTION,73,89,Fiber spatial granularity/gauge length is reported.,"In this article, we present a simple and effective method to demodulate vibration events by detecting Rayleigh backscattering change that is evaluated by the Pearson",
O_ISAC_013,2025,Fiber,Unknown,Δz,15.0,m,DZ,text,Single-Ended > 100-km Distributed Vibration Sensor Based on OFDR Using Pearson Correlation Coefficient > I. INTRODUCTION,74,90,Fiber spatial granularity/gauge length is reported.,"In this article, we present a simple and effective method to demodulate vibration events by detecting Rayleigh backscattering change that is evaluated by the Pearson",
O_ISAC_013,2025,Fiber,Unknown,Δz,0.0153,m,DZ,text,IV. EXPERIMENT AND DISCUSSION > *A. OFDR System Configuration*,202,218,Fiber spatial granularity/gauge length is reported.,"### *A. OFDR System Configuration* We briefly describe the internal modulation OFDR system [43], whose configuration is shown in Fig. 4. The main interferometer is",
O_ISAC_013,2025,Fiber,Unknown,Δz,0.0153,m,DZ,text,IV. EXPERIMENT AND DISCUSSION > *A. OFDR System Configuration*,203,219,Fiber spatial granularity/gauge length is reported.,"We briefly describe the internal modulation OFDR system [43], whose configuration is shown in Fig. 4. The main interferometer is a modified MZI. The auxiliary",
O_ISAC_013,2025,Fiber,Unknown,Δz,0.0153,m,DZ,text,IV. EXPERIMENT AND DISCUSSION > *A. OFDR System Configuration*,204,220,Fiber spatial granularity/gauge length is reported.,"We briefly describe the internal modulation OFDR system [43], whose configuration is shown in Fig. 4. The main interferometer is a modified MZI. The auxiliary",
O_ISAC_013,2025,Fiber,Unknown,Δz,0.0153,m,DZ,text,IV. EXPERIMENT AND DISCUSSION > *A. OFDR System Configuration*,205,221,Fiber spatial granularity/gauge length is reported.,![](_page_6_Figure_2.jpeg) Fig. 4. OFDR system configuration. The main interferometer is a modified fiber-based MZI. The auxiliary interferometer is an unbalanced MI with the 5-km reference,
O_ISAC_013,2025,Fiber,Unknown,Δz,0.0153,m,DZ,text,IV. EXPERIMENT AND DISCUSSION > *A. OFDR System Configuration*,206,222,Fiber spatial granularity/gauge length is reported.,![](_page_6_Figure_2.jpeg) Fig. 4. OFDR system configuration. The main interferometer is a modified fiber-based MZI. The auxiliary interferometer is an unbalanced MI with the 5-km reference,
O_ISAC_013,2025,Fiber,Unknown,B,17000.0,Hz,OTHER,figure,IV. EXPERIMENT AND DISCUSSION > *B. Vibration Event Localization*,214,214,Bandwidth is reported.,"To verify the effectiveness of the proposed method, we carry out a series of experiments using the OFDR system shown in Fig. 4 and following",
O_ISAC_013,2025,Fiber,Unknown,Δz,0.0153,m,DZ,text,IV. EXPERIMENT AND DISCUSSION > *A. OFDR System Configuration*,207,223,Fiber spatial granularity/gauge length is reported.,Fig. 4. OFDR system configuration. The main interferometer is a modified fiber-based MZI. The auxiliary interferometer is an unbalanced MI with the 5-km reference delay,
O_ISAC_013,2025,Fiber,Unknown,Δz,0.0153,m,DZ,text,IV. EXPERIMENT AND DISCUSSION > *A. OFDR System Configuration*,208,224,Fiber spatial granularity/gauge length is reported.,Fig. 4. OFDR system configuration. The main interferometer is a modified fiber-based MZI. The auxiliary interferometer is an unbalanced MI with the 5-km reference delay,
O_ISAC_013,2025,Fiber,Unknown,Δz,0.0153,m,DZ,text,IV. EXPERIMENT AND DISCUSSION > *A. OFDR System Configuration*,209,225,Fiber spatial granularity/gauge length is reported.,effective tuning range is about 6.72 GHz. The sweep frequency of the TLS in the proposed OFDR system is about 4 Hz. The sampling rate,
O_ISAC_013,2025,Fiber,Unknown,Δz,0.0153,m,DZ,text,IV. EXPERIMENT AND DISCUSSION > *A. OFDR System Configuration*,210,226,Fiber spatial granularity/gauge length is reported.,effective tuning range is about 6.72 GHz. The sweep frequency of the TLS in the proposed OFDR system is about 4 Hz. The sampling rate,
O_ISAC_013,2025,Fiber,Unknown,Δz,0.0153,m,DZ,text,IV. EXPERIMENT AND DISCUSSION > *A. OFDR System Configuration*,211,227,Fiber spatial granularity/gauge length is reported.,"### *B. Vibration Event Localization* To verify the effectiveness of the proposed method, we carry out a series of experiments using the OFDR system shown",
O_ISAC_013,2025,Fiber,Unknown,Δz,0.0153,m,DZ,text,IV. EXPERIMENT AND DISCUSSION > *B. Vibration Event Localization*,212,228,Fiber spatial granularity/gauge length is reported.,"### *B. Vibration Event Localization* To verify the effectiveness of the proposed method, we carry out a series of experiments using the OFDR system shown",
O_ISAC_013,2025,Fiber,Unknown,Δz,0.0153,m,DZ,text,IV. EXPERIMENT AND DISCUSSION > *B. Vibration Event Localization*,213,229,Fiber spatial granularity/gauge length is reported.,"To verify the effectiveness of the proposed method, we carry out a series of experiments using the OFDR system shown in Fig. 4 and following",
O_ISAC_013,2025,Fiber,Unknown,Δz,0.0153,m,DZ,text,IV. EXPERIMENT AND DISCUSSION > *B. Vibration Event Localization*,214,230,Fiber spatial granularity/gauge length is reported.,"To verify the effectiveness of the proposed method, we carry out a series of experiments using the OFDR system shown in Fig. 4 and following",
O_ISAC_013,2025,Fiber,Unknown,Δz,0.0153,m,DZ,text,IV. EXPERIMENT AND DISCUSSION > *B. Vibration Event Localization*,215,231,Fiber spatial granularity/gauge length is reported.,"First, we apply a pulse voltage of 0.8 V and the corresponding amplitude of the vibration event is 2.608 nε according to the strain coefficients",
O_ISAC_013,2025,Fiber,Unknown,Δz,0.0153,m,DZ,text,IV. EXPERIMENT AND DISCUSSION > *B. Vibration Event Localization*,216,232,Fiber spatial granularity/gauge length is reported.,"First, we apply a pulse voltage of 0.8 V and the corresponding amplitude of the vibration event is 2.608 nε according to the strain coefficients",
O_ISAC_013,2025,Fiber,Unknown,Δz,0.0153,m,DZ,text,IV. EXPERIMENT AND DISCUSSION > *B. Vibration Event Localization*,217,233,Fiber spatial granularity/gauge length is reported.,"according to the strain coefficients of PZT1. After measuring the reference beat signal and the test beat signal, we use a deskew filter to compensate",
O_ISAC_013,2025,Fiber,Unknown,Δz,0.0153,m,DZ,text,IV. EXPERIMENT AND DISCUSSION > *B. Vibration Event Localization*,218,234,Fiber spatial granularity/gauge length is reported.,"according to the strain coefficients of PZT1. After measuring the reference beat signal and the test beat signal, we use a deskew filter to compensate",
O_ISAC_013,2025,Fiber,Unknown,Δz,15.3,m,DZ,text,IV. EXPERIMENT AND DISCUSSION > *C. Vibration Amplitude Calibration* > *F. Comparison With Previous CCSA Methods*,260,276,Fiber spatial granularity/gauge length is reported.,"Besides, the authors proposed that the nonsimilar level is proportional to the vibration level and verified it at 41 km. We calculate the nonsimilar level",
O_ISAC_013,2025,Fiber,Unknown,Δz,15.3,m,DZ,text,IV. EXPERIMENT AND DISCUSSION > *C. Vibration Amplitude Calibration* > *F. Comparison With Previous CCSA Methods*,261,277,Fiber spatial granularity/gauge length is reported.,![](_page_9_Figure_2.jpeg) Fig. 9. Measured distributed nonsimilar level based on the CCSA method. (a) No vibration event. (b) Vibration event with an amplitude of 2.608 nε.,
O_ISAC_013,2025,Fiber,Unknown,Δz,15.3,m,DZ,text,IV. EXPERIMENT AND DISCUSSION > *C. Vibration Amplitude Calibration* > *F. Comparison With Previous CCSA Methods*,262,278,Fiber spatial granularity/gauge length is reported.,![](_page_9_Figure_2.jpeg) Fig. 9. Measured distributed nonsimilar level based on the CCSA method. (a) No vibration event. (b) Vibration event with an amplitude of 2.608 nε.,
O_ISAC_013,2025,Fiber,Unknown,Δz,15.3,m,DZ,text,IV. EXPERIMENT AND DISCUSSION > *C. Vibration Amplitude Calibration* > *F. Comparison With Previous CCSA Methods*,263,279,Fiber spatial granularity/gauge length is reported.,Fig. 9. Measured distributed nonsimilar level based on the CCSA method. (a) No vibration event. (b) Vibration event with an amplitude of 2.608 nε. (c),
O_ISAC_013,2025,Fiber,Unknown,Δz,15.3,m,DZ,text,IV. EXPERIMENT AND DISCUSSION > *C. Vibration Amplitude Calibration* > *F. Comparison With Previous CCSA Methods*,264,280,Fiber spatial granularity/gauge length is reported.,Fig. 9. Measured distributed nonsimilar level based on the CCSA method. (a) No vibration event. (b) Vibration event with an amplitude of 2.608 nε. (c),
O_ISAC_013,2025,Fiber,Unknown,Δz,15.3,m,DZ,text,IV. EXPERIMENT AND DISCUSSION > *C. Vibration Amplitude Calibration* > *F. Comparison With Previous CCSA Methods*,265,281,Fiber spatial granularity/gauge length is reported.,![](_page_9_Figure_4.jpeg) Fig. 10. Calibration curve of the amplitude of the vibration event and nonsimilar level using the CCSA method. of experimental data in Section IV-C,
O_ISAC_013,2025,Fiber,Unknown,Δz,15.3,m,DZ,text,IV. EXPERIMENT AND DISCUSSION > *C. Vibration Amplitude Calibration* > *F. Comparison With Previous CCSA Methods*,266,282,Fiber spatial granularity/gauge length is reported.,![](_page_9_Figure_4.jpeg) Fig. 10. Calibration curve of the amplitude of the vibration event and nonsimilar level using the CCSA method. of experimental data in Section IV-C,
O_ISAC_013,2025,Fiber,Unknown,Δz,15.3,m,DZ,text,IV. EXPERIMENT AND DISCUSSION > *C. Vibration Amplitude Calibration* > *F. Comparison With Previous CCSA Methods*,267,283,Fiber spatial granularity/gauge length is reported.,Fig. 10. Calibration curve of the amplitude of the vibration event and nonsimilar level using the CCSA method. of experimental data in Section IV-C and,
O_ISAC_013,2025,Fiber,Unknown,Δz,15.3,m,DZ,text,IV. EXPERIMENT AND DISCUSSION > *C. Vibration Amplitude Calibration* > *F. Comparison With Previous CCSA Methods*,268,284,Fiber spatial granularity/gauge length is reported.,Fig. 10. Calibration curve of the amplitude of the vibration event and nonsimilar level using the CCSA method. of experimental data in Section IV-C and,
O_ISAC_013,2025,Fiber,Unknown,Δz,15.3,m,DZ,text,IV. EXPERIMENT AND DISCUSSION > *C. Vibration Amplitude Calibration* > *F. Comparison With Previous CCSA Methods*,269,285,Fiber spatial granularity/gauge length is reported.,of experimental data in Section IV-C and perform a linear fit to obtain the calibration curve of the amplitude of the vibration event and nonsimilar,
O_ISAC_013,2025,Fiber,Unknown,Δz,15.3,m,DZ,text,IV. EXPERIMENT AND DISCUSSION > *C. Vibration Amplitude Calibration* > *F. Comparison With Previous CCSA Methods*,270,286,Fiber spatial granularity/gauge length is reported.,of experimental data in Section IV-C and perform a linear fit to obtain the calibration curve of the amplitude of the vibration event and nonsimilar,
O_ISAC_013,2025,Fiber,Unknown,Δz,15.3,m,DZ,text,IV. EXPERIMENT AND DISCUSSION > *C. Vibration Amplitude Calibration* > *F. Comparison With Previous CCSA Methods*,271,287,Fiber spatial granularity/gauge length is reported.,"Using a simple OFDR system, we successfully measure a weak vibration event >100 km and calibrate its amplitude. It also has the potential to be",
O_ISAC_013,2025,Fiber,Unknown,Δz,15.3,m,DZ,text,IV. EXPERIMENT AND DISCUSSION > *C. Vibration Amplitude Calibration* > *F. Comparison With Previous CCSA Methods*,272,288,Fiber spatial granularity/gauge length is reported.,"Using a simple OFDR system, we successfully measure a weak vibration event >100 km and calibrate its amplitude. It also has the potential to be",
O_ISAC_013,2025,Fiber,Unknown,Δz,15.3,m,DZ,text,IV. EXPERIMENT AND DISCUSSION > *C. Vibration Amplitude Calibration* > *F. Comparison With Previous CCSA Methods*,273,289,Fiber spatial granularity/gauge length is reported.,"### V. CONCLUSION In summary, we propose a simple and effective vibration demodulation method based on OFDR by detecting Rayleigh backscattering change that is evaluated",
O_ISAC_013,2025,Fiber,Unknown,Δz,15.3,m,DZ,text,IV. EXPERIMENT AND DISCUSSION > *C. Vibration Amplitude Calibration* > V. CONCLUSION,274,290,Fiber spatial granularity/gauge length is reported.,"### V. CONCLUSION In summary, we propose a simple and effective vibration demodulation method based on OFDR by detecting Rayleigh backscattering change that is evaluated",
O_ISAC_013,2025,Fiber,Unknown,Δz,15.3,m,DZ,text,IV. EXPERIMENT AND DISCUSSION > *C. Vibration Amplitude Calibration* > V. CONCLUSION,275,291,Fiber spatial granularity/gauge length is reported.,"In summary, we propose a simple and effective vibration demodulation method based on OFDR by detecting Rayleigh backscattering change that is evaluated by the Pearson-CC.",
O_ISAC_013,2025,Fiber,Unknown,Δz,15.3,m,DZ,text,IV. EXPERIMENT AND DISCUSSION > *C. Vibration Amplitude Calibration* > V. CONCLUSION,276,292,Fiber spatial granularity/gauge length is reported.,"In summary, we propose a simple and effective vibration demodulation method based on OFDR by detecting Rayleigh backscattering change that is evaluated by the Pearson-CC.",
O_ISAC_014,2024,Fiber,Indoor,R,155000000.0,bps,OTHER,text,Experimental Demonstration of Power over Fiber for Power Grid Application,11,11,Data rate/throughput is reported.,"*Abstract***—In this paper, we experimentally demonstrate the standard single mode fiber based PoF system with 10W optical power and 155 Mb/s data rate transmitted simultaneously",
O_ISAC_015,2024,VLC,Indoor,R,10000000000.0,bps,OTHER,eq,IV. SIMULATION RESULTS,160,160,Data rate/throughput is reported.,A $10m \times 10m \times 3m$ room model is considered with multiple users and blockers randomly deployed according to a uniform distribution. Users and blockers,
O_ISAC_016,2024,Hybrid,Indoor,R,251030000000.0,bps,OTHER,text,Demonstration of Photonic Sub-THz ISAC System with Real-Time 251.03-Gbps Communication Rate and Offline 2.5-cm Sensing Resolution,9,9,Data rate/throughput is reported.,"*Abstract—***The intelligence of future society necessitates an immediate requirement for ultra-high-speed communication and ultra-resolution sensing in the 6G era. In this demonstration, we present a",
O_ISAC_016,2024,Hybrid,Indoor,R,50000000000.0,bps,OTHER,text,Demonstration of Photonic Sub-THz ISAC System with Real-Time 251.03-Gbps Communication Rate and Offline 2.5-cm Sensing Resolution > I. INTRODUCTION,33,33,Data rate/throughput is reported.,"systems. In most reported works, the capacity-resolution quotient (CRQ) was constrained to below 50 Gbps/cm. In [5], an ultra-high CRQ was achieved at the expense",
O_ISAC_016,2024,Hybrid,Indoor,R,200000000000.0,bps,OTHER,text,Demonstration of Photonic Sub-THz ISAC System with Real-Time 251.03-Gbps Communication Rate and Offline 2.5-cm Sensing Resolution > I. INTRODUCTION,35,35,Data rate/throughput is reported.,"This study experimentally demonstrates a photonics-aided ISAC transmission system at the D band (110-170 GHz), which integrates high-speed real-time communication and high-resolution offline sensing. The",
O_ISAC_016,2024,Hybrid,Indoor,B,31000000000.0,Hz,OTHER,figure,II. SYSTEM DESCRIPTION AND PRINCIPLE > *A. Photonics-aided sub-THz ISAC transmitter*,51,51,Bandwidth is reported.,"In the ISAC Tx, an optical dual-polarization ISAC (DP-ISAC) signal is first generated, and then photonic upconversion is performed to convert the optical DP-ISAC signal",
O_ISAC_016,2024,Hybrid,Indoor,B,37660000000.0,Hz,OTHER,figure,II. SYSTEM DESCRIPTION AND PRINCIPLE > *A. Photonics-aided sub-THz ISAC transmitter* > *B. Communication receiver*,55,55,Bandwidth is reported.,"In the Com. Rx, after transmitting over a 10.3-m wireless distance, the sub-THz ISAC signals are received and then down-converted to a pair of intermediate",
O_ISAC_016,2024,Hybrid,Indoor,R,251030000000.0,bps,OTHER,figure,II. SYSTEM DESCRIPTION AND PRINCIPLE > *C. Radar receiver* > III. RESULTS AND DISCUSSION,75,75,Data rate/throughput is reported.,"Subsequently, the OTU is switched to the 200-GbE mode. The SNR can reach 19 dB but exhibits minimal variation with the IOP, as shown in",
O_ISAC_016,2024,Hybrid,Indoor,R,100410000000.0,bps,OTHER,text,II. SYSTEM DESCRIPTION AND PRINCIPLE > *C. Radar receiver* > IV. CONCLUSIONS,91,91,Data rate/throughput is reported.,We have presented a photonics-assisted ISAC system at the D-band. The experimental results demonstrate the simultaneous achievement of real-time 251.03-Gbps data rate under the SD-FEC,
O_ISAC_016,2024,Hybrid,Indoor,R,60000000000.0,bps,OTHER,text,II. SYSTEM DESCRIPTION AND PRINCIPLE > REFERENCES,96,96,Data rate/throughput is reported.,"- [2] Y. Wang et al., ""Integrated 1.58 cm range Resolution Radar and 60 Gbit/s 50m Wireless Communication Based-on Photonics technology in Terahertz Band,"" Optical",
O_ISAC_016,2024,Hybrid,Indoor,R,120000000000.0,bps,OTHER,text,II. SYSTEM DESCRIPTION AND PRINCIPLE > REFERENCES,99,99,Data rate/throughput is reported.,"- [5] Z. Lyu et al., ""Photonic THz-ISAC demonstration with simultaneous 120Gbit/s communication and 2.5mm sensing resolution,"" in European Conference on Optical Communications, IEEE, 2023,",
O_ISAC_017,2022,Fiber,Unknown,R,112000000000.0,bps,OTHER,text,**References**,72,72,Data rate/throughput is reported.,"- [8] X. Zhou *et al*., ""112 Gb/s transmission over 80 km SSMF using PDM-PAM4 and coherent detection without optical amplifier."" Opt. Express, 24(15), 17359-17371",
O_ISAC_018,2025,Hybrid,Indoor,B,400000000.0,Hz,OTHER,figure,B. Proposed Modulation Scheme of CDM > A. Experimental Setup,144,144,Bandwidth is reported.,"The experimental setup is depicted in Fig. 4. A narrowlinewidth laser (NKT E15) serves as the light source, with its output split by a coupler",
O_ISAC_018,2025,Hybrid,Indoor,Δz,10.0,m,DZ,text,B. Proposed Modulation Scheme of CDM > A. Experimental Setup,146,162,Fiber spatial granularity/gauge length is reported.,"Upon transmission, the signal is split by a PBS into two paths, each received by a PD. A polarization controller (PC) is typically employed to",
O_ISAC_018,2025,Hybrid,Indoor,Δz,10.0,m,DZ,text,B. Proposed Modulation Scheme of CDM > A. Experimental Setup,147,163,Fiber spatial granularity/gauge length is reported.,"employed to equalize the polarization powers at the receiver, which can be replaced by automatic polarization control (APC) in practical implementations. The electrical signal output",
O_ISAC_018,2025,Hybrid,Indoor,Δz,10.0,m,DZ,text,B. Proposed Modulation Scheme of CDM > A. Experimental Setup,148,164,Fiber spatial granularity/gauge length is reported.,"employed to equalize the polarization powers at the receiver, which can be replaced by automatic polarization control (APC) in practical implementations. The electrical signal output",
O_ISAC_018,2025,Hybrid,Indoor,Δz,10.0,m,DZ,text,B. Proposed Modulation Scheme of CDM > A. Experimental Setup,149,165,Fiber spatial granularity/gauge length is reported.,"## B. Sensing Performance A 500 mV Vpp 400 Hz sine wave was applied to the 10-m PZT, and the received signal was processed employing",
O_ISAC_018,2025,Hybrid,Indoor,Δz,10.0,m,DZ,text,B. Proposed Modulation Scheme of CDM > B. Sensing Performance,150,166,Fiber spatial granularity/gauge length is reported.,"## B. Sensing Performance A 500 mV Vpp 400 Hz sine wave was applied to the 10-m PZT, and the received signal was processed employing",
O_ISAC_018,2025,Hybrid,Indoor,Δz,10.0,m,DZ,text,B. Proposed Modulation Scheme of CDM > B. Sensing Performance,151,167,Fiber spatial granularity/gauge length is reported.,"A 500 mV Vpp 400 Hz sine wave was applied to the 10-m PZT, and the received signal was processed employing a matched filter. Polarization-coherent",
O_ISAC_018,2025,Hybrid,Indoor,Δz,10.0,m,DZ,text,B. Proposed Modulation Scheme of CDM > B. Sensing Performance,152,168,Fiber spatial granularity/gauge length is reported.,"A 500 mV Vpp 400 Hz sine wave was applied to the 10-m PZT, and the received signal was processed employing a matched filter. Polarization-coherent",
O_ISAC_018,2025,Hybrid,Indoor,Δz,10.0,m,DZ,text,B. Proposed Modulation Scheme of CDM > B. Sensing Performance,153,169,Fiber spatial granularity/gauge length is reported.,"<span id=""page-4-0""></span>![](_page_4_Figure_2.jpeg) Fig. 5. Intensity trace (a) before RVS and (b) after RVS. ![](_page_4_Figure_4.jpeg) Fig. 6. (a) Phase waterfall plot along 10-km fiber. (b) Phase",
O_ISAC_018,2025,Hybrid,Indoor,Δz,10.0,m,DZ,text,B. Proposed Modulation Scheme of CDM > B. Sensing Performance,154,170,Fiber spatial granularity/gauge length is reported.,"<span id=""page-4-0""></span>![](_page_4_Figure_2.jpeg) Fig. 5. Intensity trace (a) before RVS and (b) after RVS. ![](_page_4_Figure_4.jpeg) Fig. 6. (a) Phase waterfall plot along 10-km fiber. (b) Phase",
O_ISAC_018,2025,Hybrid,Indoor,B,400.0,Hz,OTHER,figure,B. Proposed Modulation Scheme of CDM > B. Sensing Performance,162,162,Bandwidth is reported.,"Fig. 6(a) presents the phase waterfall plot, showing the temporal evolution of the RBS signal along a 10-km fiber. The phase waveform at the vibration",
O_ISAC_018,2025,Hybrid,Indoor,Δz,10.0,m,DZ,text,B. Proposed Modulation Scheme of CDM > B. Sensing Performance,155,171,Fiber spatial granularity/gauge length is reported.,Fig. 5. Intensity trace (a) before RVS and (b) after RVS. ![](_page_4_Figure_4.jpeg) Fig. 6. (a) Phase waterfall plot along 10-km fiber. (b) Phase waveform at,
O_ISAC_018,2025,Hybrid,Indoor,Δz,10.0,m,DZ,text,B. Proposed Modulation Scheme of CDM > B. Sensing Performance,156,172,Fiber spatial granularity/gauge length is reported.,Fig. 5. Intensity trace (a) before RVS and (b) after RVS. ![](_page_4_Figure_4.jpeg) Fig. 6. (a) Phase waterfall plot along 10-km fiber. (b) Phase waveform at,
O_ISAC_018,2025,Hybrid,Indoor,Δz,10.0,m,DZ,text,B. Proposed Modulation Scheme of CDM > B. Sensing Performance,157,173,Fiber spatial granularity/gauge length is reported.,![](_page_4_Figure_4.jpeg) Fig. 6. (a) Phase waterfall plot along 10-km fiber. (b) Phase waveform at the vibration point. (c) Spatial distribution of phase variance. (d) PSD,
O_ISAC_018,2025,Hybrid,Indoor,Δz,10.0,m,DZ,text,B. Proposed Modulation Scheme of CDM > B. Sensing Performance,158,174,Fiber spatial granularity/gauge length is reported.,![](_page_4_Figure_4.jpeg) Fig. 6. (a) Phase waterfall plot along 10-km fiber. (b) Phase waveform at the vibration point. (c) Spatial distribution of phase variance. (d) PSD,
O_ISAC_018,2025,Hybrid,Indoor,Δz,10.0,m,DZ,text,B. Proposed Modulation Scheme of CDM > B. Sensing Performance,159,175,Fiber spatial granularity/gauge length is reported.,Fig. 6. (a) Phase waterfall plot along 10-km fiber. (b) Phase waveform at the vibration point. (c) Spatial distribution of phase variance. (d) PSD of,
O_ISAC_018,2025,Hybrid,Indoor,Δz,10.0,m,DZ,text,B. Proposed Modulation Scheme of CDM > B. Sensing Performance,160,176,Fiber spatial granularity/gauge length is reported.,Fig. 6. (a) Phase waterfall plot along 10-km fiber. (b) Phase waveform at the vibration point. (c) Spatial distribution of phase variance. (d) PSD of,
O_ISAC_018,2025,Hybrid,Indoor,Δz,10.0,m,DZ,text,B. Proposed Modulation Scheme of CDM > B. Sensing Performance,161,177,Fiber spatial granularity/gauge length is reported.,"Fig. 6(a) presents the phase waterfall plot, showing the temporal evolution of the RBS signal along a 10-km fiber. The phase waveform at the vibration",
O_ISAC_018,2025,Hybrid,Indoor,Δz,10.0,m,DZ,text,B. Proposed Modulation Scheme of CDM > B. Sensing Performance,162,178,Fiber spatial granularity/gauge length is reported.,"Fig. 6(a) presents the phase waterfall plot, showing the temporal evolution of the RBS signal along a 10-km fiber. The phase waveform at the vibration",
O_ISAC_019,2023,Fiber,Indoor,B,76000000000.0,Hz,OTHER,figure,Full-duplex Integrated Sensing and Communication System Based on Microwave Photonics > I. INTRODUCTION > B. Uplink > C. Signal Frequency Allocation,63,63,Bandwidth is reported.,Fig. 2 illustrates the signal spectrum at various reference points within the ISAC system. The signal spectrum allocation adheres to the frequency resource planning requirements,
O_ISAC_019,2023,Fiber,Indoor,B,18000000000.0,Hz,OTHER,text,Full-duplex Integrated Sensing and Communication System Based on Microwave Photonics > I. INTRODUCTION > B. Uplink > C. Signal Frequency Allocation,73,73,Bandwidth is reported.,Mapping the baseband signal to the 13-18 GHz IF range requires an IQ modulation scheme with a local oscillator frequency centered at 15.5 GHz. This,
O_ISAC_019,2023,Fiber,Indoor,B,20000000000.0,Hz,OTHER,figure,Full-duplex Integrated Sensing and Communication System Based on Microwave Photonics > I. INTRODUCTION > B. Uplink > III. SIMULATION,79,79,Bandwidth is reported.,"After transmission through the optical path and band-stop filtering described in II, the signal is converted into electrical signals by ideal photodetectors with infinite bandwidth.",
O_ISAC_019,2023,Fiber,Indoor,B,18000000000.0,Hz,OTHER,figure,Full-duplex Integrated Sensing and Communication System Based on Microwave Photonics > I. INTRODUCTION > B. Uplink > III. SIMULATION,85,85,Bandwidth is reported.,"To evaluate the RF bandwidth, the downlink IF frequency is swept across 13~18 GHz with 1-GHz step and the uplink IF frequency is swept across",
O_ISAC_020,2022,Fiber,Unknown,B,100000000.0,Hz,OTHER,figure,Photonic Integrated Sensing and Communication System Harnessing Submarine Fiber Optic Cables for Coastal Event Monitoring > Photonic IntegratedSensingandCommunication TechnologyUsingSubmarineOpticalCables,35,35,Bandwidth is reported.,"In these future wireless systems using extremely high bands, the concept of ISAC provides leverage, since as the frequency bands go higher with larger bandwidths,",
O_ISAC_021,2023,Hybrid,Indoor,R,100000000.0,bps,OTHER,text,System Structure and Advantages of O-ISAC > System Structure of O-ISAC,68,68,Data rate/throughput is reported.,| | Achievable data rate | 100 Mb/s | Gb/s | Gb/s |,
O_ISAC_021,2023,Hybrid,Indoor,R,100000000000.0,bps,OTHER,text,Increasing Communication Rate,81,81,Data rate/throughput is reported.,"Contrary to the crowded RF spectrum, the optical band offers a broad unlicensed spectrum to conduct high-rate communication, and the communication rate of an experimental",
O_ISAC_021,2023,Hybrid,Indoor,B,5000000000.0,Hz,OTHER,text,Enhancing Sensing Precision,93,93,Bandwidth is reported.,High Distance Resolution: The distance resolution is inversely proportional to the signal bandwidth. Since the optical band provides a wider bandwidth than that of the,
O_ISAC_021,2023,Hybrid,Indoor,B,3900000.0,Hz,OTHER,figure,Enhancing Sensing Precision > CONSTANT-MODULUS WAVEFORM > Multi-Carrier Waveform,147,147,Bandwidth is reported.,"To evaluate communication and sensing performances of the proposed O-ISAC system, 1 × 10<sup>4</sup> Monte-Carlo simulations are conducted to obtain the bit error rate (BER)",
O_ISAC_021,2023,Hybrid,Indoor,CRB,4,m,OTHER,figure,Enhancing Sensing Precision > CONSTANT-MODULUS WAVEFORM > RESOURCE ALLOCATION AND WAVEFORM OPTIMIZATION,163,163,CRB/FIM is referenced.,"DCO-OFDM serves as another example for waveform optimization, which achieves the optimal waveform design by power allocation. On one hand, Fig. 4 indicates that a",
O_ISAC_021,2023,Hybrid,Indoor,R,100000000000.0,bps,OTHER,text,Conclusions > References,202,202,Data rate/throughput is reported.,"- [5] S. M. Walsh *et al.*, ""Demonstration of 100 Gbps Coherent Free-Space Optical Communications at LEO Tracking Rates,"" *Sci. Rep.*, vol. 12, no. 1,",
O_ISAC_021,2023,Hybrid,Indoor,R,640000000000.0,bps,OTHER,text,Conclusions > References,203,203,Data rate/throughput is reported.,"- [6] B. Dutta *et al.*, ""640 Gbps FSO Data Transmission System Based on Orbital Angular Momentum Beam Multiplexing Employing Optical Frequency Comb,"" *Opt. Quantum",
O_ISAC_022,2022,VLC,Indoor,R,32000000.0,bps,OTHER,text,Joint Visible Light Sensing and Communication Using *m*-CAP Modulation,5,5,Data rate/throughput is reported.,"Abstract-As 5G devices and networks continue to roll out. new broadcasting services and capabilities have been introduced to the entire ecosystem, opening up additional new",
O_ISAC_022,2022,VLC,Indoor,R,32000000.0,bps,OTHER,text,Joint Visible Light Sensing and Communication Using *m*-CAP Modulation > I. INTRODUCTION,57,57,Data rate/throughput is reported.,"principles. Section [III](#page-6-0) then gives the simulation hypothesis we have made and results we have obtained along with discussions on the performance. In particular, it",
O_ISAC_022,2022,VLC,Indoor,B,10000000.0,Hz,OTHER,text,"<span id=""page-1-0""></span>II. SYSTEM INTEREST, ARCHITECTURE AND MODELING > <span id=""page-3-0""></span>D. The Optical Wireless Channel > <span id=""page-5-0""></span>F. RSS-Based Localization Principles",303,303,Bandwidth is reported.,| Total bandwidth (B) | 10 MHz | | | | | |,
O_ISAC_022,2022,VLC,Indoor,B,3000000.0,Hz,OTHER,eq,"<span id=""page-1-0""></span>II. SYSTEM INTEREST, ARCHITECTURE AND MODELING > <span id=""page-3-0""></span>D. The Optical Wireless Channel > <span id=""page-6-0""></span>A. Simulation Hypothesis and Method",314,314,Bandwidth is reported.,"<span id=""page-6-5""></span>Note that when possible, we set these values according to those of existing components. On the one hand, as detailed in Section II-C, each",
O_ISAC_022,2022,VLC,Indoor,R,32000000.0,bps,OTHER,text,IV. CONCLUSIONS AND FUTURE WORK,423,423,Data rate/throughput is reported.,"The simulations show that in the proposed set-up, an UE placed at any point 85 cm above the floor will be exposed to an illuminance",
O_ISAC_022,2022,VLC,Indoor,R,18000000.0,bps,OTHER,eq,IV. CONCLUSIONS AND FUTURE WORK,425,425,Data rate/throughput is reported.,"These results show that despite lighting and LED constraints, the proposed *m*-CAP and RSS-based joint communication and sensing system could be performing enough to <span",
O_ISAC_023,,FSO,Outdoor,CRB,1,m,OTHER,eq,"Free-Space Optical Integrated Sensing and Communication Based on DCO-OFDM: Performance Metrics and Resource Allocation > <span id=""page-0-5""></span><span id=""page-0-3""></span><span id=""page-0-2""></span><span id=""page-0-1""></span><span id=""page-0-0""></span>I. INTRODUCTION",29,29,CRB/FIM is referenced.,"<span id=""page-1-6""></span>While limited attention has been paid to multicarrier schemes in FSO-ISAC, orthogonal frequency-division multiplexing (OFDM) has gained popularity in RF-ISAC due to its time-frequency",
O_ISAC_023,,FSO,Outdoor,CRB,4,m,OTHER,eq,"Free-Space Optical Integrated Sensing and Communication Based on DCO-OFDM: Performance Metrics and Resource Allocation > <span id=""page-3-0""></span>B. Channel Model > <span id=""page-4-1""></span>D. Sensing Subsystem",231,231,CRB/FIM is referenced.,"<span id=""page-4-5""></span>Theorem 2: The Fisher information of the target distance estimation based on an OFDM signal is expressed as",
O_ISAC_023,,FSO,Outdoor,CRB,,,OTHER,text,"Free-Space Optical Integrated Sensing and Communication Based on DCO-OFDM: Performance Metrics and Resource Allocation > <span id=""page-3-0""></span>B. Channel Model > <span id=""page-4-1""></span>D. Sensing Subsystem",239,239,CRB/FIM is referenced.,"where $\tilde{I}(L_t)$ is defined as the instantaneous value of Fisher information, and $\gamma_s(k)$ is the SNDR on the kth subcarrier for sensing, i.e.,",
O_ISAC_023,,FSO,Outdoor,CRB,41,m,OTHER,text,"Free-Space Optical Integrated Sensing and Communication Based on DCO-OFDM: Performance Metrics and Resource Allocation > <span id=""page-3-0""></span>B. Channel Model > <span id=""page-4-1""></span>D. Sensing Subsystem",245,245,CRB/FIM is referenced.,"With appropriate interpolation schemes, the sensing precision can approach CRB asymptotically [41], which is inversely proportional to the Fisher information derived by Theorem 2. Therefore,",
O_ISAC_023,,FSO,Outdoor,CRB,2,m,OTHER,text,"Free-Space Optical Integrated Sensing and Communication Based on DCO-OFDM: Performance Metrics and Resource Allocation > <span id=""page-3-0""></span>B. Channel Model > <span id=""page-6-1""></span>C. Power Allocation for Subcarriers",409,409,CRB/FIM is referenced.,"2) Case B: The optimal Fisher information is considered, which requires more power allocated to subcarriers with higher normalized frequency, i.e., with larger $k^2 \tilde{\gamma}_s(k)$",
O_ISAC_023,,FSO,Outdoor,CRB,2,m,OTHER,text,"Free-Space Optical Integrated Sensing and Communication Based on DCO-OFDM: Performance Metrics and Resource Allocation > <span id=""page-7-7""></span>B. Power Allocation for DC Bias",554,554,CRB/FIM is referenced.,"Similarly, the Fisher information on each subcarrier is also quasi-concave due to the quasi concavity of normalized SNDR $\tilde{\gamma}_s(k)$ . As a result, the golden",
O_ISAC_023,,FSO,Outdoor,CRB,2,m,OTHER,text,"Free-Space Optical Integrated Sensing and Communication Based on DCO-OFDM: Performance Metrics and Resource Allocation > <span id=""page-8-1""></span>C. Power Allocation for Subcarriers",577,577,CRB/FIM is referenced.,"Once $b_s^*$ is obtained by solving (P2-1), the normalized power allocation for subcarriers is further optimized to maximize the Fisher information. In consequence, the subproblem",
O_ISAC_023,,FSO,Outdoor,B,102400000.0,Hz,OTHER,text,"Free-Space Optical Integrated Sensing and Communication Based on DCO-OFDM: Performance Metrics and Resource Allocation > <span id=""page-8-1""></span>C. Power Allocation for Subcarriers > <span id=""page-8-5""></span>V. NUMERICAL RESULTS",647,647,Bandwidth is reported.,| OFDM bandwidth | B | 102.4 MHz | |,
O_ISAC_023,,FSO,Outdoor,ESNR,,dB,OTHER,figure,"Free-Space Optical Integrated Sensing and Communication Based on DCO-OFDM: Performance Metrics and Resource Allocation > *C. Computational Complexity and Scalability* > <span id=""page-11-1""></span><span id=""page-11-0""></span>D. Robustness to Channel Variations",753,753,Electrical/post-detection SNR is mentioned.,"where the target distance $\hat{D}=c\hat{\tau}_0/2$ is obtained from (25). Besides, the Monte Carlo simulation configurations are the same as Table I except for scintillation indices",
O_ISAC_023,,FSO,Outdoor,ESNR,,dB,OTHER,figure,"Free-Space Optical Integrated Sensing and Communication Based on DCO-OFDM: Performance Metrics and Resource Allocation > *C. Computational Complexity and Scalability* > <span id=""page-11-1""></span><span id=""page-11-0""></span>D. Robustness to Channel Variations",757,757,Electrical/post-detection SNR is mentioned.,Fig. 9. Sensing RMSE w.r.t. different electrical SNRs and scintillation indices.,
O_ISAC_023,,FSO,Outdoor,ESNR,2,dB,OTHER,text,"Free-Space Optical Integrated Sensing and Communication Based on DCO-OFDM: Performance Metrics and Resource Allocation > *C. Computational Complexity and Scalability* > <span id=""page-11-1""></span><span id=""page-11-0""></span>D. Robustness to Channel Variations",759,759,Electrical/post-detection SNR is mentioned.,"turbulence if $C_n^2$ increases. However, all the simulated curves achieve cm-level precision for an electrical SNR of larger than 2 dB, which demonstrates the robustness",
O_ISAC_023,,FSO,Outdoor,CRB,12,m,OTHER,eq,"Free-Space Optical Integrated Sensing and Communication Based on DCO-OFDM: Performance Metrics and Resource Allocation > *C. Computational Complexity and Scalability* > <span id=""page-11-1""></span><span id=""page-11-0""></span>D. Robustness to Channel Variations > VI. CONCLUSION",763,763,CRB/FIM is referenced.,"<span id=""page-12-0""></span>In this article, a DCO-OFDM scheme was proposed for FSO-ISAC, whose performance metrics were derived for communication and sensing, i.e., the spectral efficiency and",
O_ISAC_023,,FSO,Outdoor,CRB,0,m,OTHER,text,"Free-Space Optical Integrated Sensing and Communication Based on DCO-OFDM: Performance Metrics and Resource Allocation > <span id=""page-12-2""></span>APPENDIX B PROOF OF THEOREM 2",818,818,CRB/FIM is referenced.,"where w denotes ACGN, i.e., $w \sim \mathcal{N}(\mathbf{0}, \mathbf{C})$ , and the parameter $\tau_0$ is the ToF to be estimated. Then, the Fisher information is",
O_ISAC_023,,FSO,Outdoor,CRB,,,OTHER,text,"Free-Space Optical Integrated Sensing and Communication Based on DCO-OFDM: Performance Metrics and Resource Allocation > <span id=""page-12-2""></span>APPENDIX B PROOF OF THEOREM 2",849,849,CRB/FIM is referenced.,"Consequently, the Fisher information I is derived as",
O_ISAC_023,,FSO,Outdoor,CRB,0,m,OTHER,eq,"Free-Space Optical Integrated Sensing and Communication Based on DCO-OFDM: Performance Metrics and Resource Allocation > <span id=""page-13-5""></span>APPENDIX C PROOF OF LEMMA 1",872,872,CRB/FIM is referenced.,"Moreover, if we set $\eta=0$ , $\zeta_1(0)$ corresponds to $\tilde{P}_c(k)$ as described in (36). However, considering the assumption of Case C, the normalized power allocation",
O_ISAC_024,2025,Fiber,Unknown,Δz,1.0,m,DZ,text,,1,17,Fiber spatial granularity/gauge length is reported.,"OECC/PSC 2025 OECC/PSC 2025 **ThC1-3** # **Pre-compensation of LFM Sensing Probe via Integrated Sensing and Communication over Fiber System** LIU Maoqi1,2, WANG Jingchuan2,\*, LIU Chen1",
O_ISAC_024,2025,Fiber,Unknown,Δz,1.0,m,DZ,text,,2,18,Fiber spatial granularity/gauge length is reported.,"# **Pre-compensation of LFM Sensing Probe via Integrated Sensing and Communication over Fiber System** LIU Maoqi1,2, WANG Jingchuan2,\*, LIU Chen1 , YU Changyuan2 , LU",
O_ISAC_024,2025,Fiber,Unknown,Δz,1.0,m,DZ,text,**Pre-compensation of LFM Sensing Probe via Integrated Sensing and Communication over Fiber System**,3,19,Fiber spatial granularity/gauge length is reported.,"# **Pre-compensation of LFM Sensing Probe via Integrated Sensing and Communication over Fiber System** LIU Maoqi1,2, WANG Jingchuan2,\*, LIU Chen1 , YU Changyuan2 , LU",
O_ISAC_024,2025,Fiber,Unknown,Δz,1.0,m,DZ,text,**Pre-compensation of LFM Sensing Probe via Integrated Sensing and Communication over Fiber System**,4,20,Fiber spatial granularity/gauge length is reported.,"LIU Maoqi1,2, WANG Jingchuan2,\*, LIU Chen1 , YU Changyuan2 , LU Chao2 1 National Engineering Laboratory for Next Generation Internet Access System, School of Optical",
O_ISAC_024,2025,Fiber,Unknown,Δz,1.0,m,DZ,text,**Pre-compensation of LFM Sensing Probe via Integrated Sensing and Communication over Fiber System**,5,21,Fiber spatial granularity/gauge length is reported.,"LIU Maoqi1,2, WANG Jingchuan2,\*, LIU Chen1 , YU Changyuan2 , LU Chao2 1 National Engineering Laboratory for Next Generation Internet Access System, School of Optical",
O_ISAC_024,2025,Fiber,Unknown,Δz,1.0,m,DZ,text,**Pre-compensation of LFM Sensing Probe via Integrated Sensing and Communication over Fiber System**,6,22,Fiber spatial granularity/gauge length is reported.,"1 National Engineering Laboratory for Next Generation Internet Access System, School of Optical and Electronic Information, Huazhong University of Science and Technology, Wuhan 430074, China",
O_ISAC_024,2025,Fiber,Unknown,Δz,1.0,m,DZ,text,**Pre-compensation of LFM Sensing Probe via Integrated Sensing and Communication over Fiber System**,7,23,Fiber spatial granularity/gauge length is reported.,"1 National Engineering Laboratory for Next Generation Internet Access System, School of Optical and Electronic Information, Huazhong University of Science and Technology, Wuhan 430074, China",
O_ISAC_024,2025,Fiber,Unknown,Δz,1.0,m,DZ,text,**Pre-compensation of LFM Sensing Probe via Integrated Sensing and Communication over Fiber System**,8,24,Fiber spatial granularity/gauge length is reported.,"*Abstract: We demonstrate an integrated sensing and communication system with sensing probe calibrated through amplitude-frequency response from forward communication, therefore improving sensing signal-to-noise ratio by",
O_ISAC_024,2025,Fiber,Unknown,Δz,1.0,m,DZ,text,**Pre-compensation of LFM Sensing Probe via Integrated Sensing and Communication over Fiber System**,9,25,Fiber spatial granularity/gauge length is reported.,"*Abstract: We demonstrate an integrated sensing and communication system with sensing probe calibrated through amplitude-frequency response from forward communication, therefore improving sensing signal-to-noise ratio by",
O_ISAC_024,2025,Fiber,Unknown,R,120000000000.0,bps,OTHER,text,**Pre-compensation of LFM Sensing Probe via Integrated Sensing and Communication over Fiber System** > **INTRODUCTION**,17,17,Data rate/throughput is reported.,"In this paper, we propose a novel framework that exploits the distortion of sensing probe in a digital subcarrier multiplexing (DSCM)-based ISAC system. Our approach",
O_ISAC_024,2025,Fiber,Unknown,Δz,1.0,m,DZ,text,**Pre-compensation of LFM Sensing Probe via Integrated Sensing and Communication over Fiber System**,10,26,Fiber spatial granularity/gauge length is reported.,"*Keywords: Distributed fiber optical sensing, Optical transmitter and receiver subsystems.* ### **INTRODUCTION** Distributed fiber optic sensing (DFOS) systems have become indispensable for large-scale infrastructure monitoring,",
O_ISAC_024,2025,Fiber,Unknown,Δz,1.0,m,DZ,text,**Pre-compensation of LFM Sensing Probe via Integrated Sensing and Communication over Fiber System**,11,27,Fiber spatial granularity/gauge length is reported.,"*Keywords: Distributed fiber optical sensing, Optical transmitter and receiver subsystems.* ### **INTRODUCTION** Distributed fiber optic sensing (DFOS) systems have become indispensable for large-scale infrastructure monitoring,",
O_ISAC_024,2025,Fiber,Unknown,Δz,1.0,m,DZ,text,**Pre-compensation of LFM Sensing Probe via Integrated Sensing and Communication over Fiber System**,12,28,Fiber spatial granularity/gauge length is reported.,"### **INTRODUCTION** Distributed fiber optic sensing (DFOS) systems have become indispensable for large-scale infrastructure monitoring, leveraging optical fibers as distributed sensors to detect temperature, strain,",
O_ISAC_024,2025,Fiber,Unknown,Δz,1.0,m,DZ,text,**Pre-compensation of LFM Sensing Probe via Integrated Sensing and Communication over Fiber System** > **INTRODUCTION**,13,29,Fiber spatial granularity/gauge length is reported.,"### **INTRODUCTION** Distributed fiber optic sensing (DFOS) systems have become indispensable for large-scale infrastructure monitoring, leveraging optical fibers as distributed sensors to detect temperature, strain,",
O_ISAC_024,2025,Fiber,Unknown,Δz,1.0,m,DZ,text,**Pre-compensation of LFM Sensing Probe via Integrated Sensing and Communication over Fiber System** > **INTRODUCTION**,14,30,Fiber spatial granularity/gauge length is reported.,"Distributed fiber optic sensing (DFOS) systems have become indispensable for large-scale infrastructure monitoring, leveraging optical fibers as distributed sensors to detect temperature, strain, and vibration",
O_ISAC_024,2025,Fiber,Unknown,Δz,1.0,m,DZ,text,**Pre-compensation of LFM Sensing Probe via Integrated Sensing and Communication over Fiber System** > **INTRODUCTION**,15,31,Fiber spatial granularity/gauge length is reported.,"Distributed fiber optic sensing (DFOS) systems have become indispensable for large-scale infrastructure monitoring, leveraging optical fibers as distributed sensors to detect temperature, strain, and vibration",
O_ISAC_024,2025,Fiber,Unknown,Δz,1.0,m,DZ,text,**Pre-compensation of LFM Sensing Probe via Integrated Sensing and Communication over Fiber System** > **INTRODUCTION**,16,32,Fiber spatial granularity/gauge length is reported.,"In this paper, we propose a novel framework that exploits the distortion of sensing probe in a digital subcarrier multiplexing (DSCM)-based ISAC system. Our approach",
O_ISAC_024,2025,Fiber,Unknown,Δz,1.0,m,DZ,text,**Pre-compensation of LFM Sensing Probe via Integrated Sensing and Communication over Fiber System** > **INTRODUCTION**,17,33,Fiber spatial granularity/gauge length is reported.,"In this paper, we propose a novel framework that exploits the distortion of sensing probe in a digital subcarrier multiplexing (DSCM)-based ISAC system. Our approach",
O_ISAC_024,2025,Fiber,Unknown,Δz,1.0,m,DZ,text,**Pre-compensation of LFM Sensing Probe via Integrated Sensing and Communication over Fiber System** > **PRINCIPLES**,21,37,Fiber spatial granularity/gauge length is reported.,"The non-uniform frequency response of the system distorts the time-domain waveform of the LFM probe due to its intrinsic time-frequency correlation, where frequency-domain imbalances directly",
O_ISAC_024,2025,Fiber,Unknown,Δz,1.0,m,DZ,text,**Pre-compensation of LFM Sensing Probe via Integrated Sensing and Communication over Fiber System** > **PRINCIPLES**,22,38,Fiber spatial granularity/gauge length is reported.,"$$S_{PD}(t) = \mathbf{F}^{-1} \{ S(\boldsymbol{\omega}) \cdot \left| H(\boldsymbol{\omega}) \right|^{-1} \}, \tag{1}$$ where *S*(*ω*) is the Fourier transformation of sensing probe *s*(*t*) before transmission. When the",
O_ISAC_024,2025,Fiber,Unknown,Δz,1.0,m,DZ,text,**Pre-compensation of LFM Sensing Probe via Integrated Sensing and Communication over Fiber System** > **PRINCIPLES**,23,39,Fiber spatial granularity/gauge length is reported.,"$$S_{PD}(t) = \mathbf{F}^{-1} \{ S(\boldsymbol{\omega}) \cdot \left| H(\boldsymbol{\omega}) \right|^{-1} \}, \tag{1}$$ where *S*(*ω*) is the Fourier transformation of sensing probe *s*(*t*) before transmission. When the",
O_ISAC_024,2025,Fiber,Unknown,Δz,1.0,m,DZ,text,**Pre-compensation of LFM Sensing Probe via Integrated Sensing and Communication over Fiber System** > **PRINCIPLES**,24,40,Fiber spatial granularity/gauge length is reported.,"where *S*(*ω*) is the Fourier transformation of sensing probe *s*(*t*) before transmission. When the pre-distorted probe is applied, the imbalance in the amplitude-frequency response of",
O_ISAC_024,2025,Fiber,Unknown,Δz,1.0,m,DZ,text,**Pre-compensation of LFM Sensing Probe via Integrated Sensing and Communication over Fiber System** > **PRINCIPLES**,25,41,Fiber spatial granularity/gauge length is reported.,"where *S*(*ω*) is the Fourier transformation of sensing probe *s*(*t*) before transmission. When the pre-distorted probe is applied, the imbalance in the amplitude-frequency response of",
O_ISAC_024,2025,Fiber,Unknown,Δz,1.0,m,DZ,text,**Pre-compensation of LFM Sensing Probe via Integrated Sensing and Communication over Fiber System** > **PRINCIPLES**,26,42,Fiber spatial granularity/gauge length is reported.,![](_page_1_Figure_2.jpeg) Fig. 1. (a) The time-domain waveform of the LFM signal before and after transmission. (b) The amplitude-frequency response of LFM probe within the ISAC,
O_ISAC_024,2025,Fiber,Unknown,Δz,1.0,m,DZ,text,**Pre-compensation of LFM Sensing Probe via Integrated Sensing and Communication over Fiber System** > **PRINCIPLES**,27,43,Fiber spatial granularity/gauge length is reported.,![](_page_1_Figure_2.jpeg) Fig. 1. (a) The time-domain waveform of the LFM signal before and after transmission. (b) The amplitude-frequency response of LFM probe within the ISAC,
O_ISAC_024,2025,Fiber,Unknown,Δz,1.0,m,DZ,text,**Pre-compensation of LFM Sensing Probe via Integrated Sensing and Communication over Fiber System** > **PRINCIPLES**,28,44,Fiber spatial granularity/gauge length is reported.,Fig. 1. (a) The time-domain waveform of the LFM signal before and after transmission. (b) The amplitude-frequency response of LFM probe within the ISAC system.,
O_ISAC_024,2025,Fiber,Unknown,Δz,1.0,m,DZ,text,**Pre-compensation of LFM Sensing Probe via Integrated Sensing and Communication over Fiber System** > **PRINCIPLES**,29,45,Fiber spatial granularity/gauge length is reported.,Fig. 1. (a) The time-domain waveform of the LFM signal before and after transmission. (b) The amplitude-frequency response of LFM probe within the ISAC system.,
O_ISAC_024,2025,Fiber,Unknown,B,70000000.0,Hz,OTHER,figure,**Pre-compensation of LFM Sensing Probe via Integrated Sensing and Communication over Fiber System** > **EXPERIMENTAL RESULTS**,37,37,Bandwidth is reported.,We conduct a 40-km ISAC experiment to demonstrate the proposed sensing scheme and the setup is depicted in Fig. 2. The narrow linewidth laser (NKT,
O_ISAC_024,2025,Fiber,Unknown,Δz,1.0,m,DZ,text,**Pre-compensation of LFM Sensing Probe via Integrated Sensing and Communication over Fiber System** > **PRINCIPLES**,30,46,Fiber spatial granularity/gauge length is reported.,![](_page_1_Figure_4.jpeg) Fig. 2. Experimental setup. ## **EXPERIMENTAL RESULTS** We conduct a 40-km ISAC experiment to demonstrate the proposed sensing scheme and the setup is depicted,
O_ISAC_024,2025,Fiber,Unknown,Δz,1.0,m,DZ,text,**Pre-compensation of LFM Sensing Probe via Integrated Sensing and Communication over Fiber System** > **PRINCIPLES**,31,47,Fiber spatial granularity/gauge length is reported.,![](_page_1_Figure_4.jpeg) Fig. 2. Experimental setup. ## **EXPERIMENTAL RESULTS** We conduct a 40-km ISAC experiment to demonstrate the proposed sensing scheme and the setup is depicted,
O_ISAC_024,2025,Fiber,Unknown,Δz,1.0,m,DZ,text,**Pre-compensation of LFM Sensing Probe via Integrated Sensing and Communication over Fiber System** > **PRINCIPLES**,32,48,Fiber spatial granularity/gauge length is reported.,Fig. 2. Experimental setup. ## **EXPERIMENTAL RESULTS** We conduct a 40-km ISAC experiment to demonstrate the proposed sensing scheme and the setup is depicted in,
O_ISAC_024,2025,Fiber,Unknown,Δz,1.0,m,DZ,text,**Pre-compensation of LFM Sensing Probe via Integrated Sensing and Communication over Fiber System** > **PRINCIPLES**,33,49,Fiber spatial granularity/gauge length is reported.,Fig. 2. Experimental setup. ## **EXPERIMENTAL RESULTS** We conduct a 40-km ISAC experiment to demonstrate the proposed sensing scheme and the setup is depicted in,
O_ISAC_024,2025,Fiber,Unknown,Δz,1.0,m,DZ,text,**Pre-compensation of LFM Sensing Probe via Integrated Sensing and Communication over Fiber System** > **PRINCIPLES**,34,50,Fiber spatial granularity/gauge length is reported.,## **EXPERIMENTAL RESULTS** We conduct a 40-km ISAC experiment to demonstrate the proposed sensing scheme and the setup is depicted in Fig. 2. The narrow,
O_ISAC_024,2025,Fiber,Unknown,Δz,1.0,m,DZ,text,**Pre-compensation of LFM Sensing Probe via Integrated Sensing and Communication over Fiber System** > **EXPERIMENTAL RESULTS**,35,51,Fiber spatial granularity/gauge length is reported.,## **EXPERIMENTAL RESULTS** We conduct a 40-km ISAC experiment to demonstrate the proposed sensing scheme and the setup is depicted in Fig. 2. The narrow,
O_ISAC_024,2025,Fiber,Unknown,Δz,1.0,m,DZ,text,**Pre-compensation of LFM Sensing Probe via Integrated Sensing and Communication over Fiber System** > **EXPERIMENTAL RESULTS**,36,52,Fiber spatial granularity/gauge length is reported.,We conduct a 40-km ISAC experiment to demonstrate the proposed sensing scheme and the setup is depicted in Fig. 2. The narrow linewidth laser (NKT,
O_ISAC_024,2025,Fiber,Unknown,Δz,1.0,m,DZ,text,**Pre-compensation of LFM Sensing Probe via Integrated Sensing and Communication over Fiber System** > **EXPERIMENTAL RESULTS**,37,53,Fiber spatial granularity/gauge length is reported.,We conduct a 40-km ISAC experiment to demonstrate the proposed sensing scheme and the setup is depicted in Fig. 2. The narrow linewidth laser (NKT,
O_ISAC_024,2025,Fiber,Unknown,Δz,10.0,m,DZ,text,**Pre-compensation of LFM Sensing Probe via Integrated Sensing and Communication over Fiber System** > **EXPERIMENTAL RESULTS**,38,54,Fiber spatial granularity/gauge length is reported.,"At the sensing side, the Rayleigh scattering trace generated by the uncompensated LFM probe and the pre-distorted probe trace are shown in Fig.3 (a). It",
O_ISAC_024,2025,Fiber,Unknown,Δz,10.0,m,DZ,text,**Pre-compensation of LFM Sensing Probe via Integrated Sensing and Communication over Fiber System** > **EXPERIMENTAL RESULTS**,39,55,Fiber spatial granularity/gauge length is reported.,"At the sensing side, the Rayleigh scattering trace generated by the uncompensated LFM probe and the pre-distorted probe trace are shown in Fig.3 (a). It",
O_ISAC_024,2025,Fiber,Unknown,Δz,10.0,m,DZ,text,**Pre-compensation of LFM Sensing Probe via Integrated Sensing and Communication over Fiber System** > **EXPERIMENTAL RESULTS**,40,56,Fiber spatial granularity/gauge length is reported.,![](_page_2_Figure_2.jpeg) Fig. 3. (a) Rayleigh scattering traces of the LFM probe and pre-distorted probe. (b) Phase waterfall with pre-distorted probe (10 m gauge length). (c),
O_ISAC_024,2025,Fiber,Unknown,Δz,10.0,m,DZ,text,**Pre-compensation of LFM Sensing Probe via Integrated Sensing and Communication over Fiber System** > **EXPERIMENTAL RESULTS**,41,57,Fiber spatial granularity/gauge length is reported.,![](_page_2_Figure_2.jpeg) Fig. 3. (a) Rayleigh scattering traces of the LFM probe and pre-distorted probe. (b) Phase waterfall with pre-distorted probe (10 m gauge length). (c),
O_ISAC_024,2025,Fiber,Unknown,Δz,10.0,m,DZ,text,**Pre-compensation of LFM Sensing Probe via Integrated Sensing and Communication over Fiber System** > **EXPERIMENTAL RESULTS**,42,58,Fiber spatial granularity/gauge length is reported.,Fig. 3. (a) Rayleigh scattering traces of the LFM probe and pre-distorted probe. (b) Phase waterfall with pre-distorted probe (10 m gauge length). (c) Phase,
O_ISAC_024,2025,Fiber,Unknown,Δz,10.0,m,DZ,text,**Pre-compensation of LFM Sensing Probe via Integrated Sensing and Communication over Fiber System** > **EXPERIMENTAL RESULTS**,43,59,Fiber spatial granularity/gauge length is reported.,Fig. 3. (a) Rayleigh scattering traces of the LFM probe and pre-distorted probe. (b) Phase waterfall with pre-distorted probe (10 m gauge length). (c) Phase,
O_ISAC_025,2024,Fiber,Indoor,B,10000000.0,Hz,OTHER,figure,2. System Architecture > 3. ISAC based transport network optimization,33,33,Bandwidth is reported.,To evaluate the performance of the proposed architectural approach and technical implementation an optimization framework has been designed and deployed in the testbed of Fig.1-1.,
O_ISAC_026,2022,Hybrid,Indoor,R,48000000000.0,bps,OTHER,text,Jianyang Shi > Junwen Zhang\* > Nan Chi,64,64,Data rate/throughput is reported.,"In the experiment, we verify a photonic-based ISAC W-band fiber-wireless integration system at 96.5 GHz over 10-km fiber transmission. We achieve 48 Gbit/s in communication-only",
O_ISAC_026,2022,Hybrid,Indoor,R,48000000000.0,bps,OTHER,text,Jianyang Shi > I. INTRODUCTION,74,74,Data rate/throughput is reported.,"To fully explore the ISAC system based on photonics, in this paper, we propose and experimentally demonstrate a novel W-band photonic-based ISAC system with an",
O_ISAC_026,2022,Hybrid,Indoor,B,96500000000.0,Hz,OTHER,text,Jianyang Shi > I. INTRODUCTION,74,74,Bandwidth is reported.,"To fully explore the ISAC system based on photonics, in this paper, we propose and experimentally demonstrate a novel W-band photonic-based ISAC system with an",
O_ISAC_026,2022,Hybrid,Indoor,Δr_min,c/2B,m,DRMIN,eq,Jianyang Shi > I. INTRODUCTION,74,84,Resolution is defined via c/(2B).,"To fully explore the ISAC system based on photonics, in this paper, we propose and experimentally demonstrate a novel W-band photonic-based ISAC system with an",
O_ISAC_026,2022,Hybrid,Indoor,Δr_min,c/2B,m,DRMIN,eq,Jianyang Shi > I. INTRODUCTION,75,85,Resolution is defined via c/(2B).,"## II. PRINCIPLE Fig. 1 shows the proposed architecture of photonic-based, centralized, and seamless fiber-wireless radar sensing and commutation system and the application scenarios. The",
O_ISAC_026,2022,Hybrid,Indoor,Δr_min,c/2B,m,DRMIN,eq,Jianyang Shi > II. PRINCIPLE,76,86,Resolution is defined via c/(2B).,"## II. PRINCIPLE Fig. 1 shows the proposed architecture of photonic-based, centralized, and seamless fiber-wireless radar sensing and commutation system and the application scenarios. The",
O_ISAC_026,2022,Hybrid,Indoor,Δr_min,c/2B,m,DRMIN,eq,Jianyang Shi > II. PRINCIPLE,77,87,Resolution is defined via c/(2B).,"Fig. 1 shows the proposed architecture of photonic-based, centralized, and seamless fiber-wireless radar sensing and commutation system and the application scenarios. The FDM-based ISAC signals",
O_ISAC_026,2022,Hybrid,Indoor,Δr_min,c/2B,m,DRMIN,eq,Jianyang Shi > II. PRINCIPLE,78,88,Resolution is defined via c/(2B).,"Fig. 1 shows the proposed architecture of photonic-based, centralized, and seamless fiber-wireless radar sensing and commutation system and the application scenarios. The FDM-based ISAC signals",
O_ISAC_026,2022,Hybrid,Indoor,Δr_min,c/2B,m,DRMIN,eq,Jianyang Shi > II. PRINCIPLE,79,89,Resolution is defined via c/(2B).,"![](_page_1_Figure_7.jpeg) Figure 1. The concept of adaptive photonic-based ISAC networks based on millimeter wave over fiber. For communication signal, the W-band signal is first down-converted",
O_ISAC_026,2022,Hybrid,Indoor,Δr_min,c/2B,m,DRMIN,eq,Jianyang Shi > II. PRINCIPLE,80,90,Resolution is defined via c/(2B).,"![](_page_1_Figure_7.jpeg) Figure 1. The concept of adaptive photonic-based ISAC networks based on millimeter wave over fiber. For communication signal, the W-band signal is first down-converted",
O_ISAC_026,2022,Hybrid,Indoor,Δr_min,c/2B,m,DRMIN,eq,Jianyang Shi > II. PRINCIPLE,81,91,Resolution is defined via c/(2B).,"Figure 1. The concept of adaptive photonic-based ISAC networks based on millimeter wave over fiber. For communication signal, the W-band signal is first down-converted to",
O_ISAC_026,2022,Hybrid,Indoor,Δr_min,c/2B,m,DRMIN,eq,Jianyang Shi > II. PRINCIPLE,82,92,Resolution is defined via c/(2B).,"Figure 1. The concept of adaptive photonic-based ISAC networks based on millimeter wave over fiber. For communication signal, the W-band signal is first down-converted to",
O_ISAC_026,2022,Hybrid,Indoor,Δr_min,c/2B,m,DRMIN,eq,Jianyang Shi > II. PRINCIPLE,83,93,Resolution is defined via c/(2B).,"For communication signal, the W-band signal is first down-converted to IF at the user-end (UE) side through an envelope detector. The IF signal is then",
O_ISAC_026,2022,Hybrid,Indoor,B,2000000000.0,Hz,OTHER,figure,Jianyang Shi > II. PRINCIPLE > III. EXPERIMENTAL SETTINGS,88,88,Bandwidth is reported.,The experiment setup of the W-band MMW photonic-based ISAC system based on the FDM of SCM and LFM signals for the fiber-wireless integrated network is,
O_ISAC_026,2022,Hybrid,Indoor,Δr_min,c/2B,m,DRMIN,eq,Jianyang Shi > II. PRINCIPLE,84,94,Resolution is defined via c/(2B).,"For communication signal, the W-band signal is first down-converted to IF at the user-end (UE) side through an envelope detector. The IF signal is then",
O_ISAC_026,2022,Hybrid,Indoor,B,9600000000.0,Hz,OTHER,figure,B. Distance Errors,124,124,Bandwidth is reported.,"Figure 4. (a) Spectra of the different de-chirped echos which the target distance is 65cm, 96cm, 114cm, 146cm, and 160cm, respectively.(Sensing bandwidth 9.6GHz) (b) measured",
O_ISAC_026,2022,Hybrid,Indoor,R,8000000000.0,bps,OTHER,text,V. CONCLUSION,128,128,Data rate/throughput is reported.,"In conclusion, we propose and experimentally demonstrate a photonic-based MMW fiber-wireless ISAC system at W-band with an integrated waveform. Based on photonics technology, the SCM",
O_ISAC_026,2022,Hybrid,Indoor,B,12000000000.0,Hz,OTHER,text,V. CONCLUSION,128,128,Bandwidth is reported.,"In conclusion, we propose and experimentally demonstrate a photonic-based MMW fiber-wireless ISAC system at W-band with an integrated waveform. Based on photonics technology, the SCM",
O_ISAC_028,2023,Fiber,Unknown,OSNR,1.5,dB,OTHER,text,Performance Improvement for Symmetric Carrierassisted Differential Detection Receiver by Pairwise Coding,11,11,Optical SNR (OSNR) is mentioned.,"Abstract-Driven by emerging applications originated from the Internet technologies, artificial intelligence (AI), big data and so on, high-speed short-reach optical transmission solutions have attracted more",
O_ISAC_028,2023,Fiber,Unknown,OSNR,,dB,OTHER,text,Performance Improvement for Symmetric Carrierassisted Differential Detection Receiver by Pairwise Coding,13,13,Optical SNR (OSNR) is mentioned.,"Keywords—symmetric carrier-assisted differential detection, pairwise coding, optical signal-to-noise ratio, carrier-to-signal-power-ration, optical communications, short-reach optical interconnect, datacenter",
O_ISAC_028,2023,Fiber,Unknown,OSNR,1.5,dB,OTHER,text,I. INTRODUCTION,25,25,Optical SNR (OSNR) is mentioned.,"However, with the S-CADD receiver, the intrinsic transfer function leads to a color SNR effect [18], which makes the SNR of the edge subcarrier lower",
O_ISAC_028,2023,Fiber,Unknown,R,256000000000.0,bps,OTHER,text,I. INTRODUCTION,25,25,Data rate/throughput is reported.,"However, with the S-CADD receiver, the intrinsic transfer function leads to a color SNR effect [18], which makes the SNR of the edge subcarrier lower",
O_ISAC_028,2023,Fiber,Unknown,R,256000000000.0,bps,OTHER,figure,B. Principle of PWC schemes,109,109,Data rate/throughput is reported.,"The simulation system configuration is shown in Fig. 3. At the transmitter, the OFDM signal is generated with a fast Fourier transform (FFT) size of",
O_ISAC_028,2023,Fiber,Unknown,OSNR,32,dB,OTHER,figure,B. Principle of PWC schemes,113,113,Optical SNR (OSNR) is mentioned.,"Fig. 4. BER vs. iteration number with different scheme when OSNR = 32dB, CSPR = 5dB.",
O_ISAC_028,2023,Fiber,Unknown,OSNR,,dB,OTHER,figure,IV. RESULTS AND DISCUSSIONS,121,121,Optical SNR (OSNR) is mentioned.,"As shown in Fig. 5, the BER vs.CSPR has been compared with the traditional scheme and PWC scheme under different OSNR with a fixed iteration",
O_ISAC_028,2023,Fiber,Unknown,OSNR,1.5,dB,OTHER,figure,IV. RESULTS AND DISCUSSIONS,123,123,Optical SNR (OSNR) is mentioned.,"schemes has been also shown in Fig. 6. Compared with the traditional scheme, the PWC scheme can realize an OSNR gain of 1.5dB for the",
O_ISAC_028,2023,Fiber,Unknown,OSNR,,dB,OTHER,figure,IV. RESULTS AND DISCUSSIONS,127,127,Optical SNR (OSNR) is mentioned.,"Fig. 5. BER vs. CSPR with different scheme when OSNR = 28, 30, 32dB.",
O_ISAC_028,2023,Fiber,Unknown,OSNR,5,dB,OTHER,figure,IV. RESULTS AND DISCUSSIONS,131,131,Optical SNR (OSNR) is mentioned.,Fig. 6. BER versus OSNR with different scheme when CSPR = 5dB.,
O_ISAC_028,2023,Fiber,Unknown,OSNR,1.5,dB,OTHER,text,IV. RESULTS AND DISCUSSIONS > V. CONCLUSION,137,137,Optical SNR (OSNR) is mentioned.,"In this paper, the S-CADD receiver based on the PWC scheme is proposed. The DSP is optimized to improve the sensitivity of the receiver. Pairing",
O_ISAC_028,2023,Fiber,Unknown,R,256000000000.0,bps,OTHER,text,IV. RESULTS AND DISCUSSIONS > V. CONCLUSION,137,137,Data rate/throughput is reported.,"In this paper, the S-CADD receiver based on the PWC scheme is proposed. The DSP is optimized to improve the sensitivity of the receiver. Pairing",
O_ISAC_028,2023,Fiber,Unknown,R,600000000000.0,bps,OTHER,text,ACKNOWLEDGMENT > REFERENCES,156,156,Data rate/throughput is reported.,"- [6] T. Gui, X. Wang, M. Tang, Y. Yu, Y. Lu, and L. Li, ""Real-time demonstration of 600 Gb/s DP-64QAM Self-Homodyne coherent bidirection transmission",
O_ISAC_029,2025,Hybrid,Indoor,R,116000000000.0,bps,OTHER,text,THz Integrated Sensing and Communication With Full-Photonic Direct LFM Reception and De-Chirping for D-Band Fiber-Wireless Network,5,5,Data rate/throughput is reported.,*Abstract*— Integration of sensing and communication (ISAC) systems at the terahertz (THz) band will play a crucial role across a myriad of applications in the,
O_ISAC_029,2025,Hybrid,Indoor,B,134000000000.0,Hz,OTHER,text,THz Integrated Sensing and Communication With Full-Photonic Direct LFM Reception and De-Chirping for D-Band Fiber-Wireless Network,5,5,Bandwidth is reported.,*Abstract*— Integration of sensing and communication (ISAC) systems at the terahertz (THz) band will play a crucial role across a myriad of applications in the,
O_ISAC_029,2025,Hybrid,Indoor,B,110000000000.0,Hz,OTHER,table,"THz Integrated Sensing and Communication With Full-Photonic Direct LFM Reception and De-Chirping for D-Band Fiber-Wireless Network > <span id=""page-0-1""></span>I. INTRODUCTION",45,45,Bandwidth is reported.,"LFM signals, furthermore, leverage the extensive bandwidth of photonic devices to attain higher resolution [\[21\],](#page-12-1) [\[22\],](#page-12-2) [\[23\].](#page-12-3) Table [I](#page-1-0) presents the current state of research",
O_ISAC_029,2025,Hybrid,Indoor,OSNR,,dB,OTHER,eq,"THz Integrated Sensing and Communication With Full-Photonic Direct LFM Reception and De-Chirping for D-Band Fiber-Wireless Network > <span id=""page-0-1""></span>I. INTRODUCTION",47,47,Optical SNR (OSNR) is mentioned.,"<span id=""page-1-4""></span>In [\[8\],](#page-11-7) [\[9\],](#page-11-8) [\[10\],](#page-11-9) [\[11\],](#page-11-10) [\[12\],](#page-11-11) and [\[13\],](#page-11-12) the THz or sub-THz LFM echo signal initially undergoes electronic downconversion, followed by baseband signal matched",
O_ISAC_029,2025,Hybrid,Indoor,B,75000000000.0,Hz,OTHER,eq,"THz Integrated Sensing and Communication With Full-Photonic Direct LFM Reception and De-Chirping for D-Band Fiber-Wireless Network > <span id=""page-0-1""></span>I. INTRODUCTION",49,49,Bandwidth is reported.,"<span id=""page-1-7""></span><span id=""page-1-6""></span><span id=""page-1-5""></span>There is, moreover, plenty of reported work at lower microwave bands enabling by direct full-PDC scheme. At lower frequency bands, microwave ISAC",
O_ISAC_029,2025,Hybrid,Indoor,R,116000000000.0,bps,OTHER,text,"THz Integrated Sensing and Communication With Full-Photonic Direct LFM Reception and De-Chirping for D-Band Fiber-Wireless Network > <span id=""page-0-1""></span>I. INTRODUCTION",61,61,Data rate/throughput is reported.,"This article introduces a novel D-band photonic-based ISAC system for fiber-wireless networks. In the system, communication and radar sensing functions are achieved by using 16-quadrature",
O_ISAC_029,2025,Hybrid,Indoor,B,5000000000.0,Hz,OTHER,figure,"THz Integrated Sensing and Communication With Full-Photonic Direct LFM Reception and De-Chirping for D-Band Fiber-Wireless Network > <span id=""page-0-1""></span>I. INTRODUCTION > <span id=""page-2-2""></span>II. PRINCIPLE",135,135,Bandwidth is reported.,"In order to demonstrate that the structure used in this study does not introduce false targets due to design issues, which could potentially affect radar",
O_ISAC_029,2025,Hybrid,Indoor,B,30000000000.0,Hz,OTHER,text,III. EXPERIMENTAL SETUP,174,174,Bandwidth is reported.,"In the CU/DU, the integration of LFM and QAM signals is achieved through TDM. In experimental settings, the durations of LFM and QAM signals were",
O_ISAC_029,2025,Hybrid,Indoor,B,30000000000.0,Hz,OTHER,figure,"III. EXPERIMENTAL SETUP > <span id=""page-7-0""></span>*A. Radar Sensing Performance of the System*",208,208,Bandwidth is reported.,"In the experiment, the sensing performance of THz at different center frequencies is initially discussed. In the experiment, the bandwidth of the LFM signal is",
O_ISAC_029,2025,Hybrid,Indoor,B,134000000000.0,Hz,OTHER,figure,"III. EXPERIMENTAL SETUP > <span id=""page-7-0""></span>*A. Radar Sensing Performance of the System*",212,212,Bandwidth is reported.,"Subsequently, the achievable range resolution of the system is investigated. The range resolution in radar sensing represents the ability to distinguish between two closely spaced",
O_ISAC_029,2025,Hybrid,Indoor,R,108400000000.0,bps,OTHER,figure,"III. EXPERIMENTAL SETUP > <span id=""page-7-0""></span>*A. Radar Sensing Performance of the System* > *B. Communication Performance of the System*",238,238,Data rate/throughput is reported.,"<span id=""page-10-3""></span><span id=""page-10-2""></span>In order to describe the maximum capacity of the system, the BERs of the 16-QAM signal at different baud rates in the BtB",
O_ISAC_029,2025,Hybrid,Indoor,R,116000000000.0,bps,OTHER,eq,III. EXPERIMENTAL SETUP > V. CONCLUSION,244,244,Data rate/throughput is reported.,"<span id=""page-11-19""></span>In summary, a novel D-band photonic-based ISAC system for fiber-wireless networks is proposed and experimentally demonstrated in this article. Owing to the ultra-wideband characteristics",
O_ISAC_029,2025,Hybrid,Indoor,R,190000000000.0,bps,OTHER,eq,III. EXPERIMENTAL SETUP > V. CONCLUSION > REFERENCES,280,280,Data rate/throughput is reported.,"- <span id=""page-12-10""></span>[\[30\]](#page-1-10) Y. Horst et al., ""Transparent optical-THz-optical link transmission over 5/115 m at 240/190 Gbit/s enabled by plasmonics,"" in *Proc. Opt. Fiber Commun.",
O_ISAC_029,2025,Hybrid,Indoor,R,108000000000.0,bps,OTHER,eq,III. EXPERIMENTAL SETUP > V. CONCLUSION > REFERENCES,281,281,Data rate/throughput is reported.,"- <span id=""page-12-11""></span>[\[31\]](#page-1-11) W. Heni et al., ""108 Gbit/s plasmonic Mach–Zehnder modulator with > 70-GHz electrical bandwidth,"" *J. Lightw. Technol.*, vol. 34, no. 2, pp.",
O_ISAC_029,2025,Hybrid,Indoor,R,160000000000.0,bps,OTHER,eq,III. EXPERIMENTAL SETUP > V. CONCLUSION > REFERENCES,288,288,Data rate/throughput is reported.,"- <span id=""page-12-17""></span>[\[37\]](#page-7-3) Y. Tian et al., ""D-band MUTC photodiode module for ultra-wideband 160 Gbps photonics-assisted fiber-THz integrated communication system,"" *Laser Photon. Rev.*, vol. 19,",
O_ISAC_029,2025,Hybrid,Indoor,R,224000000000.0,bps,OTHER,eq,III. EXPERIMENTAL SETUP > V. CONCLUSION > REFERENCES,298,298,Data rate/throughput is reported.,"- <span id=""page-12-27""></span>[\[47\]](#page-10-2) L. Li, Y. Lu, L. Liu, D. Chang, Z. Xiao, and Y. Wei, ""20×224Gbps (56Gbaud) PDM-QPSK transmission in 50GHz grid over 3040km",
O_ISAC_029,2025,Hybrid,Indoor,R,30000000000.0,bps,OTHER,eq,III. EXPERIMENTAL SETUP > V. CONCLUSION > REFERENCES,300,300,Data rate/throughput is reported.,"- <span id=""page-12-29""></span>[\[49\]](#page-11-20) M. L. Deng, A. Sankoh, R. P. Giddings, and J. M. Tang, ""Experimental demonstrations of 30Gb/s/λ digital orthogonal filtering-multiplexed multiple channel transmissions",
O_ISAC_030,2025,Hybrid,Indoor,R,50000.0,bps,OTHER,figure,*D. Communication Performance of ReflexGest*,264,264,Data rate/throughput is reported.,"In order to study the ISAC capability of ReflexGest, we employ a VLC based IoT monitoring sensor to serve as a VLC user in ReflexGest,",
O_ISAC_030,2025,Hybrid,Indoor,R,50000.0,bps,OTHER,figure,*D. Communication Performance of ReflexGest*,292,292,Data rate/throughput is reported.,"As for ReflexGest, the VLC transmitter is the LED arrays of the lamp, and the VLC user is a PD on the table. The experiment",
O_ISAC_031,2023,Hybrid,Indoor,B,10000000000.0,Hz,OTHER,text,V. CONCLUSIONS,111,111,Bandwidth is reported.,"In summary, a CCFD ISAC system is proposed in this paper, achieving a SIC depth of 43.7 dB for the LFM-BPSK signal with a 10",
O_ISAC_033,2022,Fiber,Unknown,Δz,10.0,m,DZ,text,Simultaneous Sensing and Communication in Optical Fibers > **Event Localization by Data Transponders**,23,39,Fiber spatial granularity/gauge length is reported.,"In a coherent receiver, optical phase is tracked by the combination of frequency offset compensator (FOC), adaptive time-domain equalizer (TDE) and carrier phase recovery (CPR).",
O_ISAC_033,2022,Fiber,Unknown,Δz,10.0,m,DZ,text,Simultaneous Sensing and Communication in Optical Fibers > **Event Localization by Data Transponders**,24,40,Fiber spatial granularity/gauge length is reported.,"A field trial was conducted over 380 km of inservice cables between Long Beach Island (LBI), Seaside Height (SH) and Somers Point (SP) configured into",
O_ISAC_033,2022,Fiber,Unknown,Δz,10.0,m,DZ,text,Simultaneous Sensing and Communication in Optical Fibers > **Event Localization by Data Transponders**,25,41,Fiber spatial granularity/gauge length is reported.,"A field trial was conducted over 380 km of inservice cables between Long Beach Island (LBI), Seaside Height (SH) and Somers Point (SP) configured into",
O_ISAC_033,2022,Fiber,Unknown,Δz,10.0,m,DZ,text,Simultaneous Sensing and Communication in Optical Fibers > **Event Localization by Data Transponders**,26,42,Fiber spatial granularity/gauge length is reported.,"![](_page_1_Figure_2.jpeg) Fig. 1: (a) 380-km long field fiber link, (b) offline bidirectional transponder setup at LBI, (c) optical phase when utility pole at 'A' is",
O_ISAC_033,2022,Fiber,Unknown,Δz,10.0,m,DZ,text,Simultaneous Sensing and Communication in Optical Fibers > **Event Localization by Data Transponders**,27,43,Fiber spatial granularity/gauge length is reported.,"![](_page_1_Figure_2.jpeg) Fig. 1: (a) 380-km long field fiber link, (b) offline bidirectional transponder setup at LBI, (c) optical phase when utility pole at 'A' is",
O_ISAC_033,2022,Fiber,Unknown,Δz,10.0,m,DZ,text,Simultaneous Sensing and Communication in Optical Fibers > **Event Localization by Data Transponders**,28,44,Fiber spatial granularity/gauge length is reported.,"Fig. 1: (a) 380-km long field fiber link, (b) offline bidirectional transponder setup at LBI, (c) optical phase when utility pole at 'A' is struck,",
O_ISAC_033,2022,Fiber,Unknown,Δz,10.0,m,DZ,text,Simultaneous Sensing and Communication in Optical Fibers > **Event Localization by Data Transponders**,29,45,Fiber spatial granularity/gauge length is reported.,"Fig. 1: (a) 380-km long field fiber link, (b) offline bidirectional transponder setup at LBI, (c) optical phase when utility pole at 'A' is struck,",
O_ISAC_033,2022,Fiber,Unknown,Δz,10.0,m,DZ,text,Simultaneous Sensing and Communication in Optical Fibers > **Event Localization by Data Transponders**,30,46,Fiber spatial granularity/gauge length is reported.,"CCW laser serves as the local oscillator (LO) for the received CW signal, and vice-versa, after appropriate frequency shifting to align the transmitted signals to",
O_ISAC_033,2022,Fiber,Unknown,Δz,10.0,m,DZ,text,Simultaneous Sensing and Communication in Optical Fibers > **Event Localization by Data Transponders**,31,47,Fiber spatial granularity/gauge length is reported.,"CCW laser serves as the local oscillator (LO) for the received CW signal, and vice-versa, after appropriate frequency shifting to align the transmitted signals to",
O_ISAC_033,2022,Fiber,Unknown,Δz,10.0,m,DZ,text,Simultaneous Sensing and Communication in Optical Fibers > **Event Localization by Data Transponders**,32,48,Fiber spatial granularity/gauge length is reported.,"Fig. 1(c) shows an example of the optical phase recovered when a utility pole at A (Fig. 1(a)) was struck with a hammer, and a",
O_ISAC_033,2022,Fiber,Unknown,Δz,10.0,m,DZ,text,Simultaneous Sensing and Communication in Optical Fibers > **Event Localization by Data Transponders**,33,49,Fiber spatial granularity/gauge length is reported.,"Fig. 1(c) shows an example of the optical phase recovered when a utility pole at A (Fig. 1(a)) was struck with a hammer, and a",
O_ISAC_033,2022,Fiber,Unknown,Δz,10.0,m,DZ,text,Simultaneous Sensing and Communication in Optical Fibers > **Event Localization by Data Transponders**,34,50,Fiber spatial granularity/gauge length is reported.,"#### 1,007-km All-Raman Link DAS Monitoring A drawback of optical phase measurement using forward transmission is that spatial resolution is limited by the bandwidth of",
O_ISAC_033,2022,Fiber,Unknown,Δz,10.0,m,DZ,text,"Simultaneous Sensing and Communication in Optical Fibers > **Event Localization by Data Transponders** > 1,007-km All-Raman Link DAS Monitoring",35,51,Fiber spatial granularity/gauge length is reported.,"#### 1,007-km All-Raman Link DAS Monitoring A drawback of optical phase measurement using forward transmission is that spatial resolution is limited by the bandwidth of",
O_ISAC_033,2022,Fiber,Unknown,Δz,10.0,m,DZ,text,"Simultaneous Sensing and Communication in Optical Fibers > **Event Localization by Data Transponders** > 1,007-km All-Raman Link DAS Monitoring",36,52,Fiber spatial granularity/gauge length is reported.,"A drawback of optical phase measurement using forward transmission is that spatial resolution is limited by the bandwidth of the vibration signature, and the number",
O_ISAC_033,2022,Fiber,Unknown,Δz,10.0,m,DZ,text,"Simultaneous Sensing and Communication in Optical Fibers > **Event Localization by Data Transponders** > 1,007-km All-Raman Link DAS Monitoring",37,53,Fiber spatial granularity/gauge length is reported.,"A drawback of optical phase measurement using forward transmission is that spatial resolution is limited by the bandwidth of the vibration signature, and the number",
O_ISAC_033,2022,Fiber,Unknown,Δz,10.0,m,DZ,text,"Simultaneous Sensing and Communication in Optical Fibers > **Event Localization by Data Transponders** > 1,007-km All-Raman Link DAS Monitoring",38,54,Fiber spatial granularity/gauge length is reported.,need to extend the reach of DFOS based on backscatter measurement. Fig. 2(a) shows the setup of a recent FD-CP-DAS experiment over a 13 spans,
O_ISAC_033,2022,Fiber,Unknown,Δz,10.0,m,DZ,text,"Simultaneous Sensing and Communication in Optical Fibers > **Event Localization by Data Transponders** > 1,007-km All-Raman Link DAS Monitoring",39,55,Fiber spatial granularity/gauge length is reported.,need to extend the reach of DFOS based on backscatter measurement. Fig. 2(a) shows the setup of a recent FD-CP-DAS experiment over a 13 spans,
O_ISAC_033,2022,Fiber,Unknown,Δz,13.05,m,DZ,text,"Simultaneous Sensing and Communication in Optical Fibers > **Event Localization by Data Transponders** > 1,007-km All-Raman Link DAS Monitoring",40,56,Fiber spatial granularity/gauge length is reported.,"![](_page_2_Figure_2.jpeg) Fig. 2: (a) Experimental setup for the FD-CP-DAS system using all-Raman amplification, (b) Post-FEC BER vs sensing power for different $T_{rt}$ values, (c) DAS",
O_ISAC_033,2022,Fiber,Unknown,Δz,13.05,m,DZ,text,"Simultaneous Sensing and Communication in Optical Fibers > **Event Localization by Data Transponders** > 1,007-km All-Raman Link DAS Monitoring",41,57,Fiber spatial granularity/gauge length is reported.,"![](_page_2_Figure_2.jpeg) Fig. 2: (a) Experimental setup for the FD-CP-DAS system using all-Raman amplification, (b) Post-FEC BER vs sensing power for different $T_{rt}$ values, (c) DAS",
O_ISAC_033,2022,Fiber,Unknown,Δz,13.05,m,DZ,text,"Simultaneous Sensing and Communication in Optical Fibers > **Event Localization by Data Transponders** > 1,007-km All-Raman Link DAS Monitoring",42,58,Fiber spatial granularity/gauge length is reported.,"Fig. 2: (a) Experimental setup for the FD-CP-DAS system using all-Raman amplification, (b) Post-FEC BER vs sensing power for different $T_{rt}$ values, (c) DAS sensitivity",
O_ISAC_033,2022,Fiber,Unknown,Δz,13.05,m,DZ,text,"Simultaneous Sensing and Communication in Optical Fibers > **Event Localization by Data Transponders** > 1,007-km All-Raman Link DAS Monitoring",43,59,Fiber spatial granularity/gauge length is reported.,"Fig. 2: (a) Experimental setup for the FD-CP-DAS system using all-Raman amplification, (b) Post-FEC BER vs sensing power for different $T_{rt}$ values, (c) DAS sensitivity",
O_ISAC_033,2022,Fiber,Unknown,Δz,13.05,m,DZ,text,"Simultaneous Sensing and Communication in Optical Fibers > **Event Localization by Data Transponders** > 1,007-km All-Raman Link DAS Monitoring",44,60,Fiber spatial granularity/gauge length is reported.,"vs $P_{sens}$ for various rise/fall-times $T_{rt}$ . With $T_{rt} = 60~\mu s$ , the probe signal can have peak power of +3.2 dBm while still",
O_ISAC_033,2022,Fiber,Unknown,Δz,13.05,m,DZ,text,"Simultaneous Sensing and Communication in Optical Fibers > **Event Localization by Data Transponders** > 1,007-km All-Raman Link DAS Monitoring",45,61,Fiber spatial granularity/gauge length is reported.,"vs $P_{sens}$ for various rise/fall-times $T_{rt}$ . With $T_{rt} = 60~\mu s$ , the probe signal can have peak power of +3.2 dBm while still",
O_ISAC_033,2022,Fiber,Unknown,Δz,13.05,m,DZ,text,"Simultaneous Sensing and Communication in Optical Fibers > **Event Localization by Data Transponders** > 1,007-km All-Raman Link DAS Monitoring",46,62,Fiber spatial granularity/gauge length is reported.,"For measurement of DAS performance, we set $P_{sens}$ to 2.2 dBm, or 1-dB below the nonlinear threshold. We measured the phase noise power spectral density",
O_ISAC_033,2022,Fiber,Unknown,Δz,13.05,m,DZ,text,"Simultaneous Sensing and Communication in Optical Fibers > **Event Localization by Data Transponders** > 1,007-km All-Raman Link DAS Monitoring",47,63,Fiber spatial granularity/gauge length is reported.,"For measurement of DAS performance, we set $P_{sens}$ to 2.2 dBm, or 1-dB below the nonlinear threshold. We measured the phase noise power spectral density",
O_ISAC_033,2022,Fiber,Unknown,Δz,13.05,m,DZ,text,"Simultaneous Sensing and Communication in Optical Fibers > **Event Localization by Data Transponders** > 1,007-km All-Raman Link DAS Monitoring",48,64,Fiber spatial granularity/gauge length is reported.,"In addition to the offline results above, we also tested a real-time (RT) CP-DAS prototype during the field trial. The real-time system used similar components,",
O_ISAC_033,2022,Fiber,Unknown,Δz,13.05,m,DZ,text,"Simultaneous Sensing and Communication in Optical Fibers > **Event Localization by Data Transponders** > 1,007-km All-Raman Link DAS Monitoring",49,65,Fiber spatial granularity/gauge length is reported.,"In addition to the offline results above, we also tested a real-time (RT) CP-DAS prototype during the field trial. The real-time system used similar components,",
O_ISAC_034,2023,FSO,Outdoor,CRB,,,OTHER,text,"<span id=""page-0-1""></span>I. INTRODUCTION > <span id=""page-1-3""></span>*B. Signal Structure* > B. Sensing Metrics",147,147,CRB/FIM is referenced.,"The Cramér-Rao Bound (CRB) is the lower bound of MSE for an unbiased estimator, which depicts the sensing",
O_ISAC_034,2023,FSO,Outdoor,CRB,,,OTHER,text,"<span id=""page-0-1""></span>I. INTRODUCTION > <span id=""page-1-3""></span>*B. Signal Structure* > B. Sensing Metrics",149,149,CRB/FIM is referenced.,"performance of MLE with enough sampling points. If s<sup>R</sup> (t) is sampled at the rate of Rs, the CRB is expressed as",
O_ISAC_034,2023,FSO,Outdoor,Δr_min,c/2B,m,DRMIN,eq,"<span id=""page-0-1""></span>I. INTRODUCTION > <span id=""page-1-3""></span>*B. Signal Structure* > B. Sensing Metrics",145,155,Resolution is defined via c/(2B).,"(13) The Cramér-Rao Bound (CRB) is the lower bound of MSE for an unbiased estimator, which depicts the sensing performance of MLE with enough sampling",
O_ISAC_034,2023,FSO,Outdoor,Δr_min,c/2B,m,DRMIN,eq,"<span id=""page-0-1""></span>I. INTRODUCTION > <span id=""page-1-3""></span>*B. Signal Structure* > B. Sensing Metrics",146,156,Resolution is defined via c/(2B).,"The Cramér-Rao Bound (CRB) is the lower bound of MSE for an unbiased estimator, which depicts the sensing performance of MLE with enough sampling points.",
O_ISAC_034,2023,FSO,Outdoor,Δr_min,c/2B,m,DRMIN,eq,"<span id=""page-0-1""></span>I. INTRODUCTION > <span id=""page-1-3""></span>*B. Signal Structure* > B. Sensing Metrics",147,157,Resolution is defined via c/(2B).,"The Cramér-Rao Bound (CRB) is the lower bound of MSE for an unbiased estimator, which depicts the sensing performance of MLE with enough sampling points.",
O_ISAC_034,2023,FSO,Outdoor,Δr_min,c/2B,m,DRMIN,eq,"<span id=""page-0-1""></span>I. INTRODUCTION > <span id=""page-1-3""></span>*B. Signal Structure* > B. Sensing Metrics",148,158,Resolution is defined via c/(2B).,"performance of MLE with enough sampling points. If s<sup>R</sup> (t) is sampled at the rate of Rs, the CRB is expressed as $$\varepsilon_{\hat{D}}^2 = \mathbb{E}\left(\left(\hat{D}",
O_ISAC_034,2023,FSO,Outdoor,Δr_min,c/2B,m,DRMIN,eq,"<span id=""page-0-1""></span>I. INTRODUCTION > <span id=""page-1-3""></span>*B. Signal Structure* > B. Sensing Metrics",149,159,Resolution is defined via c/(2B).,"performance of MLE with enough sampling points. If s<sup>R</sup> (t) is sampled at the rate of Rs, the CRB is expressed as $$\varepsilon_{\hat{D}}^2 = \mathbb{E}\left(\left(\hat{D}",
O_ISAC_034,2023,FSO,Outdoor,Δr_min,c/2B,m,DRMIN,eq,"<span id=""page-0-1""></span>I. INTRODUCTION > <span id=""page-1-3""></span>*B. Signal Structure* > B. Sensing Metrics",150,160,Resolution is defined via c/(2B).,"$$\varepsilon_{\hat{D}}^2 = \mathbb{E}\left(\left(\hat{D} - D\right)^2\right) \ge \frac{c^2}{4} \cdot \frac{3T^2}{2\pi^2 T_s R_s} \cdot \frac{N_0}{E_s},\tag{14}$$ where E (·) means calculating expectation [\[16\].](#page-4-16) *3) Resolution:* Compared with MSE,",
O_ISAC_034,2023,FSO,Outdoor,Δr_min,c/2B,m,DRMIN,eq,"<span id=""page-0-1""></span>I. INTRODUCTION > <span id=""page-1-3""></span>*B. Signal Structure* > B. Sensing Metrics",151,161,Resolution is defined via c/(2B).,"$$\varepsilon_{\hat{D}}^2 = \mathbb{E}\left(\left(\hat{D} - D\right)^2\right) \ge \frac{c^2}{4} \cdot \frac{3T^2}{2\pi^2 T_s R_s} \cdot \frac{N_0}{E_s},\tag{14}$$ where E (·) means calculating expectation [\[16\].](#page-4-16) *3) Resolution:* Compared with MSE,",
O_ISAC_034,2023,FSO,Outdoor,Δr_min,c/2B,m,DRMIN,eq,"<span id=""page-0-1""></span>I. INTRODUCTION > <span id=""page-1-3""></span>*B. Signal Structure* > B. Sensing Metrics",152,162,Resolution is defined via c/(2B).,"where E (·) means calculating expectation [\[16\].](#page-4-16) *3) Resolution:* Compared with MSE, the resolution ∆D depicts the error brought by the non-ideal laser radar pulse,",
O_ISAC_034,2023,FSO,Outdoor,Δr_min,c/2B,m,DRMIN,eq,"<span id=""page-0-1""></span>I. INTRODUCTION > <span id=""page-1-3""></span>*B. Signal Structure* > B. Sensing Metrics",153,163,Resolution is defined via c/(2B).,"where E (·) means calculating expectation [\[16\].](#page-4-16) *3) Resolution:* Compared with MSE, the resolution ∆D depicts the error brought by the non-ideal laser radar pulse,",
O_ISAC_034,2023,FSO,Outdoor,Δr_min,c/2B,m,DRMIN,eq,"<span id=""page-0-1""></span>I. INTRODUCTION > <span id=""page-1-3""></span>*B. Signal Structure* > B. Sensing Metrics",154,164,Resolution is defined via c/(2B).,"*3) Resolution:* Compared with MSE, the resolution ∆D depicts the error brought by the non-ideal laser radar pulse, which is inversely proportional to the signal",
O_ISAC_034,2023,FSO,Outdoor,Δr_min,c/2B,m,DRMIN,eq,"<span id=""page-0-1""></span>I. INTRODUCTION > <span id=""page-1-3""></span>*B. Signal Structure* > B. Sensing Metrics",155,165,Resolution is defined via c/(2B).,"*3) Resolution:* Compared with MSE, the resolution ∆D depicts the error brought by the non-ideal laser radar pulse, which is inversely proportional to the signal",
O_ISAC_034,2023,FSO,Outdoor,CRB,0,m,OTHER,text,"<span id=""page-0-1""></span>I. INTRODUCTION > <span id=""page-1-3""></span>*B. Signal Structure* > B. Sensing Metrics",161,161,CRB/FIM is referenced.,"To attain an estimation τˆ<sup>0</sup> that approaches CRB in the high-SNR region, both the MLE and the quadratic fitting should be utilized to estimate the",
O_ISAC_034,2023,FSO,Outdoor,sigma_r,0.075,m,OTHER,figure,IV. NUMERICAL RESULTS,224,224,Estimator accuracy/RMSE is reported.,"Fig. [5](#page-4-19) shows the root mean square error (RMSE) εD<sup>ˆ</sup> for distance sensing with respect to the number of users. Due to noise and interference,",
O_ISAC_034,2023,FSO,Outdoor,CRB,5,m,OTHER,figure,IV. NUMERICAL RESULTS,224,224,CRB/FIM is referenced.,"Fig. [5](#page-4-19) shows the root mean square error (RMSE) εD<sup>ˆ</sup> for distance sensing with respect to the number of users. Due to noise and interference,",
O_ISAC_035,2025,FSO,Indoor,R,3182000000.0,bps,OTHER,table,OCDM-Based FMCW Waveform Design for FSO Integrated Sensing and Communications,5,5,Data rate/throughput is reported.,"Abstract—The integrated sensing and communication (ISAC) is emerging as a crucial technology due to its reduced hardware costs and broad application scenarios, where the free",
O_ISAC_035,2025,FSO,Indoor,R,32000000000.0,bps,OTHER,text,OCDM-Based FMCW Waveform Design for FSO Integrated Sensing and Communications > I. INTRODUCTION,33,33,Data rate/throughput is reported.,"Thus, OCDM-based ISAC waveform can be potentially employed for supporting high-resolution and high-speed ISAC. Although, there is a paucity of research on OCDM for ISAC,",
O_ISAC_035,2025,FSO,Indoor,B,1000000000.0,Hz,OTHER,figure,B. FSO Channel > III. EXPERIMENT DEMONSTRATION AND DISCUSSION,165,165,Bandwidth is reported.,"Let us elaborate a little further, we generate an OCDM signal with 1024 subchirps offline using MATLAB, with the $512_{th}$ subcarrier being selected as the",
O_ISAC_035,2025,FSO,Indoor,B,1000000000.0,Hz,OTHER,text,B. FSO Channel > III. EXPERIMENT DEMONSTRATION AND DISCUSSION,182,182,Bandwidth is reported.,| OCDM bandwidth | 1 GHz |,
O_ISAC_035,2025,FSO,Indoor,B,50000000000.0,Hz,OTHER,text,B. FSO Channel > III. EXPERIMENT DEMONSTRATION AND DISCUSSION,186,186,Bandwidth is reported.,| PD bandwidth | 50 GHz |,
O_ISAC_035,2025,FSO,Indoor,B,2500000000.0,Hz,OTHER,figure,B. FSO Channel > *A. Ranging*,218,218,Bandwidth is reported.,"system. In Fig. 7, we generate an unmodulated FMCW signal of the same configuration using the AWG, and we sweep the frequencies from 2.5 GHz",
O_ISAC_035,2025,FSO,Indoor,R,3182000000.0,bps,OTHER,figure,B. FSO Channel > *B. Communications*,230,230,Data rate/throughput is reported.,"On the other hand, our proposed OCDM-based FMCW waveform can simultaneously support the high-speed communications. At the target end-users of Fig. [4,](#page-5-0) the communication data",
O_ISAC_035,2025,FSO,Indoor,R,3182000000.0,bps,OTHER,text,IV. CONCLUSION,293,293,Data rate/throughput is reported.,"In this paper, we presented a novel FSO-ISAC waveform based on OCDM and FMCW LiDAR. Specifically, the OCDMbased waveform was split to ranging subcarriers and",
O_ISAC_036,2025,Hybrid,Indoor,R,24000000000.0,bps,OTHER,text,Heterogeneous Integrated III-V-on-SOI Transmitter for 6G FiWi mmWave/FSO Integrated Sensing and Communication,9,9,Data rate/throughput is reported.,"**Abstract:** *A heterogeneous fully integrated photonics transmitter with a III-V-on-SOI laser and EAM is experimentally presented in a Fi-Wi and FSO links, achieving 16-QAM transmission",
O_ISAC_036,2025,Hybrid,Indoor,R,56000000000.0,bps,OTHER,text,Heterogeneous Integrated III-V-on-SOI Transmitter for 6G FiWi mmWave/FSO Integrated Sensing and Communication > **Reference**,75,75,Data rate/throughput is reported.,"- 10. Souleiman, A., Neel, D., Besancon, C., Vaissiere, N., Malhouitre, S., Hassan, K., Decobert, J., Bitauld, D., Benkelfat, B., Merghem, K. and Ramirez, J.M.,",
O_ISAC_038,2025,Fiber,Unknown,Δz,10.0,m,DZ,text,Integration of Distributed Sensing into Optical Coherent Networks through Non-Orthogonal Multiple Access,1,13,Fiber spatial granularity/gauge length is reported.,"# Integration of Distributed Sensing into Optical Coherent Networks through Non-Orthogonal Multiple Access Jingchuan Wang,<sup>1</sup> Liwang Lu,1,\* Junwei Zhang,2,\* Alan Pak Tao Lau, <sup>1</sup> Chao",
O_ISAC_038,2025,Fiber,Unknown,Δz,10.0,m,DZ,text,Integration of Distributed Sensing into Optical Coherent Networks through Non-Orthogonal Multiple Access,1,14,Fiber spatial granularity/gauge length is reported.,"# Integration of Distributed Sensing into Optical Coherent Networks through Non-Orthogonal Multiple Access Jingchuan Wang,<sup>1</sup> Liwang Lu,1,\* Junwei Zhang,2,\* Alan Pak Tao Lau, <sup>1</sup> Chao",
O_ISAC_038,2025,Fiber,Unknown,Δz,10.0,m,DZ,text,Integration of Distributed Sensing into Optical Coherent Networks through Non-Orthogonal Multiple Access,1,15,Fiber spatial granularity/gauge length is reported.,"# Integration of Distributed Sensing into Optical Coherent Networks through Non-Orthogonal Multiple Access Jingchuan Wang,<sup>1</sup> Liwang Lu,1,\* Junwei Zhang,2,\* Alan Pak Tao Lau, <sup>1</sup> Chao",
O_ISAC_038,2025,Fiber,Unknown,Δz,10.0,m,DZ,text,Integration of Distributed Sensing into Optical Coherent Networks through Non-Orthogonal Multiple Access,1,16,Fiber spatial granularity/gauge length is reported.,"# Integration of Distributed Sensing into Optical Coherent Networks through Non-Orthogonal Multiple Access Jingchuan Wang,<sup>1</sup> Liwang Lu,1,\* Junwei Zhang,2,\* Alan Pak Tao Lau, <sup>1</sup> Chao",
O_ISAC_038,2025,Fiber,Unknown,Δz,10.0,m,DZ,text,Integration of Distributed Sensing into Optical Coherent Networks through Non-Orthogonal Multiple Access,1,17,Fiber spatial granularity/gauge length is reported.,"# Integration of Distributed Sensing into Optical Coherent Networks through Non-Orthogonal Multiple Access Jingchuan Wang,<sup>1</sup> Liwang Lu,1,\* Junwei Zhang,2,\* Alan Pak Tao Lau, <sup>1</sup> Chao",
O_ISAC_038,2025,Fiber,Unknown,Δz,10.0,m,DZ,text,Integration of Distributed Sensing into Optical Coherent Networks through Non-Orthogonal Multiple Access,2,18,Fiber spatial granularity/gauge length is reported.,"Jingchuan Wang,<sup>1</sup> Liwang Lu,1,\* Junwei Zhang,2,\* Alan Pak Tao Lau, <sup>1</sup> Chao Lu<sup>1</sup> *<sup>1</sup> Photonics Research Institute, Department of Electrical and Electronic Engineering, The Hong",
O_ISAC_038,2025,Fiber,Unknown,Δz,10.0,m,DZ,text,Integration of Distributed Sensing into Optical Coherent Networks through Non-Orthogonal Multiple Access,3,19,Fiber spatial granularity/gauge length is reported.,"Jingchuan Wang,<sup>1</sup> Liwang Lu,1,\* Junwei Zhang,2,\* Alan Pak Tao Lau, <sup>1</sup> Chao Lu<sup>1</sup> *<sup>1</sup> Photonics Research Institute, Department of Electrical and Electronic Engineering, The Hong",
O_ISAC_038,2025,Fiber,Unknown,Δz,10.0,m,DZ,text,Integration of Distributed Sensing into Optical Coherent Networks through Non-Orthogonal Multiple Access,4,20,Fiber spatial granularity/gauge length is reported.,"*<sup>1</sup> Photonics Research Institute, Department of Electrical and Electronic Engineering, The Hong Kong Polytechnic University, Hong Kong SAR, China* Abstract: We introduce NOMA into the",
O_ISAC_038,2025,Fiber,Unknown,Δz,10.0,m,DZ,text,Integration of Distributed Sensing into Optical Coherent Networks through Non-Orthogonal Multiple Access,5,21,Fiber spatial granularity/gauge length is reported.,"*<sup>1</sup> Photonics Research Institute, Department of Electrical and Electronic Engineering, The Hong Kong Polytechnic University, Hong Kong SAR, China* Abstract: We introduce NOMA into the",
O_ISAC_038,2025,Fiber,Unknown,Δz,10.0,m,DZ,text,Integration of Distributed Sensing into Optical Coherent Networks through Non-Orthogonal Multiple Access,6,22,Fiber spatial granularity/gauge length is reported.,"Abstract: We introduce NOMA into the integrated distributed sensing and coherent communications. Using the same transmitter, high resolution and sensitive vibration sensing can be achieved",
O_ISAC_038,2025,Fiber,Unknown,Δz,10.0,m,DZ,text,Integration of Distributed Sensing into Optical Coherent Networks through Non-Orthogonal Multiple Access,7,23,Fiber spatial granularity/gauge length is reported.,"Abstract: We introduce NOMA into the integrated distributed sensing and coherent communications. Using the same transmitter, high resolution and sensitive vibration sensing can be achieved",
O_ISAC_038,2025,Fiber,Unknown,Δz,10.0,m,DZ,text,Integration of Distributed Sensing into Optical Coherent Networks through Non-Orthogonal Multiple Access,8,24,Fiber spatial granularity/gauge length is reported.,"#### 1. Introduction The past decade has witnessed rapid growth in short-reach optical fiber communication, including data center interconnect (DCI) and fiber access networks [1].",
O_ISAC_038,2025,Fiber,Unknown,Δz,10.0,m,DZ,text,Integration of Distributed Sensing into Optical Coherent Networks through Non-Orthogonal Multiple Access > 1. Introduction,9,25,Fiber spatial granularity/gauge length is reported.,"#### 1. Introduction The past decade has witnessed rapid growth in short-reach optical fiber communication, including data center interconnect (DCI) and fiber access networks [1].",
O_ISAC_038,2025,Fiber,Unknown,Δz,10.0,m,DZ,text,Integration of Distributed Sensing into Optical Coherent Networks through Non-Orthogonal Multiple Access > 1. Introduction,10,26,Fiber spatial granularity/gauge length is reported.,"The past decade has witnessed rapid growth in short-reach optical fiber communication, including data center interconnect (DCI) and fiber access networks [1]. Recently, there has",
O_ISAC_038,2025,Fiber,Unknown,Δz,10.0,m,DZ,text,Integration of Distributed Sensing into Optical Coherent Networks through Non-Orthogonal Multiple Access > 1. Introduction,11,27,Fiber spatial granularity/gauge length is reported.,"The past decade has witnessed rapid growth in short-reach optical fiber communication, including data center interconnect (DCI) and fiber access networks [1]. Recently, there has",
O_ISAC_038,2025,Fiber,Unknown,Δz,10.0,m,DZ,text,Integration of Distributed Sensing into Optical Coherent Networks through Non-Orthogonal Multiple Access > 2. NOMA with 16-QAM signal and sensing LFM tone,28,44,Fiber spatial granularity/gauge length is reported.,"(1) where *P*1,*P*<sup>2</sup> are respectively the NOMA power distribution ratio of QAM signal and LFM tone, ∆*f* and θ*<sup>n</sup>* are the frequency offset and phase",
O_ISAC_038,2025,Fiber,Unknown,Δz,10.0,m,DZ,text,Integration of Distributed Sensing into Optical Coherent Networks through Non-Orthogonal Multiple Access > 2. NOMA with 16-QAM signal and sensing LFM tone,29,45,Fiber spatial granularity/gauge length is reported.,"where *P*1,*P*<sup>2</sup> are respectively the NOMA power distribution ratio of QAM signal and LFM tone, ∆*f* and θ*<sup>n</sup>* are the frequency offset and phase noise,",
O_ISAC_038,2025,Fiber,Unknown,Δz,10.0,m,DZ,text,Integration of Distributed Sensing into Optical Coherent Networks through Non-Orthogonal Multiple Access > 2. NOMA with 16-QAM signal and sensing LFM tone,30,46,Fiber spatial granularity/gauge length is reported.,"where *P*1,*P*<sup>2</sup> are respectively the NOMA power distribution ratio of QAM signal and LFM tone, ∆*f* and θ*<sup>n</sup>* are the frequency offset and phase noise,",
O_ISAC_038,2025,Fiber,Unknown,Δz,10.0,m,DZ,text,Integration of Distributed Sensing into Optical Coherent Networks through Non-Orthogonal Multiple Access > 2. NOMA with 16-QAM signal and sensing LFM tone,31,47,Fiber spatial granularity/gauge length is reported.,"$$R_{single}(t) = P_2 * A_{lfm} exp[j(2\pi(f_{st} + \Delta f)t + \theta_n)]. \tag{2}$$ Because *fst* is already known, we could simply retrieve the frequency offset and",
O_ISAC_038,2025,Fiber,Unknown,Δz,10.0,m,DZ,text,Integration of Distributed Sensing into Optical Coherent Networks through Non-Orthogonal Multiple Access > 2. NOMA with 16-QAM signal and sensing LFM tone,32,48,Fiber spatial granularity/gauge length is reported.,"$$R_{single}(t) = P_2 * A_{lfm} exp[j(2\pi(f_{st} + \Delta f)t + \theta_n)]. \tag{2}$$ Because *fst* is already known, we could simply retrieve the frequency offset and",
O_ISAC_038,2025,Fiber,Unknown,Δz,10.0,m,DZ,text,Integration of Distributed Sensing into Optical Coherent Networks through Non-Orthogonal Multiple Access > 2. NOMA with 16-QAM signal and sensing LFM tone,33,49,Fiber spatial granularity/gauge length is reported.,"Because *fst* is already known, we could simply retrieve the frequency offset and phase noise through the single frequency tone compressed from LFM tone, reducing",
O_ISAC_038,2025,Fiber,Unknown,Δz,10.0,m,DZ,text,Integration of Distributed Sensing into Optical Coherent Networks through Non-Orthogonal Multiple Access > 2. NOMA with 16-QAM signal and sensing LFM tone,34,50,Fiber spatial granularity/gauge length is reported.,"Because *fst* is already known, we could simply retrieve the frequency offset and phase noise through the single frequency tone compressed from LFM tone, reducing",
O_ISAC_038,2025,Fiber,Unknown,Δz,10.0,m,DZ,text,Integration of Distributed Sensing into Optical Coherent Networks through Non-Orthogonal Multiple Access > 2. NOMA with 16-QAM signal and sensing LFM tone,35,51,Fiber spatial granularity/gauge length is reported.,"For sensing operation, a matched filter could be correlated with the continuous Rayleigh backscattered signal, hence the true DAS traces are obtained segment by segment.",
O_ISAC_038,2025,Fiber,Unknown,Δz,10.0,m,DZ,text,Integration of Distributed Sensing into Optical Coherent Networks through Non-Orthogonal Multiple Access > 2. NOMA with 16-QAM signal and sensing LFM tone,36,52,Fiber spatial granularity/gauge length is reported.,"For sensing operation, a matched filter could be correlated with the continuous Rayleigh backscattered signal, hence the true DAS traces are obtained segment by segment.",
O_ISAC_038,2025,Fiber,Unknown,B,100000000.0,Hz,OTHER,figure,Integration of Distributed Sensing into Optical Coherent Networks through Non-Orthogonal Multiple Access > 4. Results and Discussions,56,56,Bandwidth is reported.,"At the communication receiver side, the frequency spectrum before and after de-chirping in NOMA SIC is shown in Fig. 3a. We use a 100 MHz",
O_ISAC_039,2022,VLC,Indoor,CRB,14,m,OTHER,text,PERFORMANCE EVALUATION AND THEORETICAL ANALYSIS > **Performance Bounds of Positioning and** 5.1 **Channel Estimation Accuracy**,330,330,CRB/FIM is referenced.,"First, we provide a theoretical analysis for the performance bounds of positioning and channel estimation accuracy. Specifically, the Cramér-Rao lower bound (CRLB) for the channel",
O_ISAC_039,2022,VLC,Indoor,CRB,7,m,OTHER,text,PERFORMANCE EVALUATION AND THEORETICAL ANALYSIS > **Performance Bounds of Positioning and** 5.1 **Channel Estimation Accuracy**,334,334,CRB/FIM is referenced.,"For the channel estimation task, the CIR vector $\mathbf{h}^{(t)}$ is estimated from the channel measurement vector $\mathbf{u}^{(t)}$ contaminated by the noise $\tilde{\mathbf{w}}^{(t)}$ as given by",
O_ISAC_039,2022,VLC,Indoor,CRB,1,m,OTHER,text,PERFORMANCE EVALUATION AND THEORETICAL ANALYSIS > **Performance Bounds of Positioning and** 5.1 **Channel Estimation Accuracy**,336,336,CRB/FIM is referenced.,"**Corollary 1.** Assume that the noise $\tilde{\mathbf{w}}^{(t)}$ follows an i.i.d. Gaussian distribution of $\mathcal{N}(\mathbf{0}, \sigma_{\mathrm{w}}^2 \mathbf{I}_{N_{\mathrm{p}}})$ . For the tth LED in the VIPAC system,",
O_ISAC_039,2022,VLC,Indoor,CRB,34,m,OTHER,text,PERFORMANCE EVALUATION AND THEORETICAL ANALYSIS > **Performance Bounds of Positioning and** 5.1 **Channel Estimation Accuracy**,344,344,CRB/FIM is referenced.,"Then, the Fisher information matrix (FIM) [34] for channel estimation in (7) can be obtained by the conditional PDF in (23) as",
O_ISAC_039,2022,VLC,Indoor,CRB,34,m,OTHER,text,PERFORMANCE EVALUATION AND THEORETICAL ANALYSIS > **Performance Bounds of Positioning and** 5.1 **Channel Estimation Accuracy**,348,348,CRB/FIM is referenced.,"where $h_a^{(t)}$ and $h_b^{(t)}$ are the ath and bth elements in the CIR vector $\mathbf{h}^{(t)}$ , respectively. Then, the CRLB of the unbiased estimator $\hat{\mathbf{h}}^{(t)}$",
O_ISAC_039,2022,VLC,Indoor,CRB,26,m,OTHER,text,PERFORMANCE EVALUATION AND THEORETICAL ANALYSIS > **Performance Bounds of Positioning and** 5.1 **Channel Estimation Accuracy**,369,369,CRB/FIM is referenced.,"Substituting (26) and (27) into (25), the CRLB of the channel estimation task in (22) can be derived.",
O_ISAC_039,2022,VLC,Indoor,CRB,1,m,OTHER,text,PERFORMANCE EVALUATION AND THEORETICAL ANALYSIS > **Performance Bounds of Positioning and** 5.1 **Channel Estimation Accuracy**,371,371,CRB/FIM is referenced.,"**Remark 1.** The CRLB in Corollary 1 can be achieved only if the inequation in (26) reaches equality, i.e., the $N_{\rm p} \times L$ partial",
O_ISAC_039,2022,VLC,Indoor,CRB,3,m,OTHER,text,PERFORMANCE EVALUATION AND THEORETICAL ANALYSIS > **Performance Bounds of Positioning and** 5.1 **Channel Estimation Accuracy**,373,373,CRB/FIM is referenced.,"In the positioning task, the position coordinate is estimated from the coarsely estimated CIR vector $\hat{\mathbf{h}}_{S,N_I}$ , where the LOS component in the CIR vector",
O_ISAC_039,2022,VLC,Indoor,CRB,2,m,OTHER,text,PERFORMANCE EVALUATION AND THEORETICAL ANALYSIS > **Performance Bounds of Positioning and** 5.1 **Channel Estimation Accuracy**,375,375,CRB/FIM is referenced.,"**Corollary 2.** Assume that the noise vector $\tilde{\mathbf{w}}^{(t)}$ in the visible light channel follows an i.i.d. Gaussian distribution of $\mathcal{N}(\mathbf{0}, \sigma_{\mathrm{w}}^2 \mathbf{I}_{N_{\mathrm{p}}})$ . The CRLB",
O_ISAC_039,2022,VLC,Indoor,CRB,34,m,OTHER,text,PERFORMANCE EVALUATION AND THEORETICAL ANALYSIS > **Performance Bounds of Positioning and** 5.1 **Channel Estimation Accuracy**,402,402,CRB/FIM is referenced.,"Then, the FIM [34] of the distance **d** can be obtained by the conditional PDF in (32) as follows:",
O_ISAC_039,2022,VLC,Indoor,CRB,,,OTHER,text,PERFORMANCE EVALUATION AND THEORETICAL ANALYSIS > **Performance Bounds of Positioning and** 5.1 **Channel Estimation Accuracy**,432,432,CRB/FIM is referenced.,"Thus, the CRLB of the unbiased estimator $\hat{\mathbf{d}}$ in the position estimation task can be derived from the inverse of the FIM, which is given",
O_ISAC_039,2022,VLC,Indoor,CRB,38,m,OTHER,text,PERFORMANCE EVALUATION AND THEORETICAL ANALYSIS > **Performance Bounds of Positioning and** 5.1 **Channel Estimation Accuracy**,443,443,CRB/FIM is referenced.,"Finally, substituting (38) into (37), the CRLB of the position estimation task in (28) can be derived.",
O_ISAC_039,2022,VLC,Indoor,CRB,2,m,OTHER,text,PERFORMANCE EVALUATION AND THEORETICAL ANALYSIS > **Performance Bounds of Positioning and** 5.1 **Channel Estimation Accuracy**,445,445,CRB/FIM is referenced.,"**Remark 2.** The CRLB in Corollary 2 is derived as a function with an argument of the distance **d**. Therefore, the conclusion in Corollary 2",
O_ISAC_039,2022,VLC,Indoor,B,20000000.0,Hz,OTHER,figure,6 SIMULATION RESULTS AND DISCUSSIONS > 6.1 Simulation Setup,600,600,Bandwidth is reported.,"In this section, the performance of the proposed MTL-based and MTFL-based schemes for the VIPAC system are investigated via extensive simulations. A room with size",
O_ISAC_040,2025,Hybrid,Outdoor,sigma_r,2.0,m,OTHER,figure,III. SIMULATION RESULTS,47,47,Estimator accuracy/RMSE is reported.,"To evaluate the overall performance of the UAV-aided flying RO-ISAC system using ADTs, computer simulations are performed in terms of both communication bit error rate",
O_ISAC_040,2025,Hybrid,Outdoor,sigma_r,0.171,m,OTHER,text,III. SIMULATION RESULTS,70,70,Estimator accuracy/RMSE is reported.,"of 110 dB, the RMSE is decreased from 17.1 cm to 6.7 cm when each UAV is equipped with an ADT consisting of totally ten",
O_ISAC_041,2024,Hybrid,Indoor,Δz,3.2,m,DZ,text,"<span id=""page-2-0""></span>III. SYSTEM ARCHITECTURE AND MATHEMATICAL MODEL > <span id=""page-5-1""></span>Algorithm 3 ICA > A. Co-Cable Recognition",288,304,Fiber spatial granularity/gauge length is reported.,"In Fig. [6,](#page-6-1) the confusion matrix for the RF model in FEA-Baseline and FEA-TFW-ICA is presented. From Fig. [6,](#page-6-1) we can observe that there are",
O_ISAC_041,2024,Hybrid,Indoor,Δz,3.2,m,DZ,text,"<span id=""page-2-0""></span>III. SYSTEM ARCHITECTURE AND MATHEMATICAL MODEL > <span id=""page-5-1""></span>Algorithm 3 ICA > A. Co-Cable Recognition",289,305,Fiber spatial granularity/gauge length is reported.,"![](_page_6_Figure_9.jpeg) <span id=""page-6-2""></span>Fig. 7. Feature visualization of (a) FEA-Baseline and (b) FEA-TFW-ICA. network scenarios, such as metropolitan networks, backbone networks, and aggregation networks. The network",
O_ISAC_041,2024,Hybrid,Indoor,Δz,3.2,m,DZ,text,"<span id=""page-2-0""></span>III. SYSTEM ARCHITECTURE AND MATHEMATICAL MODEL > <span id=""page-5-1""></span>Algorithm 3 ICA > A. Co-Cable Recognition",290,306,Fiber spatial granularity/gauge length is reported.,"![](_page_6_Figure_9.jpeg) <span id=""page-6-2""></span>Fig. 7. Feature visualization of (a) FEA-Baseline and (b) FEA-TFW-ICA. network scenarios, such as metropolitan networks, backbone networks, and aggregation networks. The network",
O_ISAC_041,2024,Hybrid,Indoor,Δz,3.2,m,DZ,text,"<span id=""page-2-0""></span>III. SYSTEM ARCHITECTURE AND MATHEMATICAL MODEL > <span id=""page-5-1""></span>Algorithm 3 ICA > A. Co-Cable Recognition",291,307,Fiber spatial granularity/gauge length is reported.,"<span id=""page-6-2""></span>Fig. 7. Feature visualization of (a) FEA-Baseline and (b) FEA-TFW-ICA. network scenarios, such as metropolitan networks, backbone networks, and aggregation networks. The network comprises",
O_ISAC_041,2024,Hybrid,Indoor,Δz,3.2,m,DZ,text,"<span id=""page-2-0""></span>III. SYSTEM ARCHITECTURE AND MATHEMATICAL MODEL > <span id=""page-5-1""></span>Algorithm 3 ICA > A. Co-Cable Recognition",292,308,Fiber spatial granularity/gauge length is reported.,"<span id=""page-6-2""></span>Fig. 7. Feature visualization of (a) FEA-Baseline and (b) FEA-TFW-ICA. network scenarios, such as metropolitan networks, backbone networks, and aggregation networks. The network comprises",
O_ISAC_041,2024,Hybrid,Indoor,Δz,3.2,m,DZ,text,"<span id=""page-2-0""></span>III. SYSTEM ARCHITECTURE AND MATHEMATICAL MODEL > <span id=""page-5-1""></span>Algorithm 3 ICA > A. Co-Cable Recognition",293,309,Fiber spatial granularity/gauge length is reported.,"network scenarios, such as metropolitan networks, backbone networks, and aggregation networks. The network comprises over hundreds of thousands of optical cables, with a limited number",
O_ISAC_041,2024,Hybrid,Indoor,Δz,3.2,m,DZ,text,"<span id=""page-2-0""></span>III. SYSTEM ARCHITECTURE AND MATHEMATICAL MODEL > <span id=""page-5-1""></span>Algorithm 3 ICA > A. Co-Cable Recognition",294,310,Fiber spatial granularity/gauge length is reported.,"network scenarios, such as metropolitan networks, backbone networks, and aggregation networks. The network comprises over hundreds of thousands of optical cables, with a limited number",
O_ISAC_041,2024,Hybrid,Indoor,Δz,3.2,m,DZ,text,"<span id=""page-2-0""></span>III. SYSTEM ARCHITECTURE AND MATHEMATICAL MODEL > <span id=""page-5-1""></span>Algorithm 3 ICA > A. Co-Cable Recognition",295,311,Fiber spatial granularity/gauge length is reported.,"To better visualize the performance advantage of FEA-TFW-ICA, we present the visual distribution of FVs extracted from FEA-Baseline and FEA-TFW-ICA in Fig. [7\(](#page-6-2)a) and (b),",
O_ISAC_041,2024,Hybrid,Indoor,Δz,3.2,m,DZ,text,"<span id=""page-2-0""></span>III. SYSTEM ARCHITECTURE AND MATHEMATICAL MODEL > <span id=""page-5-1""></span>Algorithm 3 ICA > A. Co-Cable Recognition",296,312,Fiber spatial granularity/gauge length is reported.,"To better visualize the performance advantage of FEA-TFW-ICA, we present the visual distribution of FVs extracted from FEA-Baseline and FEA-TFW-ICA in Fig. [7\(](#page-6-2)a) and (b),",
O_ISAC_041,2024,Hybrid,Indoor,Δz,3.2,m,DZ,text,"<span id=""page-2-0""></span>III. SYSTEM ARCHITECTURE AND MATHEMATICAL MODEL > <span id=""page-5-1""></span>Algorithm 3 ICA > A. Co-Cable Recognition",297,313,Fiber spatial granularity/gauge length is reported.,"<span id=""page-6-1""></span>In our previous work, we proposed a two-layered cascaded RF algorithm for co-cable recognition, achieving an accuracy of 0.95 and an F1-score of 0.9.",
O_ISAC_041,2024,Hybrid,Indoor,Δz,3.2,m,DZ,text,"<span id=""page-2-0""></span>III. SYSTEM ARCHITECTURE AND MATHEMATICAL MODEL > <span id=""page-5-1""></span>Algorithm 3 ICA > A. Co-Cable Recognition",298,314,Fiber spatial granularity/gauge length is reported.,"<span id=""page-6-1""></span>In our previous work, we proposed a two-layered cascaded RF algorithm for co-cable recognition, achieving an accuracy of 0.95 and an F1-score of 0.9.",
O_ISAC_041,2024,Hybrid,Indoor,Δz,3.2,m,DZ,text,"<span id=""page-2-0""></span>III. SYSTEM ARCHITECTURE AND MATHEMATICAL MODEL > <span id=""page-5-1""></span>Algorithm 3 ICA > A. Co-Cable Recognition",299,315,Fiber spatial granularity/gauge length is reported.,"# *B. Trench Characterization* In the infrastructure of networks, multiple optical fibers are often laid in the same trenches. When facing geological disasters or human",
O_ISAC_041,2024,Hybrid,Indoor,Δz,3.2,m,DZ,text,*B. Trench Characterization*,300,316,Fiber spatial granularity/gauge length is reported.,"# *B. Trench Characterization* In the infrastructure of networks, multiple optical fibers are often laid in the same trenches. When facing geological disasters or human",
O_ISAC_041,2024,Hybrid,Indoor,Δz,3.2,m,DZ,text,*B. Trench Characterization*,301,317,Fiber spatial granularity/gauge length is reported.,"In the infrastructure of networks, multiple optical fibers are often laid in the same trenches. When facing geological disasters or human excavation, there is a",
O_ISAC_041,2024,Hybrid,Indoor,Δz,3.2,m,DZ,text,*B. Trench Characterization*,302,318,Fiber spatial granularity/gauge length is reported.,"In the infrastructure of networks, multiple optical fibers are often laid in the same trenches. When facing geological disasters or human excavation, there is a",
O_ISAC_041,2024,Hybrid,Indoor,Δz,3.2,m,DZ,text,*B. Trench Characterization*,303,319,Fiber spatial granularity/gauge length is reported.,"Fig. [8](#page-7-1) shows the vibration curves extracted from two fibers. In our experiment, the time length of the vibration curve is 2000 ms, with a",
O_ISAC_041,2024,Hybrid,Indoor,Δz,3.2,m,DZ,text,*B. Trench Characterization*,304,320,Fiber spatial granularity/gauge length is reported.,"Fig. [8](#page-7-1) shows the vibration curves extracted from two fibers. In our experiment, the time length of the vibration curve is 2000 ms, with a",
O_ISAC_042,2024,Fiber,Unknown,Δz,0.5,m,DZ,text,High-efficiency ISAC to enable sub-meter level vibration sensing for coherent fiber networks,1,13,Fiber spatial granularity/gauge length is reported.,"# High-efficiency ISAC to enable sub-meter level vibration sensing for coherent fiber networks Jingchuan Wang,<sup>1</sup> Liwang Lu,<sup>1</sup> Li Wang,<sup>1</sup> Yaxi Yan,1,2,\* Alan Pak Tao Lau<sup>1</sup>",
O_ISAC_042,2024,Fiber,Unknown,Δz,0.5,m,DZ,text,High-efficiency ISAC to enable sub-meter level vibration sensing for coherent fiber networks,1,14,Fiber spatial granularity/gauge length is reported.,"# High-efficiency ISAC to enable sub-meter level vibration sensing for coherent fiber networks Jingchuan Wang,<sup>1</sup> Liwang Lu,<sup>1</sup> Li Wang,<sup>1</sup> Yaxi Yan,1,2,\* Alan Pak Tao Lau<sup>1</sup>",
O_ISAC_042,2024,Fiber,Unknown,Δz,0.5,m,DZ,text,High-efficiency ISAC to enable sub-meter level vibration sensing for coherent fiber networks,1,15,Fiber spatial granularity/gauge length is reported.,"# High-efficiency ISAC to enable sub-meter level vibration sensing for coherent fiber networks Jingchuan Wang,<sup>1</sup> Liwang Lu,<sup>1</sup> Li Wang,<sup>1</sup> Yaxi Yan,1,2,\* Alan Pak Tao Lau<sup>1</sup>",
O_ISAC_042,2024,Fiber,Unknown,Δz,0.5,m,DZ,text,High-efficiency ISAC to enable sub-meter level vibration sensing for coherent fiber networks,1,16,Fiber spatial granularity/gauge length is reported.,"# High-efficiency ISAC to enable sub-meter level vibration sensing for coherent fiber networks Jingchuan Wang,<sup>1</sup> Liwang Lu,<sup>1</sup> Li Wang,<sup>1</sup> Yaxi Yan,1,2,\* Alan Pak Tao Lau<sup>1</sup>",
O_ISAC_042,2024,Fiber,Unknown,Δz,0.5,m,DZ,text,High-efficiency ISAC to enable sub-meter level vibration sensing for coherent fiber networks,1,17,Fiber spatial granularity/gauge length is reported.,"# High-efficiency ISAC to enable sub-meter level vibration sensing for coherent fiber networks Jingchuan Wang,<sup>1</sup> Liwang Lu,<sup>1</sup> Li Wang,<sup>1</sup> Yaxi Yan,1,2,\* Alan Pak Tao Lau<sup>1</sup>",
O_ISAC_042,2024,Fiber,Unknown,Δz,0.5,m,DZ,text,High-efficiency ISAC to enable sub-meter level vibration sensing for coherent fiber networks,2,18,Fiber spatial granularity/gauge length is reported.,"Jingchuan Wang,<sup>1</sup> Liwang Lu,<sup>1</sup> Li Wang,<sup>1</sup> Yaxi Yan,1,2,\* Alan Pak Tao Lau<sup>1</sup> and Chao Lu<sup>1</sup> *<sup>1</sup> Photonics Research Institute, Department of Electrical and Electronic Engineering,",
O_ISAC_042,2024,Fiber,Unknown,Δz,0.5,m,DZ,text,High-efficiency ISAC to enable sub-meter level vibration sensing for coherent fiber networks,3,19,Fiber spatial granularity/gauge length is reported.,"Jingchuan Wang,<sup>1</sup> Liwang Lu,<sup>1</sup> Li Wang,<sup>1</sup> Yaxi Yan,1,2,\* Alan Pak Tao Lau<sup>1</sup> and Chao Lu<sup>1</sup> *<sup>1</sup> Photonics Research Institute, Department of Electrical and Electronic Engineering,",
O_ISAC_042,2024,Fiber,Unknown,Δz,0.5,m,DZ,text,High-efficiency ISAC to enable sub-meter level vibration sensing for coherent fiber networks,4,20,Fiber spatial granularity/gauge length is reported.,"*<sup>1</sup> Photonics Research Institute, Department of Electrical and Electronic Engineering, The Hong Kong Polytechnic University, Hong Kong, China <sup>2</sup> Hangzhou Institute of Advanced Studies, Zhejiang",
O_ISAC_042,2024,Fiber,Unknown,Δz,0.5,m,DZ,text,High-efficiency ISAC to enable sub-meter level vibration sensing for coherent fiber networks,5,21,Fiber spatial granularity/gauge length is reported.,"*<sup>1</sup> Photonics Research Institute, Department of Electrical and Electronic Engineering, The Hong Kong Polytechnic University, Hong Kong, China <sup>2</sup> Hangzhou Institute of Advanced Studies, Zhejiang",
O_ISAC_042,2024,Fiber,Unknown,Δz,0.5,m,DZ,text,High-efficiency ISAC to enable sub-meter level vibration sensing for coherent fiber networks,6,22,Fiber spatial granularity/gauge length is reported.,Abstract: We demonstrate 0.5 m resolution vibration sensing and 60 GBaud 16-QAM data transmission with negligible crosstalk over 10 km fiber using a new integrated,
O_ISAC_042,2024,Fiber,Unknown,Δz,0.5,m,DZ,text,High-efficiency ISAC to enable sub-meter level vibration sensing for coherent fiber networks,7,23,Fiber spatial granularity/gauge length is reported.,Abstract: We demonstrate 0.5 m resolution vibration sensing and 60 GBaud 16-QAM data transmission with negligible crosstalk over 10 km fiber using a new integrated,
O_ISAC_042,2024,Fiber,Unknown,Δz,0.5,m,DZ,text,High-efficiency ISAC to enable sub-meter level vibration sensing for coherent fiber networks,8,24,Fiber spatial granularity/gauge length is reported.,"## 1. Introduction Data center interconnects(DCI) continue to evolve with ever-increasing capacity for and have undergone tremendous developments [1]. Besides telecommunications, optical fibers have also",
O_ISAC_042,2024,Fiber,Unknown,Δz,0.5,m,DZ,text,High-efficiency ISAC to enable sub-meter level vibration sensing for coherent fiber networks > 1. Introduction,9,25,Fiber spatial granularity/gauge length is reported.,"## 1. Introduction Data center interconnects(DCI) continue to evolve with ever-increasing capacity for and have undergone tremendous developments [1]. Besides telecommunications, optical fibers have also",
O_ISAC_042,2024,Fiber,Unknown,Δz,0.5,m,DZ,text,High-efficiency ISAC to enable sub-meter level vibration sensing for coherent fiber networks > 1. Introduction,10,26,Fiber spatial granularity/gauge length is reported.,"Data center interconnects(DCI) continue to evolve with ever-increasing capacity for and have undergone tremendous developments [1]. Besides telecommunications, optical fibers have also find extensive applications",
O_ISAC_042,2024,Fiber,Unknown,Δz,0.5,m,DZ,text,High-efficiency ISAC to enable sub-meter level vibration sensing for coherent fiber networks > 1. Introduction,11,27,Fiber spatial granularity/gauge length is reported.,"Data center interconnects(DCI) continue to evolve with ever-increasing capacity for and have undergone tremendous developments [1]. Besides telecommunications, optical fibers have also find extensive applications",
O_ISAC_042,2024,Fiber,Unknown,Δz,0.5,m,DZ,text,High-efficiency ISAC to enable sub-meter level vibration sensing for coherent fiber networks > 1. Introduction,12,28,Fiber spatial granularity/gauge length is reported.,"In this paper, we propose a simple ISAC solution by inserting LFM sensing probes into the training symbols of communication data frames, sharing the spectrum",
O_ISAC_042,2024,Fiber,Unknown,Δz,0.5,m,DZ,text,High-efficiency ISAC to enable sub-meter level vibration sensing for coherent fiber networks > 1. Introduction,13,29,Fiber spatial granularity/gauge length is reported.,"In this paper, we propose a simple ISAC solution by inserting LFM sensing probes into the training symbols of communication data frames, sharing the spectrum",
O_ISAC_042,2024,Fiber,Unknown,Δz,0.5,m,DZ,text,High-efficiency ISAC to enable sub-meter level vibration sensing for coherent fiber networks > 1. Introduction > 3. Experimental results,36,52,Fiber spatial granularity/gauge length is reported.,We conduct a 60 GBaud 16QAM experiment to demonstrate the proposed ISAC scheme and the setup is depicted in Fig. 2. An AWG (Keysight M8196A),
O_ISAC_042,2024,Fiber,Unknown,Δz,0.5,m,DZ,text,High-efficiency ISAC to enable sub-meter level vibration sensing for coherent fiber networks > 1. Introduction > 3. Experimental results,37,53,Fiber spatial granularity/gauge length is reported.,"Due to the limitation of memory depth of AWG, we use shutter semiconductor optical amplifier (SOA) to cut off the signal at the period of",
O_ISAC_042,2024,Fiber,Unknown,Δz,0.5,m,DZ,text,High-efficiency ISAC to enable sub-meter level vibration sensing for coherent fiber networks > 1. Introduction > 3. Experimental results,38,54,Fiber spatial granularity/gauge length is reported.,"Due to the limitation of memory depth of AWG, we use shutter semiconductor optical amplifier (SOA) to cut off the signal at the period of",
O_ISAC_042,2024,Fiber,Unknown,Δz,0.5,m,DZ,text,High-efficiency ISAC to enable sub-meter level vibration sensing for coherent fiber networks > 1. Introduction > 3. Experimental results,39,55,Fiber spatial granularity/gauge length is reported.,"![](_page_2_Figure_2.jpeg) Fig. 2. 60 GBaud 16QAM ISAC experiment setup. AWG: arbitary waveform generator, WS: waveshaper AWG and IQM to generate both the sensing and telecom",
O_ISAC_042,2024,Fiber,Unknown,Δz,0.5,m,DZ,text,High-efficiency ISAC to enable sub-meter level vibration sensing for coherent fiber networks > 1. Introduction > 3. Experimental results,40,56,Fiber spatial granularity/gauge length is reported.,"![](_page_2_Figure_2.jpeg) Fig. 2. 60 GBaud 16QAM ISAC experiment setup. AWG: arbitary waveform generator, WS: waveshaper AWG and IQM to generate both the sensing and telecom",
O_ISAC_042,2024,Fiber,Unknown,Δz,0.5,m,DZ,text,High-efficiency ISAC to enable sub-meter level vibration sensing for coherent fiber networks > 1. Introduction > 3. Experimental results,41,57,Fiber spatial granularity/gauge length is reported.,"Fig. 2. 60 GBaud 16QAM ISAC experiment setup. AWG: arbitary waveform generator, WS: waveshaper AWG and IQM to generate both the sensing and telecom signal,",
O_ISAC_042,2024,Fiber,Unknown,Δz,0.5,m,DZ,text,High-efficiency ISAC to enable sub-meter level vibration sensing for coherent fiber networks > 1. Introduction > 3. Experimental results,42,58,Fiber spatial granularity/gauge length is reported.,"Fig. 2. 60 GBaud 16QAM ISAC experiment setup. AWG: arbitary waveform generator, WS: waveshaper AWG and IQM to generate both the sensing and telecom signal,",
O_ISAC_042,2024,Fiber,Unknown,Δz,0.5,m,DZ,text,High-efficiency ISAC to enable sub-meter level vibration sensing for coherent fiber networks > 1. Introduction > 3. Experimental results,43,59,Fiber spatial granularity/gauge length is reported.,"AWG and IQM to generate both the sensing and telecom signal, it would address the power distribution between LFM pilots and telecom signal defined as",
O_ISAC_042,2024,Fiber,Unknown,Δz,0.5,m,DZ,text,High-efficiency ISAC to enable sub-meter level vibration sensing for coherent fiber networks > 1. Introduction > 3. Experimental results,44,60,Fiber spatial granularity/gauge length is reported.,"AWG and IQM to generate both the sensing and telecom signal, it would address the power distribution between LFM pilots and telecom signal defined as",
O_ISAC_042,2024,Fiber,Unknown,Δz,0.5,m,DZ,text,High-efficiency ISAC to enable sub-meter level vibration sensing for coherent fiber networks > 1. Introduction > 3. Experimental results,45,61,Fiber spatial granularity/gauge length is reported.,![](_page_2_Figure_5.jpeg) Fig. 3. (a) Demodulated waterfall plot and (b) phase variation along the fiber at *ST PR* = 8*dB*; (c) the BER perormance of telecom,
O_ISAC_042,2024,Fiber,Unknown,Δz,0.5,m,DZ,text,High-efficiency ISAC to enable sub-meter level vibration sensing for coherent fiber networks > 1. Introduction > 3. Experimental results,46,62,Fiber spatial granularity/gauge length is reported.,![](_page_2_Figure_5.jpeg) Fig. 3. (a) Demodulated waterfall plot and (b) phase variation along the fiber at *ST PR* = 8*dB*; (c) the BER perormance of telecom,
O_ISAC_042,2024,Fiber,Unknown,Δz,0.5,m,DZ,text,High-efficiency ISAC to enable sub-meter level vibration sensing for coherent fiber networks > 1. Introduction > 3. Experimental results,47,63,Fiber spatial granularity/gauge length is reported.,Fig. 3. (a) Demodulated waterfall plot and (b) phase variation along the fiber at *ST PR* = 8*dB*; (c) the BER perormance of telecom payloads,
O_ISAC_042,2024,Fiber,Unknown,Δz,0.5,m,DZ,text,High-efficiency ISAC to enable sub-meter level vibration sensing for coherent fiber networks > 1. Introduction > 3. Experimental results,48,64,Fiber spatial granularity/gauge length is reported.,Fig. 3. (a) Demodulated waterfall plot and (b) phase variation along the fiber at *ST PR* = 8*dB*; (c) the BER perormance of telecom payloads,
O_ISAC_042,2024,Fiber,Unknown,Δz,0.5,m,DZ,text,High-efficiency ISAC to enable sub-meter level vibration sensing for coherent fiber networks > 1. Introduction > 3. Experimental results,49,65,Fiber spatial granularity/gauge length is reported.,# 4. Conclusions We present a simple and cost-effective ISAC scheme by inserting LFM sensing probes into the training sequence part of communication data frames,
O_ISAC_042,2024,Fiber,Unknown,Δz,0.5,m,DZ,text,4. Conclusions,50,66,Fiber spatial granularity/gauge length is reported.,# 4. Conclusions We present a simple and cost-effective ISAC scheme by inserting LFM sensing probes into the training sequence part of communication data frames,
O_ISAC_042,2024,Fiber,Unknown,Δz,0.5,m,DZ,text,4. Conclusions,51,67,Fiber spatial granularity/gauge length is reported.,We present a simple and cost-effective ISAC scheme by inserting LFM sensing probes into the training sequence part of communication data frames and sensing and,
O_ISAC_042,2024,Fiber,Unknown,Δz,0.5,m,DZ,text,4. Conclusions,52,67,Fiber spatial granularity/gauge length is reported.,We present a simple and cost-effective ISAC scheme by inserting LFM sensing probes into the training sequence part of communication data frames and sensing and,
O_ISAC_043,2023,Hybrid,Indoor,R,15000000000.0,bps,OTHER,text,Photonic-based W-band Flexible TFDM Integrated Sensing and Communication System for Fiber-wireless Network > 1. Introduction,19,19,Data rate/throughput is reported.,"In this paper, we proposed and experimentally demonstrated a W-band flexible time-frequency-division multiplexed (TFDM) photonic-based ISAC system for the fiber-wireless integrated network. In this system,",
O_ISAC_043,2023,Hybrid,Indoor,Δr_min,c/2B,m,DRMIN,eq,Photonic-based W-band Flexible TFDM Integrated Sensing and Communication System for Fiber-wireless Network > 2. Principles,21,31,Resolution is defined via c/(2B).,"### 2. Principles ![](_page_0_Figure_13.jpeg) Fig. 1. (a) concept of photonic-based ISAC networks, (b) principle of de-chirp, (c) concept of flexible waveforms As shown in Fig.",
O_ISAC_043,2023,Hybrid,Indoor,Δr_min,c/2B,m,DRMIN,eq,Photonic-based W-band Flexible TFDM Integrated Sensing and Communication System for Fiber-wireless Network > 2. Principles,22,32,Resolution is defined via c/(2B).,"![](_page_0_Figure_13.jpeg) Fig. 1. (a) concept of photonic-based ISAC networks, (b) principle of de-chirp, (c) concept of flexible waveforms As shown in Fig. 1(a), in different",
O_ISAC_043,2023,Hybrid,Indoor,Δr_min,c/2B,m,DRMIN,eq,Photonic-based W-band Flexible TFDM Integrated Sensing and Communication System for Fiber-wireless Network > 2. Principles,23,33,Resolution is defined via c/(2B).,"![](_page_0_Figure_13.jpeg) Fig. 1. (a) concept of photonic-based ISAC networks, (b) principle of de-chirp, (c) concept of flexible waveforms As shown in Fig. 1(a), in different",
O_ISAC_043,2023,Hybrid,Indoor,Δr_min,c/2B,m,DRMIN,eq,Photonic-based W-band Flexible TFDM Integrated Sensing and Communication System for Fiber-wireless Network > 2. Principles,24,34,Resolution is defined via c/(2B).,"Fig. 1. (a) concept of photonic-based ISAC networks, (b) principle of de-chirp, (c) concept of flexible waveforms As shown in Fig. 1(a), in different application",
O_ISAC_043,2023,Hybrid,Indoor,Δr_min,c/2B,m,DRMIN,eq,Photonic-based W-band Flexible TFDM Integrated Sensing and Communication System for Fiber-wireless Network > 2. Principles,25,35,Resolution is defined via c/(2B).,"Fig. 1. (a) concept of photonic-based ISAC networks, (b) principle of de-chirp, (c) concept of flexible waveforms As shown in Fig. 1(a), in different application",
O_ISAC_043,2023,Hybrid,Indoor,Δr_min,c/2B,m,DRMIN,eq,Photonic-based W-band Flexible TFDM Integrated Sensing and Communication System for Fiber-wireless Network > 2. Principles,26,36,Resolution is defined via c/(2B).,"As shown in Fig. 1(a), in different application scenarios, there are different requirements for communication and sensing. In the central office (CO), the flexible TFDM",
O_ISAC_043,2023,Hybrid,Indoor,Δr_min,c/2B,m,DRMIN,eq,Photonic-based W-band Flexible TFDM Integrated Sensing and Communication System for Fiber-wireless Network > 2. Principles,27,37,Resolution is defined via c/(2B).,"As shown in Fig. 1(a), in different application scenarios, there are different requirements for communication and sensing. In the central office (CO), the flexible TFDM",
O_ISAC_043,2023,Hybrid,Indoor,Δr_min,c/2B,m,DRMIN,eq,Photonic-based W-band Flexible TFDM Integrated Sensing and Communication System for Fiber-wireless Network > 2. Principles,28,38,Resolution is defined via c/(2B).,signals are generated and transmitted to the base station (BS) and other remote radio units (RRUs) with ISAC functions through the optical fiber. The optical-to-electrical,
O_ISAC_043,2023,Hybrid,Indoor,Δr_min,c/2B,m,DRMIN,eq,Photonic-based W-band Flexible TFDM Integrated Sensing and Communication System for Fiber-wireless Network > 2. Principles,29,39,Resolution is defined via c/(2B).,signals are generated and transmitted to the base station (BS) and other remote radio units (RRUs) with ISAC functions through the optical fiber. The optical-to-electrical,
O_ISAC_043,2023,Hybrid,Indoor,Δr_min,c/2B,m,DRMIN,eq,Photonic-based W-band Flexible TFDM Integrated Sensing and Communication System for Fiber-wireless Network > 2. Principles,30,40,Resolution is defined via c/(2B).,"The range resolution can be expressed as $\delta_r = c/2B_r$ , where c is the velocity of light, and $B_r$ is the bandwidth of LFM.",
O_ISAC_043,2023,Hybrid,Indoor,Δr_min,c/2B,m,DRMIN,eq,Photonic-based W-band Flexible TFDM Integrated Sensing and Communication System for Fiber-wireless Network > 2. Principles,31,41,Resolution is defined via c/(2B).,"The range resolution can be expressed as $\delta_r = c/2B_r$ , where c is the velocity of light, and $B_r$ is the bandwidth of LFM.",
O_ISAC_043,2023,Hybrid,Indoor,B,2000000000.0,Hz,OTHER,figure,Photonic-based W-band Flexible TFDM Integrated Sensing and Communication System for Fiber-wireless Network > 3. Experiment and Discussions,41,41,Bandwidth is reported.,"The experiment setup and the offline DSP are shown in Fig. 2. In the CO, the LFM and SCM 32-quadrature amplitude modulation (QAM) signals with",
O_ISAC_043,2023,Hybrid,Indoor,R,15000000000.0,bps,OTHER,text,Photonic-based W-band Flexible TFDM Integrated Sensing and Communication System for Fiber-wireless Network > 3. Experiment and Discussions > 4. Conclusion,61,61,Data rate/throughput is reported.,We proposed and experimentally demonstrated a W-band flexible TFDM photonic-based ISAC system for the fiber-wireless integrated network. The LFM and SCM signal can be flexibly,
O_ISAC_044,2024,Hybrid,Indoor,R,60000000000.0,bps,OTHER,text,Photonic-Based W-Band Integrated Sensing and Communication System With Flexible Time-Frequency Division Multiplexed Waveforms for Fiber-Wireless Network,23,23,Data rate/throughput is reported.,"designed integrated waveforms for time-frequency-division multiplexing (TFDM), allowing for flexible tradeoffs between data rate, range resolution, and detection distance according to the requirements of application",
O_ISAC_044,2024,Hybrid,Indoor,R,15000000000.0,bps,OTHER,text,Photonic-Based W-Band Integrated Sensing and Communication System With Flexible Time-Frequency Division Multiplexed Waveforms for Fiber-Wireless Network > I. INTRODUCTION,41,41,Data rate/throughput is reported.,"We conducted a comprehensive analysis of the key factors influencing system performance. Firstly, we examined the delay caused by link length mismatch and its impact",
O_ISAC_044,2024,Hybrid,Indoor,Δr_min,c/2B,m,DRMIN,eq,II. CLASSIFICATION AND ANALYSIS OF PHOTONIC-BASED MMW ISAC SYSTEMS > A. Flexible TFDM ISAC Waveforms Design,119,129,Resolution is defined via c/(2B).,"$$x_{com}(t) = \begin{cases} Y_{FDM}(t), 0 < t \le T_{LFM} \\ Y_{TDM}(t), T_{LFM} < t \le T_s \end{cases}$$ (5) where $Y_{FDM}(t)$ denotes the SCM signal in",
O_ISAC_044,2024,Hybrid,Indoor,Δr_min,c/2B,m,DRMIN,eq,II. CLASSIFICATION AND ANALYSIS OF PHOTONIC-BASED MMW ISAC SYSTEMS > A. Flexible TFDM ISAC Waveforms Design,120,130,Resolution is defined via c/(2B).,"$$x_{com}(t) = \begin{cases} Y_{FDM}(t), 0 < t \le T_{LFM} \\ Y_{TDM}(t), T_{LFM} < t \le T_s \end{cases}$$ (5) where $Y_{FDM}(t)$ denotes the SCM signal in",
O_ISAC_044,2024,Hybrid,Indoor,Δr_min,c/2B,m,DRMIN,eq,II. CLASSIFICATION AND ANALYSIS OF PHOTONIC-BASED MMW ISAC SYSTEMS > A. Flexible TFDM ISAC Waveforms Design,121,131,Resolution is defined via c/(2B).,(5) where $Y_{FDM}(t)$ denotes the SCM signal in the form of FDM with a bandwidth of $B_c$ ; while $Y_{TDM}(t)$ denotes the SCM signal <span,
O_ISAC_044,2024,Hybrid,Indoor,Δr_min,c/2B,m,DRMIN,eq,II. CLASSIFICATION AND ANALYSIS OF PHOTONIC-BASED MMW ISAC SYSTEMS > A. Flexible TFDM ISAC Waveforms Design,122,132,Resolution is defined via c/(2B).,"where $Y_{FDM}(t)$ denotes the SCM signal in the form of FDM with a bandwidth of $B_c$ ; while $Y_{TDM}(t)$ denotes the SCM signal <span id=""page-4-0""></span>in",
O_ISAC_044,2024,Hybrid,Indoor,Δr_min,c/2B,m,DRMIN,eq,II. CLASSIFICATION AND ANALYSIS OF PHOTONIC-BASED MMW ISAC SYSTEMS > A. Flexible TFDM ISAC Waveforms Design,123,133,Resolution is defined via c/(2B).,"where $Y_{FDM}(t)$ denotes the SCM signal in the form of FDM with a bandwidth of $B_c$ ; while $Y_{TDM}(t)$ denotes the SCM signal <span id=""page-4-0""></span>in",
O_ISAC_044,2024,Hybrid,Indoor,Δr_min,c/2B,m,DRMIN,eq,II. CLASSIFICATION AND ANALYSIS OF PHOTONIC-BASED MMW ISAC SYSTEMS > A. Flexible TFDM ISAC Waveforms Design,124,134,Resolution is defined via c/(2B).,"<span id=""page-4-0""></span>in the form of TDM which can use the full signal bandwidth $B_s$ , where $B_s = B_r + B_c + f_{GAP}$ ; $T_s$",
O_ISAC_044,2024,Hybrid,Indoor,Δr_min,c/2B,m,DRMIN,eq,II. CLASSIFICATION AND ANALYSIS OF PHOTONIC-BASED MMW ISAC SYSTEMS > A. Flexible TFDM ISAC Waveforms Design,125,135,Resolution is defined via c/(2B).,"<span id=""page-4-0""></span>in the form of TDM which can use the full signal bandwidth $B_s$ , where $B_s = B_r + B_c + f_{GAP}$ ; $T_s$",
O_ISAC_044,2024,Hybrid,Indoor,Δr_min,c/2B,m,DRMIN,eq,II. CLASSIFICATION AND ANALYSIS OF PHOTONIC-BASED MMW ISAC SYSTEMS > A. Flexible TFDM ISAC Waveforms Design,126,136,Resolution is defined via c/(2B).,"The range resolution and data information rate (DIR) are closely related to the bandwidth of the LFM and SCM signals, respectively. Their relationship can be",
O_ISAC_044,2024,Hybrid,Indoor,Δr_min,c/2B,m,DRMIN,eq,II. CLASSIFICATION AND ANALYSIS OF PHOTONIC-BASED MMW ISAC SYSTEMS > A. Flexible TFDM ISAC Waveforms Design,127,137,Resolution is defined via c/(2B).,"The range resolution and data information rate (DIR) are closely related to the bandwidth of the LFM and SCM signals, respectively. Their relationship can be",
O_ISAC_044,2024,Hybrid,Indoor,Δr_min,c/2B,m,DRMIN,eq,II. CLASSIFICATION AND ANALYSIS OF PHOTONIC-BASED MMW ISAC SYSTEMS > A. Flexible TFDM ISAC Waveforms Design,128,138,Resolution is defined via c/(2B).,$$\delta_r = c/2B_r \tag{6}$$ $$DIR = B_c \log_2(1 + SNR) \tag{7}$$ where *c* denotes the velocity of light and *SNR* denotes the signal-to-noise rate (SNR),
O_ISAC_044,2024,Hybrid,Indoor,Δr_min,c/2B,m,DRMIN,eq,II. CLASSIFICATION AND ANALYSIS OF PHOTONIC-BASED MMW ISAC SYSTEMS > A. Flexible TFDM ISAC Waveforms Design,129,139,Resolution is defined via c/(2B).,$$\delta_r = c/2B_r \tag{6}$$ $$DIR = B_c \log_2(1 + SNR) \tag{7}$$ where *c* denotes the velocity of light and *SNR* denotes the signal-to-noise rate (SNR),
O_ISAC_044,2024,Hybrid,Indoor,B,12000000000.0,Hz,OTHER,figure,II. CLASSIFICATION AND ANALYSIS OF PHOTONIC-BASED MMW ISAC SYSTEMS > B. Photonic-Based W-Band ISAC System for Fiber-Wireless Network > C. The Influence of System Delay on Ranging,273,273,Bandwidth is reported.,"To verify this conclusion, we conducted simulations using the commercially available optical system simulation platform, VPItransmissionMaker (VPI), with a setup identical to the experiment shown",
O_ISAC_044,2024,Hybrid,Indoor,B,2000000000.0,Hz,OTHER,figure,II. CLASSIFICATION AND ANALYSIS OF PHOTONIC-BASED MMW ISAC SYSTEMS > IV. EXPERIMENTAL SETUP,318,318,Bandwidth is reported.,"As a proof-of-concept, we set up an experiment of the photonics-based flexible W-band ISAC system with adaptive TFDM waveforms for the fiber-wireless network, as shown",
O_ISAC_044,2024,Hybrid,Indoor,B,100000.0,Hz,OTHER,figure,II. CLASSIFICATION AND ANALYSIS OF PHOTONIC-BASED MMW ISAC SYSTEMS > IV. EXPERIMENTAL SETUP,328,328,Bandwidth is reported.,"used the full 12-GHz bandwidth. The duration of each time cell was 68.27 ns and the total duration of the signal was 204.8 ns. Finally,",
O_ISAC_044,2024,Hybrid,Indoor,B,3000000000.0,Hz,OTHER,figure,II. CLASSIFICATION AND ANALYSIS OF PHOTONIC-BASED MMW ISAC SYSTEMS > V. RESULTS > *B. Performance of Flexible TFDM Waveforms*,358,358,Bandwidth is reported.,"For the communication aspect, the measured BER and constellations under different cases are presented in Fig. [10\(a\).](#page-11-0) It is evident that the BERs for cases",
O_ISAC_044,2024,Hybrid,Indoor,R,15000000000.0,bps,OTHER,text,VI. CONCLUSION,437,437,Data rate/throughput is reported.,"In summary, we proposed and experimentally demonstrated a W-band flexible TFDM photonic-based ISAC system for the fiber-wireless integrated network. Our approach enabled flexible combinations of",
O_ISAC_046,2024,Fiber,Unknown,B,100.0,Hz,OTHER,figure,Co-wavelength-channel Integration of Ultra-lowfrequency Distributed Acoustic Sensing and High-Capacity Communication > II. EXPERIMENTAL SETUP,24,24,Bandwidth is reported.,The proof-of-concept experimental setup is shown in Fig.1(a). A continuous-wave (CW) laser with a linewidth of 100 Hz and a central wave-length of 1550.12 nm,
O_ISAC_046,2024,Fiber,Unknown,Δz,20.0,m,DZ,text,Co-wavelength-channel Integration of Ultra-lowfrequency Distributed Acoustic Sensing and High-Capacity Communication > II. EXPERIMENTAL SETUP,26,42,Fiber spatial granularity/gauge length is reported.,**TABLE I.** Recent progress for ISAC in an optical fiber | Ref. | Multiplexing solution | Capacity (Tb/s) | Reach (km) | Vibration detection frequency,
O_ISAC_046,2024,Fiber,Unknown,Δz,20.0,m,DZ,text,Co-wavelength-channel Integration of Ultra-lowfrequency Distributed Acoustic Sensing and High-Capacity Communication > II. EXPERIMENTAL SETUP,27,43,Fiber spatial granularity/gauge length is reported.,| Ref. | Multiplexing solution | Capacity (Tb/s) | Reach (km) | Vibration detection frequency (Hz) | |-----------|-----------------------|-----------------|------------|------------------------------------| | [5] | SDM | 200.88 |,
O_ISAC_046,2024,Fiber,Unknown,Δz,20.0,m,DZ,text,Co-wavelength-channel Integration of Ultra-lowfrequency Distributed Acoustic Sensing and High-Capacity Communication > II. EXPERIMENTAL SETUP,28,44,Fiber spatial granularity/gauge length is reported.,| Ref. | Multiplexing solution | Capacity (Tb/s) | Reach (km) | Vibration detection frequency (Hz) | |-----------|-----------------------|-----------------|------------|------------------------------------| | [5] | SDM | 200.88 |,
O_ISAC_046,2024,Fiber,Unknown,Δz,20.0,m,DZ,text,Co-wavelength-channel Integration of Ultra-lowfrequency Distributed Acoustic Sensing and High-Capacity Communication > II. EXPERIMENTAL SETUP,29,45,Fiber spatial granularity/gauge length is reported.,|-----------|-----------------------|-----------------|------------|------------------------------------| | [5] | SDM | 200.88 | 16.5 | / | | [7] | Co-frequency-band | 0.056 | 24.5 | 800 | | [8],
O_ISAC_046,2024,Fiber,Unknown,Δz,20.0,m,DZ,text,Co-wavelength-channel Integration of Ultra-lowfrequency Distributed Acoustic Sensing and High-Capacity Communication > II. EXPERIMENTAL SETUP,30,46,Fiber spatial granularity/gauge length is reported.,| [5] | SDM | 200.88 | 16.5 | / | | [7] | Co-frequency-band | 0.056 | 24.5 | 800 | | [8] |,
O_ISAC_046,2024,Fiber,Unknown,Δz,20.0,m,DZ,text,Co-wavelength-channel Integration of Ultra-lowfrequency Distributed Acoustic Sensing and High-Capacity Communication > II. EXPERIMENTAL SETUP,31,47,Fiber spatial granularity/gauge length is reported.,| [7] | Co-frequency-band | 0.056 | 24.5 | 800 | | [8] | MDM | 0.0042 | 1 | 500 | | [9] |,
O_ISAC_046,2024,Fiber,Unknown,Δz,20.0,m,DZ,text,Co-wavelength-channel Integration of Ultra-lowfrequency Distributed Acoustic Sensing and High-Capacity Communication > II. EXPERIMENTAL SETUP,32,48,Fiber spatial granularity/gauge length is reported.,| [8] | MDM | 0.0042 | 1 | 500 | | [9] | WDM | 10 | 1007 | 16 | | [10] |,
O_ISAC_046,2024,Fiber,Unknown,Δz,20.0,m,DZ,text,Co-wavelength-channel Integration of Ultra-lowfrequency Distributed Acoustic Sensing and High-Capacity Communication > II. EXPERIMENTAL SETUP,33,49,Fiber spatial granularity/gauge length is reported.,| [9] | WDM | 10 | 1007 | 16 | | [10] | WDM | 36.8 | 110 | / | | [11] |,
O_ISAC_046,2024,Fiber,Unknown,Δz,20.0,m,DZ,text,Co-wavelength-channel Integration of Ultra-lowfrequency Distributed Acoustic Sensing and High-Capacity Communication > II. EXPERIMENTAL SETUP,34,50,Fiber spatial granularity/gauge length is reported.,| [10] | WDM | 36.8 | 110 | / | | [11] | Co-wavelength-channel | 0.2 | 10 | 500 | | This work,
O_ISAC_046,2024,Fiber,Unknown,Δz,20.0,m,DZ,text,Co-wavelength-channel Integration of Ultra-lowfrequency Distributed Acoustic Sensing and High-Capacity Communication > II. EXPERIMENTAL SETUP,35,51,Fiber spatial granularity/gauge length is reported.,| [11] | Co-wavelength-channel | 0.2 | 10 | 500 | | This work | Co-wavelength-channel | 241.85 | 38 | 0.1 | subcarriers is,
O_ISAC_046,2024,Fiber,Unknown,Δz,20.0,m,DZ,text,Co-wavelength-channel Integration of Ultra-lowfrequency Distributed Acoustic Sensing and High-Capacity Communication > II. EXPERIMENTAL SETUP,36,52,Fiber spatial granularity/gauge length is reported.,| This work | Co-wavelength-channel | 241.85 | 38 | 0.1 | subcarriers is first generated offline with a root-raised cosine (RRC) roll-off factor of,
O_ISAC_046,2024,Fiber,Unknown,Δz,20.0,m,DZ,text,Co-wavelength-channel Integration of Ultra-lowfrequency Distributed Acoustic Sensing and High-Capacity Communication > II. EXPERIMENTAL SETUP,37,53,Fiber spatial granularity/gauge length is reported.,"subcarriers is first generated offline with a root-raised cosine (RRC) roll-off factor of 0.01, and then the DSM signal is loaded into the arbitrary waveform",
O_ISAC_046,2024,Fiber,Unknown,Δz,20.0,m,DZ,text,Co-wavelength-channel Integration of Ultra-lowfrequency Distributed Acoustic Sensing and High-Capacity Communication > II. EXPERIMENTAL SETUP,38,54,Fiber spatial granularity/gauge length is reported.,"subcarriers is first generated offline with a root-raised cosine (RRC) roll-off factor of 0.01, and then the DSM signal is loaded into the arbitrary waveform",
O_ISAC_046,2024,Fiber,Unknown,Δz,20.0,m,DZ,text,Co-wavelength-channel Integration of Ultra-lowfrequency Distributed Acoustic Sensing and High-Capacity Communication > II. EXPERIMENTAL SETUP,39,55,Fiber spatial granularity/gauge length is reported.,"To fully leverage the optical spectrum resource for the transmission capacity enhancement, the other 95 WDM channels from 1527.60 nm to 1565.50 nm with a",
O_ISAC_046,2024,Fiber,Unknown,Δz,20.0,m,DZ,text,Co-wavelength-channel Integration of Ultra-lowfrequency Distributed Acoustic Sensing and High-Capacity Communication > II. EXPERIMENTAL SETUP,40,56,Fiber spatial granularity/gauge length is reported.,"To fully leverage the optical spectrum resource for the transmission capacity enhancement, the other 95 WDM channels from 1527.60 nm to 1565.50 nm with a",
O_ISAC_046,2024,Fiber,Unknown,Δz,20.0,m,DZ,text,Co-wavelength-channel Integration of Ultra-lowfrequency Distributed Acoustic Sensing and High-Capacity Communication > II. EXPERIMENTAL SETUP,41,57,Fiber spatial granularity/gauge length is reported.,"After 38-km seven-core-fibre transmission and space division demultiplexing, a piezoelectric transducer (PZT) is applied to generate an ultra-low-frequency acoustic wave. At the communication receiver (Rx),",
O_ISAC_046,2024,Fiber,Unknown,Δz,20.0,m,DZ,text,Co-wavelength-channel Integration of Ultra-lowfrequency Distributed Acoustic Sensing and High-Capacity Communication > II. EXPERIMENTAL SETUP,42,58,Fiber spatial granularity/gauge length is reported.,"After 38-km seven-core-fibre transmission and space division demultiplexing, a piezoelectric transducer (PZT) is applied to generate an ultra-low-frequency acoustic wave. At the communication receiver (Rx),",
O_ISAC_046,2024,Fiber,Unknown,B,8000000000.0,Hz,OTHER,figure,Co-wavelength-channel Integration of Ultra-lowfrequency Distributed Acoustic Sensing and High-Capacity Communication > III. RESULTS AND DISCUSSIONS,56,56,Bandwidth is reported.,We then study the interaction between the DAS and DSM signals. The relationship between the achieved Qfactor of the DSM signal and the inserted PI,
O_ISAC_047,2025,Hybrid,Indoor,R,5440000000.0,bps,OTHER,text,Zero-Padding 2D-DFT Scheme for Photonics-Assisted W-Band Fiber-Wireless ISAC System With Orthogonal Time Frequency Space Modulation,5,5,Data rate/throughput is reported.,"Abstract—In this paper, an orthogonal time frequency space (OTFS) waveform based on photonics-assisted is proposed in a W-band fiber-wireless integrated sensing and communication (ISAC) system.",
O_ISAC_047,2025,Hybrid,Indoor,R,5440000000.0,bps,OTHER,text,Zero-Padding 2D-DFT Scheme for Photonics-Assisted W-Band Fiber-Wireless ISAC System With Orthogonal Time Frequency Space Modulation > A. DSP of the Transmitter,60,60,Data rate/throughput is reported.,| Net data rate | 5.44 Gbit/s | |,
O_ISAC_047,2025,Hybrid,Indoor,B,1360000000.0,Hz,OTHER,text,Zero-Padding 2D-DFT Scheme for Photonics-Assisted W-Band Fiber-Wireless ISAC System With Orthogonal Time Frequency Space Modulation > III. OTFS-BASED PHOTONICS-ASSISTED W-BAND FIBER-WIRELESS ISAC SYSTEM,144,144,Bandwidth is reported.,"In the ISAC transmitter, the OTFS ISAC signal generated by a software-defined DSP routine (Tx DSP) is digital-to-analog converted by an arbitrary waveform generator (AWG)",
O_ISAC_047,2025,Hybrid,Indoor,R,5440000000.0,bps,OTHER,text,*B. Radar Sensing Performance*,211,211,Data rate/throughput is reported.,"a theoretical ranging resolution of 1.58 cm, which is better than that of other photonics-assisted ISAC systems. Meanwhile, the bandwidth of the OTFS ISAC signal",
O_ISAC_047,2025,Hybrid,Indoor,B,1360000000.0,Hz,OTHER,text,*B. Radar Sensing Performance*,211,211,Bandwidth is reported.,"a theoretical ranging resolution of 1.58 cm, which is better than that of other photonics-assisted ISAC systems. Meanwhile, the bandwidth of the OTFS ISAC signal",
O_ISAC_047,2025,Hybrid,Indoor,R,5440000000.0,bps,OTHER,text,*B. Radar Sensing Performance* > V. CONCLUSION,215,215,Data rate/throughput is reported.,"In this paper, by using the optical heterodyne technique, a photonics-assisted W-band fiber-wireless ISAC system based on a single OTFS waveform is proposed and experimentally",
O_ISAC_048,2023,FSO,Outdoor,CRB,6,m,OTHER,text,Power Allocation for OFDM-Based Free Space Optical Integrated Sensing and Communication,9,9,CRB/FIM is referenced.,*Abstract*—Integrated sensing and communication (ISAC) is one of the six usage scenarios of the sixth generation (6G) mobile communication system. Since an optical system can,
O_ISAC_048,2023,FSO,Outdoor,CRB,13,m,OTHER,text,I. INTRODUCTION,19,19,CRB/FIM is referenced.,"Among widely utilized multi-carrier schemes, orthogonal frequency division multiplexing (OFDM) has gained popularity in RF-ISAC systems due to its time-frequency interpretation. To overcome the limitations",
O_ISAC_048,2023,FSO,Outdoor,CRB,,,OTHER,text,I. INTRODUCTION > A. Communication Subsystem > B. Sensing Subsystem,91,91,CRB/FIM is referenced.,"With appropriate interpolation schemes, the precision of MLE approaches CRB asymptotically. Since CRB is inversely proportional to the Fisher information, which is proportional to the",
O_ISAC_048,2023,FSO,Outdoor,CRB,14,m,OTHER,text,I. INTRODUCTION > C. Clipping Noise Statistics > III. OPTIMAL POWER ALLOCATION FOR DCO-OFDM,124,124,CRB/FIM is referenced.,"As indicated by (14a) and (14b), the normalized SNRs depend on the power allocation for DC bias and each subcarrier, which further affects the spectral",
O_ISAC_048,2023,FSO,Outdoor,CRB,,,OTHER,text,I. INTRODUCTION > C. Clipping Noise Statistics > B. Power Allocation for Subcarriers,193,193,CRB/FIM is referenced.,where the threshold for the Fisher information is given by,
O_ISAC_048,2023,FSO,Outdoor,CRB,2,m,OTHER,text,I. INTRODUCTION > C. Clipping Noise Statistics > B. Power Allocation for Subcarriers,224,224,CRB/FIM is referenced.,"2) Case B: The optimal Fisher information is considered, which requires more power allocated to subcarriers with the highest frequency. In this case, index k",
O_ISAC_050,,VLC,Indoor,CRB,9,m,OTHER,eq,A. Simulation Settings,537,537,CRB/FIM is referenced.,"<span id=""page-9-5""></span>Moreover, we adopt the Cramer-Rao lower bound (CRLB) in [70] as a performance benchmark of our method, where TOA feature is adopted for VLP,",
O_ISAC_050,,VLC,Indoor,sigma_r,0.01,m,OTHER,text,B. Simulation Results,541,541,Estimator accuracy/RMSE is reported.,"1) Overall SPAO Performance: UD location and orientation estimate errors of various SPAO methods are shown in Figs. 6 and 7, respectively. It is shown",
O_ISAC_050,,VLC,Indoor,CRB,13,m,OTHER,eq,"<span id=""page-11-6""></span>APPENDIX C PROOF OF THEOREM 3 > REFERENCES",709,709,CRB/FIM is referenced.,"- <span id=""page-13-8""></span>[\[39\]](#page-1-4) A. T. Ihler, J. W. Fisher, R. L. Moses, and A. S. Willsky, ""Nonparametric belief propagation for self-localization of sensor networks,"" *IEEE",
O_ISAC_051,2023,Hybrid,Indoor,R,1000000000.0,bps,OTHER,text,Remote Phase-Shift LiDAR With Communication > I. INTRODUCTION,29,29,Data rate/throughput is reported.,"RMCW LiDAR is suggested to enhance the detection sensitivity for simultaneously ranging and velocimetry [20], [21], [22]. However, the distance resolution obtained from RMCW LiDAR",
O_ISAC_051,2023,Hybrid,Indoor,B,1200000000.0,Hz,OTHER,text,II. MODEL OF PHASE-SHIFT LASER RANGING WITH COMMUNICATION > IV. EXPERIMENTAL RESULTS AND DISCUSSION,288,288,Bandwidth is reported.,"memory (RAM) mode of the AD9910. The output DPSK signal amplified by microwave amplifier (MA) is split into two routes, one to the RF input",
O_ISAC_051,2023,Hybrid,Indoor,B,10000000.0,Hz,OTHER,eq,II. MODEL OF PHASE-SHIFT LASER RANGING WITH COMMUNICATION > *A. Ranging* > C. Discussion,340,340,Bandwidth is reported.,"In the PLRC system, the unambiguous range is dependent on the period of the PRN code, and the distance resolution is a function of the",
O_ISAC_051,2023,Hybrid,Indoor,R,10000000.0,bps,OTHER,text,II. MODEL OF PHASE-SHIFT LASER RANGING WITH COMMUNICATION > *A. Ranging* > V. CONCLUSION,360,360,Data rate/throughput is reported.,"In conclusion, a PRN-encoded RF subcarrier LiDAR architecture with the communication system is proposed for ISAC. To avoid range ambiguity and carry communication information in",
O_ISAC_052,2024,Hybrid,Indoor,CRB,12,m,OTHER,text,I. INTRODUCTION > A. Communication Receiver > B. Sensing Receiver,133,133,CRB/FIM is referenced.,"As the explicit expression for the variance of distance estimation is hard to acquire, the Cramèr-Rao Bound (CRB) is derived as the lower bound for",
O_ISAC_052,2024,Hybrid,Indoor,CRB,0,m,OTHER,text,I. INTRODUCTION > IV. ADAPTIVE RESOURCE ALLOCATION,177,177,CRB/FIM is referenced.,where $C_0$ and $I_0$ are reference values to normalize the dimensions of the spectral efficiency and the Fisher information. Constraints (20b) and (20c) restrict optical,
O_ISAC_052,2024,Hybrid,Indoor,B,204800000.0,Hz,OTHER,text,I. INTRODUCTION > IV. ADAPTIVE RESOURCE ALLOCATION > B. Subcarrier Power Allocation,259,259,Bandwidth is reported.,| Total bandwidth | B | 204.8 MHz |,
O_ISAC_052,2024,Hybrid,Indoor,R,14.0,bps,OTHER,text,I. INTRODUCTION > IV. ADAPTIVE RESOURCE ALLOCATION > B. Subcarrier Power Allocation,264,264,Data rate/throughput is reported.,| Reference spectral efficiency | $C_0$ | 14 bps/Hz |,
O_ISAC_052,2024,Hybrid,Indoor,CRB,0,m,OTHER,text,I. INTRODUCTION > IV. ADAPTIVE RESOURCE ALLOCATION > B. Subcarrier Power Allocation,265,265,CRB/FIM is referenced.,| Reference Fisher information | $I_0$ | $5.63 \times 10^7 \text{ s}^{-2}$ |,
O_ISAC_052,2024,Hybrid,Indoor,CRB,2,m,OTHER,figure,I. INTRODUCTION > V. NUMERICAL SIMULATIONS,308,308,CRB/FIM is referenced.,which is illustrated in Fig. 2 with respect to (w.r.t.) different weight factors. While a sensing-centric system ( $\rho=0.00$ ) allocates power to as high,
O_ISAC_055,2023,FSO,Outdoor,CRB,,,OTHER,text,II. SYSTEM MODEL > III. PERFORMANCE METRICS AND OPTIMIZATION,96,96,CRB/FIM is referenced.,"In this section, the achievable data rate, the bit error rate (BER) for communication, and the Cramér-Rao Bound (CRB) for sensing are derived theoretically. Moreover,",
O_ISAC_055,2023,FSO,Outdoor,CRB,,,OTHER,text,C. CRB for Sensing,142,142,CRB/FIM is referenced.,# C. CRB for Sensing,
O_ISAC_055,2023,FSO,Outdoor,CRB,2,m,OTHER,eq,C. CRB for Sensing,144,144,CRB/FIM is referenced.,"<span id=""page-2-3""></span>Optical sensing is desired to achieve a high-precision estimation of the target distance, and the CRB is a crucial performance metric. The CRB gives",
O_ISAC_055,2023,FSO,Outdoor,CRB,2,m,OTHER,eq,C. CRB for Sensing,149,149,CRB/FIM is referenced.,"<span id=""page-2-2""></span>where the Fisher information is defined as",
O_ISAC_055,2023,FSO,Outdoor,CRB,2,m,OTHER,figure,"C. CRB for Sensing > <span id=""page-3-2""></span>Algorithm 1 Elliptical Search Algorithm. > D. Optimal Parameter Setup",161,161,CRB/FIM is referenced.,"The performance trade-off between communication and sensing functionalities is concentrated on h and $\mu$ . As illustrated in Fig. 2, the minimum Euclidean distance $d_{\min}$",
O_ISAC_055,2023,FSO,Outdoor,B,400000000.0,Hz,OTHER,text,"C. CRB for Sensing > <span id=""page-3-2""></span>Algorithm 1 Elliptical Search Algorithm. > D. Optimal Parameter Setup",192,192,Bandwidth is reported.,| Maximum bandwidth | B | 400 MHz |,
O_ISAC_055,2023,FSO,Outdoor,CRB,4,m,OTHER,figure,"C. CRB for Sensing > <span id=""page-3-2""></span>Algorithm 1 Elliptical Search Algorithm. > IV. NUMERICAL RESULTS",226,226,CRB/FIM is referenced.,"Fig. 4 shows the root mean square error (RMSE) of sensing in the asymptotic region, where RMSE approaches CRB. The signal with h=31/8 can achieve",
O_ISAC_055,2023,FSO,Outdoor,CRB,,,OTHER,text,"C. CRB for Sensing > <span id=""page-3-2""></span>Algorithm 1 Elliptical Search Algorithm. > V. CONCLUSION",234,234,CRB/FIM is referenced.,"In this letter, an ISAC scheme based on LFM-CPM was studied to provide simultaneous communication and sensing abilities for FSO, in which the complex LFM-CPM",
O_ISAC_056,2024,Fiber,Indoor,OSNR,,dB,OTHER,text,Optical ISAC: Fundamental Performance Limits and Transceiver Design,5,5,Optical SNR (OSNR) is mentioned.,*Abstract*—This paper characterizes the optimal capacitydistortion (C-D) tradeoff in an optical point-to-point system with single-input single-output (SISO) for communication and singleinput multiple-output (SIMO) for sensing,
O_ISAC_056,2024,Fiber,Indoor,CRB,,,OTHER,text,Optical ISAC: Fundamental Performance Limits and Transceiver Design,5,5,CRB/FIM is referenced.,*Abstract*—This paper characterizes the optimal capacitydistortion (C-D) tradeoff in an optical point-to-point system with single-input single-output (SISO) for communication and singleinput multiple-output (SIMO) for sensing,
O_ISAC_056,2024,Fiber,Indoor,CRB,6,m,OTHER,text,I. INTRODUCTION,15,15,CRB/FIM is referenced.,"Previous works have focused on RF ISAC systems [6]–[11]. In [6], the optimal capacity-distortion (C-D) for single-antenna RF ISAC systems was examined, with the optimal",
O_ISAC_056,2024,Fiber,Indoor,CRB,7,m,OTHER,text,I. INTRODUCTION,17,17,CRB/FIM is referenced.,"This paper makes several key contributions: *i*) We characterize the optimal Pareto boundary of the rate-distortion (R-D) and C-D regions for O-ISAC systems, which leverages",
O_ISAC_056,2024,Fiber,Indoor,OSNR,,dB,OTHER,text,I. INTRODUCTION,23,23,Optical SNR (OSNR) is mentioned.,optimal O-ISAC input distribution for high optical signal-tonoise ratio (O-SNR).,
O_ISAC_056,2024,Fiber,Indoor,OSNR,,dB,OTHER,text,I. INTRODUCTION > II. SYSTEM MODEL > III. MAIN RESULT,84,84,Optical SNR (OSNR) is mentioned.,"In this section, we characterize the R-D region through: (i) A Time-sharing-based scheme for communication optimal (Com. Opt.) and sensing optimal (Sens. Opt.) modes, (ii)",
O_ISAC_056,2024,Fiber,Indoor,CRB,6,m,OTHER,text,I. INTRODUCTION > II. SYSTEM MODEL > III. MAIN RESULT,84,84,CRB/FIM is referenced.,"In this section, we characterize the R-D region through: (i) A Time-sharing-based scheme for communication optimal (Com. Opt.) and sensing optimal (Sens. Opt.) modes, (ii)",
O_ISAC_056,2024,Fiber,Indoor,OSNR,,dB,OTHER,eq,I. INTRODUCTION > II. SYSTEM MODEL > III. MAIN RESULT,119,119,Optical SNR (OSNR) is mentioned.,"2) Optimal R-D Region: CF for High O-SNR Regime: In high O-SNR regime (O-SNR $\triangleq \frac{\mathbb{E}[X]}{\sigma_c^2} \to \infty$ ), where $\mathcal{H}(Y_s \mid X)$ is independent",
O_ISAC_056,2024,Fiber,Indoor,OSNR,,dB,OTHER,eq,I. INTRODUCTION > II. SYSTEM MODEL > III. MAIN RESULT,136,136,Optical SNR (OSNR) is mentioned.,"3) Optimal R-D Region: BAA-Type for General Cases: To solve (9) and derive optimal C-D region, we use the BAA method [22, Section VI] for",
O_ISAC_056,2024,Fiber,Indoor,CRB,23,m,OTHER,text,I. INTRODUCTION > II. SYSTEM MODEL > III. MAIN RESULT,149,149,CRB/FIM is referenced.,"*Proof.* By the Bernstein–von Mises theorem [23] and [24, Theorem 11.3], for a large sample size $n_s$ , $P_{R_s|X,y_s}(r_s \mid x,y_s)$ is asymptotically normal with",
O_ISAC_056,2024,Fiber,Indoor,CRB,18,m,OTHER,text,I. INTRODUCTION > II. SYSTEM MODEL > III. MAIN RESULT,188,188,CRB/FIM is referenced.,"*Proof.* See [18, Appendix D] for the derivation, which uses FIM to establish a LB on variance. $\Box$",
O_ISAC_056,2024,Fiber,Indoor,OSNR,,dB,OTHER,text,I. INTRODUCTION > II. SYSTEM MODEL > III. MAIN RESULT,190,190,Optical SNR (OSNR) is mentioned.,**Lemma 7.** The $BCRB(r_s \mid x)$ is asymptotically convex in $r_s$ as either $n_s$ or O-SNR (or both) increase.,
O_ISAC_056,2024,Fiber,Indoor,OSNR,,dB,OTHER,figure,IV. NUMERICAL RESULTS,239,239,Optical SNR (OSNR) is mentioned.,"In Fig. 2, as O-SNR increases and $\lambda$ decreases from 0.5 to 0.3, MAP and MLE estimators converge, confirming the results from Lemma 5. In",
O_ISAC_056,2024,Fiber,Indoor,OSNR,,dB,OTHER,figure,IV. NUMERICAL RESULTS,241,241,Optical SNR (OSNR) is mentioned.,"Fig. 3a shows the optimized cumulative distribution function (CDF) for various modes in a multiple-antenna setting. The sensing-optimized input distribution, obtained via CVX [25], aligns",
O_ISAC_056,2024,Fiber,Indoor,OSNR,,dB,OTHER,text,IV. NUMERICAL RESULTS > CONCLUSION,247,247,Optical SNR (OSNR) is mentioned.,"In this paper, we revisited the performance of O-ISAC from a C-D perspective, developing practical MAP and MLE estimators for target distance that converge to",
O_ISAC_056,2024,Fiber,Indoor,CRB,,,OTHER,text,IV. NUMERICAL RESULTS > CONCLUSION,247,247,CRB/FIM is referenced.,"In this paper, we revisited the performance of O-ISAC from a C-D perspective, developing practical MAP and MLE estimators for target distance that converge to",
O_ISAC_056,2024,Fiber,Indoor,CRB,8,m,OTHER,text,IV. NUMERICAL RESULTS > REFERENCES,269,269,CRB/FIM is referenced.,"- [8] H. Hua, T. X. Han, and J. Xu, ""MIMO Integrated Sensing and Communication: CRB-Rate Tradeoff,"" *IEEE Trans. Wirel. Commun.*, vol. 23, no. 4,",
O_ISAC_056,2024,Fiber,Indoor,CRB,11,m,OTHER,text,IV. NUMERICAL RESULTS > REFERENCES,272,272,CRB/FIM is referenced.,"- [11] Z. Ren, Y. Peng, X. Song, Y. Fang, L. Qiu, L. Liu, D. W. K. Ng, and J. Xu, ""Fundamental CRB-Rate Tradeoff in",
O_ISAC_057,2023,Hybrid,Indoor,R,1000000000.0,bps,OTHER,text,60-GHz photonic millimeter-wave joint radarcommunication system,5,5,Data rate/throughput is reported.,Abstract-A novel 60-GHz millimeter-wave (mm-wave) joint radar-communication system using the photonic techniques is proposed and experimental demonstrated. Photonic generation and de-chirping of mm-wave ultra-wideband linearly,
O_ISAC_057,2023,Hybrid,Indoor,R,1560000000.0,bps,OTHER,text,60-GHz photonic millimeter-wave joint radarcommunication system > I. Introduction,11,11,Data rate/throughput is reported.,"On the other hand, microwave photonics with the advantages of high operation frequency, large instantaneous bandwidth, and strong immunity to electromagnetic interference have been widely",
O_ISAC_057,2023,Hybrid,Indoor,B,3000000000.0,Hz,OTHER,figure,60-GHz photonic millimeter-wave joint radarcommunication system > III. EXPERIMENTS AND RESULTS,66,66,Bandwidth is reported.,"Experiments based on setup in Fig. 1(a) are carried out to verify the feasibility of the proposed scheme. In the upper branch, an external cavity",
O_ISAC_057,2023,Hybrid,Indoor,R,1000000000.0,bps,OTHER,figure,60-GHz photonic millimeter-wave joint radarcommunication system > III. EXPERIMENTS AND RESULTS,68,68,Data rate/throughput is reported.,"a 22dB suppression ratio. Through an OC, the coupled optical signals are acquired as shown in Fig. 2(a). It is clear that the center frequency",
O_ISAC_057,2023,Hybrid,Indoor,B,60000000000.0,Hz,OTHER,figure,60-GHz photonic millimeter-wave joint radarcommunication system > III. EXPERIMENTS AND RESULTS,68,68,Bandwidth is reported.,"a 22dB suppression ratio. Through an OC, the coupled optical signals are acquired as shown in Fig. 2(a). It is clear that the center frequency",
O_ISAC_057,2023,Hybrid,Indoor,B,60000000000.0,Hz,OTHER,text,60-GHz photonic millimeter-wave joint radarcommunication system > IV. CONCLUSION,88,88,Bandwidth is reported.,"We have proposed and experimentally demonstrated a novel 60GHz photonic mm-wave joint radar and communication system. With the benefits of photonic techniques, the mm-wave radar",
O_ISAC_058,2024,Hybrid,Indoor,R,60000000000.0,bps,OTHER,text,Photonic-Based Flexible Integrated Sensing and Communication With Multiple Targets Detection Capability for *W*-Band Fiber-Wireless Network,5,5,Data rate/throughput is reported.,"Abstract—In the impending 6G era, the integration of sensing and communication (ISAC) systems in the millimeter-wave (MMW) band will assume a pivotal role across a",
O_ISAC_058,2024,Hybrid,Indoor,B,97500000000.0,Hz,OTHER,text,Photonic-Based Flexible Integrated Sensing and Communication With Multiple Targets Detection Capability for *W*-Band Fiber-Wireless Network,5,5,Bandwidth is reported.,"Abstract—In the impending 6G era, the integration of sensing and communication (ISAC) systems in the millimeter-wave (MMW) band will assume a pivotal role across a",
O_ISAC_058,2024,Hybrid,Indoor,R,60000000000.0,bps,OTHER,text,"Photonic-Based Flexible Integrated Sensing and Communication With Multiple Targets Detection Capability for *W*-Band Fiber-Wireless Network > <span id=""page-0-0""></span>I. INTRODUCTION",80,80,Data rate/throughput is reported.,This article offers an in-depth examination of the elements contributing to the emergence of false targets under similar angles of incidence in photonic-based MMW/THz ISAC,
O_ISAC_058,2024,Hybrid,Indoor,B,2000000000.0,Hz,OTHER,text,Photonic-Based Flexible Integrated Sensing and Communication With Multiple Targets Detection Capability for *W*-Band Fiber-Wireless Network > III. SIMULATION,313,313,Bandwidth is reported.,"The focus of the simulation was to investigate the generation of false targets and identify solutions. For this purpose, the transmitting waveform selected was a",
O_ISAC_058,2024,Hybrid,Indoor,B,12000000000.0,Hz,OTHER,figure,Photonic-Based Flexible Integrated Sensing and Communication With Multiple Targets Detection Capability for *W*-Band Fiber-Wireless Network > IV. EXPERIMENTAL SETUP,348,348,Bandwidth is reported.,"In order to achieve a tradeoff between communication and radar sensing, we designed four waveform cases. Among them, cases 1 and 2 can simultaneously achieve",
O_ISAC_058,2024,Hybrid,Indoor,R,60000000000.0,bps,OTHER,eq,VI. CONCLUSION,460,460,Data rate/throughput is reported.,"<span id=""page-12-0""></span>In summary, we proposed and experimentally demonstrated a *W*-band flexible photonic-based ISAC system, featuring multitarget detection for the fiber-wireless integrated network. We conducted an",
O_ISAC_061,2025,Hybrid,Outdoor,ESNR,,dB,OTHER,figure,"*A. Convergence of BCD Algorithm* > <span id=""page-11-3""></span>*C. Practical C&S Performance Metrics*",636,636,Electrical/post-detection SNR is mentioned.,"<span id=""page-12-1""></span>Fig. 11. BER for communication w.r.t. electrical SNR under different constraints on light-field SINR.",
O_ISAC_061,2025,Hybrid,Outdoor,ESNR,5,dB,OTHER,figure,"*A. Convergence of BCD Algorithm* > <span id=""page-11-3""></span>*C. Practical C&S Performance Metrics*",640,640,Electrical/post-detection SNR is mentioned.,"Fig. [11](#page-12-1) illustrates the relationship between BER and the received electrical SNR for communication, which is attained through continuously tuning the noise power σ 2",
O_ISAC_061,2025,Hybrid,Outdoor,ESNR,,dB,OTHER,figure,"*A. Convergence of BCD Algorithm* > <span id=""page-11-3""></span>*C. Practical C&S Performance Metrics*",642,642,Electrical/post-detection SNR is mentioned.,"Fig. [12](#page-12-2) displays the relationship between RMSE for imaging and electrical SNR, which is obtained through continuously tuning the noise power σ 2 s .",
O_ISAC_061,2025,Hybrid,Outdoor,ESNR,,dB,OTHER,figure,"*A. Convergence of BCD Algorithm* > <span id=""page-11-3""></span>*C. Practical C&S Performance Metrics*",646,646,Electrical/post-detection SNR is mentioned.,"<span id=""page-12-2""></span>Fig. 12. RMSE for imaging w.r.t. electrical SNR under different constraints on light-field SINR.",
O_ISAC_061,2025,Hybrid,Outdoor,CRB,14,m,OTHER,eq,*A. Convergence of BCD Algorithm* > REFERENCES,705,705,CRB/FIM is referenced.,"- <span id=""page-14-23""></span>[\[26\]](#page-1-7) H. Hua, T. X. Han, and J. Xu, ""MIMO integrated sensing and communication: CRB-rate tradeoff,"" *IEEE Trans. Wireless Commun.*, vol. 23, no.",
O_ISAC_061,2025,Hybrid,Outdoor,CRB,14,m,OTHER,eq,*A. Convergence of BCD Algorithm* > REFERENCES,711,711,CRB/FIM is referenced.,"- <span id=""page-14-29""></span>[\[32\]](#page-1-13) X. Song, X. Qin, J. Xu, and R. Zhang, ""Cramer–Rao bound minimization ´ for IRS-enabled multiuser integrated sensing and communications,"" *IEEE Trans.",
O_ISAC_062,2024,VLC,Indoor,CRB,,,OTHER,text,6-DoF Location-and-Pose Estimation Toward Integrated Visible Light Communication and Sensing: Algorithm Design and Performance Limits > IV. ASYMPTOTIC PERFORMANCE LIMITS OF VLC-ENABLED SLAP DETECTION > B. Error Bound of SLAP Detection,449,449,CRB/FIM is referenced.,"We exploit structured modules of scattering models, rendering closed-form error bounds for VLC-based SLAP detection. We first derive the joint CRLB for $\hat{\chi}$ , and",
O_ISAC_062,2024,VLC,Indoor,CRB,1,m,OTHER,text,6-DoF Location-and-Pose Estimation Toward Integrated Visible Light Communication and Sensing: Algorithm Design and Performance Limits > IV. ASYMPTOTIC PERFORMANCE LIMITS OF VLC-ENABLED SLAP DETECTION > B. Error Bound of SLAP Detection,451,451,CRB/FIM is referenced.,"Theorem 1 (SLAP Detection Error CRLB): The covariance of unbiased VLC-based 6-DoF SLAP detection error, $cov(\hat{\chi})$ , is bounded as follows,",
O_ISAC_062,2024,VLC,Indoor,CRB,1,m,OTHER,text,6-DoF Location-and-Pose Estimation Toward Integrated Visible Light Communication and Sensing: Algorithm Design and Performance Limits > IV. ASYMPTOTIC PERFORMANCE LIMITS OF VLC-ENABLED SLAP DETECTION > B. Error Bound of SLAP Detection,457,457,CRB/FIM is referenced.,"where $\mathcal{B}_{\chi}(\chi) \in \mathbb{S}^{(L+1)N_{\mathrm{R}}N_{\mathrm{L}}+6}$ is the CRLB of $\chi$ ,",
O_ISAC_062,2024,VLC,Indoor,CRB,,,OTHER,text,6-DoF Location-and-Pose Estimation Toward Integrated Visible Light Communication and Sensing: Algorithm Design and Performance Limits > IV. ASYMPTOTIC PERFORMANCE LIMITS OF VLC-ENABLED SLAP DETECTION > B. Error Bound of SLAP Detection,470,470,CRB/FIM is referenced.,"The above CRLB $\mathcal{B}_{\chi}(\chi)$ quantifies joint performance of all unknown parameters in VLC-based SLAP detection. Based on this, we reveal the individual CRLB on the",
O_ISAC_062,2024,VLC,Indoor,CRB,1,m,OTHER,text,6-DoF Location-and-Pose Estimation Toward Integrated Visible Light Communication and Sensing: Algorithm Design and Performance Limits > IV. ASYMPTOTIC PERFORMANCE LIMITS OF VLC-ENABLED SLAP DETECTION > B. Error Bound of SLAP Detection,472,472,CRB/FIM is referenced.,Corollary 1 (Localization CRLB): The UD localization error $cov(\hat{\mathbf{x}}_R)$ of VLC-based SLAP detection is bounded as,
O_ISAC_062,2024,VLC,Indoor,CRB,3,m,OTHER,text,6-DoF Location-and-Pose Estimation Toward Integrated Visible Light Communication and Sensing: Algorithm Design and Performance Limits > IV. ASYMPTOTIC PERFORMANCE LIMITS OF VLC-ENABLED SLAP DETECTION > B. Error Bound of SLAP Detection,478,478,CRB/FIM is referenced.,"where $\mathcal{B}_{\mathbf{x}_{\mathrm{R}}}(\chi) \in \mathbb{S}^3$ is the UD location CRLB, given by",
O_ISAC_062,2024,VLC,Indoor,CRB,2,m,OTHER,text,6-DoF Location-and-Pose Estimation Toward Integrated Visible Light Communication and Sensing: Algorithm Design and Performance Limits > IV. ASYMPTOTIC PERFORMANCE LIMITS OF VLC-ENABLED SLAP DETECTION > B. Error Bound of SLAP Detection,495,495,CRB/FIM is referenced.,"Corollary 2 (Pose Angle CRLB): The UD pose angle error $cov(\hat{\vartheta}_R)$ of VLC-based SLAP detection is bounded as follows,",
O_ISAC_062,2024,VLC,Indoor,CRB,3,m,OTHER,text,6-DoF Location-and-Pose Estimation Toward Integrated Visible Light Communication and Sensing: Algorithm Design and Performance Limits > IV. ASYMPTOTIC PERFORMANCE LIMITS OF VLC-ENABLED SLAP DETECTION > B. Error Bound of SLAP Detection,501,501,CRB/FIM is referenced.,"where $\mathcal{B}_{\vartheta_{\mathrm{R}}}(\chi) \in \mathbb{S}^3$ is the pose angle error CRLB, given by",
O_ISAC_062,2024,VLC,Indoor,CRB,3,m,OTHER,text,6-DoF Location-and-Pose Estimation Toward Integrated Visible Light Communication and Sensing: Algorithm Design and Performance Limits > IV. ASYMPTOTIC PERFORMANCE LIMITS OF VLC-ENABLED SLAP DETECTION > B. Error Bound of SLAP Detection,515,515,CRB/FIM is referenced.,"Corollary 3 (Channel Estimate CRLB): The scattering channel estimation error $cov(\hat{\mathbf{h}})$ of the proposed VLC-based SLAP detection method is bounded as follows,",
O_ISAC_062,2024,VLC,Indoor,CRB,1,m,OTHER,text,6-DoF Location-and-Pose Estimation Toward Integrated Visible Light Communication and Sensing: Algorithm Design and Performance Limits > IV. ASYMPTOTIC PERFORMANCE LIMITS OF VLC-ENABLED SLAP DETECTION > B. Error Bound of SLAP Detection,521,521,CRB/FIM is referenced.,"where $\mathcal{B}_{\mathbf{h}}(\chi) \in \mathbb{S}^{(L+1)N_{\mathrm{R}}N_{\mathrm{L}}}$ denotes the channel estimate error CRLB, which is given by",
O_ISAC_062,2024,VLC,Indoor,CRB,1,m,OTHER,text,6-DoF Location-and-Pose Estimation Toward Integrated Visible Light Communication and Sensing: Algorithm Design and Performance Limits > IV. ASYMPTOTIC PERFORMANCE LIMITS OF VLC-ENABLED SLAP DETECTION > B. Error Bound of SLAP Detection,534,534,CRB/FIM is referenced.,"We can see from Theorem 1 that SLAP detection performance is affected by SNR, bandwidth, the number of LEDs, PDs and subcarriers on each LED.",
O_ISAC_062,2024,VLC,Indoor,CRB,,,OTHER,text,6-DoF Location-and-Pose Estimation Toward Integrated Visible Light Communication and Sensing: Algorithm Design and Performance Limits > IV. ASYMPTOTIC PERFORMANCE LIMITS OF VLC-ENABLED SLAP DETECTION > C. Asymptotic CRLB over System Configuration,536,536,CRB/FIM is referenced.,#### C. Asymptotic CRLB over System Configuration,
O_ISAC_062,2024,VLC,Indoor,CRB,40,m,OTHER,eq,6-DoF Location-and-Pose Estimation Toward Integrated Visible Light Communication and Sensing: Algorithm Design and Performance Limits > IV. ASYMPTOTIC PERFORMANCE LIMITS OF VLC-ENABLED SLAP DETECTION > C. Asymptotic CRLB over System Configuration,588,588,CRB/FIM is referenced.,"*Proof:* For the location CRLB, based on (40), we know that $\mathbf{U}(\boldsymbol{\beta}_{\mathrm{R}}) \sim \Theta(B_{\mathrm{width}})$ , as $B_{\mathrm{width}} \to \infty$ , where $B_{\mathrm{width}} = 1/T_{\mathrm{s}}$ .",
O_ISAC_062,2024,VLC,Indoor,CRB,,,OTHER,text,6-DoF Location-and-Pose Estimation Toward Integrated Visible Light Communication and Sensing: Algorithm Design and Performance Limits > D. Asymptotic CRLB Over Fading Environments,594,594,CRB/FIM is referenced.,## D. Asymptotic CRLB Over Fading Environments,
O_ISAC_062,2024,VLC,Indoor,CRB,,,OTHER,text,6-DoF Location-and-Pose Estimation Toward Integrated Visible Light Communication and Sensing: Algorithm Design and Performance Limits > D. Asymptotic CRLB Over Fading Environments,596,596,CRB/FIM is referenced.,"VLC signal suffers from random fading which varies over time, and thus SLAP detection performance varies as well. We have the following corollary to establish",
O_ISAC_062,2024,VLC,Indoor,CRB,3,m,OTHER,text,6-DoF Location-and-Pose Estimation Toward Integrated Visible Light Communication and Sensing: Algorithm Design and Performance Limits > D. Asymptotic CRLB Over Fading Environments,607,607,CRB/FIM is referenced.,"where $\bar{\mathcal{B}}_{\mathbf{x}_{\mathrm{R}}}(\beta_{\mathrm{R}}; \Sigma_{\mathrm{C}})$ and $\bar{\mathcal{B}}_{\vartheta_{\mathrm{R}}}(\beta_{\mathrm{R}}; \Sigma_{\mathrm{C}}) \in \mathbb{S}^{3}$ are the long-term location CRLB and pose angle CRLB, respectively,",
O_ISAC_062,2024,VLC,Indoor,CRB,5,m,OTHER,figure,6-DoF Location-and-Pose Estimation Toward Integrated Visible Light Communication and Sensing: Algorithm Design and Performance Limits > *B. Result Analysis*,799,799,CRB/FIM is referenced.,- 5) SLAP Detection Error Over Quantity of Effective LEDs: SLAP detection performance versus the numbers of effective LEDs ( $N_{\rm L}$ ) is plotted,
O_ISAC_062,2024,VLC,Indoor,sigma_r,0.023,m,OTHER,text,6-DoF Location-and-Pose Estimation Toward Integrated Visible Light Communication and Sensing: Algorithm Design and Performance Limits > *B. Result Analysis*,800,800,Estimator accuracy/RMSE is reported.,- 6) SLAP Detection Performance Over SNR: SLAP detection performance of various methods and CRLB versus SNR is plotted in Figs. 12 and 13. It,
O_ISAC_062,2024,VLC,Indoor,CRB,6,m,OTHER,text,6-DoF Location-and-Pose Estimation Toward Integrated Visible Light Communication and Sensing: Algorithm Design and Performance Limits > *B. Result Analysis*,800,800,CRB/FIM is referenced.,- 6) SLAP Detection Performance Over SNR: SLAP detection performance of various methods and CRLB versus SNR is plotted in Figs. 12 and 13. It,
O_ISAC_062,2024,VLC,Indoor,CRB,1,m,OTHER,text,6-DoF Location-and-Pose Estimation Toward Integrated Visible Light Communication and Sensing: Algorithm Design and Performance Limits > *B. Result Analysis*,802,802,CRB/FIM is referenced.,"Particularly, as SNR further increases to a large value, our SLAP detection performance still gets close to its CRLB, since diffuse scattering-caused localization bias is",
O_ISAC_062,2024,VLC,Indoor,sigma_r,3.0,m,OTHER,figure,6-DoF Location-and-Pose Estimation Toward Integrated Visible Light Communication and Sensing: Algorithm Design and Performance Limits > *B. Result Analysis*,816,816,Estimator accuracy/RMSE is reported.,"7) SLAP Detection Error Over Room Width: SLAP detection error versus room width is plotted in Fig. 14, where the room height is fixed at",
O_ISAC_062,2024,VLC,Indoor,CRB,14,m,OTHER,eq,6-DoF Location-and-Pose Estimation Toward Integrated Visible Light Communication and Sensing: Algorithm Design and Performance Limits > APPENDIX C PROOF OF THEOREM 1,901,901,CRB/FIM is referenced.,"<span id=""page-14-1""></span>According to [45], the error covariance of unbiased SLAP estimate $\hat{\chi}$ of $\mathscr{P}_{\mathrm{SLAP}}$ in (30) is bounded by its CRLB $\mathcal{B}_{\chi}(\chi)$ , i.e., $cov(\hat{\chi})",
O_ISAC_062,2024,VLC,Indoor,CRB,45,m,OTHER,eq,6-DoF Location-and-Pose Estimation Toward Integrated Visible Light Communication and Sensing: Algorithm Design and Performance Limits > APPENDIX C PROOF OF THEOREM 1,908,908,CRB/FIM is referenced.,"in which $\mathcal{I}_\chi(\chi)$ is its Fisher information matrix (FIM) [45], and $\nabla_{\chi}^2$ denotes the second-order derivative w.r.t. $\chi$ , while $p(\mathbf{z}|\boldsymbol{\chi}) = \mathcal{N}(\mathbf{z}|\mathbf{G}(\boldsymbol{\beta}_{\mathrm{R}})\mathbf{h}, \sigma^2 \mathbf{I}_{N_{\mathrm{R}}N_{\mathrm{L}}N_{\mathrm{C}}K})$",
O_ISAC_062,2024,VLC,Indoor,CRB,109,m,OTHER,text,6-DoF Location-and-Pose Estimation Toward Integrated Visible Light Communication and Sensing: Algorithm Design and Performance Limits > APPENDIX C PROOF OF THEOREM 1,912,912,CRB/FIM is referenced.,"where each FIM element is given, based on (109), by",
O_ISAC_062,2024,VLC,Indoor,CRB,63,m,OTHER,text,"6-DoF Location-and-Pose Estimation Toward Integrated Visible Light Communication and Sensing: Algorithm Design and Performance Limits > APPENDIX C PROOF OF THEOREM 1 > <span id=""page-14-8""></span>APPENDIX D PROOF OF COROLLARIES 1-3",939,939,CRB/FIM is referenced.,"As per estimation theory, we have that the UD localization error covariance is bounded as (63), i.e., $cov(\hat{\mathbf{x}}_{R}) \ge$ $\operatorname{trace}(\mathcal{B}_{\mathbf{x}_{\mathrm{R}}}(\chi))$ , where the location CRLB",
O_ISAC_062,2024,VLC,Indoor,CRB,3,m,OTHER,text,"6-DoF Location-and-Pose Estimation Toward Integrated Visible Light Communication and Sensing: Algorithm Design and Performance Limits > APPENDIX C PROOF OF THEOREM 1 > <span id=""page-14-8""></span>APPENDIX D PROOF OF COROLLARIES 1-3",945,945,CRB/FIM is referenced.,"where $\mathcal{J}_{\mathbf{x}_{\mathrm{R}}}(\boldsymbol{\chi}) \in \mathbb{S}^3$ is the equivalent FIM of UD localization, which is given as per (110) by",
O_ISAC_062,2024,VLC,Indoor,CRB,15,m,OTHER,eq,6-DoF Location-and-Pose Estimation Toward Integrated Visible Light Communication and Sensing: Algorithm Design and Performance Limits > APPENDIX E PROOF OF REMARK 2,969,969,CRB/FIM is referenced.,"<span id=""page-15-6""></span>Based on (64), (65) and diagonal structure of $\mathbf{F}_{\mathbf{x}_R}$ , the location CRLB follows $\mathcal{B}_{\mathbf{x}_R}(\chi) = \sigma^2 \Big( \mathcal{Q}(\chi) \, \mathbf{F}_{\mathbf{x}_R} \, \mathcal{Q}(\chi) \Big)^{-1}",
O_ISAC_062,2024,VLC,Indoor,CRB,15,m,OTHER,eq,6-DoF Location-and-Pose Estimation Toward Integrated Visible Light Communication and Sensing: Algorithm Design and Performance Limits > APPENDIX F PROOF OF COROLLARY 4,975,975,CRB/FIM is referenced.,"<span id=""page-15-7""></span>We first give the proof for UD location's long-term CRLB. As per (63), $\mathbb{E}_{\epsilon}\{\|\hat{\mathbf{x}}_{R} - \mathbf{x}_{R}\|_{2}^{2}\} \geq \operatorname{trace}(\mathcal{B}_{\mathbf{x}_{R}}(\chi))$ . Then,",
O_ISAC_062,2024,VLC,Indoor,CRB,85,m,OTHER,eq,6-DoF Location-and-Pose Estimation Toward Integrated Visible Light Communication and Sensing: Algorithm Design and Performance Limits > APPENDIX F PROOF OF COROLLARY 4,983,983,CRB/FIM is referenced.,"where the above inequality is based on the convexity of inverse functions. In addition, $\mathbb{E}_h\{\mathcal{H}\,F_{\mathbf{x}_\mathrm{R}}(\chi)\mathcal{H}^\mathrm{H}\}=\Lambda_{h,\mathbf{x}_\mathrm{R}}$ , given by (85). Thus, we have (83). UD pose",
O_ISAC_062,2024,VLC,Indoor,CRB,15,m,OTHER,eq,"6-DoF Location-and-Pose Estimation Toward Integrated Visible Light Communication and Sensing: Algorithm Design and Performance Limits > <span id=""page-15-10""></span>APPENDIX G PROOF OF REMARKS 5 AND 6",987,987,CRB/FIM is referenced.,"<span id=""page-15-8""></span>We first provide the proof for the long-term location CRLB $\bar{\mathcal{B}}_{\mathbf{x}_R}(\beta_R; \Sigma_C)$ of Remark 6. As per (85), we have that $\Omega_{\mathbf{h},\mathbf{x}_R} \sim \Theta(\Sigma_C)$",
O_ISAC_062,2024,VLC,Indoor,CRB,6,m,OTHER,text,"6-DoF Location-and-Pose Estimation Toward Integrated Visible Light Communication and Sensing: Algorithm Design and Performance Limits > <span id=""page-15-10""></span>APPENDIX G PROOF OF REMARKS 5 AND 6",989,989,CRB/FIM is referenced.,"For the proof of Remark 6, we know based on (85) that $\Omega_{h,\mathbf{x}_R} \sim \Theta(\Sigma_C) \sim \Theta(\iota_C)$ . In consequence, based on (83), we have",
O_ISAC_063,2024,Fiber,Unknown,B,40000000000.0,Hz,OTHER,text,Simple and Precise Characterization of Full-Field Frequency Response for Coherent TOSA,5,5,Bandwidth is reported.,*Abstract***—The performance of high baud-rate fiber optical transmission with the use of advanced modulation formats is sensitive to the imperfection arising in transmitter optical sub-assembly,
O_ISAC_063,2024,Fiber,Unknown,B,2000000000.0,Hz,OTHER,table,I. INTRODUCTION,52,52,Bandwidth is reported.,"two adjacent channels. To the best of our knowledge, it is the first demonstration of the TOSA full-field frequency response characterization via a single low-bandwidth",
O_ISAC_063,2024,Fiber,Unknown,B,10000.0,Hz,OTHER,figure,B. Numerical Simulation,156,156,Bandwidth is reported.,"Fig. 2 is the schematic of the characterization system for numerical simulation. The coherent TOSA under test consists of two EAs, an IQ modulator, and",
O_ISAC_063,2024,Fiber,Unknown,B,1000000000.0,Hz,OTHER,text,B. Numerical Simulation,158,158,Bandwidth is reported.,"After the direct detection, the beat signals within $0\sim0.5$ GHz are used to extract the AFR. The beat signals within $1\sim1.5$ GHz are used to",
O_ISAC_063,2024,Fiber,Unknown,B,50000000000.0,Hz,OTHER,figure,B. Numerical Simulation,164,164,Bandwidth is reported.,"Fig. 3. Numerical simulation results. (a) and (b) The obtained AFR for I (a) and Q (b) tributaries, along with the estimated AFR deviation within",
O_ISAC_063,2024,Fiber,Unknown,B,2000000000.0,Hz,OTHER,text,B. Numerical Simulation > A. TOSA Measurement Results,174,174,Bandwidth is reported.,"whose sampling rate is 120 GSa/s. The amplitude of AWG output is 300 mV. Then, the generated multiple dual-tone electrical signals are loaded into the",
O_ISAC_063,2024,Fiber,Unknown,B,5000000.0,Hz,OTHER,figure,B. Numerical Simulation > A. TOSA Measurement Results,176,176,Bandwidth is reported.,The full-field frequency response characterization results of I and Q tributaries over a frequency range of $0{\sim}45$ GHz are shown in Fig. 6(a). The measured,
O_ISAC_063,2024,Fiber,Unknown,B,45000000000.0,Hz,OTHER,figure,B. Numerical Simulation > A. TOSA Measurement Results,190,190,Bandwidth is reported.,Fig. 6. Experimental results of the full-field frequency response of coherent TOSA. (a) The measured AFR of I and Q tributaries and the estimated AFR,
O_ISAC_063,2024,Fiber,Unknown,B,50000000000.0,Hz,OTHER,figure,*B. TOSA Calibration and Transmission Results*,210,210,Bandwidth is reported.,"only AFR calibration, and with full-field frequency response calibration. The AWG output is introduced to the coherent TOSA, in order to generate the 32 or",
O_ISAC_063,2024,Fiber,Unknown,B,40000000000.0,Hz,OTHER,eq,IV. CONCLUSION,214,214,Bandwidth is reported.,"We have reported a simple and precise scheme to characterize the full-field frequency response of coherent TOSA, including both AFR and PFR, when only one",
O_ISAC_065,2023,Hybrid,Indoor,R,32000000000.0,bps,OTHER,text,THz-Over-Fiber System With Orthogonal Chirp Division Multiplexing for Integrated Sensing and Communication,5,5,Data rate/throughput is reported.,"Abstract—To achieve integrated sensing and communication (ISAC) applications with high data rates and high resolution, the terahertz-over-fiber (ToF) system has been recognized as a promising",
O_ISAC_065,2023,Hybrid,Indoor,R,16000000000.0,bps,OTHER,text,THz-Over-Fiber System With Orthogonal Chirp Division Multiplexing for Integrated Sensing and Communication > I. INTRODUCTION,47,47,Data rate/throughput is reported.,"the chirps in the frequency domain [12]. Owing to the spreading operation and convolution properties of the OCDM, the frequency-selective fading problem could be diluted,",
O_ISAC_065,2023,Hybrid,Indoor,B,100.0,Hz,OTHER,text,*A. Experimental Setup*,120,120,Bandwidth is reported.,"configuration of the ToF system for ISAC applications. The continuous wave light from ECL (NKT Photonics, 1552 nm, 16 dBm, 0.1 kHz linewidth) is injected",
O_ISAC_065,2023,Hybrid,Indoor,B,45000000000.0,Hz,OTHER,figure,*A. Experimental Setup*,124,124,Bandwidth is reported.,"The OCDM signal is modulated to 8 Gbaud 16-ary quadrature amplitude modulation (16QAM) and digital-to-analog converted by an AWG (Keysight M8194A, 120 GSa/s, 45 GHz",
O_ISAC_065,2023,Hybrid,Indoor,B,147000000000.0,Hz,OTHER,text,*A. Experimental Setup*,126,126,Bandwidth is reported.,"With a pair of THz lenses for collimating the THz beam, the THz signal is transmitted and received through a pair of horn antennas over",
O_ISAC_065,2023,Hybrid,Indoor,R,32000000000.0,bps,OTHER,figure,B. Waveform Parameters Setting,132,132,Data rate/throughput is reported.,"Furthermore, for both ISAC waveforms, the length of CP is 64 points; otherwise, the center 2 sample points in the frequency domain are left zero",
O_ISAC_065,2023,Hybrid,Indoor,B,8000000000.0,Hz,OTHER,figure,B. Waveform Parameters Setting,132,132,Bandwidth is reported.,"Furthermore, for both ISAC waveforms, the length of CP is 64 points; otherwise, the center 2 sample points in the frequency domain are left zero",
O_ISAC_065,2023,Hybrid,Indoor,R,32000000000.0,bps,OTHER,text,*D. Radar Images*,241,241,Data rate/throughput is reported.,"of up to 32 Gbit/s and range resolution of up to 1.875 cm in the 140 GHz band, featuring improved communication performance while preserving the",
O_ISAC_065,2023,Hybrid,Indoor,R,32000000000.0,bps,OTHER,text,V. CONCLUSION,245,245,Data rate/throughput is reported.,"In conclusion, we propose and experimentally implement the OCDM waveform-based THz-over-Fiber system for ISAC applications at 0.14 THz. The transmission of the OCDM signals over",
O_ISAC_066,2024,Hybrid,Unknown,R,58300000000.0,bps,OTHER,text,IV. FORMULA FOR COLLISION DISTORTION ON THE QUANTITIES > VI. NUMERICAL TESTS,272,272,Data rate/throughput is reported.,"soliton are respectively modulated with alphabets $\{-0.3, 0.3\}$ , $\{0, \pi/2, \pi, 3\pi/2\}, \{\pi/8, \pi/4, 3\pi/8\}, \text{ and } \{0, \pi/2, \pi, 3\pi/2\}.$ Reducing the",
O_ISAC_066,2024,Hybrid,Unknown,R,100000000000.0,bps,OTHER,text,IV. FORMULA FOR COLLISION DISTORTION ON THE QUANTITIES > REFERENCES,428,428,Data rate/throughput is reported.,"- [15] S. T. Le, K. Schuh, F. Buchali, and H. Bülow, ""100 Gbps b-modulated nonlinear frequency division multiplexed transmission,"" in *Proc. IEEE Opt. Fiber",
O_ISAC_067,2024,FSO,Unknown,B,187500000000.0,Hz,OTHER,figure,1 Introduction > 2.1 Scenario > 2.2 Measurement Set-up,35,35,Bandwidth is reported.,"The measurements were conducted using a M-sequence-based channel sounder [8] with a measurement bandwidth of $B=7.5\,\mathrm{GHz}$ at 187.5 GHz. The TX and RX were located",
O_ISAC_070,2025,Hybrid,Indoor,CRB,7,m,OTHER,text,C. Metrics for Integrated Waveform Design,129,129,CRB/FIM is referenced.,"For radar sensing, the Cramér-Rao lower bound (CRLB), which delimits the lower bound of parameter estimation error variance, is widely recognized as a key metric",
O_ISAC_070,2025,Hybrid,Indoor,R,6000000000.0,bps,OTHER,figure,B. Multi-carrier Photonic THz-ISAC System Using OCDM > Waveform,177,177,Data rate/throughput is reported.,**Fig. 4.** System transmission results using the single-chirp integrated waveform at 330 GHz frequency band. (a) BER performance versus the data rates embedded into the,
O_ISAC_070,2025,Hybrid,Indoor,R,20000000000.0,bps,OTHER,figure,C. Single-carrier Photonic THz-ISAC Systems Using Chirpbased Waveform,189,189,Data rate/throughput is reported.,**Fig. 5.** System transmission results using the dual-chirp integrated waveform at 300 GHz frequency band. (a) EVM performance for 20 Gbit/s QPSK transmission without the,
O_ISAC_070,2025,Hybrid,Indoor,R,6000000000.0,bps,OTHER,figure,C. Single-carrier Photonic THz-ISAC Systems Using Chirpbased Waveform,191,191,Data rate/throughput is reported.,"data rate increases from 0 to 6 Gbit/s, the PSLR of the singlechirp-based signals increases by more than 5 dB in both the back-to-back and",
O_ISAC_070,2025,Hybrid,Indoor,R,20000000000.0,bps,OTHER,figure,C. Single-carrier Photonic THz-ISAC Systems Using Chirpbased Waveform,193,193,Data rate/throughput is reported.,"To further enhance the performance of the chirp-based integrated waveform, a quasi-orthogonal chirp pilot is introduced and inserted in each frame for time-frequency synchronization [41],",
O_ISAC_070,2025,Hybrid,Indoor,R,40000000000.0,bps,OTHER,figure,C. Single-carrier Photonic THz-ISAC Systems Using Chirpbased Waveform > D. Multi-channel Fusion Photonic THz-ISAC System,201,201,Data rate/throughput is reported.,**Fig. 6.** System transmission results using the multi-channel chirp-based integrated waveform at 275 GHz frequency band. (a) Principle of multi-channel fusion sensing algorithm. (b) Measured,
O_ISAC_071,2025,Hybrid,Indoor,R,125000000.0,bps,OTHER,text,Full-Duplex RO-ISAC System: Wavelength Division Duplexing and Hybrid Waveform Design,5,5,Data rate/throughput is reported.,"*Abstract*—Integrated sensing and communication (ISAC) using light has attracted attention recently, and retroreflective optical ISAC (RO-ISAC) realizes passive sensing by equipping the target with a",
O_ISAC_071,2025,Hybrid,Indoor,sigma_r,0.04,m,OTHER,text,Full-Duplex RO-ISAC System: Wavelength Division Duplexing and Hybrid Waveform Design,5,5,Estimator accuracy/RMSE is reported.,"*Abstract*—Integrated sensing and communication (ISAC) using light has attracted attention recently, and retroreflective optical ISAC (RO-ISAC) realizes passive sensing by equipping the target with a",
O_ISAC_071,2025,Hybrid,Indoor,B,34000000.0,Hz,OTHER,figure,"Full-Duplex RO-ISAC System: Wavelength Division Duplexing and Hybrid Waveform Design > <span id=""page-0-11""></span><span id=""page-0-10""></span><span id=""page-0-9""></span>II. PRINCIPLE > III. EXPERIMENTAL RESULTS",59,59,Bandwidth is reported.,"Fig. 3 depicts the experimental setup of the full-duplex RO-ISAC system, where a BLED module (HCCLS2021MOD01-TX) is employed in the downlink while a GLED is",
O_ISAC_071,2025,Hybrid,Indoor,sigma_r,0.96,m,OTHER,figure,"Full-Duplex RO-ISAC System: Wavelength Division Duplexing and Hybrid Waveform Design > <span id=""page-0-11""></span><span id=""page-0-10""></span><span id=""page-0-9""></span>II. PRINCIPLE > III. EXPERIMENTAL RESULTS",63,63,Estimator accuracy/RMSE is reported.,"We first evaluate the communication and ranging performance of the full-duplex RO-ISAC system, where the uplink Vpp is set to 150 mV. Fig. 4(a) shows",
O_ISAC_071,2025,Hybrid,Indoor,sigma_r,0.96,m,OTHER,figure,"Full-Duplex RO-ISAC System: Wavelength Division Duplexing and Hybrid Waveform Design > <span id=""page-0-11""></span><span id=""page-0-10""></span><span id=""page-0-9""></span>II. PRINCIPLE > III. EXPERIMENTAL RESULTS",71,71,Estimator accuracy/RMSE is reported.,"<span id=""page-3-13""></span>Fig. 5. (a) Uplink BER vs. uplink Vpp, and (b) ranging RMSE vs. uplink Vpp. The distance is set to 96 cm.",
O_ISAC_071,2025,Hybrid,Indoor,sigma_r,0.96,m,OTHER,figure,"Full-Duplex RO-ISAC System: Wavelength Division Duplexing and Hybrid Waveform Design > <span id=""page-0-11""></span><span id=""page-0-10""></span><span id=""page-0-9""></span>II. PRINCIPLE > III. EXPERIMENTAL RESULTS",73,73,Estimator accuracy/RMSE is reported.,"We further investigate the impact of uplink transmission on the communication and ranging performance of the fullduplex RO-ISAC system, where the distance is set to",
O_ISAC_073,2023,Hybrid,Unknown,B,15000000000.0,Hz,OTHER,figure,Clock and Carrier Synchronization Using Optical Frequency Combs in Radio Access Networks > IV. EXPERIMENT,128,128,Bandwidth is reported.,"To verify the simulation, an experiment was conducted in our laboratory. The IDPHOTONIC CoBrite tunable narrow linewidth laser system served as the primary light source.",
O_ISAC_074,2025,Fiber,Unknown,Δz,1.0,m,DZ,text,,1,11,Fiber spatial granularity/gauge length is reported.,"WC3-6 OECC/PSC 2025 # Endogenous ISAC Enabled Interference Fading Free Sensing via Telecom Training Sequence Yue Wang, <sup>1</sup>Li Wang, <sup>1,\*</sup> Zhonghong Lin, <sup>2</sup> Chao Lu,",
O_ISAC_074,2025,Fiber,Unknown,Δz,1.0,m,DZ,text,,1,12,Fiber spatial granularity/gauge length is reported.,"WC3-6 OECC/PSC 2025 # Endogenous ISAC Enabled Interference Fading Free Sensing via Telecom Training Sequence Yue Wang, <sup>1</sup>Li Wang, <sup>1,\*</sup> Zhonghong Lin, <sup>2</sup> Chao Lu,",
O_ISAC_074,2025,Fiber,Unknown,Δz,1.0,m,DZ,text,,1,13,Fiber spatial granularity/gauge length is reported.,"WC3-6 OECC/PSC 2025 # Endogenous ISAC Enabled Interference Fading Free Sensing via Telecom Training Sequence Yue Wang, <sup>1</sup>Li Wang, <sup>1,\*</sup> Zhonghong Lin, <sup>2</sup> Chao Lu,",
O_ISAC_074,2025,Fiber,Unknown,Δz,1.0,m,DZ,text,,1,14,Fiber spatial granularity/gauge length is reported.,"WC3-6 OECC/PSC 2025 # Endogenous ISAC Enabled Interference Fading Free Sensing via Telecom Training Sequence Yue Wang, <sup>1</sup>Li Wang, <sup>1,\*</sup> Zhonghong Lin, <sup>2</sup> Chao Lu,",
O_ISAC_074,2025,Fiber,Unknown,Δz,1.0,m,DZ,text,,1,15,Fiber spatial granularity/gauge length is reported.,"WC3-6 OECC/PSC 2025 # Endogenous ISAC Enabled Interference Fading Free Sensing via Telecom Training Sequence Yue Wang, <sup>1</sup>Li Wang, <sup>1,\*</sup> Zhonghong Lin, <sup>2</sup> Chao Lu,",
O_ISAC_074,2025,Fiber,Unknown,Δz,1.0,m,DZ,text,,1,16,Fiber spatial granularity/gauge length is reported.,"WC3-6 OECC/PSC 2025 # Endogenous ISAC Enabled Interference Fading Free Sensing via Telecom Training Sequence Yue Wang, <sup>1</sup>Li Wang, <sup>1,\*</sup> Zhonghong Lin, <sup>2</sup> Chao Lu,",
O_ISAC_074,2025,Fiber,Unknown,Δz,1.0,m,DZ,text,,1,17,Fiber spatial granularity/gauge length is reported.,"WC3-6 OECC/PSC 2025 # Endogenous ISAC Enabled Interference Fading Free Sensing via Telecom Training Sequence Yue Wang, <sup>1</sup>Li Wang, <sup>1,\*</sup> Zhonghong Lin, <sup>2</sup> Chao Lu,",
O_ISAC_074,2025,Fiber,Unknown,Δz,1.0,m,DZ,text,,2,18,Fiber spatial granularity/gauge length is reported.,"# Endogenous ISAC Enabled Interference Fading Free Sensing via Telecom Training Sequence Yue Wang, <sup>1</sup>Li Wang, <sup>1,\*</sup> Zhonghong Lin, <sup>2</sup> Chao Lu, <sup>1</sup> Ming Tang,",
O_ISAC_074,2025,Fiber,Unknown,Δz,1.0,m,DZ,text,Endogenous ISAC Enabled Interference Fading Free Sensing via Telecom Training Sequence,3,19,Fiber spatial granularity/gauge length is reported.,"# Endogenous ISAC Enabled Interference Fading Free Sensing via Telecom Training Sequence Yue Wang, <sup>1</sup>Li Wang, <sup>1,\*</sup> Zhonghong Lin, <sup>2</sup> Chao Lu, <sup>1</sup> Ming Tang,",
O_ISAC_074,2025,Fiber,Unknown,Δz,1.0,m,DZ,text,Endogenous ISAC Enabled Interference Fading Free Sensing via Telecom Training Sequence,4,20,Fiber spatial granularity/gauge length is reported.,"Yue Wang, <sup>1</sup>Li Wang, <sup>1,\*</sup> Zhonghong Lin, <sup>2</sup> Chao Lu, <sup>1</sup> Ming Tang, <sup>2</sup> and Changyuan Yu<sup>1,\*</sup> <sup>1</sup> Department of Electrical and Electronic Engineering, The",
O_ISAC_074,2025,Fiber,Unknown,Δz,1.0,m,DZ,text,Endogenous ISAC Enabled Interference Fading Free Sensing via Telecom Training Sequence,5,21,Fiber spatial granularity/gauge length is reported.,"Yue Wang, <sup>1</sup>Li Wang, <sup>1,\*</sup> Zhonghong Lin, <sup>2</sup> Chao Lu, <sup>1</sup> Ming Tang, <sup>2</sup> and Changyuan Yu<sup>1,\*</sup> <sup>1</sup> Department of Electrical and Electronic Engineering, The",
O_ISAC_074,2025,Fiber,Unknown,Δz,1.0,m,DZ,text,Endogenous ISAC Enabled Interference Fading Free Sensing via Telecom Training Sequence,6,22,Fiber spatial granularity/gauge length is reported.,"<sup>1</sup> Department of Electrical and Electronic Engineering, The Hong Kong Polytechnic University, Hong Kong, China <sup>2</sup> Next Generation Internet Access National Engineering Lab, Huazhong University",
O_ISAC_074,2025,Fiber,Unknown,Δz,1.0,m,DZ,text,Endogenous ISAC Enabled Interference Fading Free Sensing via Telecom Training Sequence,7,23,Fiber spatial granularity/gauge length is reported.,"<sup>1</sup> Department of Electrical and Electronic Engineering, The Hong Kong Polytechnic University, Hong Kong, China <sup>2</sup> Next Generation Internet Access National Engineering Lab, Huazhong University",
O_ISAC_074,2025,Fiber,Unknown,Δz,1.0,m,DZ,text,Endogenous ISAC Enabled Interference Fading Free Sensing via Telecom Training Sequence,8,24,Fiber spatial granularity/gauge length is reported.,"<sup>2</sup> Next Generation Internet Access National Engineering Lab, Huazhong University of Science and Technology, Wuhan, China Author e-mail address: li2wang@polyu.edu.hk; changyuan.yu@polyu.edu.hk Abstract: Originally designed for",
O_ISAC_074,2025,Fiber,Unknown,Δz,1.0,m,DZ,text,Endogenous ISAC Enabled Interference Fading Free Sensing via Telecom Training Sequence,9,25,Fiber spatial granularity/gauge length is reported.,"<sup>2</sup> Next Generation Internet Access National Engineering Lab, Huazhong University of Science and Technology, Wuhan, China Author e-mail address: li2wang@polyu.edu.hk; changyuan.yu@polyu.edu.hk Abstract: Originally designed for",
O_ISAC_074,2025,Fiber,Unknown,Δz,1.0,m,DZ,text,Endogenous ISAC Enabled Interference Fading Free Sensing via Telecom Training Sequence,10,26,Fiber spatial granularity/gauge length is reported.,"Abstract: Originally designed for polarization rotation estimation, the telecom training sequences have been repurposed to achieve interference-fading free sensing with 1m spatial resolution, experimentally demonstrating",
O_ISAC_074,2025,Fiber,Unknown,Δz,1.0,m,DZ,text,Endogenous ISAC Enabled Interference Fading Free Sensing via Telecom Training Sequence,11,27,Fiber spatial granularity/gauge length is reported.,"Abstract: Originally designed for polarization rotation estimation, the telecom training sequences have been repurposed to achieve interference-fading free sensing with 1m spatial resolution, experimentally demonstrating",
O_ISAC_074,2025,Fiber,Unknown,Δz,1.0,m,DZ,text,Endogenous ISAC Enabled Interference Fading Free Sensing via Telecom Training Sequence,12,28,Fiber spatial granularity/gauge length is reported.,"Keywords: Fiber sensing application incl. environmental monitoring using optical network; Distributed fiber optical sensing, fibers and fiber devices for sensing #### I. INTRODUCTION Coherent optical",
O_ISAC_074,2025,Fiber,Unknown,Δz,1.0,m,DZ,text,Endogenous ISAC Enabled Interference Fading Free Sensing via Telecom Training Sequence,13,29,Fiber spatial granularity/gauge length is reported.,"Keywords: Fiber sensing application incl. environmental monitoring using optical network; Distributed fiber optical sensing, fibers and fiber devices for sensing #### I. INTRODUCTION Coherent optical",
O_ISAC_074,2025,Fiber,Unknown,Δz,1.0,m,DZ,text,Endogenous ISAC Enabled Interference Fading Free Sensing via Telecom Training Sequence,14,30,Fiber spatial granularity/gauge length is reported.,#### I. INTRODUCTION Coherent optical communication approaching to single-wavelength 400G for backbone networks is now sinking in data center interconnects and access networks [1]. The,
O_ISAC_074,2025,Fiber,Unknown,Δz,1.0,m,DZ,text,Endogenous ISAC Enabled Interference Fading Free Sensing via Telecom Training Sequence > I. INTRODUCTION,15,31,Fiber spatial granularity/gauge length is reported.,#### I. INTRODUCTION Coherent optical communication approaching to single-wavelength 400G for backbone networks is now sinking in data center interconnects and access networks [1]. The,
O_ISAC_074,2025,Fiber,Unknown,Δz,1.0,m,DZ,text,Endogenous ISAC Enabled Interference Fading Free Sensing via Telecom Training Sequence > I. INTRODUCTION,16,32,Fiber spatial granularity/gauge length is reported.,Coherent optical communication approaching to single-wavelength 400G for backbone networks is now sinking in data center interconnects and access networks [1]. The widespread deployment of,
O_ISAC_074,2025,Fiber,Unknown,Δz,1.0,m,DZ,text,Endogenous ISAC Enabled Interference Fading Free Sensing via Telecom Training Sequence > I. INTRODUCTION,17,33,Fiber spatial granularity/gauge length is reported.,Coherent optical communication approaching to single-wavelength 400G for backbone networks is now sinking in data center interconnects and access networks [1]. The widespread deployment of,
O_ISAC_074,2025,Fiber,Unknown,Δz,1.0,m,DZ,text,Endogenous ISAC Enabled Interference Fading Free Sensing via Telecom Training Sequence > I. INTRODUCTION,18,34,Fiber spatial granularity/gauge length is reported.,"In this paper, we propose using telecom training sequences (TSs) originally designed for polarization rotation estimation to achieve interference fading-free DAS. The proposed chirp TSs",
O_ISAC_074,2025,Fiber,Unknown,Δz,1.0,m,DZ,text,Endogenous ISAC Enabled Interference Fading Free Sensing via Telecom Training Sequence > I. INTRODUCTION,19,35,Fiber spatial granularity/gauge length is reported.,"In this paper, we propose using telecom training sequences (TSs) originally designed for polarization rotation estimation to achieve interference fading-free DAS. The proposed chirp TSs",
O_ISAC_074,2025,Fiber,Unknown,Δz,4000.0,m,DZ,text,Endogenous ISAC Enabled Interference Fading Free Sensing via Telecom Training Sequence > II. OPERATING PRINCIPLES,30,46,Fiber spatial granularity/gauge length is reported.,![](_page_1_Figure_1.jpeg) Fig. 1 (a) Frame structure. (b) *t-f* distribution of chirp TSs. (c) The converged peaks occur after matched FrFTs. (d) converged peaks after -cotα,
O_ISAC_074,2025,Fiber,Unknown,Δz,4000.0,m,DZ,text,Endogenous ISAC Enabled Interference Fading Free Sensing via Telecom Training Sequence > II. OPERATING PRINCIPLES,31,47,Fiber spatial granularity/gauge length is reported.,Fig. 1 (a) Frame structure. (b) *t-f* distribution of chirp TSs. (c) The converged peaks occur after matched FrFTs. (d) converged peaks after -cotα rotation,
O_ISAC_074,2025,Fiber,Unknown,Δz,4000.0,m,DZ,text,Endogenous ISAC Enabled Interference Fading Free Sensing via Telecom Training Sequence > II. OPERATING PRINCIPLES,32,48,Fiber spatial granularity/gauge length is reported.,Fig. 1 (a) Frame structure. (b) *t-f* distribution of chirp TSs. (c) The converged peaks occur after matched FrFTs. (d) converged peaks after -cotα rotation,
O_ISAC_074,2025,Fiber,Unknown,B,100.0,Hz,OTHER,figure,Endogenous ISAC Enabled Interference Fading Free Sensing via Telecom Training Sequence > III. EXPERIMENTAL RESULTS,40,40,Bandwidth is reported.,"To validate endogenous ISAC using DP chirp TSs, we implemented 50-GBaud 16QAM transmission system, as illustrated in Fig. 2 (a). In transmitter, a 1550.12-nm narrow-linewidth",
O_ISAC_074,2025,Fiber,Unknown,Δz,4000.0,m,DZ,text,Endogenous ISAC Enabled Interference Fading Free Sensing via Telecom Training Sequence > II. OPERATING PRINCIPLES,33,49,Fiber spatial granularity/gauge length is reported.,"order FrFT, only converged peak of the chirp with k FM slope appears, but it does not generate converged peak for chirp TS with -k",
O_ISAC_074,2025,Fiber,Unknown,Δz,4000.0,m,DZ,text,Endogenous ISAC Enabled Interference Fading Free Sensing via Telecom Training Sequence > II. OPERATING PRINCIPLES,34,50,Fiber spatial granularity/gauge length is reported.,"order FrFT, only converged peak of the chirp with k FM slope appears, but it does not generate converged peak for chirp TS with -k",
O_ISAC_074,2025,Fiber,Unknown,Δz,4000.0,m,DZ,text,Endogenous ISAC Enabled Interference Fading Free Sensing via Telecom Training Sequence > II. OPERATING PRINCIPLES,35,51,Fiber spatial granularity/gauge length is reported.,"Owing to identical spectrum but different FM slopes of chirp TSs, there exist two RBS light-waves with distinct frequencies at each time, except when two",
O_ISAC_074,2025,Fiber,Unknown,Δz,4000.0,m,DZ,text,Endogenous ISAC Enabled Interference Fading Free Sensing via Telecom Training Sequence > II. OPERATING PRINCIPLES,36,52,Fiber spatial granularity/gauge length is reported.,"Owing to identical spectrum but different FM slopes of chirp TSs, there exist two RBS light-waves with distinct frequencies at each time, except when two",
O_ISAC_074,2025,Fiber,Unknown,Δz,400.0,m,DZ,text,Endogenous ISAC Enabled Interference Fading Free Sensing via Telecom Training Sequence > II. OPERATING PRINCIPLES,37,53,Fiber spatial granularity/gauge length is reported.,"#### III. EXPERIMENTAL RESULTS To validate endogenous ISAC using DP chirp TSs, we implemented 50-GBaud 16QAM transmission system, as illustrated in Fig. 2 (a). In",
O_ISAC_074,2025,Fiber,Unknown,Δz,400.0,m,DZ,text,Endogenous ISAC Enabled Interference Fading Free Sensing via Telecom Training Sequence > III. EXPERIMENTAL RESULTS,38,54,Fiber spatial granularity/gauge length is reported.,"#### III. EXPERIMENTAL RESULTS To validate endogenous ISAC using DP chirp TSs, we implemented 50-GBaud 16QAM transmission system, as illustrated in Fig. 2 (a). In",
O_ISAC_074,2025,Fiber,Unknown,sigma_r,1.0,m,OTHER,figure,Endogenous ISAC Enabled Interference Fading Free Sensing via Telecom Training Sequence > III. EXPERIMENTAL RESULTS,46,46,Estimator accuracy/RMSE is reported.,"To investigate power allocation between chirp TSs and telecom payload sharing the transmitter, the sensing-tocommunication power ratio (SCPR) is defined. Fixing optical power launched into",
O_ISAC_074,2025,Fiber,Unknown,Δz,400.0,m,DZ,text,Endogenous ISAC Enabled Interference Fading Free Sensing via Telecom Training Sequence > III. EXPERIMENTAL RESULTS,39,55,Fiber spatial granularity/gauge length is reported.,"To validate endogenous ISAC using DP chirp TSs, we implemented 50-GBaud 16QAM transmission system, as illustrated in Fig. 2 (a). In transmitter, a 1550.12-nm narrow-linewidth",
O_ISAC_074,2025,Fiber,Unknown,Δz,400.0,m,DZ,text,Endogenous ISAC Enabled Interference Fading Free Sensing via Telecom Training Sequence > III. EXPERIMENTAL RESULTS,40,56,Fiber spatial granularity/gauge length is reported.,"To validate endogenous ISAC using DP chirp TSs, we implemented 50-GBaud 16QAM transmission system, as illustrated in Fig. 2 (a). In transmitter, a 1550.12-nm narrow-linewidth",
O_ISAC_074,2025,Fiber,Unknown,Δz,1.0,m,DZ,text,Endogenous ISAC Enabled Interference Fading Free Sensing via Telecom Training Sequence > III. EXPERIMENTAL RESULTS,41,57,Fiber spatial granularity/gauge length is reported.,"![](_page_2_Picture_1.jpeg) Fig. 2(a) Experiment setup, VOA: variable optical attenuator. OBPF: optical bandpass filter. WS: wave-shaper. (b) data frame in frequency domain. To investigate power allocation",
O_ISAC_074,2025,Fiber,Unknown,Δz,1.0,m,DZ,text,Endogenous ISAC Enabled Interference Fading Free Sensing via Telecom Training Sequence > III. EXPERIMENTAL RESULTS,42,58,Fiber spatial granularity/gauge length is reported.,"![](_page_2_Picture_1.jpeg) Fig. 2(a) Experiment setup, VOA: variable optical attenuator. OBPF: optical bandpass filter. WS: wave-shaper. (b) data frame in frequency domain. To investigate power allocation",
O_ISAC_074,2025,Fiber,Unknown,Δz,1.0,m,DZ,text,Endogenous ISAC Enabled Interference Fading Free Sensing via Telecom Training Sequence > III. EXPERIMENTAL RESULTS,43,59,Fiber spatial granularity/gauge length is reported.,"Fig. 2(a) Experiment setup, VOA: variable optical attenuator. OBPF: optical bandpass filter. WS: wave-shaper. (b) data frame in frequency domain. To investigate power allocation between",
O_ISAC_074,2025,Fiber,Unknown,Δz,1.0,m,DZ,text,Endogenous ISAC Enabled Interference Fading Free Sensing via Telecom Training Sequence > III. EXPERIMENTAL RESULTS,44,60,Fiber spatial granularity/gauge length is reported.,"Fig. 2(a) Experiment setup, VOA: variable optical attenuator. OBPF: optical bandpass filter. WS: wave-shaper. (b) data frame in frequency domain. To investigate power allocation between",
O_ISAC_074,2025,Fiber,Unknown,Δz,1.0,m,DZ,text,Endogenous ISAC Enabled Interference Fading Free Sensing via Telecom Training Sequence > III. EXPERIMENTAL RESULTS,45,61,Fiber spatial granularity/gauge length is reported.,"To investigate power allocation between chirp TSs and telecom payload sharing the transmitter, the sensing-tocommunication power ratio (SCPR) is defined. Fixing optical power launched into",
O_ISAC_074,2025,Fiber,Unknown,Δz,1.0,m,DZ,text,Endogenous ISAC Enabled Interference Fading Free Sensing via Telecom Training Sequence > III. EXPERIMENTAL RESULTS,46,62,Fiber spatial granularity/gauge length is reported.,"To investigate power allocation between chirp TSs and telecom payload sharing the transmitter, the sensing-tocommunication power ratio (SCPR) is defined. Fixing optical power launched into",
O_ISAC_075,2025,Hybrid,Indoor,sigma_r,0.08,m,OTHER,eq,Flexible Waveform Design for RO-ISAC Based on OFDM-Embedded Maximum Length Sequence > III. RESULTS AND DISCUSSION,91,91,Estimator accuracy/RMSE is reported.,"expected, the lowest ranging RMSE is obtained by the MLS signal while the highest ranging RMSE is achieved by the OFDM signal, which is mainly",
O_ISAC_075,2025,Hybrid,Indoor,R,62500000.0,bps,OTHER,figure,Flexible Waveform Design for RO-ISAC Based on OFDM-Embedded Maximum Length Sequence > III. RESULTS AND DISCUSSION,97,97,Data rate/throughput is reported.,Fig. 6 shows the communication bit error rate (BER) versus distance for different power allocation ratio $\beta$ values with different constellations and $N_{\mathrm{data}}$ values. For,
O_ISAC_075,2025,Hybrid,Indoor,B,62500000.0,Hz,OTHER,figure,Flexible Waveform Design for RO-ISAC Based on OFDM-Embedded Maximum Length Sequence > III. RESULTS AND DISCUSSION,97,97,Bandwidth is reported.,Fig. 6 shows the communication bit error rate (BER) versus distance for different power allocation ratio $\beta$ values with different constellations and $N_{\mathrm{data}}$ values. For,
O_ISAC_075,2025,Hybrid,Indoor,sigma_r,0.72,m,OTHER,eq,Flexible Waveform Design for RO-ISAC Based on OFDM-Embedded Maximum Length Sequence > III. RESULTS AND DISCUSSION,99,99,Estimator accuracy/RMSE is reported.,"Figs. 7(a) and (b) show the ranging RMSE and BER versus $\beta$ with PPC degrees of n=4 and 8, respectively, at a distance of 72",
O_ISAC_076,2024,Fiber,Unknown,OSNR,25,dB,OTHER,text,C. FPTs-Based Carrier Phase Estimation and Vibration Sensing > III. SIMULATIONS,113,113,Optical SNR (OSNR) is mentioned.,"In this section, dual-polarized DSCM system with four subcarriers were investigated via numerical simulation. For each subcarrier, 8 GBaud/s 16QAM signals were employed and the",
O_ISAC_076,2024,Fiber,Unknown,OSNR,15,dB,OTHER,figure,C. FPTs-Based Carrier Phase Estimation and Vibration Sensing > III. SIMULATIONS,126,126,Optical SNR (OSNR) is mentioned.,"Firstly, the impact of the PSR on the BER was investigated, as shown in Fig. 4(a). It is evident that a low PSR results in",
O_ISAC_076,2024,Fiber,Unknown,B,20000000000.0,Hz,OTHER,text,C. FPTs-Based Carrier Phase Estimation and Vibration Sensing > III. SIMULATIONS,144,144,Bandwidth is reported.,"Finally, the robustness of the scheme with FPTs and the scheme without FPTs in ISI condition was compared. The background noise was simulated with laser",
O_ISAC_076,2024,Fiber,Unknown,OSNR,,dB,OTHER,text,C. FPTs-Based Carrier Phase Estimation and Vibration Sensing > IV. EXPERIMENTAL SETUP,156,156,Optical SNR (OSNR) is mentioned.,"After transmission through the single-mode fiber, a EDFA was used to compensate the loss of the link, and the received optical power (ROP) before the",
O_ISAC_076,2024,Fiber,Unknown,B,10000.0,Hz,OTHER,figure,C. FPTs-Based Carrier Phase Estimation and Vibration Sensing > *A. Communication Results* > *B. Sensing Results*,198,198,Bandwidth is reported.,"Then, the extracted phase variations caused by 10 kHz sinusoidal vibration using two schemes (with FPTs and without FPTs) were tested to verify the enhanced",
O_ISAC_077,2023,Hybrid,Unknown,R,32000000000.0,bps,OTHER,text,THz-over-fiber system with orthogonal chirp division multiplexing for integrated sensing and communication,11,11,Data rate/throughput is reported.,Abstract—We experimentally demonstrate an orthogonal chirp division multiplexing (OCDM) waveform-based terahertz-over-fiber (ToF) system for integrated sensing and communication (ISAC) applications. 32 Gbit/s data rate and,
O_ISAC_077,2023,Hybrid,Unknown,R,16000000000.0,bps,OTHER,text,THz-over-fiber system with orthogonal chirp division multiplexing for integrated sensing and communication > I. INTRODUCTION,23,23,Data rate/throughput is reported.,"Alternatively, an orthogonal chirp division multiplexing (OCDM) waveform orthogonally multiplexes multiple subchirp waveforms, and spreads the chirps in the frequency domain [8]. The spreading operation",
O_ISAC_077,2023,Hybrid,Unknown,B,100.0,Hz,OTHER,figure,B. Radar Receiver Processing > III. PHOTONIC THZ ISAC LINK > A. Experimental Setup,58,58,Bandwidth is reported.,"Fig. 2 details the experimental configuration. The continuous wave light from ECL (NKT Photonics, 1552 nm, 16 dBm, 0.1 kHz linewidth) is injected into the",
O_ISAC_077,2023,Hybrid,Unknown,B,147000000000.0,Hz,OTHER,text,B. Radar Receiver Processing > III. PHOTONIC THZ ISAC LINK > A. Experimental Setup,64,64,Bandwidth is reported.,"At the receiver, the THz carrier at 0.14 THz is received by the Schottky mixer (147 GHz LO, -2 dBm, 12x) for down-conversion. The output",
O_ISAC_077,2023,Hybrid,Unknown,R,32000000000.0,bps,OTHER,text,B. Radar Receiver Processing > B. Waveform Parameters Setting,72,72,Data rate/throughput is reported.,"Further, for both ISAC waveforms, 64 points for CP. Otherwise, the center 2 sample points in the frequency domain are left zero to reduce the",
O_ISAC_077,2023,Hybrid,Unknown,R,32000000000.0,bps,OTHER,text,V. CONCLUSION,116,116,Data rate/throughput is reported.,"In conclusion, we propose and experimentally implement the OCDM waveform-based ToF system for ISAC applications. The transmission of the OCDM signals over a 10 km",
O_ISAC_078,2025,Fiber,Unknown,B,20200000000.0,Hz,OTHER,text,O-Band DML Enabled 4×100G Short-Reach Photonic Interconnections With Weighted Decision Aided Recurrent Neural Network,5,5,Bandwidth is reported.,Abstract—The severe bandwidth constraint along with nonlinearity introduced by the utilization of low-cost direct modulation laser (DML) hinders a higher data throughput for the photonic,
O_ISAC_078,2025,Fiber,Unknown,R,400000000000.0,bps,OTHER,text,O-Band DML Enabled 4×100G Short-Reach Photonic Interconnections With Weighted Decision Aided Recurrent Neural Network > I. INTRODUCTION,19,19,Data rate/throughput is reported.,"RECENTLY, due to the rapid development of the Internet and artificial intelligence (AT) there. growth in data traffic [1], [2]. In this context, an urgent",
O_ISAC_078,2025,Fiber,Unknown,R,25000000000.0,bps,OTHER,table,O-Band DML Enabled 4×100G Short-Reach Photonic Interconnections With Weighted Decision Aided Recurrent Neural Network > I. INTRODUCTION,21,21,Data rate/throughput is reported.,"However, the PAM-4 photonic interconnections based on DMLs may suffer from various linear and nonlinear impairments, including severe bandwidth constraint [5], the detrimental frequency chirp,",
O_ISAC_078,2025,Fiber,Unknown,B,38000000000.0,Hz,OTHER,table,O-Band DML Enabled 4×100G Short-Reach Photonic Interconnections With Weighted Decision Aided Recurrent Neural Network > I. INTRODUCTION,21,21,Bandwidth is reported.,"However, the PAM-4 photonic interconnections based on DMLs may suffer from various linear and nonlinear impairments, including severe bandwidth constraint [5], the detrimental frequency chirp,",
O_ISAC_078,2025,Fiber,Unknown,R,100000000000.0,bps,OTHER,text,O-Band DML Enabled 4×100G Short-Reach Photonic Interconnections With Weighted Decision Aided Recurrent Neural Network > I. INTRODUCTION,38,38,Data rate/throughput is reported.,"equalization (VNLE) has been extensively studied in the past few years [\[10\],](#page-7-0) [\[11\],](#page-7-0) [\[12\],](#page-7-0) [\[13\].](#page-7-0) Ref. [\[14\]](#page-7-0) demonstrated a transmission of 100 Gb/s/λ PAM-4 signals",
O_ISAC_078,2025,Fiber,Unknown,B,10000000000.0,Hz,OTHER,text,O-Band DML Enabled 4×100G Short-Reach Photonic Interconnections With Weighted Decision Aided Recurrent Neural Network > I. INTRODUCTION,38,38,Bandwidth is reported.,"equalization (VNLE) has been extensively studied in the past few years [\[10\],](#page-7-0) [\[11\],](#page-7-0) [\[12\],](#page-7-0) [\[13\].](#page-7-0) Ref. [\[14\]](#page-7-0) demonstrated a transmission of 100 Gb/s/λ PAM-4 signals",
O_ISAC_078,2025,Fiber,Unknown,R,75000000000.0,bps,OTHER,text,O-Band DML Enabled 4×100G Short-Reach Photonic Interconnections With Weighted Decision Aided Recurrent Neural Network > I. INTRODUCTION,40,40,Data rate/throughput is reported.,"With the continuous development of machine learning technique, there has been a growing trend to introduce the data-driven neural networks (NN) as an effective equalization",
O_ISAC_078,2025,Fiber,Unknown,R,100000000000.0,bps,OTHER,text,O-Band DML Enabled 4×100G Short-Reach Photonic Interconnections With Weighted Decision Aided Recurrent Neural Network > I. INTRODUCTION,42,42,Data rate/throughput is reported.,"In this paper, we propose a weighted decision aided recurrent neural network (WD-RNN) nonlinear equalizer for the DML enabled photonic interconnection, and experimentally verify its",
O_ISAC_078,2025,Fiber,Unknown,B,20200000000.0,Hz,OTHER,text,O-Band DML Enabled 4×100G Short-Reach Photonic Interconnections With Weighted Decision Aided Recurrent Neural Network > I. INTRODUCTION,42,42,Bandwidth is reported.,"In this paper, we propose a weighted decision aided recurrent neural network (WD-RNN) nonlinear equalizer for the DML enabled photonic interconnection, and experimentally verify its",
O_ISAC_078,2025,Fiber,Unknown,R,100000000000.0,bps,OTHER,figure,O-Band DML Enabled 4×100G Short-Reach Photonic Interconnections With Weighted Decision Aided Recurrent Neural Network > II. PRINCIPLE OF WD-RNN EQUALIZER > III. EXPERIMENTAL SETUP,77,77,Data rate/throughput is reported.,"The experimental setup is illustrated in Fig. 2. At the transmitter side, the Mersenne Twister generator is first employed to generate pseudo-random bit sequence (PRBS),",
O_ISAC_078,2025,Fiber,Unknown,B,45000000000.0,Hz,OTHER,figure,O-Band DML Enabled 4×100G Short-Reach Photonic Interconnections With Weighted Decision Aided Recurrent Neural Network > II. PRINCIPLE OF WD-RNN EQUALIZER > III. EXPERIMENTAL SETUP,77,77,Bandwidth is reported.,"The experimental setup is illustrated in Fig. 2. At the transmitter side, the Mersenne Twister generator is first employed to generate pseudo-random bit sequence (PRBS),",
O_ISAC_078,2025,Fiber,Unknown,R,100000000000.0,bps,OTHER,figure,"O-Band DML Enabled 4×100G Short-Reach Photonic Interconnections With Weighted Decision Aided Recurrent Neural Network > *B. Performance Evaluation of FFE, DFE, VNLE, FNN, AR-RNN and WD-RNN*",121,121,Data rate/throughput is reported.,"After parameters optimization for the 1300.6 nm channel with ROP of 7 dBm, we fix those WD-RNN parameters and investigate the transmission performance for all",
O_ISAC_078,2025,Fiber,Unknown,R,100000000000.0,bps,OTHER,text,"O-Band DML Enabled 4×100G Short-Reach Photonic Interconnections With Weighted Decision Aided Recurrent Neural Network > *B. Performance Evaluation of FFE, DFE, VNLE, FNN, AR-RNN and WD-RNN*",127,127,Data rate/throughput is reported.,"0.52 dB, and 0.72 dB improvement of the receiver sensitivity, respectively, for the 1300.6 nm, 1305.1 nm, 1304 nm, and 1297.2 nm channels, in comparison",
O_ISAC_078,2025,Fiber,Unknown,R,100000000000.0,bps,OTHER,text,O-Band DML Enabled 4×100G Short-Reach Photonic Interconnections With Weighted Decision Aided Recurrent Neural Network > *C. Simplification and Computational Complexity Analysis of WD-RNN* > V. CONCLUSION,155,155,Data rate/throughput is reported.,"We propose a WD-RNN based nonlinear equalizer, for the purpose of mitigating both linear and nonlinear impairments arising in the DML-enabled photonic interconnection. After optimizing",
O_ISAC_078,2025,Fiber,Unknown,R,280000000000.0,bps,OTHER,text,O-Band DML Enabled 4×100G Short-Reach Photonic Interconnections With Weighted Decision Aided Recurrent Neural Network > *C. Simplification and Computational Complexity Analysis of WD-RNN* > REFERENCES,159,159,Data rate/throughput is reported.,"- [1] J. Zhang et al., ""280 Gb/s IM/DD PS-PAM-8 transmission over 10 km SSMF at O-band for optical interconnects,"" in *Proc. Opt. Fiber Commun.",
O_ISAC_078,2025,Fiber,Unknown,R,50000000000.0,bps,OTHER,text,O-Band DML Enabled 4×100G Short-Reach Photonic Interconnections With Weighted Decision Aided Recurrent Neural Network > *C. Simplification and Computational Complexity Analysis of WD-RNN* > REFERENCES,163,163,Data rate/throughput is reported.,"- [5] P. Torres-Ferrera, H. Wang, V. Ferrero, M. Valvo, and R. Gaudino, ""Optimization of band-limited DSP-aided 25 and 50 Gb/s PON using 10G-Class DML",
O_ISAC_078,2025,Fiber,Unknown,R,56000000000.0,bps,OTHER,text,O-Band DML Enabled 4×100G Short-Reach Photonic Interconnections With Weighted Decision Aided Recurrent Neural Network > *C. Simplification and Computational Complexity Analysis of WD-RNN* > REFERENCES,164,164,Data rate/throughput is reported.,"- [6] K. Zhang et al., ""Intensity-directed equalizer for chirp compensation enabling DML-based 56Gb/s PAM4 C-band delivery over 35.9 km SSMF,"" in *Proc. Eur. Conf.",
O_ISAC_078,2025,Fiber,Unknown,R,25000000000.0,bps,OTHER,eq,O-Band DML Enabled 4×100G Short-Reach Photonic Interconnections With Weighted Decision Aided Recurrent Neural Network > *C. Simplification and Computational Complexity Analysis of WD-RNN* > REFERENCES,166,166,Data rate/throughput is reported.,"- <span id=""page-7-0""></span>[7] X. Sheng et al., ""Experimental demonstration of 25 *×* 25 Gb/s O-band WDM transmission over 55 km G.652 fiber,"" in *Proc. Opto-Electron.",
O_ISAC_078,2025,Fiber,Unknown,R,200000000000.0,bps,OTHER,text,O-Band DML Enabled 4×100G Short-Reach Photonic Interconnections With Weighted Decision Aided Recurrent Neural Network > *C. Simplification and Computational Complexity Analysis of WD-RNN* > REFERENCES,168,168,Data rate/throughput is reported.,"- [9] X. Pang et al., ""200 Gb/s optical-amplifier-free IM/DD transmissions using a directly modulated O-band DFB+R laser targeting LR applications,"" *J. Lightw. Technol.*, vol.",
O_ISAC_078,2025,Fiber,Unknown,R,50000000000.0,bps,OTHER,text,O-Band DML Enabled 4×100G Short-Reach Photonic Interconnections With Weighted Decision Aided Recurrent Neural Network > *C. Simplification and Computational Complexity Analysis of WD-RNN* > REFERENCES,169,169,Data rate/throughput is reported.,"- [10] Q. Zhang et al., ""An improved volterra nonlinear equalizer for 50 Gb/s PAM4 IM/DD transmission with 10G-Class optics,"" in *Proc. Asia Commun. Photon.",
O_ISAC_078,2025,Fiber,Unknown,R,100000000000.0,bps,OTHER,text,O-Band DML Enabled 4×100G Short-Reach Photonic Interconnections With Weighted Decision Aided Recurrent Neural Network > *C. Simplification and Computational Complexity Analysis of WD-RNN* > REFERENCES,174,174,Data rate/throughput is reported.,"- [15] K. Wang, M. Zhao, M. Kong, and J. Yu, ""Demonstration of 4 *×* 100 Gbit/s PAM-4 transmission over 40 km in an IM/DD",
O_ISAC_078,2025,Fiber,Unknown,R,50000000000.0,bps,OTHER,text,O-Band DML Enabled 4×100G Short-Reach Photonic Interconnections With Weighted Decision Aided Recurrent Neural Network > *C. Simplification and Computational Complexity Analysis of WD-RNN* > REFERENCES,175,175,Data rate/throughput is reported.,"- [16] V. Houtsma, E. Chou, and D. van Veen, ""92 and 50 Gbps TDM-PON using neural network enabled receiver equalization specialized for PON,"" in",
O_ISAC_078,2025,Fiber,Unknown,R,100000000000.0,bps,OTHER,text,O-Band DML Enabled 4×100G Short-Reach Photonic Interconnections With Weighted Decision Aided Recurrent Neural Network > *C. Simplification and Computational Complexity Analysis of WD-RNN* > REFERENCES,176,176,Data rate/throughput is reported.,"- [17] L. Yi, T. Liao, L. Huang, L. Xue, P. Li, and W. Hu, ""Machine learning for 100 Gb/s/λ passive optical network,"" *J. Lightw.",
O_ISAC_078,2025,Fiber,Unknown,R,100000000000.0,bps,OTHER,text,O-Band DML Enabled 4×100G Short-Reach Photonic Interconnections With Weighted Decision Aided Recurrent Neural Network > *C. Simplification and Computational Complexity Analysis of WD-RNN* > REFERENCES,177,177,Data rate/throughput is reported.,"- [18] P. Li, L. Yi, L. Xue, and W. Hu, ""100 Gbps IM/DD transmission over 25 km SSMF using 20G-class DML and PIN enabled",
O_ISAC_078,2025,Fiber,Unknown,R,50000000000.0,bps,OTHER,text,O-Band DML Enabled 4×100G Short-Reach Photonic Interconnections With Weighted Decision Aided Recurrent Neural Network > *C. Simplification and Computational Complexity Analysis of WD-RNN* > REFERENCES,179,179,Data rate/throughput is reported.,"- [20] Z. Yang et al., ""Radial basis function neural network enabled C-band 4 *×* 50 Gb/s PAM-4 transmission over 80 km SSMF,"" *Opt. Lett.*,",
O_ISAC_078,2025,Fiber,Unknown,R,75000000000.0,bps,OTHER,text,O-Band DML Enabled 4×100G Short-Reach Photonic Interconnections With Weighted Decision Aided Recurrent Neural Network > *C. Simplification and Computational Complexity Analysis of WD-RNN* > REFERENCES,181,181,Data rate/throughput is reported.,"- [22] A. G. Reza, M. Troncoso-Costas, C. Browning, S. O'Duill, and L. P. Barry, ""Mitigation of SOA-induced nonlinearities with recurrent neural networks in 75",
O_ISAC_078,2025,Fiber,Unknown,R,50000000000.0,bps,OTHER,text,O-Band DML Enabled 4×100G Short-Reach Photonic Interconnections With Weighted Decision Aided Recurrent Neural Network > *C. Simplification and Computational Complexity Analysis of WD-RNN* > REFERENCES,183,183,Data rate/throughput is reported.,"- [23] C. Ye, D. Zhang, X. Hu, X. Huang, H. Feng, and K. Zhang, ""Recurrent neural network (RNN) based end-to-end nonlinear management for symmetrical",
O_ISAC_078,2025,Fiber,Unknown,R,100000000000.0,bps,OTHER,text,O-Band DML Enabled 4×100G Short-Reach Photonic Interconnections With Weighted Decision Aided Recurrent Neural Network > *C. Simplification and Computational Complexity Analysis of WD-RNN* > REFERENCES,191,191,Data rate/throughput is reported.,"- [31] Z. Xu, C. Sun, T. Ji, J. H. Manton, and W. Shieh, ""Cascade recurrent neural network-assisted nonlinear equalization for a 100 Gb/s PAM4",
O_ISAC_078,2025,Fiber,Unknown,R,112000000000.0,bps,OTHER,text,O-Band DML Enabled 4×100G Short-Reach Photonic Interconnections With Weighted Decision Aided Recurrent Neural Network > *C. Simplification and Computational Complexity Analysis of WD-RNN* > REFERENCES,195,195,Data rate/throughput is reported.,"- [35] G. S. Yadav, C.-Y. Chuang, K.-M. Feng, J. Chen, and Y.-K. Chen, ""Sparsity learning deep neural network nonlinear equalization method for 112Gbps PAM4",
O_ISAC_079,2025,Fiber,Unknown,Δz,0.5,m,DZ,text,LFM Carrier Enabled Integrated Sensing and Communication in Self-homodyne Coherent Detection Transmission System,1,13,Fiber spatial granularity/gauge length is reported.,"# LFM Carrier Enabled Integrated Sensing and Communication in Self-homodyne Coherent Detection Transmission System Shuyan Chen, Bowen Yin, Huan He, Yang Shi, Mingming Zhang, Zhiyong",
O_ISAC_079,2025,Fiber,Unknown,Δz,0.5,m,DZ,text,LFM Carrier Enabled Integrated Sensing and Communication in Self-homodyne Coherent Detection Transmission System,1,14,Fiber spatial granularity/gauge length is reported.,"# LFM Carrier Enabled Integrated Sensing and Communication in Self-homodyne Coherent Detection Transmission System Shuyan Chen, Bowen Yin, Huan He, Yang Shi, Mingming Zhang, Zhiyong",
O_ISAC_079,2025,Fiber,Unknown,Δz,0.5,m,DZ,text,LFM Carrier Enabled Integrated Sensing and Communication in Self-homodyne Coherent Detection Transmission System,1,15,Fiber spatial granularity/gauge length is reported.,"# LFM Carrier Enabled Integrated Sensing and Communication in Self-homodyne Coherent Detection Transmission System Shuyan Chen, Bowen Yin, Huan He, Yang Shi, Mingming Zhang, Zhiyong",
O_ISAC_079,2025,Fiber,Unknown,Δz,0.5,m,DZ,text,LFM Carrier Enabled Integrated Sensing and Communication in Self-homodyne Coherent Detection Transmission System,1,16,Fiber spatial granularity/gauge length is reported.,"# LFM Carrier Enabled Integrated Sensing and Communication in Self-homodyne Coherent Detection Transmission System Shuyan Chen, Bowen Yin, Huan He, Yang Shi, Mingming Zhang, Zhiyong",
O_ISAC_079,2025,Fiber,Unknown,Δz,0.5,m,DZ,text,LFM Carrier Enabled Integrated Sensing and Communication in Self-homodyne Coherent Detection Transmission System,1,17,Fiber spatial granularity/gauge length is reported.,"# LFM Carrier Enabled Integrated Sensing and Communication in Self-homodyne Coherent Detection Transmission System Shuyan Chen, Bowen Yin, Huan He, Yang Shi, Mingming Zhang, Zhiyong",
O_ISAC_079,2025,Fiber,Unknown,Δz,0.5,m,DZ,text,LFM Carrier Enabled Integrated Sensing and Communication in Self-homodyne Coherent Detection Transmission System,2,18,Fiber spatial granularity/gauge length is reported.,"Shuyan Chen, Bowen Yin, Huan He, Yang Shi, Mingming Zhang, Zhiyong Zhao\* Ming Tang\* HUST, Wuhan, 430074, China, zhiyongzhao@hust.edu.cn, tangming@mail.hust.edu.cn **Abstract**: We demonstrate integrated communication",
O_ISAC_079,2025,Fiber,Unknown,Δz,0.5,m,DZ,text,LFM Carrier Enabled Integrated Sensing and Communication in Self-homodyne Coherent Detection Transmission System,3,19,Fiber spatial granularity/gauge length is reported.,"Shuyan Chen, Bowen Yin, Huan He, Yang Shi, Mingming Zhang, Zhiyong Zhao\* Ming Tang\* HUST, Wuhan, 430074, China, zhiyongzhao@hust.edu.cn, tangming@mail.hust.edu.cn **Abstract**: We demonstrate integrated communication",
O_ISAC_079,2025,Fiber,Unknown,Δz,0.5,m,DZ,text,LFM Carrier Enabled Integrated Sensing and Communication in Self-homodyne Coherent Detection Transmission System,4,20,Fiber spatial granularity/gauge length is reported.,"HUST, Wuhan, 430074, China, zhiyongzhao@hust.edu.cn, tangming@mail.hust.edu.cn **Abstract**: We demonstrate integrated communication (25-Gbaud DP-16QAM, <1 dB penalty) and distributed sensing (2-cm spatial resolution) over 10-km MCF",
O_ISAC_079,2025,Fiber,Unknown,Δz,0.5,m,DZ,text,LFM Carrier Enabled Integrated Sensing and Communication in Self-homodyne Coherent Detection Transmission System,5,21,Fiber spatial granularity/gauge length is reported.,"HUST, Wuhan, 430074, China, zhiyongzhao@hust.edu.cn, tangming@mail.hust.edu.cn **Abstract**: We demonstrate integrated communication (25-Gbaud DP-16QAM, <1 dB penalty) and distributed sensing (2-cm spatial resolution) over 10-km MCF",
O_ISAC_079,2025,Fiber,Unknown,Δz,0.5,m,DZ,text,LFM Carrier Enabled Integrated Sensing and Communication in Self-homodyne Coherent Detection Transmission System,6,22,Fiber spatial granularity/gauge length is reported.,"**Abstract**: We demonstrate integrated communication (25-Gbaud DP-16QAM, <1 dB penalty) and distributed sensing (2-cm spatial resolution) over 10-km MCF using linear-frequency-modulated carriers and self-homodyne coherent",
O_ISAC_079,2025,Fiber,Unknown,Δz,0.5,m,DZ,text,LFM Carrier Enabled Integrated Sensing and Communication in Self-homodyne Coherent Detection Transmission System,7,23,Fiber spatial granularity/gauge length is reported.,"**Abstract**: We demonstrate integrated communication (25-Gbaud DP-16QAM, <1 dB penalty) and distributed sensing (2-cm spatial resolution) over 10-km MCF using linear-frequency-modulated carriers and self-homodyne coherent",
O_ISAC_079,2025,Fiber,Unknown,Δz,0.5,m,DZ,text,LFM Carrier Enabled Integrated Sensing and Communication in Self-homodyne Coherent Detection Transmission System,8,24,Fiber spatial granularity/gauge length is reported.,"#### Introduction Self-homodyne coherent detection (SHCD) emerges as a low-cost and simplified solution in higher-speed data center interconnects (DCI), utilizing spatial-division-multiplexed (SDM) local oscillator (LO)",
O_ISAC_079,2025,Fiber,Unknown,Δz,0.5,m,DZ,text,LFM Carrier Enabled Integrated Sensing and Communication in Self-homodyne Coherent Detection Transmission System > Introduction,9,25,Fiber spatial granularity/gauge length is reported.,"#### Introduction Self-homodyne coherent detection (SHCD) emerges as a low-cost and simplified solution in higher-speed data center interconnects (DCI), utilizing spatial-division-multiplexed (SDM) local oscillator (LO)",
O_ISAC_079,2025,Fiber,Unknown,Δz,0.5,m,DZ,text,LFM Carrier Enabled Integrated Sensing and Communication in Self-homodyne Coherent Detection Transmission System > Introduction,10,26,Fiber spatial granularity/gauge length is reported.,"Self-homodyne coherent detection (SHCD) emerges as a low-cost and simplified solution in higher-speed data center interconnects (DCI), utilizing spatial-division-multiplexed (SDM) local oscillator (LO) and signal",
O_ISAC_079,2025,Fiber,Unknown,Δz,0.5,m,DZ,text,LFM Carrier Enabled Integrated Sensing and Communication in Self-homodyne Coherent Detection Transmission System > Introduction,11,27,Fiber spatial granularity/gauge length is reported.,"Self-homodyne coherent detection (SHCD) emerges as a low-cost and simplified solution in higher-speed data center interconnects (DCI), utilizing spatial-division-multiplexed (SDM) local oscillator (LO) and signal",
O_ISAC_079,2025,Fiber,Unknown,Δz,0.5,m,DZ,text,LFM Carrier Enabled Integrated Sensing and Communication in Self-homodyne Coherent Detection Transmission System > Introduction,12,28,Fiber spatial granularity/gauge length is reported.,"Current ISAC implementations in conventional heterodyne-detection systems typically employ wavelength-division multiplexing to separate sensing and communication channels, albeit at the cost of scarce spectral resources",
O_ISAC_079,2025,Fiber,Unknown,Δz,0.5,m,DZ,text,LFM Carrier Enabled Integrated Sensing and Communication in Self-homodyne Coherent Detection Transmission System > Introduction,13,29,Fiber spatial granularity/gauge length is reported.,"Current ISAC implementations in conventional heterodyne-detection systems typically employ wavelength-division multiplexing to separate sensing and communication channels, albeit at the cost of scarce spectral resources",
O_ISAC_079,2025,Fiber,Unknown,Δz,0.025,m,DZ,text,LFM Carrier Enabled Integrated Sensing and Communication in Self-homodyne Coherent Detection Transmission System > **Operation Principle**,31,47,Fiber spatial granularity/gauge length is reported.,"$$\varphi_c = 2\pi k \Delta t \cdot t + 2\pi f \Delta t - \pi k \Delta t^2 \tag{3}$$ where $f, k, \Delta t$ denote",
O_ISAC_079,2025,Fiber,Unknown,Δz,0.025,m,DZ,text,LFM Carrier Enabled Integrated Sensing and Communication in Self-homodyne Coherent Detection Transmission System > **Operation Principle**,32,48,Fiber spatial granularity/gauge length is reported.,"where $f, k, \Delta t$ denote the central wavelength of the optical source, the chirp rate of the LFM. ![](_page_1_Figure_0.jpeg) Fig. 2: (a) Experimental setup",
O_ISAC_079,2025,Fiber,Unknown,Δz,0.025,m,DZ,text,LFM Carrier Enabled Integrated Sensing and Communication in Self-homodyne Coherent Detection Transmission System > **Operation Principle**,33,49,Fiber spatial granularity/gauge length is reported.,"where $f, k, \Delta t$ denote the central wavelength of the optical source, the chirp rate of the LFM. ![](_page_1_Figure_0.jpeg) Fig. 2: (a) Experimental setup",
O_ISAC_079,2025,Fiber,Unknown,Δz,0.025,m,DZ,text,LFM Carrier Enabled Integrated Sensing and Communication in Self-homodyne Coherent Detection Transmission System > **Operation Principle**,34,50,Fiber spatial granularity/gauge length is reported.,"![](_page_1_Figure_0.jpeg) Fig. 2: (a) Experimental setup of proposed ISAC scheme in SHCD system (b)-(d) Communication performance evaluation and RTD between the signal and LO, respectively.",
O_ISAC_079,2025,Fiber,Unknown,Δz,0.025,m,DZ,text,LFM Carrier Enabled Integrated Sensing and Communication in Self-homodyne Coherent Detection Transmission System > **Operation Principle**,35,51,Fiber spatial granularity/gauge length is reported.,"![](_page_1_Figure_0.jpeg) Fig. 2: (a) Experimental setup of proposed ISAC scheme in SHCD system (b)-(d) Communication performance evaluation and RTD between the signal and LO, respectively.",
O_ISAC_079,2025,Fiber,Unknown,Δz,0.025,m,DZ,text,LFM Carrier Enabled Integrated Sensing and Communication in Self-homodyne Coherent Detection Transmission System > **Operation Principle**,36,52,Fiber spatial granularity/gauge length is reported.,"Fig. 2: (a) Experimental setup of proposed ISAC scheme in SHCD system (b)-(d) Communication performance evaluation and RTD between the signal and LO, respectively. According",
O_ISAC_079,2025,Fiber,Unknown,Δz,0.025,m,DZ,text,LFM Carrier Enabled Integrated Sensing and Communication in Self-homodyne Coherent Detection Transmission System > **Operation Principle**,37,53,Fiber spatial granularity/gauge length is reported.,"Fig. 2: (a) Experimental setup of proposed ISAC scheme in SHCD system (b)-(d) Communication performance evaluation and RTD between the signal and LO, respectively. According",
O_ISAC_079,2025,Fiber,Unknown,Δz,0.025,m,DZ,text,LFM Carrier Enabled Integrated Sensing and Communication in Self-homodyne Coherent Detection Transmission System > **Operation Principle**,38,54,Fiber spatial granularity/gauge length is reported.,"and RTD between the signal and LO, respectively. According to (3), when RTD is matched (∆=0), the LFM-induced phase noise cancels out as shown in",
O_ISAC_079,2025,Fiber,Unknown,Δz,0.025,m,DZ,text,LFM Carrier Enabled Integrated Sensing and Communication in Self-homodyne Coherent Detection Transmission System > **Operation Principle**,39,55,Fiber spatial granularity/gauge length is reported.,"and RTD between the signal and LO, respectively. According to (3), when RTD is matched (∆=0), the LFM-induced phase noise cancels out as shown in",
O_ISAC_079,2025,Fiber,Unknown,B,5000000000.0,Hz,OTHER,figure,LFM Carrier Enabled Integrated Sensing and Communication in Self-homodyne Coherent Detection Transmission System > **Operation Principle** > Experimental Setup,47,47,Bandwidth is reported.,We demonstrate ISAC in an SHCD system using a 10-km 7-core multicore fiber as the SDM transmission link. A 5-meter section of the MCF is,
O_ISAC_079,2025,Fiber,Unknown,Δz,0.025,m,DZ,text,LFM Carrier Enabled Integrated Sensing and Communication in Self-homodyne Coherent Detection Transmission System > **Operation Principle** > Experimental Setup,45,61,Fiber spatial granularity/gauge length is reported.,#### Experimental Setup We demonstrate ISAC in an SHCD system using a 10-km 7-core multicore fiber as the SDM transmission link. A 5-meter section of,
O_ISAC_079,2025,Fiber,Unknown,Δz,0.025,m,DZ,text,LFM Carrier Enabled Integrated Sensing and Communication in Self-homodyne Coherent Detection Transmission System > **Operation Principle** > Experimental Setup,46,62,Fiber spatial granularity/gauge length is reported.,We demonstrate ISAC in an SHCD system using a 10-km 7-core multicore fiber as the SDM transmission link. A 5-meter section of the MCF is,
O_ISAC_079,2025,Fiber,Unknown,Δz,0.025,m,DZ,text,LFM Carrier Enabled Integrated Sensing and Communication in Self-homodyne Coherent Detection Transmission System > **Operation Principle** > Experimental Setup,47,63,Fiber spatial granularity/gauge length is reported.,We demonstrate ISAC in an SHCD system using a 10-km 7-core multicore fiber as the SDM transmission link. A 5-meter section of the MCF is,
O_ISAC_079,2025,Fiber,Unknown,Δz,0.02,m,DZ,text,LFM Carrier Enabled Integrated Sensing and Communication in Self-homodyne Coherent Detection Transmission System > **Operation Principle** > Experimental Setup,48,64,Fiber spatial granularity/gauge length is reported.,"For sensing functionality, the LO branch simultaneously enables OFDR. A 95:5 coupler splits the LO light: 95% feeds the main interferometer (MI) for distributed sensing,",
O_ISAC_079,2025,Fiber,Unknown,Δz,0.02,m,DZ,text,LFM Carrier Enabled Integrated Sensing and Communication in Self-homodyne Coherent Detection Transmission System > **Operation Principle** > Experimental Setup,49,65,Fiber spatial granularity/gauge length is reported.,"For sensing functionality, the LO branch simultaneously enables OFDR. A 95:5 coupler splits the LO light: 95% feeds the main interferometer (MI) for distributed sensing,",
O_ISAC_079,2025,Fiber,Unknown,Δz,0.02,m,DZ,text,LFM Carrier Enabled Integrated Sensing and Communication in Self-homodyne Coherent Detection Transmission System > **Operation Principle** > Experimental Setup,50,66,Fiber spatial granularity/gauge length is reported.,![](_page_2_Figure_0.jpeg) Fig. 3: Sensing performance evaluation. (a)MPI location and TL measurement (b)-(d) Vibration recovery. ### Results and discussions The 25-Gbaud dual-polarization 16QAM signal transmission performance,
O_ISAC_079,2025,Fiber,Unknown,Δz,0.02,m,DZ,text,LFM Carrier Enabled Integrated Sensing and Communication in Self-homodyne Coherent Detection Transmission System > **Operation Principle** > Experimental Setup,51,67,Fiber spatial granularity/gauge length is reported.,![](_page_2_Figure_0.jpeg) Fig. 3: Sensing performance evaluation. (a)MPI location and TL measurement (b)-(d) Vibration recovery. ### Results and discussions The 25-Gbaud dual-polarization 16QAM signal transmission performance,
O_ISAC_079,2025,Fiber,Unknown,Δz,0.02,m,DZ,text,LFM Carrier Enabled Integrated Sensing and Communication in Self-homodyne Coherent Detection Transmission System > **Operation Principle** > Experimental Setup,52,68,Fiber spatial granularity/gauge length is reported.,Fig. 3: Sensing performance evaluation. (a)MPI location and TL measurement (b)-(d) Vibration recovery. ### Results and discussions The 25-Gbaud dual-polarization 16QAM signal transmission performance using,
O_ISAC_079,2025,Fiber,Unknown,Δz,0.02,m,DZ,text,LFM Carrier Enabled Integrated Sensing and Communication in Self-homodyne Coherent Detection Transmission System > **Operation Principle** > Experimental Setup,53,69,Fiber spatial granularity/gauge length is reported.,Fig. 3: Sensing performance evaluation. (a)MPI location and TL measurement (b)-(d) Vibration recovery. ### Results and discussions The 25-Gbaud dual-polarization 16QAM signal transmission performance using,
O_ISAC_079,2025,Fiber,Unknown,Δz,0.02,m,DZ,text,LFM Carrier Enabled Integrated Sensing and Communication in Self-homodyne Coherent Detection Transmission System > **Operation Principle** > Experimental Setup,54,70,Fiber spatial granularity/gauge length is reported.,### Results and discussions The 25-Gbaud dual-polarization 16QAM signal transmission performance using LFM carriers was firstly evaluated. Figure 2(b) presents the phase noise profiles of,
O_ISAC_079,2025,Fiber,Unknown,Δz,0.02,m,DZ,text,LFM Carrier Enabled Integrated Sensing and Communication in Self-homodyne Coherent Detection Transmission System > **Operation Principle** > Results and discussions,55,71,Fiber spatial granularity/gauge length is reported.,### Results and discussions The 25-Gbaud dual-polarization 16QAM signal transmission performance using LFM carriers was firstly evaluated. Figure 2(b) presents the phase noise profiles of,
O_ISAC_079,2025,Fiber,Unknown,Δz,0.02,m,DZ,text,LFM Carrier Enabled Integrated Sensing and Communication in Self-homodyne Coherent Detection Transmission System > **Operation Principle** > Results and discussions,56,72,Fiber spatial granularity/gauge length is reported.,The 25-Gbaud dual-polarization 16QAM signal transmission performance using LFM carriers was firstly evaluated. Figure 2(b) presents the phase noise profiles of both polarizations estimated through,
O_ISAC_079,2025,Fiber,Unknown,Δz,0.02,m,DZ,text,LFM Carrier Enabled Integrated Sensing and Communication in Self-homodyne Coherent Detection Transmission System > **Operation Principle** > Results and discussions,57,73,Fiber spatial granularity/gauge length is reported.,The 25-Gbaud dual-polarization 16QAM signal transmission performance using LFM carriers was firstly evaluated. Figure 2(b) presents the phase noise profiles of both polarizations estimated through,
O_ISAC_079,2025,Fiber,Unknown,R,200000000000.0,bps,OTHER,text,Conclusions,65,65,Data rate/throughput is reported.,"This paper presents a spectrally efficient self-homodyne architecture integrating communication and sensing through LFM carrier. Through spatial-division multiplexing in MCF and coherent detection, the proposed",
O_ISAC_079,2025,Fiber,Unknown,Δz,0.02,m,DZ,text,LFM Carrier Enabled Integrated Sensing and Communication in Self-homodyne Coherent Detection Transmission System > **Operation Principle** > Results and discussions,58,74,Fiber spatial granularity/gauge length is reported.,The OFDR sensing performance was tested using the 5-GHz LFM optical carrier with a 2-ms period as the probe in the 10-km LO path. Fig.,
O_ISAC_079,2025,Fiber,Unknown,Δz,0.02,m,DZ,text,LFM Carrier Enabled Integrated Sensing and Communication in Self-homodyne Coherent Detection Transmission System > **Operation Principle** > Results and discussions,59,75,Fiber spatial granularity/gauge length is reported.,The OFDR sensing performance was tested using the 5-GHz LFM optical carrier with a 2-ms period as the probe in the 10-km LO path. Fig.,
O_ISAC_079,2025,Fiber,Unknown,Δz,0.02,m,DZ,text,LFM Carrier Enabled Integrated Sensing and Communication in Self-homodyne Coherent Detection Transmission System > **Operation Principle** > Results and discussions,60,76,Fiber spatial granularity/gauge length is reported.,"3(a) displays the RBS intensity profile along the fiber length, showing two Fresnel reflection peaks at the MCF end (upper inset) with measured 2 cm",
O_ISAC_079,2025,Fiber,Unknown,Δz,0.02,m,DZ,text,LFM Carrier Enabled Integrated Sensing and Communication in Self-homodyne Coherent Detection Transmission System > **Operation Principle** > Results and discussions,61,77,Fiber spatial granularity/gauge length is reported.,"3(a) displays the RBS intensity profile along the fiber length, showing two Fresnel reflection peaks at the MCF end (upper inset) with measured 2 cm",
O_ISAC_079,2025,Fiber,Unknown,R,600000000000.0,bps,OTHER,text,Conclusions > References,74,74,Data rate/throughput is reported.,"- [2] S. Guerrier, K. Benyahya, C. Dorize, E. Awwad, H. Mardoyan and J. Renaudier, ""Vibration Detection and Localization in Buried Fiber Cable after 80km",
O_ISAC_079,2025,Fiber,Unknown,R,800000000000.0,bps,OTHER,text,Conclusions > References,80,80,Data rate/throughput is reported.,"- [8] T. Gui, J. Cao, X. Chen, K. Zheng, S. Yuan, X. Fang, Y. Lei, Q. Zhan, D. Wang, Q. Sui, Z. Li, and",
O_ISAC_080,2025,Fiber,Unknown,OSNR,3.0,dB,OTHER,text,Integrated Communication and In-band Spectrum Polarization-Based Sensing via Fraction-Division Non-Orthogonal Multiple Access,7,7,Optical SNR (OSNR) is mentioned.,*Abstract***—We have proposed and experimentally validated an integrated scheme of in-band spectrum polarization sensing and standard coherent communication via fraction-division nonorthogonal multiple access (FD-NOMA). Processed,
O_ISAC_080,2025,Fiber,Unknown,R,480000000000.0,bps,OTHER,text,Integrated Communication and In-band Spectrum Polarization-Based Sensing via Fraction-Division Non-Orthogonal Multiple Access,7,7,Data rate/throughput is reported.,*Abstract***—We have proposed and experimentally validated an integrated scheme of in-band spectrum polarization sensing and standard coherent communication via fraction-division nonorthogonal multiple access (FD-NOMA). Processed,
O_ISAC_080,2025,Fiber,Unknown,sigma_r,8.0,m,OTHER,text,Integrated Communication and In-band Spectrum Polarization-Based Sensing via Fraction-Division Non-Orthogonal Multiple Access,7,7,Estimator accuracy/RMSE is reported.,*Abstract***—We have proposed and experimentally validated an integrated scheme of in-band spectrum polarization sensing and standard coherent communication via fraction-division nonorthogonal multiple access (FD-NOMA). Processed,
O_ISAC_080,2025,Fiber,Unknown,OSNR,,dB,OTHER,text,I. INTRODUCTION,25,25,Optical SNR (OSNR) is mentioned.,"common drawback of the aforementioned methods is their reliance on dedicated orthogonal resources, whether in time, frequency, or space exclusively reserved for sensing. To overcome",
O_ISAC_080,2025,Fiber,Unknown,OSNR,0.9,dB,OTHER,text,I. INTRODUCTION,27,27,Optical SNR (OSNR) is mentioned.,"In this paper, an integrated scheme of in-band spectrum polarization sensing and standard coherent communication via fraction-division non-orthogonal multiple access (FD-NOMA) is proposed. Originated from",
O_ISAC_080,2025,Fiber,Unknown,sigma_r,8.0,m,OTHER,text,I. INTRODUCTION,27,27,Estimator accuracy/RMSE is reported.,"In this paper, an integrated scheme of in-band spectrum polarization sensing and standard coherent communication via fraction-division non-orthogonal multiple access (FD-NOMA) is proposed. Originated from",
O_ISAC_080,2025,Fiber,Unknown,OSNR,,dB,OTHER,text,I. INTRODUCTION,31,31,Optical SNR (OSNR) is mentioned.,utilizing chirp-based sensing probe. The orthogonality between sensing probe and telecom payload is also discussed. Section III presents experimental setup utilized to verify the performance,
O_ISAC_080,2025,Fiber,Unknown,OSNR,23,dB,OTHER,figure,B. Principle of In-band Spectrum Polarization sensing To enable polarization-based sensing without > IV. EXPERIMENTAL RESULTS AND DISCUSSIONS,124,124,Optical SNR (OSNR) is mentioned.,"the impact of SCPRs corresponding to -16dB, -18dB and -20dB on telecom payload. For SCPR equivalent to -16dB, the BER exhibits no significant improvement when",
O_ISAC_080,2025,Fiber,Unknown,OSNR,,dB,OTHER,figure,B. Principle of In-band Spectrum Polarization sensing To enable polarization-based sensing without > IV. EXPERIMENTAL RESULTS AND DISCUSSIONS,128,128,Optical SNR (OSNR) is mentioned.,Fig. 5(a) BER performance with and without SIC versus OSNR. (b) OSNR penalty of telecom payload versus SCPR. (c) The spectrum of FD-NOMA signal. (d),
O_ISAC_080,2025,Fiber,Unknown,B,7500000000.0,Hz,OTHER,figure,B. Principle of In-band Spectrum Polarization sensing To enable polarization-based sensing without > IV. EXPERIMENTAL RESULTS AND DISCUSSIONS,130,130,Bandwidth is reported.,"consisting of telecom payload and sensing probe. When the SCPR is -6 dB, the normalized intensity of signal within bandwidth from -7.5 to 7.5 GHz",
O_ISAC_080,2025,Fiber,Unknown,OSNR,26,dB,OTHER,figure,B. Principle of In-band Spectrum Polarization sensing To enable polarization-based sensing without > IV. EXPERIMENTAL RESULTS AND DISCUSSIONS,136,136,Optical SNR (OSNR) is mentioned.,Fig. 6 When OSNR=26dB: (a) Time distributions of the retrieved Stokes parameters and SOP rotation for 6kHz vibration using MIMO equalization (inset a to c),
O_ISAC_080,2025,Fiber,Unknown,OSNR,3,dB,OTHER,figure,B. Principle of In-band Spectrum Polarization sensing To enable polarization-based sensing without > IV. EXPERIMENTAL RESULTS AND DISCUSSIONS,138,138,Optical SNR (OSNR) is mentioned.,"multiplexing with the sensing signal. Consequently, adaptive equalization successfully achieves convergence and polarization demultiplexing utilizing this unmixed FD-NOMA component, thereby mitigating the influence of sensing",
O_ISAC_080,2025,Fiber,Unknown,OSNR,22,dB,OTHER,figure,B. Principle of In-band Spectrum Polarization sensing To enable polarization-based sensing without > IV. EXPERIMENTAL RESULTS AND DISCUSSIONS,156,156,Optical SNR (OSNR) is mentioned.,Fig. 7 Time-space distributions of the retrieved Stokes parameters and SOP rotation for 6kHz vibration using MIMO equalization (inset a to c) and FD-NOMA (inset,
O_ISAC_080,2025,Fiber,Unknown,OSNR,26,dB,OTHER,figure,B. Principle of In-band Spectrum Polarization sensing To enable polarization-based sensing without > IV. EXPERIMENTAL RESULTS AND DISCUSSIONS,158,158,Optical SNR (OSNR) is mentioned.,traces represent the retrieved waveform and its corresponding envelope. Measurements were conducted at an OSNR of 26 dB with 4.5 με strain applied via the,
O_ISAC_080,2025,Fiber,Unknown,OSNR,22,dB,OTHER,figure,B. Principle of In-band Spectrum Polarization sensing To enable polarization-based sensing without > IV. EXPERIMENTAL RESULTS AND DISCUSSIONS,160,160,Optical SNR (OSNR) is mentioned.,"dB, demonstrating 3.1 dB improvement. This improvement stems from the dual role of MIMO adaptive equalizer in polarization demultiplexing and mitigating inter-symbol interference (ISI) caused",
O_ISAC_080,2025,Fiber,Unknown,OSNR,,dB,OTHER,figure,B. Principle of In-band Spectrum Polarization sensing To enable polarization-based sensing without > IV. EXPERIMENTAL RESULTS AND DISCUSSIONS,164,164,Optical SNR (OSNR) is mentioned.,Fig. 8 (a) The SNR of waveforms affected by different OSNRs and strains. (b) The impact of OSNR and SCPR on sensing performance of FD-NOMA.,
O_ISAC_080,2025,Fiber,Unknown,OSNR,,dB,OTHER,figure,B. Principle of In-band Spectrum Polarization sensing To enable polarization-based sensing without > IV. EXPERIMENTAL RESULTS AND DISCUSSIONS,170,170,Optical SNR (OSNR) is mentioned.,"dispersed in fractional domain. Furthermore, Fig. 8(a) compares the performance between MIMO equalization and FD-NOMA under different OSNR and strain situations. For the applied strain",
O_ISAC_080,2025,Fiber,Unknown,OSNR,26,dB,OTHER,figure,B. Principle of In-band Spectrum Polarization sensing To enable polarization-based sensing without > IV. EXPERIMENTAL RESULTS AND DISCUSSIONS,172,172,Optical SNR (OSNR) is mentioned.,proposed FD-NOMA not only demonstrates robustness against ASE noise in polarization-based sensing but also offers advantages for adaptive MIMO equalization from telecom perspective [25]. The,
O_ISAC_080,2025,Fiber,Unknown,OSNR,2.3,dB,OTHER,text,V. CONCLUSION,191,191,Optical SNR (OSNR) is mentioned.,"In this paper, we propose an integrated scheme of in-band spectrum polarization sensing and standard coherent communication via FD-NOMA. By superimposing the sensing probe processed",
O_ISAC_080,2025,Fiber,Unknown,R,480000000000.0,bps,OTHER,text,V. CONCLUSION,191,191,Data rate/throughput is reported.,"In this paper, we propose an integrated scheme of in-band spectrum polarization sensing and standard coherent communication via FD-NOMA. By superimposing the sensing probe processed",
O_ISAC_080,2025,Fiber,Unknown,sigma_r,8.0,m,OTHER,text,V. CONCLUSION,191,191,Estimator accuracy/RMSE is reported.,"In this paper, we propose an integrated scheme of in-band spectrum polarization sensing and standard coherent communication via FD-NOMA. By superimposing the sensing probe processed",
O_ISAC_080,2025,Fiber,Unknown,R,600000000000.0,bps,OTHER,text,REFERENCES,205,205,Data rate/throughput is reported.,"- [11] S. Guerrier, K. Benyahya, C. Dorize., et al, Vibration detection and localization in buried fiber cable after 80 km of SSMF using digital",
O_ISAC_081,2023,Hybrid,Indoor,B,24000000000.0,Hz,OTHER,figure,Traveling Wave Antenna-on-Display featuring Simultaneous 2-D Phase and Frequency Beam Scanning for Integrated Sensing and Communication > II. INTEGRATED SINGLE PLATFORM FOR DUAL-BEAM > III. DISPLAY-INTEGRATED ANTENNA DESIGN,89,89,Bandwidth is reported.,The design scheme of the proposed TWAoD unit cell is shown in Fig. 5. The single layer unit cell is composed of gridshaped feed and,
O_ISAC_081,2023,Hybrid,Indoor,B,40000000000.0,Hz,OTHER,figure,Traveling Wave Antenna-on-Display featuring Simultaneous 2-D Phase and Frequency Beam Scanning for Integrated Sensing and Communication > *B. Experimental Verification*,121,121,Bandwidth is reported.,"array at the operating frequencies. The measured impedance bandwidth ascertains |S11| < -10dB across 20-40 GHz. In addition, the peak gain is achieved in the",
O_ISAC_082,2025,Hybrid,Indoor,Δz,10.2,m,DZ,text,"Signal-Signal Beating Interference: From Destructive to Constructive for Photonic THz Integrated Sensing and Communication System Using Self-Coherent OFDM > <span id=""page-0-8""></span><span id=""page-0-7""></span><span id=""page-0-4""></span><span id=""page-0-2""></span><span id=""page-0-1""></span>I. Introduction",15,31,Fiber spatial granularity/gauge length is reported.,Received 22 August 2025; revised 24 October 2025; accepted 14 November 2025. This work was supported by the National Natural Science Foundation of China under,
O_ISAC_082,2025,Hybrid,Indoor,Δz,10.2,m,DZ,text,"Signal-Signal Beating Interference: From Destructive to Constructive for Photonic THz Integrated Sensing and Communication System Using Self-Coherent OFDM > <span id=""page-0-8""></span><span id=""page-0-7""></span><span id=""page-0-4""></span><span id=""page-0-2""></span><span id=""page-0-1""></span>I. Introduction",16,32,Fiber spatial granularity/gauge length is reported.,"The authors are with the Key Laboratory of Photonic-Electric Integration and Communication-Sensing Convergence, Ministry of Education, School of Information Science and Technology, Southwest Jiaotong University,",
O_ISAC_082,2025,Hybrid,Indoor,Δz,10.2,m,DZ,text,"Signal-Signal Beating Interference: From Destructive to Constructive for Photonic THz Integrated Sensing and Communication System Using Self-Coherent OFDM > <span id=""page-0-8""></span><span id=""page-0-7""></span><span id=""page-0-4""></span><span id=""page-0-2""></span><span id=""page-0-1""></span>I. Introduction",17,33,Fiber spatial granularity/gauge length is reported.,"The authors are with the Key Laboratory of Photonic-Electric Integration and Communication-Sensing Convergence, Ministry of Education, School of Information Science and Technology, Southwest Jiaotong University,",
O_ISAC_082,2025,Hybrid,Indoor,Δz,10.2,m,DZ,text,"Signal-Signal Beating Interference: From Destructive to Constructive for Photonic THz Integrated Sensing and Communication System Using Self-Coherent OFDM > <span id=""page-0-8""></span><span id=""page-0-7""></span><span id=""page-0-4""></span><span id=""page-0-2""></span><span id=""page-0-1""></span>I. Introduction",18,34,Fiber spatial granularity/gauge length is reported.,"Digital Object Identifier 10.1109/TMTT.2025.3638469 <span id=""page-0-14""></span><span id=""page-0-13""></span><span id=""page-0-12""></span><span id=""page-0-11""></span><span id=""page-0-10""></span><span id=""page-0-9""></span>applications, such as autonomous driving assistance [10], low-altitude airspace management [11], infrastructure monitoring [12], industrial",
O_ISAC_082,2025,Hybrid,Indoor,Δz,10.2,m,DZ,text,"Signal-Signal Beating Interference: From Destructive to Constructive for Photonic THz Integrated Sensing and Communication System Using Self-Coherent OFDM > <span id=""page-0-8""></span><span id=""page-0-7""></span><span id=""page-0-4""></span><span id=""page-0-2""></span><span id=""page-0-1""></span>I. Introduction",19,35,Fiber spatial granularity/gauge length is reported.,"Digital Object Identifier 10.1109/TMTT.2025.3638469 <span id=""page-0-14""></span><span id=""page-0-13""></span><span id=""page-0-12""></span><span id=""page-0-11""></span><span id=""page-0-10""></span><span id=""page-0-9""></span>applications, such as autonomous driving assistance [10], low-altitude airspace management [11], infrastructure monitoring [12], industrial",
O_ISAC_082,2025,Hybrid,Indoor,Δz,10.2,m,DZ,text,"Signal-Signal Beating Interference: From Destructive to Constructive for Photonic THz Integrated Sensing and Communication System Using Self-Coherent OFDM > <span id=""page-0-8""></span><span id=""page-0-7""></span><span id=""page-0-4""></span><span id=""page-0-2""></span><span id=""page-0-1""></span>I. Introduction",20,36,Fiber spatial granularity/gauge length is reported.,"<span id=""page-0-14""></span><span id=""page-0-13""></span><span id=""page-0-12""></span><span id=""page-0-11""></span><span id=""page-0-10""></span><span id=""page-0-9""></span>applications, such as autonomous driving assistance [10], low-altitude airspace management [11], infrastructure monitoring [12], industrial IoT [13], health sensing",
O_ISAC_082,2025,Hybrid,Indoor,Δz,10.2,m,DZ,text,"Signal-Signal Beating Interference: From Destructive to Constructive for Photonic THz Integrated Sensing and Communication System Using Self-Coherent OFDM > <span id=""page-0-8""></span><span id=""page-0-7""></span><span id=""page-0-4""></span><span id=""page-0-2""></span><span id=""page-0-1""></span>I. Introduction",21,37,Fiber spatial granularity/gauge length is reported.,"<span id=""page-0-14""></span><span id=""page-0-13""></span><span id=""page-0-12""></span><span id=""page-0-11""></span><span id=""page-0-10""></span><span id=""page-0-9""></span>applications, such as autonomous driving assistance [10], low-altitude airspace management [11], infrastructure monitoring [12], industrial IoT [13], health sensing",
O_ISAC_082,2025,Hybrid,Indoor,Δz,10.2,m,DZ,text,"Signal-Signal Beating Interference: From Destructive to Constructive for Photonic THz Integrated Sensing and Communication System Using Self-Coherent OFDM > <span id=""page-0-8""></span><span id=""page-0-7""></span><span id=""page-0-4""></span><span id=""page-0-2""></span><span id=""page-0-1""></span>I. Introduction",22,38,Fiber spatial granularity/gauge length is reported.,"<span id=""page-0-15""></span>To better support these diverse use cases, ISAC systems often rely on broadband millimeter-wave (MMW) or terahertz (THz) frequencies, providing both enhanced communication capacity",
O_ISAC_082,2025,Hybrid,Indoor,Δz,10.2,m,DZ,text,"Signal-Signal Beating Interference: From Destructive to Constructive for Photonic THz Integrated Sensing and Communication System Using Self-Coherent OFDM > <span id=""page-0-8""></span><span id=""page-0-7""></span><span id=""page-0-4""></span><span id=""page-0-2""></span><span id=""page-0-1""></span>I. Introduction",23,39,Fiber spatial granularity/gauge length is reported.,"<span id=""page-0-15""></span>To better support these diverse use cases, ISAC systems often rely on broadband millimeter-wave (MMW) or terahertz (THz) frequencies, providing both enhanced communication capacity",
O_ISAC_082,2025,Hybrid,Indoor,Δz,10.2,m,DZ,text,"Signal-Signal Beating Interference: From Destructive to Constructive for Photonic THz Integrated Sensing and Communication System Using Self-Coherent OFDM > <span id=""page-0-8""></span><span id=""page-0-7""></span><span id=""page-0-4""></span><span id=""page-0-2""></span><span id=""page-0-1""></span>I. Introduction",24,40,Fiber spatial granularity/gauge length is reported.,"<span id=""page-0-21""></span><span id=""page-0-20""></span><span id=""page-0-19""></span><span id=""page-0-18""></span><span id=""page-0-17""></span><span id=""page-0-16""></span><span id=""page-0-5""></span><span id=""page-0-3""></span><span id=""page-0-0""></span>Building on the advantages mentioned above, photonicassisted MMW/THz ISAC systems have attracted tremendous research interest. These",
O_ISAC_082,2025,Hybrid,Indoor,Δz,10.2,m,DZ,text,"Signal-Signal Beating Interference: From Destructive to Constructive for Photonic THz Integrated Sensing and Communication System Using Self-Coherent OFDM > <span id=""page-0-8""></span><span id=""page-0-7""></span><span id=""page-0-4""></span><span id=""page-0-2""></span><span id=""page-0-1""></span>I. Introduction",25,41,Fiber spatial granularity/gauge length is reported.,"<span id=""page-0-21""></span><span id=""page-0-20""></span><span id=""page-0-19""></span><span id=""page-0-18""></span><span id=""page-0-17""></span><span id=""page-0-16""></span><span id=""page-0-5""></span><span id=""page-0-3""></span><span id=""page-0-0""></span>Building on the advantages mentioned above, photonicassisted MMW/THz ISAC systems have attracted tremendous research interest. These",
O_ISAC_082,2025,Hybrid,Indoor,Δz,0.021400000000000002,m,DZ,text,"Signal-Signal Beating Interference: From Destructive to Constructive for Photonic THz Integrated Sensing and Communication System Using Self-Coherent OFDM > <span id=""page-0-8""></span><span id=""page-0-7""></span><span id=""page-0-4""></span><span id=""page-0-2""></span><span id=""page-0-1""></span>I. Introduction",26,42,Fiber spatial granularity/gauge length is reported.,"![](_page_1_Figure_3.jpeg) <span id=""page-1-0""></span>Fig. 1. SSBI from destructive to constructive in self-coherent system. (a) SSBI generation. (b) Destructive SSBI (cancellation approaches). (c) Constructive SSBI. <span id=""page-1-3""></span>resolution.",
O_ISAC_082,2025,Hybrid,Indoor,Δz,0.021400000000000002,m,DZ,text,"Signal-Signal Beating Interference: From Destructive to Constructive for Photonic THz Integrated Sensing and Communication System Using Self-Coherent OFDM > <span id=""page-0-8""></span><span id=""page-0-7""></span><span id=""page-0-4""></span><span id=""page-0-2""></span><span id=""page-0-1""></span>I. Introduction",27,43,Fiber spatial granularity/gauge length is reported.,"![](_page_1_Figure_3.jpeg) <span id=""page-1-0""></span>Fig. 1. SSBI from destructive to constructive in self-coherent system. (a) SSBI generation. (b) Destructive SSBI (cancellation approaches). (c) Constructive SSBI. <span id=""page-1-3""></span>resolution.",
O_ISAC_082,2025,Hybrid,Indoor,Δz,0.021400000000000002,m,DZ,text,"Signal-Signal Beating Interference: From Destructive to Constructive for Photonic THz Integrated Sensing and Communication System Using Self-Coherent OFDM > <span id=""page-0-8""></span><span id=""page-0-7""></span><span id=""page-0-4""></span><span id=""page-0-2""></span><span id=""page-0-1""></span>I. Introduction",28,44,Fiber spatial granularity/gauge length is reported.,"<span id=""page-1-0""></span>Fig. 1. SSBI from destructive to constructive in self-coherent system. (a) SSBI generation. (b) Destructive SSBI (cancellation approaches). (c) Constructive SSBI. <span id=""page-1-3""></span>resolution. Sparse",
O_ISAC_082,2025,Hybrid,Indoor,Δz,0.021400000000000002,m,DZ,text,"Signal-Signal Beating Interference: From Destructive to Constructive for Photonic THz Integrated Sensing and Communication System Using Self-Coherent OFDM > <span id=""page-0-8""></span><span id=""page-0-7""></span><span id=""page-0-4""></span><span id=""page-0-2""></span><span id=""page-0-1""></span>I. Introduction",29,45,Fiber spatial granularity/gauge length is reported.,"<span id=""page-1-0""></span>Fig. 1. SSBI from destructive to constructive in self-coherent system. (a) SSBI generation. (b) Destructive SSBI (cancellation approaches). (c) Constructive SSBI. <span id=""page-1-3""></span>resolution. Sparse",
O_ISAC_082,2025,Hybrid,Indoor,Δz,0.021400000000000002,m,DZ,text,"Signal-Signal Beating Interference: From Destructive to Constructive for Photonic THz Integrated Sensing and Communication System Using Self-Coherent OFDM > <span id=""page-0-8""></span><span id=""page-0-7""></span><span id=""page-0-4""></span><span id=""page-0-2""></span><span id=""page-0-1""></span>I. Introduction",30,46,Fiber spatial granularity/gauge length is reported.,"<span id=""page-1-3""></span>resolution. Sparse LFM subband fusion [\[23\]](#page-9-19) increases spatial resolution to 2.14 cm while maintaining 18-Gb/s communication capacity in the E-band, and fiber length effects",
O_ISAC_082,2025,Hybrid,Indoor,Δz,0.021400000000000002,m,DZ,text,"Signal-Signal Beating Interference: From Destructive to Constructive for Photonic THz Integrated Sensing and Communication System Using Self-Coherent OFDM > <span id=""page-0-8""></span><span id=""page-0-7""></span><span id=""page-0-4""></span><span id=""page-0-2""></span><span id=""page-0-1""></span>I. Introduction",31,47,Fiber spatial granularity/gauge length is reported.,"<span id=""page-1-3""></span>resolution. Sparse LFM subband fusion [\[23\]](#page-9-19) increases spatial resolution to 2.14 cm while maintaining 18-Gb/s communication capacity in the E-band, and fiber length effects",
O_ISAC_082,2025,Hybrid,Indoor,B,5000000000.0,Hz,OTHER,figure,A. Communication Model > B. Sensing Model,124,124,Bandwidth is reported.,"<span id=""page-3-2""></span><span id=""page-3-1""></span><span id=""page-3-0""></span>Fig. 4. Spectra and the zero-Doppler cuts of ambiguity functions of OFDM signal and its SSBI signal. (a) Complex OFDM signal with",
O_ISAC_082,2025,Hybrid,Indoor,B,5000000000.0,Hz,OTHER,figure,A. Communication Model > B. Sensing Model,130,130,Bandwidth is reported.,"1) Performance Analysis of PSLR and 3-dB Resolution: As an example, consider an OFDM signal with a 5-GHz bandwidth and its SSBI signal. Their respective",
O_ISAC_082,2025,Hybrid,Indoor,B,5000000000.0,Hz,OTHER,figure,A. Communication Model > B. Sensing Model,132,132,Bandwidth is reported.,"Next, we compare the 3-dB resolution performance of OFDM and SSBI under different bandwidth conditions, as shown in Fig. 5. When both signals reach a",
O_ISAC_082,2025,Hybrid,Indoor,B,18000000000.0,Hz,OTHER,text,A. Communication Model > B. Sensing Model,138,138,Bandwidth is reported.,"0.52-cm resolution, maintaining a 28.8% advantage over the 0.73-cm resolution of OFDM. When both signals reach the same 0.52-cm resolution, SSBI requires only 18 GHz",
O_ISAC_082,2025,Hybrid,Indoor,B,5000000000.0,Hz,OTHER,eq,III. EXPERIMENTAL SETUP AND RESULTS,201,201,Bandwidth is reported.,| Total Bandwidth | B = 5 GHz |,
O_ISAC_082,2025,Hybrid,Indoor,B,144000000000.0,Hz,OTHER,figure,III. EXPERIMENTAL SETUP AND RESULTS,218,218,Bandwidth is reported.,The spectrum of the optical signal before injection into the THz photodetector is shown in Fig. [11\(a\).](#page-6-2) The frequency difference between the signal light and,
O_ISAC_082,2025,Hybrid,Indoor,B,144000000000.0,Hz,OTHER,eq,IV. CONCLUSION,266,266,Bandwidth is reported.,"<span id=""page-8-3""></span>We proposed and demonstrated a photonics-assisted THz OFDM ISAC system using a constructive SSBI. The system maintains key benefits of traditional self-coherent architectures, such",
O_ISAC_083,2024,Hybrid,Outdoor,R,10000000000.0,bps,OTHER,text,Towards Efficient Confluent Edge Networks > III. BACKGROUND LITERATURE,50,50,Data rate/throughput is reported.,"RFW, FSO, and flex-grid DWDM have individually progressed to the point that they are promising candidates for use in 6G x-haul networks. Since the initial",
O_ISAC_083,2024,Hybrid,Outdoor,B,120000000000.0,Hz,OTHER,text,Towards Efficient Confluent Edge Networks > III. BACKGROUND LITERATURE,50,50,Bandwidth is reported.,"RFW, FSO, and flex-grid DWDM have individually progressed to the point that they are promising candidates for use in 6G x-haul networks. Since the initial",
O_ISAC_083,2024,Hybrid,Outdoor,R,192000000000.0,bps,OTHER,text,Towards Efficient Confluent Edge Networks > III. BACKGROUND LITERATURE,60,60,Data rate/throughput is reported.,"hand, do not suffer from bandwidth limitations and allow for a direct and transparent connection to a fibre optical network [9]. State-of-the-art demonstrations achieved 192",
O_ISAC_083,2024,Hybrid,Outdoor,B,230000000000.0,Hz,OTHER,text,Towards Efficient Confluent Edge Networks > III. BACKGROUND LITERATURE,60,60,Bandwidth is reported.,"hand, do not suffer from bandwidth limitations and allow for a direct and transparent connection to a fibre optical network [9]. State-of-the-art demonstrations achieved 192",
O_ISAC_083,2024,Hybrid,Outdoor,R,100000000000.0,bps,OTHER,eq,Towards Efficient Confluent Edge Networks > III. BACKGROUND LITERATURE,62,62,Data rate/throughput is reported.,"While each transmission medium has been studied in some detail, they generally have yet to be studied in combination. RFW and FSO links have been",
O_ISAC_083,2024,Hybrid,Outdoor,B,350000000000.0,Hz,OTHER,text,Towards Efficient Confluent Edge Networks > *1) Radio Fixed Wireless (RFW) Transmission*,76,76,Bandwidth is reported.,"The plasmonic RFW link consists of a novel dual polarisation RFW transceiver, doubling the available data rate and operating over the 190 – 350 GHz",
O_ISAC_083,2024,Hybrid,Outdoor,R,64000000000.0,bps,OTHER,text,Towards Efficient Confluent Edge Networks > REFERENCES,138,138,Data rate/throughput is reported.,"- [8] I. Kallfass *et al.*, ""64 Gbit/s transmission over 850 m fixed wireless link at 240 GHz carrier frequency,"" *Journal of Infrared, Millimeter and",
O_ISAC_083,2024,Hybrid,Outdoor,R,190000000000.0,bps,OTHER,text,Towards Efficient Confluent Edge Networks > REFERENCES,140,140,Data rate/throughput is reported.,"- [10] Y. Horst *et al.*, ""Transparent optical-THz-optical link transmission over 5/115 m at 240/190 Gbit/s enabled by plasmonics,"" in *Proc. Optical Fiber Communications Conference",
O_ISAC_084,2024,VLC,Indoor,R,60.0,bps,OTHER,text,LumiPane: Intelligent Interaction through Gesture Sensing and Ambient Light Communication,15,15,Data rate/throughput is reported.,"*Abstract*—Intelligent interaction systems have revolutionized modern living and work environments. In this paper, we propose a novel system called LumiPane, which combines visible light communication",
O_ISAC_084,2024,VLC,Indoor,R,60.0,bps,OTHER,figure,LumiPane: Intelligent Interaction through Gesture Sensing and Ambient Light Communication > I. INTRODUCTION > *A. Background*,43,43,Data rate/throughput is reported.,"To solve this problem, we propose LumiPane, the first ISAC system that seamlessly integrates gesture sensing with ambient light communication functionalities. Fig. 1 illustrates two",
O_ISAC_084,2024,VLC,Indoor,R,80.0,bps,OTHER,text,LumiPane: Intelligent Interaction through Gesture Sensing and Ambient Light Communication > *B. Related Works*,47,47,Data rate/throughput is reported.,"Ambient light-based outdoor VLC has been an active research topic in recent years. For instance, in 2019, Rens Bloom *et al.* proposed LuxLink [11], an",
O_ISAC_085,2025,Fiber,Unknown,OSNR,,dB,OTHER,figure,III. EXPERIMENTAL SETUP AND RESULTS,138,138,Optical SNR (OSNR) is mentioned.,"After transmission through a standard single-mode fiber (SSMF) with a length of 40 km, the signal is coherent detected by an integrated coherent receiver (ICR)",
O_ISAC_086,2023,Hybrid,Indoor,R,16000000000.0,bps,OTHER,text,Photonics-assisted Millimeter-Wave Multiband Integrated Sensing and Communication System Using Coherent Receiving,5,5,Data rate/throughput is reported.,"Abstract—Multiband integrated sensing and communication (ISAC) systems towards multiple functions and multiple users will play an important pole in future 6G wireless networks. Here, we",
O_ISAC_086,2023,Hybrid,Indoor,R,41480000000.0,bps,OTHER,text,Photonics-assisted Millimeter-Wave Multiband Integrated Sensing and Communication System Using Coherent Receiving > I. INTRODUCTION,25,25,Data rate/throughput is reported.,"network is proposed, having a maximum 41.48 Gbit/s data rate and a maximum 1.53 cm sensing resolution [20]. Furthermore, the W-band [21] and THz-band [22]",
O_ISAC_086,2023,Hybrid,Indoor,B,15000000000.0,Hz,OTHER,text,Photonics-assisted Millimeter-Wave Multiband Integrated Sensing and Communication System Using Coherent Receiving > I. INTRODUCTION,25,25,Bandwidth is reported.,"network is proposed, having a maximum 41.48 Gbit/s data rate and a maximum 1.53 cm sensing resolution [20]. Furthermore, the W-band [21] and THz-band [22]",
O_ISAC_086,2023,Hybrid,Indoor,R,16000000000.0,bps,OTHER,text,Photonics-assisted Millimeter-Wave Multiband Integrated Sensing and Communication System Using Coherent Receiving > I. INTRODUCTION,29,29,Data rate/throughput is reported.,"Therefore, in this paper, we propose and experimentally demonstrate a novel photonics-based MMW multiband ISAC system. It is based on a single photonic MMW frequency",
O_ISAC_086,2023,Hybrid,Indoor,B,40000000000.0,Hz,OTHER,figure,III. EXPERIMENTS AND RESULTS > *A. Generation of the Ka-Band to V-band MMW ISAC Signals*,115,115,Bandwidth is reported.,"A proof-of-concept experiment is carried out based on the setup shown in Fig. [1.](#page-2-0) The OFC module is made up of a laser, an MZM,",
O_ISAC_086,2023,Hybrid,Indoor,B,40000000000.0,Hz,OTHER,figure,III. EXPERIMENTS AND RESULTS > *A. Generation of the Ka-Band to V-band MMW ISAC Signals*,119,119,Bandwidth is reported.,"Fig. 4 gives the measured optical spectrum (blue line) of the coupled optical signal via a 50:50 OC1, displaying a CS-SSB optical signal with an",
O_ISAC_086,2023,Hybrid,Indoor,B,2000000000.0,Hz,OTHER,text,III. EXPERIMENTS AND RESULTS > *A. Generation of the Ka-Band to V-band MMW ISAC Signals*,123,123,Bandwidth is reported.,| OFDM | Bandwidth | 2 GHz |,
O_ISAC_086,2023,Hybrid,Indoor,B,38000000000.0,Hz,OTHER,figure,III. EXPERIMENTS AND RESULTS > *A. Generation of the Ka-Band to V-band MMW ISAC Signals*,138,138,Bandwidth is reported.,"electrical spectrum of the obtained Ka-band ISAC signal centered at 38 GHz is shown in Fig. [5\(a\).](#page-5-0) Fig. [5\(b\)](#page-5-0) presents its spectrogram, demonstrating a 4",
O_ISAC_086,2023,Hybrid,Indoor,R,8000000000.0,bps,OTHER,figure,*B. Demonstrations of MMW Wireless Communication and Radar Detection Functions for Ka-Band and V-Band*,166,166,Data rate/throughput is reported.,"When the bandwidths of the baseband OFDM signals for the Ka-band and V-band cases are both set as 2 GHz, Fig. 5(c) and (g) give",
O_ISAC_086,2023,Hybrid,Indoor,B,2000000000.0,Hz,OTHER,figure,*B. Demonstrations of MMW Wireless Communication and Radar Detection Functions for Ka-Band and V-Band*,166,166,Bandwidth is reported.,"When the bandwidths of the baseband OFDM signals for the Ka-band and V-band cases are both set as 2 GHz, Fig. 5(c) and (g) give",
O_ISAC_086,2023,Hybrid,Indoor,B,1000000000.0,Hz,OTHER,figure,*B. Demonstrations of MMW Wireless Communication and Radar Detection Functions for Ka-Band and V-Band*,176,176,Bandwidth is reported.,"For Ka-band and V-band radar function demonstrations, dualchannel coherent radar receiver is leveraged to receive Ka-band and V-band radar echoes reflected by targets ∼3.2 m",
O_ISAC_086,2023,Hybrid,Indoor,B,54000000000.0,Hz,OTHER,figure,C. Demonstrations of Ultra-High Resolution Radar Based on Multiband Data Fusion Processing,200,200,Bandwidth is reported.,"processing, acquiring an equivalent wideband de-chirped signal (36-54 GHz) with a total pulse width of 22.5 $\mu$ s. Then, when the distance between two metal",
O_ISAC_086,2023,Hybrid,Indoor,B,30000000000.0,Hz,OTHER,figure,"IV. PROLONGABLE PERFORMANCE SIMULATIONS AND DISCUSSIONS OF PROPOSED ISAC SYSTEM IN U, V, AND W-BANDS",224,224,Bandwidth is reported.,"signals are delayed by 20 ns and 20.033 ns to emulate the reflections from two objects at 3 m and 3.005 m, respectively. Accordingly, Fig.",
O_ISAC_086,2023,Hybrid,Indoor,R,16000000000.0,bps,OTHER,text,V. CONCLUSION,228,228,Data rate/throughput is reported.,"In this paper, we have proposed and experimentally validated an MMW multiband ISAC system with large capacity communication and ultra-high resolution sensing capability based on",
O_ISAC_089,2023,Fiber,Unknown,R,10000000000.0,bps,OTHER,figure,Introduction,15,15,Data rate/throughput is reported.,"Different bands can be selected for ISLs, as shown in Fig. 1. The millimeter-wave (mmWave) is well-researched and has been utilized in 5G. However, its",
O_ISAC_089,2023,Fiber,Unknown,R,10000000000.0,bps,OTHER,text,Introduction,31,31,Data rate/throughput is reported.,| Modulation Rate | < Gb/s | Gb/s | ~ Gb/s | ~ 10 Gb/s | ~ 10 Gb/s |,
O_ISAC_089,2023,Fiber,Unknown,R,1000000000.0,bps,OTHER,text,Introduction,32,32,Data rate/throughput is reported.,| Communication Distance | 100 km@368<br>Mb/s | 1200 km@1 Gb/s | \ | 4000 km@10 Gb/s | |,
O_ISAC_089,2023,Fiber,Unknown,R,5000000000.0,bps,OTHER,figure,Introduction > spAce-borne lAser trAnsceIver termInAl,81,81,Data rate/throughput is reported.,The block diagram of a typical space-borne laser terminal is shown in Fig. 3. A terminal can be divided into an optical module and an,
O_ISAC_090,2025,Fiber,Unknown,R,200000000000.0,bps,OTHER,text,Demonstration of High Sensitivity Detection and High Precision Localization of Vibrations in Bidirectional Coherent Transmission Systems Enabled by Carrier Laser Phase Noise Retrieval,5,5,Data rate/throughput is reported.,Abstract—We demonstrate a method for mitigating the effects of laser phase noise on the detection and localization of vibrations in a bidirectional coherent optical fiber,
O_ISAC_090,2025,Fiber,Unknown,sigma_r,102.0,m,OTHER,text,Demonstration of High Sensitivity Detection and High Precision Localization of Vibrations in Bidirectional Coherent Transmission Systems Enabled by Carrier Laser Phase Noise Retrieval,5,5,Estimator accuracy/RMSE is reported.,Abstract—We demonstrate a method for mitigating the effects of laser phase noise on the detection and localization of vibrations in a bidirectional coherent optical fiber,
O_ISAC_090,2025,Fiber,Unknown,B,30000.0,Hz,OTHER,table,Demonstration of High Sensitivity Detection and High Precision Localization of Vibrations in Bidirectional Coherent Transmission Systems Enabled by Carrier Laser Phase Noise Retrieval > I. INTRODUCTION,27,27,Bandwidth is reported.,"One conventional method of localization is Distributed Acoustic Sensing (DAS), which recovers and processes a backwards-propagating optical field [1], [2], [3], [4]. As with optical",
O_ISAC_090,2025,Fiber,Unknown,R,240000000000.0,bps,OTHER,figure,II. CARRIER LASER PN RETRIEVAL > III. EXPERIMENTAL DESIGN,118,118,Data rate/throughput is reported.,"Fig. 3 shows our bidirectional, dual fiber, single polarization coherent optical fiber transmission system testbed. The Westto-East (W-E) and East-to-West (E-W) directions are identical. Both",
O_ISAC_090,2025,Fiber,Unknown,B,1000.0,Hz,OTHER,figure,II. CARRIER LASER PN RETRIEVAL > *A. Standalone Sensing*,138,138,Bandwidth is reported.,"In this measurement, we transmit CW tones in both directions and verify the denoising performance of the proposed method. The transducer is driven by wideband",
O_ISAC_090,2025,Fiber,Unknown,B,10000.0,Hz,OTHER,text,II. CARRIER LASER PN RETRIEVAL > *B. Sensing and Low Speed Data Transmission*,142,142,Bandwidth is reported.,"In the second measurement, we simultaneously transmit pilot tones and a low speed 16 QAM signal at 3 Gbaud. This setup enables concurrent capture of",
O_ISAC_090,2025,Fiber,Unknown,B,1000.0,Hz,OTHER,text,II. CARRIER LASER PN RETRIEVAL > *B. Sensing and Low Speed Data Transmission* > *C. Sensing and High-Speed Data Transmission*,146,146,Bandwidth is reported.,"In the third measurement, the symbol rate is increased to 60 Gbaud 16 QAM to demonstrate the efficacy of the proposed sensing technique in a",
O_ISAC_090,2025,Fiber,Unknown,B,3000.0,Hz,OTHER,text,II. CARRIER LASER PN RETRIEVAL > IV. EXPERIMENTAL RESULTS > *A. Standalone Sensing*,162,162,Bandwidth is reported.,"To verify the concept, we first verify the performance of the proposed method in the CW transmission case. Here, we introduce at 3 kHz center",
O_ISAC_090,2025,Fiber,Unknown,sigma_r,365.0,m,OTHER,figure,II. CARRIER LASER PN RETRIEVAL > IV. EXPERIMENTAL RESULTS > *A. Standalone Sensing*,174,174,Estimator accuracy/RMSE is reported.,"To evaluate the localization performance, we repeat the measurement 40 times and calculate the vibration location with and without the proposed denoising method. The localization",
O_ISAC_090,2025,Fiber,Unknown,B,1000.0,Hz,OTHER,figure,II. CARRIER LASER PN RETRIEVAL > IV. EXPERIMENTAL RESULTS > *A. Standalone Sensing*,176,176,Bandwidth is reported.,"Next, we perform a similar investigation at different vibration frequencies. The center frequency of the vibration is varied between 1 kHz, 3 kHz, and 10",
O_ISAC_090,2025,Fiber,Unknown,sigma_r,58.0,m,OTHER,figure,II. CARRIER LASER PN RETRIEVAL > IV. EXPERIMENTAL RESULTS > *A. Standalone Sensing*,188,188,Estimator accuracy/RMSE is reported.,"From Fig. [8\(c\)](#page-6-0) and [\(d\)](#page-6-0), we present the localization error versus the center frequency of the applied vibration. Similar to the trend observed in standard",
O_ISAC_090,2025,Fiber,Unknown,B,500000000.0,Hz,OTHER,figure,II. CARRIER LASER PN RETRIEVAL > IV. EXPERIMENTAL RESULTS > *B. Sensing and Low Speed Data Transmission*,192,192,Bandwidth is reported.,"In this section, we validate the feasibility of simultaneous data transmission and vibration localization in the proposed bidirectional coherent optical fiber transmission system. We concurrently",
O_ISAC_090,2025,Fiber,Unknown,sigma_r,185.0,m,OTHER,figure,II. CARRIER LASER PN RETRIEVAL > IV. EXPERIMENTAL RESULTS > *B. Sensing and Low Speed Data Transmission*,192,192,Estimator accuracy/RMSE is reported.,"In this section, we validate the feasibility of simultaneous data transmission and vibration localization in the proposed bidirectional coherent optical fiber transmission system. We concurrently",
O_ISAC_090,2025,Fiber,Unknown,R,200000000000.0,bps,OTHER,table,II. CARRIER LASER PN RETRIEVAL > *C. Sensing and High-Speed Data Transmission*,202,202,Data rate/throughput is reported.,"W-E direction and under 6.7% HD-FEC threshold (3.8e-3) for E-W direction. These data rates correspond to a net 200 Gbps single-polarization transmission, suitable for commercial",
O_ISAC_090,2025,Fiber,Unknown,R,200000000000.0,bps,OTHER,figure,II. CARRIER LASER PN RETRIEVAL > *C. Sensing and High-Speed Data Transmission*,204,204,Data rate/throughput is reported.,"Next, we install four inline/coax LPFs with a 200 MHz 3 dB bandwidth in order to mitigate the effects of aliasing and capture low-frequency vibrations.",
O_ISAC_090,2025,Fiber,Unknown,B,200000000.0,Hz,OTHER,figure,II. CARRIER LASER PN RETRIEVAL > *C. Sensing and High-Speed Data Transmission*,204,204,Bandwidth is reported.,"Next, we install four inline/coax LPFs with a 200 MHz 3 dB bandwidth in order to mitigate the effects of aliasing and capture low-frequency vibrations.",
O_ISAC_090,2025,Fiber,Unknown,sigma_r,102.0,m,OTHER,figure,II. CARRIER LASER PN RETRIEVAL > *C. Sensing and High-Speed Data Transmission*,204,204,Estimator accuracy/RMSE is reported.,"Next, we install four inline/coax LPFs with a 200 MHz 3 dB bandwidth in order to mitigate the effects of aliasing and capture low-frequency vibrations.",
O_ISAC_090,2025,Fiber,Unknown,R,200000000000.0,bps,OTHER,figure,II. CARRIER LASER PN RETRIEVAL > *C. Sensing and High-Speed Data Transmission*,210,210,Data rate/throughput is reported.,Fig. 12. Vibration spectra for an emulated tampering event with and without the effect of the method in the 200 Gbps bidirectional coherent transmission system.,
O_ISAC_090,2025,Fiber,Unknown,R,200000000000.0,bps,OTHER,figure,II. CARRIER LASER PN RETRIEVAL > *C. Sensing and High-Speed Data Transmission*,212,212,Data rate/throughput is reported.,the 200 Gbps traffic. The emulated perturbation induced phase variation spectra is shown in Fig. 12. We limit the frequency content to between 0.1 kHz,
O_ISAC_090,2025,Fiber,Unknown,sigma_r,68.0,m,OTHER,figure,II. CARRIER LASER PN RETRIEVAL > *C. Sensing and High-Speed Data Transmission*,212,212,Estimator accuracy/RMSE is reported.,the 200 Gbps traffic. The emulated perturbation induced phase variation spectra is shown in Fig. 12. We limit the frequency content to between 0.1 kHz,
O_ISAC_090,2025,Fiber,Unknown,R,200000000000.0,bps,OTHER,text,II. CARRIER LASER PN RETRIEVAL > V. CONCLUSION,216,216,Data rate/throughput is reported.,We propose and experimentally demonstrate a method for recovering carrier laser phase noise to enhance vibration detection and localization in optical networks. This method enables,
O_ISAC_090,2025,Fiber,Unknown,sigma_r,102.0,m,OTHER,text,II. CARRIER LASER PN RETRIEVAL > V. CONCLUSION,216,216,Estimator accuracy/RMSE is reported.,We propose and experimentally demonstrate a method for recovering carrier laser phase noise to enhance vibration detection and localization in optical networks. This method enables,
O_ISAC_095,2022,Hybrid,Indoor,R,23000000000.0,bps,OTHER,text,A Spectrum-Efficient MoF Architecture for Joint Sensing and Communication in B5G Based on Polarization Interleaving and Polarization-Insensitive Filtering > I. INTRODUCTION,41,41,Data rate/throughput is reported.,Noting that the works mentioned above only realized radar sensing or wireless communication alone. Due to the similarities between the radio frequency (RF) front ends,
O_ISAC_095,2022,Hybrid,Indoor,B,28000000000.0,Hz,OTHER,text,III. EXPERIMENTAL SET-UP AND RESULTS > *C. Discussion* > IV. CONCLUSION,244,244,Bandwidth is reported.,"To summarize, we propose and experimentally demonstrate a novel spectrum-efficient and user-friendly MoF architecture for joint sensing and communication in B5G optical-wireless converged networks. The",
O_ISAC_095,2022,Hybrid,Indoor,R,108000000000.0,bps,OTHER,text,REFERENCES,297,297,Data rate/throughput is reported.,"- [46] D. Qian, N. Cvijetic, J. Hu, and T. Wang, ""108 Gb/s OFDMA-PON with polarization multiplexing and direct detection,"" *J. Lightw. Technol.*, vol. 28,",
O_ISAC_096,2024,Hybrid,Indoor,R,10000000000.0,bps,OTHER,table,"<span id=""page-4-0""></span>III. NANOANTENNAS AND TERAHERTZ RADIATION > A. 6G Wireless Communications",321,321,Data rate/throughput is reported.,"Building upon the advancements of previous generations, such as 1G (commercialized in the 1980s) which provided limited voice calling capabilities and limited transfer rates, to",
O_ISAC_096,2024,Hybrid,Indoor,R,20000000000.0,bps,OTHER,text,"<span id=""page-4-0""></span>III. NANOANTENNAS AND TERAHERTZ RADIATION > A. 6G Wireless Communications",329,329,Data rate/throughput is reported.,| Peak Data Rate | 20 Gbps | over 1 Tbps | |,
O_ISAC_096,2024,Hybrid,Indoor,R,100000000.0,bps,OTHER,text,"<span id=""page-4-0""></span>III. NANOANTENNAS AND TERAHERTZ RADIATION > A. 6G Wireless Communications",330,330,Data rate/throughput is reported.,| Experienced Data<br>Rate | 100 Mbps | 1 Gbps | |,
O_ISAC_096,2024,Hybrid,Indoor,B,6000000000.0,Hz,OTHER,table,"<span id=""page-4-0""></span>III. NANOANTENNAS AND TERAHERTZ RADIATION > A. 6G Wireless Communications",338,338,Bandwidth is reported.,"<span id=""page-8-6""></span>i.e., 5G, 6G offers noteworthy advancements. It is expected to be 100 times more reliable, possessing increased stability and dependability for various applications. Additionally,",
O_ISAC_097,2025,Hybrid,Unknown,B,18000000000.0,Hz,OTHER,text,Microwave Photonic Integrated Sensing and Communication Based on Polarization Multiplexing and Frequency-to-Time Mapping > II. PRINCIPLE AND EXPERIMENTAL SETUP,92,92,Bandwidth is reported.,"As can be seen, the center frequency and sweep bandwidth of the generated ASK-LFM signal are four times that of the LFM signal generated by",
O_ISAC_097,2025,Hybrid,Unknown,R,1000000000.0,bps,OTHER,figure,"<span id=""page-3-4""></span>A. Spectra for Signal Generation and Transverse Load Sensing",141,141,Data rate/throughput is reported.,"<span id=""page-3-1""></span>Fig. 3. Electrical spectra of the joint radar and communication signals when the center frequency of the electrical LFM signal and the bit rate",
O_ISAC_097,2025,Hybrid,Unknown,B,200000000.0,Hz,OTHER,figure,"<span id=""page-3-4""></span>A. Spectra for Signal Generation and Transverse Load Sensing",143,143,Bandwidth is reported.,"one optical sideband in the center, and its power is 2.2 dB greater than that of the two optical sidebands on the two sides. The",
O_ISAC_097,2025,Hybrid,Unknown,R,1000000000.0,bps,OTHER,figure,"<span id=""page-3-4""></span>A. Spectra for Signal Generation and Transverse Load Sensing",145,145,Data rate/throughput is reported.,"The optical signal from the Y polarization is shown in Fig. 2(b). Here, the bit rate and peak-to-peak amplitude of the binary sequence from the",
O_ISAC_097,2025,Hybrid,Unknown,R,2000000000.0,bps,OTHER,figure,"<span id=""page-3-4""></span>A. Spectra for Signal Generation and Transverse Load Sensing",155,155,Data rate/throughput is reported.,"rate of the binary sequence $R_s$ is 1 and 2 Gbit/s, respectively, while Fig. 3(c) and (d) show the results when the center frequency of",
O_ISAC_097,2025,Hybrid,Unknown,R,2000000000.0,bps,OTHER,figure,B. Radar Ranging and Imaging,161,161,Data rate/throughput is reported.,"Fig. 4(a) and (b) show the spectra when the communication data rates are 1 and 2 Gbit/s, respectively. Note that the horizontal coordinates of the",
O_ISAC_097,2025,Hybrid,Unknown,R,2000000000.0,bps,OTHER,figure,B. Radar Ranging and Imaging,167,167,Data rate/throughput is reported.,"of a single target, the range resolution is also verified by using two metal tubes that are placed close to each other. The distance between",
O_ISAC_097,2025,Hybrid,Unknown,R,2000000000.0,bps,OTHER,figure,B. Radar Ranging and Imaging,169,169,Data rate/throughput is reported.,"To further demonstrate the tunability of the system, the center frequency of the LFM signal is adjusted from 3 to 6 GHz. In this case,",
O_ISAC_097,2025,Hybrid,Unknown,B,6000000000.0,Hz,OTHER,figure,B. Radar Ranging and Imaging,169,169,Bandwidth is reported.,"To further demonstrate the tunability of the system, the center frequency of the LFM signal is adjusted from 3 to 6 GHz. In this case,",
O_ISAC_097,2025,Hybrid,Unknown,R,1000000000.0,bps,OTHER,figure,B. Radar Ranging and Imaging,183,183,Data rate/throughput is reported.,"<span id=""page-5-1""></span>Fig. 7. (a) Waveform and envelope of the ASK-LFM signal, (b) waveform after compensation. Two sections of the waveform after compensation from (c) 0.20",
O_ISAC_097,2025,Hybrid,Unknown,R,1000000000.0,bps,OTHER,figure,C. High-Speed Communication,187,187,Data rate/throughput is reported.,"Then, high-speed communication using the ASK-LFM signal is demonstrated. At the communication receiving end, limited by the operating bandwidth (RF: 3–15 GHz, LO: 3–15 GHz,",
O_ISAC_097,2025,Hybrid,Unknown,B,15000000000.0,Hz,OTHER,figure,C. High-Speed Communication,187,187,Bandwidth is reported.,"Then, high-speed communication using the ASK-LFM signal is demonstrated. At the communication receiving end, limited by the operating bandwidth (RF: 3–15 GHz, LO: 3–15 GHz,",
O_ISAC_097,2025,Hybrid,Unknown,R,2000000000.0,bps,OTHER,figure,C. High-Speed Communication,189,189,Data rate/throughput is reported.,"Then, the communication data rate is adjusted to 2 Gbit/s, with the corresponding results shown in Fig. 8. Comparing Fig. 7(a) and Fig. 8(a), it",
O_ISAC_097,2025,Hybrid,Unknown,R,2000000000.0,bps,OTHER,figure,C. High-Speed Communication,195,195,Data rate/throughput is reported.,"<span id=""page-6-0""></span>Fig. 8. (a) Waveform and envelope of the ASK-LFM signal, (b) waveform after compensation. Two sections of the waveform after compensation from (c) 1.20",
O_ISAC_097,2025,Hybrid,Unknown,R,1000000000.0,bps,OTHER,figure,C. High-Speed Communication,199,199,Data rate/throughput is reported.,"<span id=""page-6-1""></span>Fig. 9. Eye diagrams when the communication data rates are (a) 1 Gbit/s and (b) 2 Gbit/s.",
O_ISAC_097,2025,Hybrid,Unknown,R,2000000000.0,bps,OTHER,figure,C. High-Speed Communication,203,203,Data rate/throughput is reported.,"Additionally, the waveforms after compensation are used to draw the eye diagrams. Fig. 9(a) and (b) are the eye diagrams obtained at communication data rates",
O_ISAC_097,2025,Hybrid,Unknown,B,1500000000.0,Hz,OTHER,figure,"<span id=""page-6-3""></span>D. Transverse Load Sensing",207,207,Bandwidth is reported.,"Finally, the transverse load sensing experiment is carried out when the center frequency and sweep bandwidth of the electrical LFM signal are 3 and 1.5",
O_ISAC_099,2025,Hybrid,Indoor,sigma_r,0.03,m,OTHER,figure,B. TDD-Based Bidirectional Transmission > III. EXPERIMENTAL RESULTS,97,97,Estimator accuracy/RMSE is reported.,observed from Fig. 3 that a ranging RMSE of no more than 3 cm can be achieved for a distance of 96 cm with a,
O_ISAC_099,2025,Hybrid,Indoor,sigma_r,0.96,m,OTHER,figure,B. TDD-Based Bidirectional Transmission > III. EXPERIMENTAL RESULTS,99,99,Estimator accuracy/RMSE is reported.,Fig. 4(a) illustrates the ranging RMSE versus distance for different modulation constellations. It can be seen that comparable ranging RMSE can be obtained by the,
O_ISAC_100,2025,Hybrid,Indoor,CRB,41,m,OTHER,text,"I. INTRODUCTION > <span id=""page-1-15""></span>II. SYSTEM FRAMEWORK FOR OW-ISAC > <span id=""page-5-1""></span>C. Signal Processing for Sensing",328,328,CRB/FIM is referenced.,"Once the expression for SNDR is obtained, the Cramèr-Rao Bound (CRB) can be then derived to provide a lower bound for the variance of estimated",
O_ISAC_100,2025,Hybrid,Indoor,CRB,0,m,OTHER,text,"I. INTRODUCTION > <span id=""page-1-15""></span>II. SYSTEM FRAMEWORK FOR OW-ISAC > <span id=""page-6-0""></span>A. Joint Optimization for Resource Allocation",359,359,CRB/FIM is referenced.,"Thereby, a deterministic objective that involves both the spectral efficiency for communication and the Fisher information for sensing is derived by the weighted-sum method, i.e.,",
O_ISAC_100,2025,Hybrid,Indoor,R,5.0,bps,OTHER,text,"<span id=""page-9-1""></span>Algorithm 1 BCD Algorithm for Joint Optimization of Resource Allocation for EADO-OFDM > V. NUMERICAL RESULTS",586,586,Data rate/throughput is reported.,| Reference spectral efficiency | $C_0$ | 5 bps/Hz |,
O_ISAC_100,2025,Hybrid,Indoor,CRB,5,m,OTHER,figure,"<span id=""page-9-1""></span>Algorithm 1 BCD Algorithm for Joint Optimization of Resource Allocation for EADO-OFDM > V. NUMERICAL RESULTS > <span id=""page-9-4""></span><span id=""page-9-3""></span>A. Optimal Resource Allocation for EADO-OFDM",619,619,CRB/FIM is referenced.,"For the power allocation, Fig. [5](#page-10-0) shows a smooth change from the sensing-centric scenario of ρ = 0.00 to the communication-centric scenario of ρ =",
O_ISAC_100,2025,Hybrid,Indoor,CRB,30,m,OTHER,figure,"<span id=""page-9-1""></span>Algorithm 1 BCD Algorithm for Joint Optimization of Resource Allocation for EADO-OFDM > V. NUMERICAL RESULTS > <span id=""page-9-4""></span><span id=""page-9-3""></span>A. Optimal Resource Allocation for EADO-OFDM",629,629,CRB/FIM is referenced.,"Once the optimal resource allocation is obtained, the spectral efficiency can be calculated by [\(30\),](#page-5-3) and the sensing precision is defined as c/2 √ I",
O_ISAC_100,2025,Hybrid,Indoor,ESNR,,dB,OTHER,figure,"<span id=""page-11-0""></span>*B. Communication Performance Metrics*",638,638,Electrical/post-detection SNR is mentioned.,"Since the communication performance metrics for DCO and ACO components of EADO-OFDM may differ much from each other, the BER and normalized MSE of DCO",
O_ISAC_100,2025,Hybrid,Indoor,ESNR,,dB,OTHER,figure,"<span id=""page-11-0""></span>*B. Communication Performance Metrics*",646,646,Electrical/post-detection SNR is mentioned.,"<span id=""page-12-1""></span>Fig. 7. BER and normalized MSE for communications w.r.t. different OFDM schemes. (a) BER versus electrical SNR. (b) Normalized MSE versus electrical SNR.",
O_ISAC_100,2025,Hybrid,Indoor,ESNR,,dB,OTHER,figure,"<span id=""page-11-0""></span>*B. Communication Performance Metrics* > <span id=""page-12-0""></span>C. Sensing Performance Metrics",660,660,Electrical/post-detection SNR is mentioned.,"<span id=""page-12-3""></span>Fig. 9. Range profiles obtained by different methods under various electrical SNRs",
O_ISAC_100,2025,Hybrid,Indoor,ESNR,,dB,OTHER,text,"<span id=""page-11-0""></span>*B. Communication Performance Metrics* > <span id=""page-12-0""></span>C. Sensing Performance Metrics",666,666,Electrical/post-detection SNR is mentioned.,"Carlo simulations. In addition, the electrical SNR for sensing is defined as $P_e/(N\Delta f N_s)$ .",
O_ISAC_100,2025,Hybrid,Indoor,ESNR,,dB,OTHER,figure,"<span id=""page-11-0""></span>*B. Communication Performance Metrics* > <span id=""page-12-0""></span>C. Sensing Performance Metrics",684,684,Electrical/post-detection SNR is mentioned.,"The relationship between sensing performance and atmospheric turbulence is illustrated in Fig. 11. As the scintillation index increases, the RMSE curve demands a higher electrical",
O_ISAC_100,2025,Hybrid,Indoor,ESNR,,dB,OTHER,figure,"<span id=""page-11-0""></span>*B. Communication Performance Metrics* > <span id=""page-12-0""></span>C. Sensing Performance Metrics",686,686,Electrical/post-detection SNR is mentioned.,"Furthermore, the performance of detection is illustrated in Fig. 12. Specifically, we assert the presence of a target if the received optical or electrical power",
O_ISAC_105,2024,Hybrid,Indoor,R,120000000000.0,bps,OTHER,text,Multi-Channel Photonic THz-ISAC System Based on Integrated LFM-QAM Waveform,11,11,Data rate/throughput is reported.,*Abstract***—The integrated sensing and communication (ISAC) has been envisioned as a promising technology to simultaneously perform high-capacity communication and high-accuracy sensing with efficient resource utilization.,
O_ISAC_105,2024,Hybrid,Indoor,R,100000000000.0,bps,OTHER,text,Multi-Channel Photonic THz-ISAC System Based on Integrated LFM-QAM Waveform > I. INTRODUCTION,37,37,Data rate/throughput is reported.,"**I** N RECENT years, the sensing and communication, which have historically developed separately, present striking system similarities and gradually converge toward integration on the same",
O_ISAC_105,2024,Hybrid,Indoor,R,92000000000.0,bps,OTHER,text,Multi-Channel Photonic THz-ISAC System Based on Integrated LFM-QAM Waveform > I. INTRODUCTION,49,49,Data rate/throughput is reported.,"an orthomode transducer (OMT), the electromagnetic polarization division multiplexing (PDM) technique is employed to allocate the sensing and communication signals on two orthogonal electromagnetic polarizations,",
O_ISAC_105,2024,Hybrid,Indoor,R,120000000000.0,bps,OTHER,text,Multi-Channel Photonic THz-ISAC System Based on Integrated LFM-QAM Waveform > I. INTRODUCTION,57,57,Data rate/throughput is reported.,THz-ISAC system by combining the integrated LFM-quadrature amplitude modulation (QAM) waveform with the wavelength division multiplexing (WDM) technique. The mathematical model of such an LFM-QAM,
O_ISAC_105,2024,Hybrid,Indoor,Δr_min,c / 2B,m,DRMIN,eq,Multi-Channel Photonic THz-ISAC System Based on Integrated LFM-QAM Waveform > II. OPERATION PRINCIPLE > *A. Multi-Channel LFM-QAM Waveform Design*,103,113,Resolution is defined via c/(2B).,$$PSLR_{LFM-QAM} = \gamma_u A_m PSLR_{LFM-PSK}$$ $$= 2\pi \rho \gamma_u A_m \frac{1-11\rho^2}{16\rho^3 - 11\rho^2 + 1} \csc\left(\frac{11\rho^2 - 1}{8\rho^2}\pi\right)$$ (6) where $\rho$ is defined as the,
O_ISAC_105,2024,Hybrid,Indoor,Δr_min,c / 2B,m,DRMIN,eq,Multi-Channel Photonic THz-ISAC System Based on Integrated LFM-QAM Waveform > II. OPERATION PRINCIPLE > *A. Multi-Channel LFM-QAM Waveform Design*,104,114,Resolution is defined via c/(2B).,$$PSLR_{LFM-QAM} = \gamma_u A_m PSLR_{LFM-PSK}$$ $$= 2\pi \rho \gamma_u A_m \frac{1-11\rho^2}{16\rho^3 - 11\rho^2 + 1} \csc\left(\frac{11\rho^2 - 1}{8\rho^2}\pi\right)$$ (6) where $\rho$ is defined as the,
O_ISAC_105,2024,Hybrid,Indoor,Δr_min,c / 2B,m,DRMIN,eq,Multi-Channel Photonic THz-ISAC System Based on Integrated LFM-QAM Waveform > II. OPERATION PRINCIPLE > *A. Multi-Channel LFM-QAM Waveform Design*,105,115,Resolution is defined via c/(2B).,$$= 2\pi \rho \gamma_u A_m \frac{1-11\rho^2}{16\rho^3 - 11\rho^2 + 1} \csc\left(\frac{11\rho^2 - 1}{8\rho^2}\pi\right)$$ (6) where $\rho$ is defined as the bandwidth ratio of LFM and,
O_ISAC_105,2024,Hybrid,Indoor,Δr_min,c / 2B,m,DRMIN,eq,Multi-Channel Photonic THz-ISAC System Based on Integrated LFM-QAM Waveform > II. OPERATION PRINCIPLE > *A. Multi-Channel LFM-QAM Waveform Design*,106,116,Resolution is defined via c/(2B).,$$= 2\pi \rho \gamma_u A_m \frac{1-11\rho^2}{16\rho^3 - 11\rho^2 + 1} \csc\left(\frac{11\rho^2 - 1}{8\rho^2}\pi\right)$$ (6) where $\rho$ is defined as the bandwidth ratio of LFM and,
O_ISAC_105,2024,Hybrid,Indoor,Δr_min,c / 2B,m,DRMIN,eq,Multi-Channel Photonic THz-ISAC System Based on Integrated LFM-QAM Waveform > II. OPERATION PRINCIPLE > *A. Multi-Channel LFM-QAM Waveform Design*,107,117,Resolution is defined via c/(2B).,"(6) where $\rho$ is defined as the bandwidth ratio of LFM and QAM signal. For a fixed bandwidth ratio, the PSLR increases with the LFM",
O_ISAC_105,2024,Hybrid,Indoor,Δr_min,c / 2B,m,DRMIN,eq,Multi-Channel Photonic THz-ISAC System Based on Integrated LFM-QAM Waveform > II. OPERATION PRINCIPLE > *A. Multi-Channel LFM-QAM Waveform Design*,108,118,Resolution is defined via c/(2B).,"where $\rho$ is defined as the bandwidth ratio of LFM and QAM signal. For a fixed bandwidth ratio, the PSLR increases with the LFM carrier",
O_ISAC_105,2024,Hybrid,Indoor,Δr_min,c / 2B,m,DRMIN,eq,Multi-Channel Photonic THz-ISAC System Based on Integrated LFM-QAM Waveform > II. OPERATION PRINCIPLE > *A. Multi-Channel LFM-QAM Waveform Design*,109,119,Resolution is defined via c/(2B).,"where $\rho$ is defined as the bandwidth ratio of LFM and QAM signal. For a fixed bandwidth ratio, the PSLR increases with the LFM carrier",
O_ISAC_105,2024,Hybrid,Indoor,Δr_min,c / 2B,m,DRMIN,eq,Multi-Channel Photonic THz-ISAC System Based on Integrated LFM-QAM Waveform > II. OPERATION PRINCIPLE > *A. Multi-Channel LFM-QAM Waveform Design*,110,120,Resolution is defined via c/(2B).,"For a fixed bandwidth ratio, the PSLR increases with the LFM carrier amplitude and the QAM expectation amplitude. From (3) and (6), we can conclude",
O_ISAC_105,2024,Hybrid,Indoor,Δr_min,c / 2B,m,DRMIN,eq,Multi-Channel Photonic THz-ISAC System Based on Integrated LFM-QAM Waveform > II. OPERATION PRINCIPLE > *A. Multi-Channel LFM-QAM Waveform Design*,111,121,Resolution is defined via c/(2B).,"For a fixed bandwidth ratio, the PSLR increases with the LFM carrier amplitude and the QAM expectation amplitude. From (3) and (6), we can conclude",
O_ISAC_105,2024,Hybrid,Indoor,Δr_min,c / 2B,m,DRMIN,eq,Multi-Channel Photonic THz-ISAC System Based on Integrated LFM-QAM Waveform > II. OPERATION PRINCIPLE > *A. Multi-Channel LFM-QAM Waveform Design*,112,122,Resolution is defined via c/(2B).,"In addition, according to (5), after the digitally matched filter, the range resolution of each channel can be calculated as c / 2B, where c",
O_ISAC_105,2024,Hybrid,Indoor,Δr_min,c / 2B,m,DRMIN,eq,Multi-Channel Photonic THz-ISAC System Based on Integrated LFM-QAM Waveform > II. OPERATION PRINCIPLE > *A. Multi-Channel LFM-QAM Waveform Design*,113,123,Resolution is defined via c/(2B).,"In addition, according to (5), after the digitally matched filter, the range resolution of each channel can be calculated as c / 2B, where c",
O_ISAC_105,2024,Hybrid,Indoor,B,10000000000.0,Hz,OTHER,figure,Multi-Channel Photonic THz-ISAC System Based on Integrated LFM-QAM Waveform > II. OPERATION PRINCIPLE > B. THz Source Phase Noise Consideration,132,132,Bandwidth is reported.,"Fig. 4 illustrates simulation results of the effect of THz source phase noise on theoretical range resolution, with an LFM bandwidth of 10 GHz for",
O_ISAC_105,2024,Hybrid,Indoor,B,100000.0,Hz,OTHER,figure,Multi-Channel Photonic THz-ISAC System Based on Integrated LFM-QAM Waveform > III. EXPERIMANTAL SETUP,158,158,Bandwidth is reported.,"The experimental setup of the proposed multi-channel THz-ISAC system configuration based on the LFM-QAM waveform is shown in Fig. [5.](#page-4-0) At the transmitter side, the",
O_ISAC_105,2024,Hybrid,Indoor,B,10000000000.0,Hz,OTHER,figure,Multi-Channel Photonic THz-ISAC System Based on Integrated LFM-QAM Waveform > III. EXPERIMANTAL SETUP,160,160,Bandwidth is reported.,"In the experiment, the baseband LFM-QAM integrated signal is generated by an electrical arbitrary waveform generator (AWG, Keysight M8194A, 120 GSa/s). The output voltage amplitude",
O_ISAC_105,2024,Hybrid,Indoor,B,40000000000.0,Hz,OTHER,figure,Multi-Channel Photonic THz-ISAC System Based on Integrated LFM-QAM Waveform > III. EXPERIMANTAL SETUP,162,162,Bandwidth is reported.,"After propagation in a 0.5 m line-of-sight (LOS) wireless link, the THz integrated signal is collected by the receiver horn antenna and then amplified using",
O_ISAC_105,2024,Hybrid,Indoor,B,63000000000.0,Hz,OTHER,figure,Multi-Channel Photonic THz-ISAC System Based on Integrated LFM-QAM Waveform > III. EXPERIMANTAL SETUP,170,170,Bandwidth is reported.,individually captured and digitized by a 160 GSa/s real-time digital storage oscilloscope (DSO) with 63 GHz analog bandwidth. The stored signals are processed and analyzed,
O_ISAC_105,2024,Hybrid,Indoor,R,120000000000.0,bps,OTHER,figure,Multi-Channel Photonic THz-ISAC System Based on Integrated LFM-QAM Waveform > *B. Communication Performance of LFM-QAM Waveform on Multiple Channels*,192,192,Data rate/throughput is reported.,3 channels. The symbol modulation format is set as 16QAM per channel with a 10 Gbaud data rate. Fig. 7 shows the measured EVM performance,
O_ISAC_105,2024,Hybrid,Indoor,R,120000000000.0,bps,OTHER,figure,Multi-Channel Photonic THz-ISAC System Based on Integrated LFM-QAM Waveform > *B. Communication Performance of LFM-QAM Waveform on Multiple Channels*,206,206,Data rate/throughput is reported.,"forward error correction (SD-FEC) limit with 20% overhead in all channels and photocurrents, resulting in a gross data rate of 120 Gbps with a net",
O_ISAC_105,2024,Hybrid,Indoor,R,100000000000.0,bps,OTHER,text,Multi-Channel Photonic THz-ISAC System Based on Integrated LFM-QAM Waveform > *C. Radar Sensing Performance of LFM-QAM Waveform and Muti-Channel Fusion Sensing* > V. CONCLUSION,222,222,Data rate/throughput is reported.,"In summary, a multi-channel photonic THz-ISAC system based on an LFM-QAM integrated waveform is proposed and experimentally demonstrated, to simultaneously achieve beyond 100 Gbps communication",
O_ISAC_105,2024,Hybrid,Indoor,R,60000000000.0,bps,OTHER,text,Multi-Channel Photonic THz-ISAC System Based on Integrated LFM-QAM Waveform > *C. Radar Sensing Performance of LFM-QAM Waveform and Muti-Channel Fusion Sensing* > REFERENCES,241,241,Data rate/throughput is reported.,"- [16] Y. Wang et al., ""Integrated 1.58 cm range resolution radar and 60 Gbit/s 50m wireless communication based-on photonics technology in terahertz band,"" in",
O_ISAC_105,2024,Hybrid,Indoor,R,120000000000.0,bps,OTHER,text,Multi-Channel Photonic THz-ISAC System Based on Integrated LFM-QAM Waveform > *C. Radar Sensing Performance of LFM-QAM Waveform and Muti-Channel Fusion Sensing* > REFERENCES,255,255,Data rate/throughput is reported.,"- [27] Z. Lyu et al., ""Photonic THz-ISAC demonstration with simultaneous 120Gbit/s communication and 2.5mm sensing resolution,"" in *Proc. IEEE 49th Eur. Conf. Opt. Commun.*,",
O_ISAC_107,2024,Hybrid,Indoor,R,12000000.0,bps,OTHER,text,Experimental Demonstration of Integrated Optical Wireless Sensing and Communication,9,9,Data rate/throughput is reported.,"Abstract—Whilethe contours of 6G are still being defined, integrated sensing and communication (ISAC) has been identified by the International Telecommunications Union (ITU) as a key",
O_ISAC_107,2024,Hybrid,Indoor,R,3000000.0,bps,OTHER,text,Experimental Demonstration of Integrated Optical Wireless Sensing and Communication > I. INTRODUCTION,51,51,Data rate/throughput is reported.,| [27] | 2022 | CDMA | RSS | 1-3 Mbps | 1.5 cm (mean) | 4 LED | 1 PD | $0.6 \times 0.6,
O_ISAC_107,2024,Hybrid,Indoor,R,120000.0,bps,OTHER,text,Experimental Demonstration of Integrated Optical Wireless Sensing and Communication > I. INTRODUCTION,52,52,Data rate/throughput is reported.,| [28] | 2022 | OOK | RSS | 0.12 Mbps | 3.43 cm (mean) | 1 LED | 5 PD | $1.0 \times 1.0,
O_ISAC_107,2024,Hybrid,Indoor,R,440000.0,bps,OTHER,text,Experimental Demonstration of Integrated Optical Wireless Sensing and Communication > I. INTRODUCTION,53,53,Data rate/throughput is reported.,| [29] | 2023 | ООК | Computer | 0.44 Mbps | 3.35 cm (mean) | 1 LED | 1 PD | $2.0 \times 2.0,
O_ISAC_107,2024,Hybrid,Indoor,R,22300000.0,bps,OTHER,text,Experimental Demonstration of Integrated Optical Wireless Sensing and Communication > I. INTRODUCTION,56,56,Data rate/throughput is reported.,| [31] | 2023 | OFDMA | PDOA | 22.3 Mbps | 8 cm (80%) | 4 LED | 1 PD | $2.0 \times 2.0,
O_ISAC_107,2024,Hybrid,Indoor,R,12000000.0,bps,OTHER,text,Experimental Demonstration of Integrated Optical Wireless Sensing and Communication > I. INTRODUCTION,57,57,Data rate/throughput is reported.,| This work | 2024 | m-CAP | RSS | 12 Mbps | 5.9 cm (90%) | 4 LED | 3 PD | $1.2 \times,
O_ISAC_107,2024,Hybrid,Indoor,R,32000000.0,bps,OTHER,text,Experimental Demonstration of Integrated Optical Wireless Sensing and Communication > I. INTRODUCTION,61,61,Data rate/throughput is reported.,"The use of OWC systems for ISAC is also beginning to be studied, not only through simulations [19], [20], [21], [22], [23] but also experimentally",
O_ISAC_107,2024,Hybrid,Indoor,R,1000000.0,bps,OTHER,table,Experimental Demonstration of Integrated Optical Wireless Sensing and Communication > I. INTRODUCTION,63,63,Data rate/throughput is reported.,"From an experimental point of view, a few works on OWC-based ISAC have already been published, demonstrating very interesting performances, as shown in Table I.",
O_ISAC_107,2024,Hybrid,Indoor,R,22300000.0,bps,OTHER,text,Experimental Demonstration of Integrated Optical Wireless Sensing and Communication > I. INTRODUCTION,65,65,Data rate/throughput is reported.,"implemented within the ITU-T G.9991 layers [9] for ISAC in industrial environments. In [31], an OFDM/PDOA system is extensively studied and shown to offer a",
O_ISAC_107,2024,Hybrid,Indoor,R,12000000.0,bps,OTHER,table,Experimental Demonstration of Integrated Optical Wireless Sensing and Communication > I. INTRODUCTION,69,69,Data rate/throughput is reported.,"To that end, we implemented a prototype with universal software radio peripheral (USRP) boards for signal generation and processing, connected to optical transceivers – or",
O_ISAC_107,2024,Hybrid,Indoor,R,150000000.0,bps,OTHER,figure,B. Modeling of the Proposed System > B. Details on the Optical Antenna,268,268,Data rate/throughput is reported.,1) Motivations for Using a Commercial Optical Antenna: It appears clearly from the previous section that the optical antennas are among the fundamental components of,
O_ISAC_107,2024,Hybrid,Indoor,B,30000000.0,Hz,OTHER,table,B. Modeling of the Proposed System > B. Details on the Optical Antenna,303,303,Bandwidth is reported.,"On its side, the receiver chain converts the incident optical signal Φrx,i(t) into its electrical equivalent <sup>I</sup>rx,i(t), using three silicon PDs, each coupled to a",
O_ISAC_107,2024,Hybrid,Indoor,R,16000000.0,bps,OTHER,text,B. Modeling of the Proposed System > TABLE IV *m*-CAP PARAMETERS,327,327,Data rate/throughput is reported.,"| Data rate, $R_b$ | 16 Mbps |",
O_ISAC_107,2024,Hybrid,Indoor,B,30000000.0,Hz,OTHER,text,B. Modeling of the Proposed System > TABLE IV *m*-CAP PARAMETERS,329,329,Bandwidth is reported.,"<sup>−</sup>3 dB bandwidth of around 30 MHz, between 1.17 MHz and 31.2 MHz. Note that, on the one hand, the high-pass roll-off observed around 1",
O_ISAC_107,2024,Hybrid,Indoor,R,12000000.0,bps,OTHER,text,B. Modeling of the Proposed System > IV. EVALUATION OF THE COMMUNICATION PERFORMANCE,392,392,Data rate/throughput is reported.,"We can therefore conclude from these various results that the proposed OWC-based ISAC system provides continuous communication coverage over the entire receiver plane, with an",
O_ISAC_107,2024,Hybrid,Indoor,R,12000000.0,bps,OTHER,text,VI. CONCLUSIONS AND FUTURE WORKS,464,464,Data rate/throughput is reported.,"Although some of these assumptions are not or partially verified in practice, experimental tests carried out in a 1.2×1.2 <sup>×</sup> 2.16 m<sup>3</sup> room still show",
O_ISAC_111,2024,Hybrid,Unknown,R,125516000000.0,bps,OTHER,text,A Sub-THz ISAC System with Simultaneous Real-Time 125.516-Gbps Communication Rate and Offline 10-mm Sensing Resolution Enabled by Photonics > **Introduction**,34,34,Data rate/throughput is reported.,This study integrates high-speed communication and high-resolution sensing in the sub-THz band employing the commonly used FDM method. Real-time communication of 125.516 Gbps has been,
O_ISAC_111,2024,Hybrid,Unknown,B,16000000000.0,Hz,OTHER,figure,A Sub-THz ISAC System with Simultaneous Real-Time 125.516-Gbps Communication Rate and Offline 10-mm Sensing Resolution Enabled by Photonics > **Introduction** > **Experimental setup**,54,54,Bandwidth is reported.,"In the OWCM, three functions are implemented, namely the generation of wavelength-division multiplexing- (WDM-) ISAC signals, conversion of the WDM-ISAC signals into dual-polarization (DP) signals",
O_ISAC_111,2024,Hybrid,Unknown,B,120000000000.0,Hz,OTHER,figure,A Sub-THz ISAC System with Simultaneous Real-Time 125.516-Gbps Communication Rate and Offline 10-mm Sensing Resolution Enabled by Photonics > **Introduction** > **Experimental setup**,60,60,Bandwidth is reported.,Due to the limited number of UTC-PDs. only one sub-THz LFM signal centered around 120 GHz with a bandwidth of 16 GHz is transmitted to,
O_ISAC_111,2024,Hybrid,Unknown,R,125516000000.0,bps,OTHER,figure,A Sub-THz ISAC System with Simultaneous Real-Time 125.516-Gbps Communication Rate and Offline 10-mm Sensing Resolution Enabled by Photonics > **Introduction** > **Experimental setup** > **Results and Discussions**,74,74,Data rate/throughput is reported.,"Subsequently, we measure the BER and ROP versus the average of the incident optical power (IOP) into the two UTC-PDs in OWCM when varying the",
O_ISAC_111,2024,Hybrid,Unknown,B,23000000000.0,Hz,OTHER,figure,A Sub-THz ISAC System with Simultaneous Real-Time 125.516-Gbps Communication Rate and Offline 10-mm Sensing Resolution Enabled by Photonics > **Introduction** > **Experimental setup** > **Results and Discussions**,84,84,Bandwidth is reported.,"converted echoes and the reference digital LFM wave. In Fig. 3(b) and Fig. 3(d), the two objects can be clearly separated, while the correlation peaks",
O_ISAC_111,2024,Hybrid,Unknown,R,125516000000.0,bps,OTHER,text,A Sub-THz ISAC System with Simultaneous Real-Time 125.516-Gbps Communication Rate and Offline 10-mm Sensing Resolution Enabled by Photonics > **Introduction** > **Experimental setup** > Conclusion,88,88,Data rate/throughput is reported.,"We have proposed and demonstrated a photonics-assisted ISAC link in the D-band. The proposed architecture enables high-speed real-time communication using the mature DCO module. Meanwhile,",
O_ISAC_111,2024,Hybrid,Unknown,Δz,0.01,m,DZ,text,A Sub-THz ISAC System with Simultaneous Real-Time 125.516-Gbps Communication Rate and Offline 10-mm Sensing Resolution Enabled by Photonics > **Introduction** > **Experimental setup** > Conclusion,87,103,Fiber spatial granularity/gauge length is reported.,"We have proposed and demonstrated a photonics-assisted ISAC link in the D-band. The proposed architecture enables high-speed real-time communication using the mature DCO module. Meanwhile,",
O_ISAC_111,2024,Hybrid,Unknown,Δz,0.01,m,DZ,text,A Sub-THz ISAC System with Simultaneous Real-Time 125.516-Gbps Communication Rate and Offline 10-mm Sensing Resolution Enabled by Photonics > **Introduction** > **Experimental setup** > Conclusion,88,104,Fiber spatial granularity/gauge length is reported.,"We have proposed and demonstrated a photonics-assisted ISAC link in the D-band. The proposed architecture enables high-speed real-time communication using the mature DCO module. Meanwhile,",
O_ISAC_111,2024,Hybrid,Unknown,R,60000000000.0,bps,OTHER,text,A Sub-THz ISAC System with Simultaneous Real-Time 125.516-Gbps Communication Rate and Offline 10-mm Sensing Resolution Enabled by Photonics > **Introduction** > **Acknowledgments** > References,103,103,Data rate/throughput is reported.,"- [3] Y. Wang et al., ""Integrated 1.58 cm range Resolution Radar and 60 Gbit/s 50m Wireless Communication Based-on Photonics technology in Terahertz Band,"" Optical",
O_ISAC_111,2024,Hybrid,Unknown,R,120000000000.0,bps,OTHER,text,A Sub-THz ISAC System with Simultaneous Real-Time 125.516-Gbps Communication Rate and Offline 10-mm Sensing Resolution Enabled by Photonics > **Introduction** > **Acknowledgments** > References,107,107,Data rate/throughput is reported.,"- [7] Z. Lyu et al., ""Photonic THz-ISAC demonstration with simultaneous 120Gbit/s communication and 2.5mm sensing resolution,"" in *European Conference on Optical Communications*, IEEE, 2023,",
O_ISAC_113,2025,Fiber,Underwater,B,100000000.0,Hz,OTHER,figure,Advanced Integration of Sensing and Communication With High DSP Compatibility for SMART Network > II. EXPERIMENTAL DEMONSTRATION,55,55,Bandwidth is reported.,"<span id=""page-1-2""></span>Experimental demonstration of the proposed ISAC is depicted in Fig. [2.](#page-1-1) A 20-GHz bandwidth I/Q modulator modulates the light emitted by an external cavity",
O_ISAC_114,2024,Hybrid,Indoor,R,632580000.0,bps,OTHER,text,"Revolutionizing 6G: Experimental Validation of an Optical Integrated Communication, Sensing, and Power Transfer System",9,9,Data rate/throughput is reported.,"*Abstract*—The evolution of communication network architectures is steering towards more sustainable, flexible, and lightweight designs, particularly with the advent of sixthgeneration (6G) mobile communications. Spectrum-rich",
O_ISAC_114,2024,Hybrid,Indoor,sigma_r,0.0,m,OTHER,text,"Revolutionizing 6G: Experimental Validation of an Optical Integrated Communication, Sensing, and Power Transfer System",9,9,Estimator accuracy/RMSE is reported.,"*Abstract*—The evolution of communication network architectures is steering towards more sustainable, flexible, and lightweight designs, particularly with the advent of sixthgeneration (6G) mobile communications. Spectrum-rich",
O_ISAC_114,2024,Hybrid,Indoor,R,34200000.0,bps,OTHER,text,I. INTRODUCTION,41,41,Data rate/throughput is reported.,One of the key challenges in delivering services to an expanding number of smart nodes is the limited energy resources of wireless devices. Energy harvesting,
O_ISAC_114,2024,Hybrid,Indoor,R,632580000.0,bps,OTHER,text,I. INTRODUCTION,57,57,Data rate/throughput is reported.,- The first experimental proof-of-concept of the O-ICSPT system is presented. The experimental platform successfully demonstrates a communication performance with a data rate of approximately,
O_ISAC_114,2024,Hybrid,Indoor,sigma_r,0.0,m,OTHER,text,I. INTRODUCTION,57,57,Estimator accuracy/RMSE is reported.,- The first experimental proof-of-concept of the O-ICSPT system is presented. The experimental platform successfully demonstrates a communication performance with a data rate of approximately,
O_ISAC_114,2024,Hybrid,Indoor,B,200000000.0,Hz,OTHER,text,I. INTRODUCTION > II. O-ICSPT SYSTEM FRAMEWORK > D. Numerical Evaluation,272,272,Bandwidth is reported.,"| Bandwidth, B | 200 MHz |",
O_ISAC_114,2024,Hybrid,Indoor,B,92420000.0,Hz,OTHER,table,I. INTRODUCTION > III. EXPERIMENTAL SET-UP,321,321,Bandwidth is reported.,The specific experimental parameters are listed in Table III. The 6 low-frequency subcarriers were filled with 0 due to the poor response of the EA.,
O_ISAC_114,2024,Hybrid,Indoor,B,57600000.0,Hz,OTHER,text,IV. EXPERIMENTAL RESULTS AND DISCUSSIONS > A. System Characteristic,351,351,Bandwidth is reported.,"7(d). The -10 dB bandwidths of the red, green, and blue LDs are 57.6 MHz, 46.2 MHz, and 51.5 MHz, respectively.",
O_ISAC_114,2024,Hybrid,Indoor,R,632000000.0,bps,OTHER,figure,IV. EXPERIMENTAL RESULTS AND DISCUSSIONS > A. System Characteristic > B. System Performance,421,421,Data rate/throughput is reported.,Fig. 13 depicts the performance of the O-ICSPT system with different LD light sources. A performance trade-off between communication-sensing and EH is achieved by splitting,
O_ISAC_114,2024,Hybrid,Indoor,sigma_r,0.0,m,OTHER,figure,IV. EXPERIMENTAL RESULTS AND DISCUSSIONS > A. System Characteristic > B. System Performance,421,421,Estimator accuracy/RMSE is reported.,Fig. 13 depicts the performance of the O-ICSPT system with different LD light sources. A performance trade-off between communication-sensing and EH is achieved by splitting,
O_ISAC_115,2021,FSO,Indoor,B,30000000000.0,Hz,OTHER,text,II. ISAC CHANNEL MODELING > *B. Challenges of ISAC Channel Modeling*,39,39,Bandwidth is reported.,"Channel modeling for communication are different from those for sensing which generally requires high-resolution surrounding information. For example, localization requires the angle and delay of",
O_ISAC_116,2025,Hybrid,Indoor,R,2000000.0,bps,OTHER,table,Enhanced Room Coverage With Photon-Level NLOS Ultraviolet Optical Wireless Communication,9,9,Data rate/throughput is reported.,*Abstract*—A robust indoor solar-blind ultraviolet (UV) communication system employing a non-line-of-sight (NLOS) scheme is presented. This approach achieves full-room coverage with a data rate of,
O_ISAC_116,2025,Hybrid,Indoor,R,6500000000.0,bps,OTHER,eq,"Enhanced Room Coverage With Photon-Level NLOS Ultraviolet Optical Wireless Communication > <span id=""page-0-0""></span>I. INTRODUCTION",15,15,Data rate/throughput is reported.,"<span id=""page-0-1""></span>I N RECENT years, optical wireless communication (OWC) has achieved ultra-high-speed point-to-point links, reaching data rates of multiple terabits per second for collimated beam",
O_ISAC_116,2025,Hybrid,Indoor,R,1240000000.0,bps,OTHER,text,"Enhanced Room Coverage With Photon-Level NLOS Ultraviolet Optical Wireless Communication > <span id=""page-0-0""></span>I. INTRODUCTION",29,29,Data rate/throughput is reported.,"In this letter, we first illustrate the limitation of commonly reported direct LOS UV systems with a 1.24 Gbps link whose performance is shown to",
O_ISAC_116,2025,Hybrid,Indoor,B,400000000.0,Hz,OTHER,eq,II. LIMITATION OF LOS UV COMMUNICATION,33,33,Bandwidth is reported.,"<span id=""page-0-4""></span><span id=""page-0-3""></span>The effect of misalignment is demonstrated to highlight a key limitation of commonly reported direct LOS OWC systems. For this, a commercial-off-the-shelf UV-C",
O_ISAC_116,2025,Hybrid,Indoor,R,1240000000.0,bps,OTHER,text,II. LIMITATION OF LOS UV COMMUNICATION,47,47,Data rate/throughput is reported.,data rate of 1.24 Gbps is achieved at a BER of $3.8 \times 10^{-3}$ representing 7% overhead hard-decision pre-forward error correction (FEC) limit and a,
O_ISAC_116,2025,Hybrid,Indoor,R,200000000.0,bps,OTHER,figure,II. LIMITATION OF LOS UV COMMUNICATION,49,49,Data rate/throughput is reported.,"While this data rate is impressive, it is highly dependent on maintaining very stringent direct LOS with 0° offset angle between the transmitter (Tx) and",
O_ISAC_116,2025,Hybrid,Indoor,R,2000000.0,bps,OTHER,text,II. LIMITATION OF LOS UV COMMUNICATION > A. Experimental Set-up and Configurations,79,79,Data rate/throughput is reported.,"To fully evaluate system performance, three different illustrative scenarios are considered. In the first scenario (Tx\_90°\_Rx\_90°), the LED array is placed in the room centre",
O_ISAC_116,2025,Hybrid,Indoor,R,2000000.0,bps,OTHER,text,"II. LIMITATION OF LOS UV COMMUNICATION > <span id=""page-2-2""></span>C. Enhanced Coverage Results and Discussions > IV. PROSPECT OF UV SENSING AND COMMUNICATION",105,105,Data rate/throughput is reported.,The potential for simultaneous signal transmission and sensing is demonstrated by exploiting the increased scattering of UV photons due to presence of a higher aerosol/particle,
O_ISAC_116,2025,Hybrid,Indoor,R,2000000.0,bps,OTHER,figure,"II. LIMITATION OF LOS UV COMMUNICATION > <span id=""page-2-2""></span>C. Enhanced Coverage Results and Discussions > IV. PROSPECT OF UV SENSING AND COMMUNICATION",107,107,Data rate/throughput is reported.,"Under smoke-free conditions, the system initially achieved an average BER of $2.64 \times 10^{-3}$ and 5.13 dB SNR, fulfilling high-reliability communication. Subsequently, artificial smoke is",
O_ISAC_116,2025,Hybrid,Indoor,R,1240000000.0,bps,OTHER,table,"II. LIMITATION OF LOS UV COMMUNICATION > <span id=""page-2-2""></span>C. Enhanced Coverage Results and Discussions > V. CONCLUSION",113,113,Data rate/throughput is reported.,This letter provides experimental demonstration of a solar-blind indoor UV communication system that offers highfidelity data transmission with relaxed beam PAT requirements. We first presented,
O_ISAC_117,2024,Hybrid,Indoor,R,10000000.0,bps,OTHER,text,Integrated Design of OFDM-LFM Lidar Communication in IoV Environment,19,19,Data rate/throughput is reported.,"Abstract—To address the challenges associated with traditional communication-sensing integrated systems in the Internet of Vehicle (IoV) environment, particularly in terms of spectrum demand and hardware",
O_ISAC_117,2024,Hybrid,Indoor,B,2000000.0,Hz,OTHER,text,C. Communication Receiver > III. SIMULATION AND ANALYSIS,154,154,Bandwidth is reported.,| bandwidth | 2MHz |,
O_ISAC_117,2024,Hybrid,Indoor,R,10000000.0,bps,OTHER,figure,A. BER > IV. EXPERIMENTAL EVALUATION,201,201,Data rate/throughput is reported.,"The FPGA-based hardware platform depicted in Fig. 1 is illustrated in Fig. 6, which consists of FPGA, VCSEL, APD, amplifier, comparator, and computer. The test",
O_ISAC_118,2023,Hybrid,Outdoor,B,100000000.0,Hz,OTHER,text,III. SYSTEM MODEL,68,68,Bandwidth is reported.,"tracing simulator, WaveFarer [12]. Given that the reflected signal power is approximately -185 dBm when transmiting 0 dBm signal while the Equivalent Isotropic Radiated Power",
O_ISAC_118,2023,Hybrid,Outdoor,B,100000000.0,Hz,OTHER,text,V. SIMULATION RESULTS > *A. Simulation Environment and Setup*,174,174,Bandwidth is reported.,"To reflect path loss and radar cross-section (RCS), we utilized the ray-tracing simulator WaveFarer to obtain these values [12]. Although these values can vary with",
O_ISAC_119,2023,Hybrid,Indoor,R,92000000000.0,bps,OTHER,text,Integration of Sensing and Communication in a W-Band Fiber-Wireless Link Enabled by Electromagnetic Polarization Multiplexing,9,9,Data rate/throughput is reported.,Abstract—The coexistence needs of sensing and communication in millimeter-wave (mmW) bands have urgently driven the seamless integration of sensing and communication in the upcoming mmW,
O_ISAC_119,2023,Hybrid,Indoor,B,6000000000.0,Hz,OTHER,text,Integration of Sensing and Communication in a W-Band Fiber-Wireless Link Enabled by Electromagnetic Polarization Multiplexing > I. Introduction,27,27,Bandwidth is reported.,"HE depletion of frequency resources below 6 GHz has driven mobile communications to develop into millimeterwave (mmW) bands due to the sufficient available bandwidth. Recently,",
O_ISAC_119,2023,Hybrid,Indoor,R,432000000000.0,bps,OTHER,figure,Integration of Sensing and Communication in a W-Band Fiber-Wireless Link Enabled by Electromagnetic Polarization Multiplexing > I. Introduction,29,29,Data rate/throughput is reported.,"For mmW applications, photonics-assisted techniques have shown many potentials compared with conventional electronic ones [3]. On the one hand, it is easy to obtain mmW",
O_ISAC_119,2023,Hybrid,Indoor,R,46550000000.0,bps,OTHER,text,Integration of Sensing and Communication in a W-Band Fiber-Wireless Link Enabled by Electromagnetic Polarization Multiplexing > I. Introduction,45,45,Data rate/throughput is reported.,"The TDM mechanism arranges radar and communication waveforms in different time slots to share the limited operating bandwidth of the JRC systems. In [\[23\],](#page-9-0) a",
O_ISAC_119,2023,Hybrid,Indoor,R,23000000000.0,bps,OTHER,text,Integration of Sensing and Communication in a W-Band Fiber-Wireless Link Enabled by Electromagnetic Polarization Multiplexing > I. Introduction,47,47,Data rate/throughput is reported.,"The FDM mechanism arranges radar and communication waveforms in different frequency bands to avoid the service interruptions. In our previous work [\[26\],](#page-9-0) a 28-GHz band",
O_ISAC_119,2023,Hybrid,Indoor,Δz,0.19,m,DZ,text,Integration of Sensing and Communication in a W-Band Fiber-Wireless Link Enabled by Electromagnetic Polarization Multiplexing > I. Introduction,41,57,Fiber spatial granularity/gauge length is reported.,"Fig. 2. Research results of typical photonics-assisted JRC works. To integrate radar and communication functions in mmW bands, many photonics-assisted joint radar and communication (JRC)",
O_ISAC_119,2023,Hybrid,Indoor,R,100000000.0,bps,OTHER,text,Integration of Sensing and Communication in a W-Band Fiber-Wireless Link Enabled by Electromagnetic Polarization Multiplexing > I. Introduction,49,49,Data rate/throughput is reported.,"The CTCF mechanism usually achieves the two functions using integrated waveforms, which can ensure uninterrupted services and avoid the mutual interference between the radar and",
O_ISAC_119,2023,Hybrid,Indoor,Δz,0.19,m,DZ,text,Integration of Sensing and Communication in a W-Band Fiber-Wireless Link Enabled by Electromagnetic Polarization Multiplexing > I. Introduction,42,58,Fiber spatial granularity/gauge length is reported.,"To integrate radar and communication functions in mmW bands, many photonics-assisted joint radar and communication (JRC) systems have been reported in recent two years, using",
O_ISAC_119,2023,Hybrid,Indoor,Δz,0.19,m,DZ,text,Integration of Sensing and Communication in a W-Band Fiber-Wireless Link Enabled by Electromagnetic Polarization Multiplexing > I. Introduction,43,59,Fiber spatial granularity/gauge length is reported.,"To integrate radar and communication functions in mmW bands, many photonics-assisted joint radar and communication (JRC) systems have been reported in recent two years, using",
O_ISAC_119,2023,Hybrid,Indoor,Δz,0.19,m,DZ,text,Integration of Sensing and Communication in a W-Band Fiber-Wireless Link Enabled by Electromagnetic Polarization Multiplexing > I. Introduction,44,60,Fiber spatial granularity/gauge length is reported.,"The TDM mechanism arranges radar and communication waveforms in different time slots to share the limited operating bandwidth of the JRC systems. In [\[23\],](#page-9-0) a",
O_ISAC_119,2023,Hybrid,Indoor,Δz,0.19,m,DZ,text,Integration of Sensing and Communication in a W-Band Fiber-Wireless Link Enabled by Electromagnetic Polarization Multiplexing > I. Introduction,45,61,Fiber spatial granularity/gauge length is reported.,"The TDM mechanism arranges radar and communication waveforms in different time slots to share the limited operating bandwidth of the JRC systems. In [\[23\],](#page-9-0) a",
O_ISAC_119,2023,Hybrid,Indoor,Δz,0.3,m,DZ,text,Integration of Sensing and Communication in a W-Band Fiber-Wireless Link Enabled by Electromagnetic Polarization Multiplexing > I. Introduction,46,62,Fiber spatial granularity/gauge length is reported.,"The FDM mechanism arranges radar and communication waveforms in different frequency bands to avoid the service interruptions. In our previous work [\[26\],](#page-9-0) a 28-GHz band",
O_ISAC_119,2023,Hybrid,Indoor,Δz,0.3,m,DZ,text,Integration of Sensing and Communication in a W-Band Fiber-Wireless Link Enabled by Electromagnetic Polarization Multiplexing > I. Introduction,47,63,Fiber spatial granularity/gauge length is reported.,"The FDM mechanism arranges radar and communication waveforms in different frequency bands to avoid the service interruptions. In our previous work [\[26\],](#page-9-0) a 28-GHz band",
O_ISAC_119,2023,Hybrid,Indoor,Δz,0.019,m,DZ,text,Integration of Sensing and Communication in a W-Band Fiber-Wireless Link Enabled by Electromagnetic Polarization Multiplexing > I. Introduction,48,64,Fiber spatial granularity/gauge length is reported.,"The CTCF mechanism usually achieves the two functions using integrated waveforms, which can ensure uninterrupted services and avoid the mutual interference between the radar and",
O_ISAC_119,2023,Hybrid,Indoor,Δz,0.019,m,DZ,text,Integration of Sensing and Communication in a W-Band Fiber-Wireless Link Enabled by Electromagnetic Polarization Multiplexing > I. Introduction,49,65,Fiber spatial granularity/gauge length is reported.,"The CTCF mechanism usually achieves the two functions using integrated waveforms, which can ensure uninterrupted services and avoid the mutual interference between the radar and",
O_ISAC_119,2023,Hybrid,Indoor,R,92000000000.0,bps,OTHER,text,Integration of Sensing and Communication in a W-Band Fiber-Wireless Link Enabled by Electromagnetic Polarization Multiplexing > I. Introduction,57,57,Data rate/throughput is reported.,electromagnetic polarization multiplexing. It is an extension of our OFC paper [36]. The ultra-wideband sensing and communication waveforms in W-band are obtained by the asymmetrical,
O_ISAC_119,2023,Hybrid,Indoor,Δz,10.8,m,DZ,text,Integration of Sensing and Communication in a W-Band Fiber-Wireless Link Enabled by Electromagnetic Polarization Multiplexing > I. Introduction,50,66,Fiber spatial granularity/gauge length is reported.,"Given the above, the time-frequency competition or the limitation of integrated waveforms makes it more difficult to simultaneously obtain ultra-high radar resolution and ultra-large communication",
O_ISAC_119,2023,Hybrid,Indoor,Δz,10.8,m,DZ,text,Integration of Sensing and Communication in a W-Band Fiber-Wireless Link Enabled by Electromagnetic Polarization Multiplexing > I. Introduction,51,67,Fiber spatial granularity/gauge length is reported.,"Given the above, the time-frequency competition or the limitation of integrated waveforms makes it more difficult to simultaneously obtain ultra-high radar resolution and ultra-large communication",
O_ISAC_119,2023,Hybrid,Indoor,Δz,10.8,m,DZ,text,Integration of Sensing and Communication in a W-Band Fiber-Wireless Link Enabled by Electromagnetic Polarization Multiplexing > I. Introduction,52,68,Fiber spatial granularity/gauge length is reported.,"{2}------------------------------------------------ <span id=""page-2-0""></span>Fig. 3. Architecture of our proposed mmW fiber-wireless link with ISAC. DSP: digital signal processing, D/A: digital-to-analog convention, ECL: external cavity laser, I/Q:",
O_ISAC_119,2023,Hybrid,Indoor,Δz,10.8,m,DZ,text,Integration of Sensing and Communication in a W-Band Fiber-Wireless Link Enabled by Electromagnetic Polarization Multiplexing > I. Introduction,53,69,Fiber spatial granularity/gauge length is reported.,"{2}------------------------------------------------ <span id=""page-2-0""></span>Fig. 3. Architecture of our proposed mmW fiber-wireless link with ISAC. DSP: digital signal processing, D/A: digital-to-analog convention, ECL: external cavity laser, I/Q:",
O_ISAC_119,2023,Hybrid,Indoor,Δz,10.8,m,DZ,text,Integration of Sensing and Communication in a W-Band Fiber-Wireless Link Enabled by Electromagnetic Polarization Multiplexing > I. Introduction,54,70,Fiber spatial granularity/gauge length is reported.,"<span id=""page-2-0""></span>Fig. 3. Architecture of our proposed mmW fiber-wireless link with ISAC. DSP: digital signal processing, D/A: digital-to-analog convention, ECL: external cavity laser, I/Q: I/Q",
O_ISAC_119,2023,Hybrid,Indoor,Δz,10.8,m,DZ,text,Integration of Sensing and Communication in a W-Band Fiber-Wireless Link Enabled by Electromagnetic Polarization Multiplexing > I. Introduction,55,71,Fiber spatial granularity/gauge length is reported.,"<span id=""page-2-0""></span>Fig. 3. Architecture of our proposed mmW fiber-wireless link with ISAC. DSP: digital signal processing, D/A: digital-to-analog convention, ECL: external cavity laser, I/Q: I/Q",
O_ISAC_119,2023,Hybrid,Indoor,Δz,10.8,m,DZ,text,Integration of Sensing and Communication in a W-Band Fiber-Wireless Link Enabled by Electromagnetic Polarization Multiplexing > I. Introduction,56,72,Fiber spatial granularity/gauge length is reported.,electromagnetic polarization multiplexing. It is an extension of our OFC paper [36]. The ultra-wideband sensing and communication waveforms in W-band are obtained by the asymmetrical,
O_ISAC_119,2023,Hybrid,Indoor,Δz,10.8,m,DZ,text,Integration of Sensing and Communication in a W-Band Fiber-Wireless Link Enabled by Electromagnetic Polarization Multiplexing > I. Introduction,57,73,Fiber spatial granularity/gauge length is reported.,electromagnetic polarization multiplexing. It is an extension of our OFC paper [36]. The ultra-wideband sensing and communication waveforms in W-band are obtained by the asymmetrical,
O_ISAC_119,2023,Hybrid,Indoor,Δz,50.0,m,DZ,text,Integration of Sensing and Communication in a W-Band Fiber-Wireless Link Enabled by Electromagnetic Polarization Multiplexing > B. mmW Radar and Communication Receivers,127,143,Fiber spatial granularity/gauge length is reported.,"(11) As can be seen, the CRQ gets larger with the increase of sensing or communication bandwidths. Besides, the CRQ generally outlines the bandwidth competition",
O_ISAC_119,2023,Hybrid,Indoor,B,10000000000.0,Hz,OTHER,figure,Integration of Sensing and Communication in a W-Band Fiber-Wireless Link Enabled by Electromagnetic Polarization Multiplexing > A. W-Band ISAC Signals Generation and Reception,135,135,Bandwidth is reported.,"Fig. 4(a) illustrates the experimental set-up of our proposed W-band fiber-wireless link with ISAC. In the ISAC transmitter, the digital ISAC signal to be delivered",
O_ISAC_119,2023,Hybrid,Indoor,Δz,50.0,m,DZ,text,Integration of Sensing and Communication in a W-Band Fiber-Wireless Link Enabled by Electromagnetic Polarization Multiplexing > B. mmW Radar and Communication Receivers,128,144,Fiber spatial granularity/gauge length is reported.,"As can be seen, the CRQ gets larger with the increase of sensing or communication bandwidths. Besides, the CRQ generally outlines the bandwidth competition principle",
O_ISAC_119,2023,Hybrid,Indoor,Δz,50.0,m,DZ,text,Integration of Sensing and Communication in a W-Band Fiber-Wireless Link Enabled by Electromagnetic Polarization Multiplexing > B. mmW Radar and Communication Receivers,129,145,Fiber spatial granularity/gauge length is reported.,"As can be seen, the CRQ gets larger with the increase of sensing or communication bandwidths. Besides, the CRQ generally outlines the bandwidth competition principle",
O_ISAC_119,2023,Hybrid,Indoor,B,23000000000.0,Hz,OTHER,eq,Integration of Sensing and Communication in a W-Band Fiber-Wireless Link Enabled by Electromagnetic Polarization Multiplexing > *C. System Performance Vs. Bandwidth*,209,209,Bandwidth is reported.,"Next, we measured the bandwidth tunability of the sensing and communication functions. The bandwidth of the digital sensing signal was changed to 23 GHz. Given",
O_ISAC_119,2023,Hybrid,Indoor,B,13500000000.0,Hz,OTHER,figure,Integration of Sensing and Communication in a W-Band Fiber-Wireless Link Enabled by Electromagnetic Polarization Multiplexing > *C. System Performance Vs. Bandwidth*,219,219,Bandwidth is reported.,"For sensing function, we analyzed the received H-polarization mmW echoes. Fig. 14(a) shows the down-converted frequency spectrum, with the spectral line centered at about 13.5",
O_ISAC_119,2023,Hybrid,Indoor,B,23000000000.0,Hz,OTHER,figure,Integration of Sensing and Communication in a W-Band Fiber-Wireless Link Enabled by Electromagnetic Polarization Multiplexing > *D. Sensing Resolution and Communication Capacity*,241,241,Bandwidth is reported.,"Then, we shifted the bandwidth of the sensing signal to 23 GHz. Fig. 18(a)–(c) show the normalized cross-correlations as the radial distances between the two",
O_ISAC_119,2023,Hybrid,Indoor,R,92000000000.0,bps,OTHER,figure,Integration of Sensing and Communication in a W-Band Fiber-Wireless Link Enabled by Electromagnetic Polarization Multiplexing > *D. Sensing Resolution and Communication Capacity*,253,253,Data rate/throughput is reported.,value for also simulating the multi-node access of both mmW sensing and communication. The calculated BER as a function of the ROP at 11.5 GBaud,
O_ISAC_119,2023,Hybrid,Indoor,B,200000000.0,Hz,OTHER,text,Integration of Sensing and Communication in a W-Band Fiber-Wireless Link Enabled by Electromagnetic Polarization Multiplexing > *D. Sensing Resolution and Communication Capacity*,255,255,Bandwidth is reported.,"According to Ref.[\[37\],](#page-10-0) the generated mmW ISAC signals will vary less than ±0.2 GHz over 10 hours. The transmission bandwidth of the ISAC signals is",
O_ISAC_119,2023,Hybrid,Indoor,R,61333000000.0,bps,OTHER,table,Integration of Sensing and Communication in a W-Band Fiber-Wireless Link Enabled by Electromagnetic Polarization Multiplexing > *D. Sensing Resolution and Communication Capacity*,289,289,Data rate/throughput is reported.,"Table I summarizes the waveform mode, central frequency, wireless distance, radar resolution, communication rate, and CRQ of typical photonics-assisted mmW JRC links. Thanks to the",
O_ISAC_119,2023,Hybrid,Indoor,R,61333000000.0,bps,OTHER,text,Integration of Sensing and Communication in a W-Band Fiber-Wireless Link Enabled by Electromagnetic Polarization Multiplexing > IV. CONCLUSION,311,311,Data rate/throughput is reported.,"In this article, we have proposed and systematically demonstrated a photonics-assisted W-band CTCF ISAC link. The ultra-wideband W-band sensing and communication signals are generated by",
O_ISAC_119,2023,Hybrid,Indoor,R,200000000000.0,bps,OTHER,text,REFERENCES,357,357,Data rate/throughput is reported.,"- [39] H. Zhang et al., ""Single-lane 200 Gbit/s photonic wireless transmission of multicarrier 64-QAM signals at 300 GHz over 30 m,"" *Chin. Opt. Lett.*,",
O_ISAC_120,2023,FSO,Indoor,B,30000000000.0,Hz,OTHER,figure,A Reconfigurable Phase-Time Array Transmitter Achieving Keyless Secured Transmission and Multi-Receiver Localization for Low-Latency Joint Communication and Sensing > II. BEAM SQUINTING IN PHASED ARRAYS,49,49,Bandwidth is reported.,The beam squinting phenomenon is further elaborated through simulations on a phased array. The array uses omni-directional antenna elements and a three-tone input to represent,
O_ISAC_120,2023,FSO,Indoor,B,5000000000.0,Hz,OTHER,figure,A Reconfigurable Phase-Time Array Transmitter Achieving Keyless Secured Transmission and Multi-Receiver Localization for Low-Latency Joint Communication and Sensing > A. Programmable Beam Squinting and Spatial Dispersion Using PTA > B. Secured Keyless High Data-Rate Wireless Communication Using PTA TX,140,140,Bandwidth is reported.,"Although the proposed basic PTA security scheme can selectively distort the spectrum at the eavesdropper, the information beamwidth (IB) of the scheme (e.g., with 20%",
O_ISAC_120,2023,FSO,Indoor,B,28000000000.0,Hz,OTHER,figure,IV. TX ARCHITECTURE AND ON-WAFER MEASUREMENTS A. Time Delay Realization > B. TX Architecture,199,199,Bandwidth is reported.,"were made to the circuit from [22] for adaptation to lower 45-nm CMOS node and wideband operation. First, due to low output impedance in advanced",
O_ISAC_120,2023,FSO,Indoor,B,12000000000.0,Hz,OTHER,figure,IV. TX ARCHITECTURE AND ON-WAFER MEASUREMENTS A. Time Delay Realization > D. TX Channel On-Wafer Measurements,255,255,Bandwidth is reported.,"The TX channel is characterized using ON-wafer probing using measurement setup in Fig. 9(a). First, small signal conversion gain is measured across all the delay",
O_ISAC_120,2023,FSO,Indoor,B,33000000000.0,Hz,OTHER,figure,IV. TX ARCHITECTURE AND ON-WAFER MEASUREMENTS A. Time Delay Realization > D. TX Channel On-Wafer Measurements,267,267,Bandwidth is reported.,are summarized in Fig. 8(d). The time delay variation is between 1.1% and 4.6% over 25–33 GHz (27% FBW). The variation in RF delay [see,
O_ISAC_120,2023,FSO,Indoor,R,36000000000.0,bps,OTHER,figure,IV. TX ARCHITECTURE AND ON-WAFER MEASUREMENTS A. Time Delay Realization > D. TX Channel On-Wafer Measurements,291,291,Data rate/throughput is reported.,"input, the TX supports a 6 GSym/s 64 QAM signal (36 Gbps data rate) with zero delay setting and 6 GSym/s 16 QAM and 5",
O_ISAC_120,2023,FSO,Indoor,B,5000000000.0,Hz,OTHER,figure,V. OTA SECURITY/RX LOCALIZATION DEMONSTRATION USING PTA TX,297,297,Bandwidth is reported.,"For the experimental demonstration of PTA secured communication, a wideband modulated QPSK signal with a bandwidth of 5 GHz is used [see Fig. 10(b)]. A",
O_ISAC_120,2023,FSO,Indoor,B,7000000000.0,Hz,OTHER,figure,V. OTA SECURITY/RX LOCALIZATION DEMONSTRATION USING PTA TX,333,333,Bandwidth is reported.,"However, using the peak of the main lobe over frequency to determine the angular location will have large angular ambiguity, especially with just a four-element",
O_ISAC_121,2025,Hybrid,Unknown,B,10000000000.0,Hz,OTHER,text,**All-optical Computing for Direction-of-arrival Estimation Beyond Diffraction Limits** > **1. Introduction**,13,13,Bandwidth is reported.,"In the fields of communications, radar, and navigation, the angles of spatial target sources are critical information for wireless signal processing. Consequently, direction-of-arrival (DOA) estimation",
O_ISAC_121,2025,Hybrid,Unknown,B,10000000000.0,Hz,OTHER,figure,**All-optical Computing for Direction-of-arrival Estimation Beyond Diffraction Limits** > **2. Method** > **3. Experimental Results**,29,29,Bandwidth is reported.,"The experimental system for S-DNN is shown in Fig. 2 (a), consisting of a vector network analyzer, transmitting antennas, and waveguide probes. We designed and",
O_ISAC_122,2024,Hybrid,Unknown,B,5000000000.0,Hz,OTHER,text,All-optical computing for super-resolution direction of arrival estimation,19,19,Bandwidth is reported.,"*Abstract***—Direction of arrival estimation technology is the foundation for communications, radar, navigation, etc. However, conventional electronic devices for DOA estimation require expensive RF circuits, high-precision",
O_ISAC_124,2024,Hybrid,Indoor,B,28000000000.0,Hz,OTHER,figure,II. LEAKY-WAVE ANTENNA-ON-DISPLAY > *B. Operation Principle*,86,86,Bandwidth is reported.,"where *P0* denotes the periodic length of the unit cell, and *β<sup>0</sup>* and *α* are the fundamental phase and attenuation constants, respectively. In Fig. 5(a),",
O_ISAC_124,2024,Hybrid,Indoor,B,28000000000.0,Hz,OTHER,figure,II. LEAKY-WAVE ANTENNA-ON-DISPLAY > *B. Operation Principle*,106,106,Bandwidth is reported.,"bandwidth. Radiation characteristics and impedance bandwidth are improved due to continuous wave propagation and phase progression. To further analyze this effect, the current distribution of",
O_ISAC_124,2024,Hybrid,Indoor,B,38000000000.0,Hz,OTHER,figure,*C. Unit Cell Optimization for Display Panel Integration* > D. Simulation Results of the Proposed 1D LWAoD,183,183,Bandwidth is reported.,"to ensure feasible operation. The structure is segmented into three primary regions—the FPC region, the FPC-to-AoD transition region, and the mesh-based display panel region and",
O_ISAC_124,2024,Hybrid,Indoor,B,38000000000.0,Hz,OTHER,figure,*C. Unit Cell Optimization for Display Panel Integration* > D. Simulation Results of the Proposed 1D LWAoD,185,185,Bandwidth is reported.,"Fig. 14 shows the simulated H- and E-plane radiation patterns of the 1D LWAoD. In Fig. 14(a), the H-plane (xozplane) frequency scanning pattern covers a",
O_ISAC_124,2024,Hybrid,Indoor,B,40000000000.0,Hz,OTHER,figure,IV. SIMULATION AND MEASUREMENT RESULTS,251,251,Bandwidth is reported.,Fig. 23(a) shows the measured reflection coefficient of the proposed AoD array with feeding network (FN). The measured impedance bandwidth of $|S_{11}| < -10$ dB,
O_ISAC_124,2024,Hybrid,Indoor,B,40000000000.0,Hz,OTHER,figure,IV. SIMULATION AND MEASUREMENT RESULTS,296,296,Bandwidth is reported.,"To validate the feasibility of AoD concept in display platforms, the prototype is implemented on a flat display panel, which is structurally similar to in-vehicle",
O_ISAC_124,2024,Hybrid,Indoor,B,40000000000.0,Hz,OTHER,text,IV. SIMULATION AND MEASUREMENT RESULTS > VI. CONCLUSION,314,314,Bandwidth is reported.,"This paper presents a novel wideband leaky-wave antennaon-display (LWAoD) with 2-D wide-angle beam-scanning capabilities, offering an integrated solution for ISAC applications. The proposed design features",
O_ISAC_124,2024,Hybrid,Indoor,CRB,19,m,OTHER,text,REFERENCES,337,337,CRB/FIM is referenced.,"- [19] J. Werner, J. Wang, A. Hakkarainen, D. Cabric and M. Valkama, ""Performance and Cramer–Rao Bounds for DoA/RSS Estimation and Transmitter Localization Using Sectorized",
O_ISAC_125,2024,Hybrid,Indoor,B,13000000000.0,Hz,OTHER,text,"<span id=""page-0-0""></span>Low-Profile Broadband 1-Bit Randomly Encoded Folded Reflectarray Co-Aperture Transceiver for Frequency-Diverse Microwave Imaging",9,9,Bandwidth is reported.,"Abstract—In this letter, we propose a low-profile broadband 1-bit randomly encoded folded reflectarray co-aperture transceiver for frequency-diverse microwave imaging. The system consists of a broadband",
O_ISAC_125,2024,Hybrid,Indoor,B,13000000000.0,Hz,OTHER,figure,"<span id=""page-0-0""></span>Low-Profile Broadband 1-Bit Randomly Encoded Folded Reflectarray Co-Aperture Transceiver for Frequency-Diverse Microwave Imaging > I. INTRODUCTION",31,31,Bandwidth is reported.,"In this letter, we design a low-profile, wideband 1-bit randomly encoded folded reflectarray co-aperture transceiver for frequency-diverse imaging, as shown in Fig. 1. The proposed",
O_ISAC_125,2024,Hybrid,Indoor,B,13000000000.0,Hz,OTHER,eq,"<span id=""page-0-0""></span>Low-Profile Broadband 1-Bit Randomly Encoded Folded Reflectarray Co-Aperture Transceiver for Frequency-Diverse Microwave Imaging > I. INTRODUCTION > III. DESIGN OF FOLDED REFLECTARRAY TRANCEIVER",107,107,Bandwidth is reported.,Note that the designed metasurface operates within 13 GHz to 31 GHz (corresponding to 82% relative bandwidth) and has a high PCR above 90%. The,
O_ISAC_125,2024,Hybrid,Indoor,B,100000000.0,Hz,OTHER,text,IV. EXPERIMENTAL DEMONSTRATION OF MICROWAVE IMAGING,119,119,Bandwidth is reported.,"To generate radiation fields covering a 2-D aperture, we randomly arrange the metaunit with states ""0"" and ""1"" in a $34 \times 34$ metasurface array.",
O_ISAC_125,2024,Hybrid,Indoor,B,13000000000.0,Hz,OTHER,figure,IV. EXPERIMENTAL DEMONSTRATION OF MICROWAVE IMAGING,121,121,Bandwidth is reported.,"Fig. 5 plots the electric-field distributions on the imaging plane at 13 GHz, 22 GHz, and 31 GHz, respectively. Note that these fields cover the",
O_ISAC_127,2025,FSO,Underwater,R,8.2,bps,OTHER,text,Adaptive RIS Optimization for Secure Underwater Optical Communications,23,23,Data rate/throughput is reported.,"**ABSTRACT** Underwater Optical Wireless Communication (UOWC) systems are subject to significant degradation due to dynamic salinity gradients, temperature variations, and turbulence-induced noise, which distort light",
O_ISAC_127,2025,FSO,Underwater,R,8.2,bps,OTHER,text,Adaptive RIS Optimization for Secure Underwater Optical Communications > I. INTRODUCTION,43,43,Data rate/throughput is reported.,"Our DRL–NSGA-II framework optimizes simultaneously both secrecy rate and energy efficiency, achieving 8.2 bps/Hz and 22.2% power savings, which is 46.4% higher than static RIS",
O_ISAC_127,2025,FSO,Underwater,R,5.6,bps,OTHER,eq,13. Step 3: Pareto Refinement using NSGA-II: > G. OPTIMIZATION PROBLEM FORMULATION,403,403,Data rate/throughput is reported.,"Unless otherwise stated, all simulations assume a water temperature of 10.2 °C, salinity in the range of 31.9–34.4 PSU, and a channel coherence time $\tau_c=10$",
O_ISAC_127,2025,FSO,Underwater,R,8.2,bps,OTHER,figure,B. BASELINE METHODS,461,461,Data rate/throughput is reported.,"To validate the effectiveness of the proposed LSTM– DRL–NSGA-II framework, we perform a comparative analysis against representative baseline methods spanning both learning-based and non-learning-based categories.",
O_ISAC_127,2025,FSO,Underwater,R,8.2,bps,OTHER,figure,B. BASELINE METHODS > C. PERFORMANCE METRICS AND RESULTS,475,475,Data rate/throughput is reported.,"As illustrated in Fig. 5, the secrecy performance of the proposed LSTM-DRL-NSGA-II framework was evaluated across a wide range of signal-to-noise ratios (SNR). The system",
O_ISAC_127,2025,FSO,Underwater,R,8.2,bps,OTHER,figure,B. BASELINE METHODS > C. PERFORMANCE METRICS AND RESULTS,483,483,Data rate/throughput is reported.,FIGURE 5. Secrecy rate (bps/Hz) versus SNR (dB) for the proposed LSTM-DRL framework (green) compared with the static RIS baseline (red). The dotted vertical line,
O_ISAC_127,2025,FSO,Underwater,R,8.2,bps,OTHER,figure,B. BASELINE METHODS > C. PERFORMANCE METRICS AND RESULTS,487,487,Data rate/throughput is reported.,"As shown in Fig. 6, the trade-off between secrecy rate and power efficiency was explored using the NSGA-II optimizer, which generated a well-defined Pareto front",
O_ISAC_127,2025,FSO,Underwater,R,8.0,bps,OTHER,figure,B. BASELINE METHODS > C. PERFORMANCE METRICS AND RESULTS,495,495,Data rate/throughput is reported.,FIGURE 6. Pareto front obtained using NSGA-II showing the trade-off between secrecy rate (bps/Hz) and energy efficiency (%) for the proposed RIS-assisted UOWC system. The,
O_ISAC_127,2025,FSO,Underwater,R,8.0,bps,OTHER,figure,B. BASELINE METHODS > C. PERFORMANCE METRICS AND RESULTS,497,497,Data rate/throughput is reported.,optimization identified operating configurations in which a 15% energy saving incurred less than a 3% secrecy loss highlighting an ideal regime for energy-constrained UOWC deployments.,
O_ISAC_127,2025,FSO,Underwater,R,8.2,bps,OTHER,figure,"E. FIELD VALIDATION, SENSITIVITY ANALYSIS, AND LIMITATIONS",533,533,Data rate/throughput is reported.,"Fig. 9(a) presents measured BER results under three representative scenarios: low salinity, steep salinity gradients, and storm-driven turbulence. The experimental values closely align with simulation",
O_ISAC_127,2025,FSO,Underwater,R,8.2,bps,OTHER,figure,"E. FIELD VALIDATION, SENSITIVITY ANALYSIS, AND LIMITATIONS",541,541,Data rate/throughput is reported.,**FIGURE 9.** Experimental validation using oceanographic data from varying salinity and turbulence conditions. (a) Bit error rate (BER) comparison between simulated and measured results under,
O_ISAC_127,2025,FSO,Underwater,sigma_r,50.0,m,OTHER,figure,"E. FIELD VALIDATION, SENSITIVITY ANALYSIS, AND LIMITATIONS",551,551,Estimator accuracy/RMSE is reported.,"Finally, Fig. 11 evaluates the secrecy rate $R_{\rm sec}$ as a function of underwater noise power $\sigma_n^2$ at a fixed communication range of 50 meters.",
O_ISAC_127,2025,FSO,Underwater,R,5.4,bps,OTHER,table,"E. FIELD VALIDATION, SENSITIVITY ANALYSIS, AND LIMITATIONS > <span id=""page-14-0""></span>**V. DISCUSSION AND FUTURE WORK**",565,565,Data rate/throughput is reported.,"wireless communication (UOWC) systems. Compared to static RIS and conventional adaptive baselines, the proposed framework achieves notable enhancements in key performance metrics, including a 41.4%",
O_ISAC_127,2025,FSO,Underwater,sigma_r,50.0,m,OTHER,table,"E. FIELD VALIDATION, SENSITIVITY ANALYSIS, AND LIMITATIONS > <span id=""page-14-0""></span>**V. DISCUSSION AND FUTURE WORK**",565,565,Estimator accuracy/RMSE is reported.,"wireless communication (UOWC) systems. Compared to static RIS and conventional adaptive baselines, the proposed framework achieves notable enhancements in key performance metrics, including a 41.4%",
O_ISAC_127,2025,FSO,Underwater,R,8.2,bps,OTHER,figure,"<span id=""page-15-1""></span><span id=""page-15-0""></span>**VI. CONCLUSION**",575,575,Data rate/throughput is reported.,"In this paper, we presented a unified and adaptive framework for secure underwater optical wireless communication (UOWC) that dynamically configures reconfigurable intelligent surfaces (RIS) through",
O_ISAC_128,2024,Fiber,Unknown,Δz,0.5,m,DZ,text,Dual comb enabled simultaneously multi-path sensing and communication over fiber access network,8,24,Fiber spatial granularity/gauge length is reported.,"- (1) Photonics Research Institute (PRI), The Hong Kong Polytechnic University - (2) Wuhan National Laboratory for Optoelectronics (WNLO), HUST, hehuan@hust.edu.cn *Abstract We propose a",
O_ISAC_128,2024,Fiber,Unknown,Δz,0.5,m,DZ,text,Dual comb enabled simultaneously multi-path sensing and communication over fiber access network,9,25,Fiber spatial granularity/gauge length is reported.,"- (1) Photonics Research Institute (PRI), The Hong Kong Polytechnic University - (2) Wuhan National Laboratory for Optoelectronics (WNLO), HUST, hehuan@hust.edu.cn *Abstract We propose a",
O_ISAC_128,2024,Fiber,Unknown,Δz,0.5,m,DZ,text,Dual comb enabled simultaneously multi-path sensing and communication over fiber access network,10,26,Fiber spatial granularity/gauge length is reported.,"- (2) Wuhan National Laboratory for Optoelectronics (WNLO), HUST, hehuan@hust.edu.cn *Abstract We propose a dual-comb-enabled integrated sensing and communication method that allows for real-time interrogation",
O_ISAC_128,2024,Fiber,Unknown,Δz,0.5,m,DZ,text,Dual comb enabled simultaneously multi-path sensing and communication over fiber access network,11,27,Fiber spatial granularity/gauge length is reported.,*Abstract We propose a dual-comb-enabled integrated sensing and communication method that allows for real-time interrogation of all paths across access networks without adding complexity at,
O_ISAC_128,2024,Fiber,Unknown,Δz,0.5,m,DZ,text,Dual comb enabled simultaneously multi-path sensing and communication over fiber access network,12,28,Fiber spatial granularity/gauge length is reported.,*Abstract We propose a dual-comb-enabled integrated sensing and communication method that allows for real-time interrogation of all paths across access networks without adding complexity at,
O_ISAC_128,2024,Fiber,Unknown,Δz,0.5,m,DZ,text,Dual comb enabled simultaneously multi-path sensing and communication over fiber access network,13,29,Fiber spatial granularity/gauge length is reported.,"# **Introduction** In the era of 5G and fifth-generation fixed networks (F5G), fiber access technologies are pivotal to the rapid growth of internet traffic speeds[1].",
O_ISAC_128,2024,Fiber,Unknown,Δz,0.5,m,DZ,text,**Introduction**,14,30,Fiber spatial granularity/gauge length is reported.,"# **Introduction** In the era of 5G and fifth-generation fixed networks (F5G), fiber access technologies are pivotal to the rapid growth of internet traffic speeds[1].",
O_ISAC_128,2024,Fiber,Unknown,Δz,0.5,m,DZ,text,**Introduction**,15,31,Fiber spatial granularity/gauge length is reported.,"In the era of 5G and fifth-generation fixed networks (F5G), fiber access technologies are pivotal to the rapid growth of internet traffic speeds[1]. Future access",
O_ISAC_128,2024,Fiber,Unknown,Δz,0.5,m,DZ,text,**Introduction**,16,32,Fiber spatial granularity/gauge length is reported.,"In the era of 5G and fifth-generation fixed networks (F5G), fiber access technologies are pivotal to the rapid growth of internet traffic speeds[1]. Future access",
O_ISAC_128,2024,Fiber,Unknown,Δz,0.5,m,DZ,text,**Introduction**,17,33,Fiber spatial granularity/gauge length is reported.,Coherent techniques[5] like Multiple Input Multiple Output (MIMO) used in phase-sensitive optical time-domain reflectometry (ø-OTDR) or distributed acoustic sensing (DAS) enable ultra-long range sensing for,
O_ISAC_128,2024,Fiber,Unknown,Δz,0.5,m,DZ,text,**Introduction**,18,34,Fiber spatial granularity/gauge length is reported.,Coherent techniques[5] like Multiple Input Multiple Output (MIMO) used in phase-sensitive optical time-domain reflectometry (ø-OTDR) or distributed acoustic sensing (DAS) enable ultra-long range sensing for,
O_ISAC_128,2024,Fiber,Unknown,Δz,0.5,m,DZ,text,**Introduction**,19,35,Fiber spatial granularity/gauge length is reported.,"In this paper we introduce, for the first time, a dual-comb-enabled ISAC for fiber access networks, achieving high fidelity in communication and effective DAS of",
O_ISAC_128,2024,Fiber,Unknown,Δz,0.5,m,DZ,text,**Introduction**,20,36,Fiber spatial granularity/gauge length is reported.,"In this paper we introduce, for the first time, a dual-comb-enabled ISAC for fiber access networks, achieving high fidelity in communication and effective DAS of",
O_ISAC_128,2024,Fiber,Unknown,Δz,0.5,m,DZ,text,**Introduction**,21,37,Fiber spatial granularity/gauge length is reported.,![](_page_0_Figure_10.jpeg) **Fig. 1:** Principles of (a) dual comb and (b) match filter DAS off while maintaining communication quality and even improving communication performance in high,
O_ISAC_128,2024,Fiber,Unknown,Δz,0.5,m,DZ,text,**Introduction**,22,38,Fiber spatial granularity/gauge length is reported.,![](_page_0_Figure_10.jpeg) **Fig. 1:** Principles of (a) dual comb and (b) match filter DAS off while maintaining communication quality and even improving communication performance in high,
O_ISAC_128,2024,Fiber,Unknown,Δz,0.5,m,DZ,text,**Introduction**,23,39,Fiber spatial granularity/gauge length is reported.,**Fig. 1:** Principles of (a) dual comb and (b) match filter DAS off while maintaining communication quality and even improving communication performance in high launch,
O_ISAC_128,2024,Fiber,Unknown,Δz,0.5,m,DZ,text,**Introduction**,24,40,Fiber spatial granularity/gauge length is reported.,**Fig. 1:** Principles of (a) dual comb and (b) match filter DAS off while maintaining communication quality and even improving communication performance in high launch,
O_ISAC_128,2024,Fiber,Unknown,B,200000000.0,Hz,OTHER,figure,**Introduction** > **Operation theory** > **Experimental setup**,40,40,Bandwidth is reported.,"We demonstrate ISAC over PON and RAN using five optical comb lines and four fiber spools to simulate a variety of optical access application scenarios,",
O_ISAC_128,2024,Fiber,Unknown,B,200000000.0,Hz,OTHER,figure,**Results and discussions**,52,52,Bandwidth is reported.,"We assessed the sensing capabilities of the proposed ISAC scheme for a fiber access network. The FMCW parameters included a sweep period of 524 μs,",
O_ISAC_128,2024,Fiber,Unknown,B,9500000000.0,Hz,OTHER,figure,**Results and discussions**,60,60,Bandwidth is reported.,"Fig. 4(a). Without pre-CD compensation and using FFE+DFE for equalization, we noted there is a CDinduced power fading at around 9.5 GHz. At LP of",
O_ISAC_129,2022,VLC,Outdoor,sigma_r,2.0,m,OTHER,eq,*A. System Overview* > *C. Status Change Sensing*,76,76,Estimator accuracy/RMSE is reported.,"To validate the effectiveness of the model, we collect data varying the distance from 2 m to 6 m with a step size of 0.5",
O_ISAC_129,2022,VLC,Outdoor,R,40000.0,bps,OTHER,figure,*A. Prototype and Experiment Setup* > *B. Channel Property*,139,139,Data rate/throughput is reported.,"1) Impact of Varying Distances: We first evaluate the performance of VehicleTalk under a varying communication distance. Specifically, we fix the data rate at 40",
O_ISAC_129,2022,VLC,Outdoor,R,5000.0,bps,OTHER,figure,*A. Prototype and Experiment Setup* > IV. CONCLUSION,181,181,Data rate/throughput is reported.,"Fig. 7: Sensing algorithm resolution under varying distances. sensing services into a unified visible light architecture. Employing Raptor Codes and status sensing algorithm, the VehicleTalk",
O_ISAC_130,2025,Hybrid,Unknown,B,100000.0,Hz,OTHER,figure,"<span id=""page-4-1""></span>*A. Modulation Performance Characterization*",149,149,Bandwidth is reported.,"The frequency responses of the blue LED chip and QD CCLs directly impact the communication performance of the VLSC system. Therefore, a Network Analyzer (KEYSIGHT",
O_ISAC_130,2025,Hybrid,Unknown,B,50000000.0,Hz,OTHER,figure,"<span id=""page-4-1""></span>*A. Modulation Performance Characterization* > <span id=""page-5-0""></span>*A. Measurement and Calculation*",193,193,Bandwidth is reported.,"To further elucidate the expression of $B_1(S_p, X_C, X_{DR})$ , the relationship between BER and data rate for E. marina and I. galbana is assessed",
O_ISAC_130,2025,Hybrid,Unknown,B,60000000.0,Hz,OTHER,figure,"<span id=""page-4-1""></span>*A. Modulation Performance Characterization* > <span id=""page-5-0""></span>*A. Measurement and Calculation*",203,203,Bandwidth is reported.,"<span id=""page-6-3""></span>Additionally, an unexpected observation in Fig. 9(a) and (b) is that the BER for red light is relatively lower compared to that of green",
O_ISAC_132,2023,Hybrid,Indoor,R,100000000000.0,bps,OTHER,text,Broadband Photon-Assisted Terahertz Communication and Sensing,11,11,Data rate/throughput is reported.,Abstract—Terahertz band (0.1 to 10 THz) with high carrier frequency and large available bandwidth has become a promising candidate to meet the 100 Gbit/s or,
O_ISAC_132,2023,Hybrid,Indoor,R,100000000000.0,bps,OTHER,text,Broadband Photon-Assisted Terahertz Communication and Sensing > I. INTRODUCTION,37,37,Data rate/throughput is reported.,"ERAHERTZ (THz) band with frequency ranging from 0.1 to 10 THz can provide a high carrier frequency and a huge available bandwidth, and can play",
O_ISAC_132,2023,Hybrid,Indoor,B,296000000000.0,Hz,OTHER,text,Broadband Photon-Assisted Terahertz Communication and Sensing > I. INTRODUCTION,37,37,Bandwidth is reported.,"ERAHERTZ (THz) band with frequency ranging from 0.1 to 10 THz can provide a high carrier frequency and a huge available bandwidth, and can play",
O_ISAC_132,2023,Hybrid,Indoor,R,3500000000.0,bps,OTHER,text,Broadband Photon-Assisted Terahertz Communication and Sensing > I. INTRODUCTION,39,39,Data rate/throughput is reported.,"The terahertz signal can be generated in both the traditional pure electronical and the novel photon-assisted ways. For the electronics-based approaches, terahertz signals can be",
O_ISAC_132,2023,Hybrid,Indoor,R,44800000000.0,bps,OTHER,text,Broadband Photon-Assisted Terahertz Communication and Sensing > I. INTRODUCTION,45,45,Data rate/throughput is reported.,"oscillator (DRO), and achieved the 500 m and 1 km wireless outdoor transmission with a net bit rate of 76.8 and 44.8 Gbit/s, respectively. However,",
O_ISAC_132,2023,Hybrid,Indoor,B,325000000000.0,Hz,OTHER,text,Broadband Photon-Assisted Terahertz Communication and Sensing > I. INTRODUCTION,47,47,Bandwidth is reported.,"The photon-assisted terahertz signal generation technologies can break the bottleneck of electronics devices and exhibit the superior characteristics of high frequency, large bandwidth, and low",
O_ISAC_132,2023,Hybrid,Indoor,R,140000000000.0,bps,OTHER,text,Broadband Photon-Assisted Terahertz Communication and Sensing > I. INTRODUCTION,49,49,Data rate/throughput is reported.,"Terahertz signals are commonly transmitted wirelessly in free space, which has a high propagation loss due to the absorption of water vapor and the scattering",
O_ISAC_132,2023,Hybrid,Indoor,R,50000000000.0,bps,OTHER,text,Broadband Photon-Assisted Terahertz Communication and Sensing > I. INTRODUCTION,51,51,Data rate/throughput is reported.,"For the reception of the terahertz signal, there are also two commonly used methods. One is the direct detection by using the SBD, which can",
O_ISAC_132,2023,Hybrid,Indoor,R,106000000000.0,bps,OTHER,table,Broadband Photon-Assisted Terahertz Communication and Sensing > II. LARGE CAPACITY TERAHERTZ TRANSMISSION,67,67,Data rate/throughput is reported.,"To match the large transmission capacity of fiber communication in integrated fiber-wireless communication system, the development of the large capacity wireless link is becoming extremely",
O_ISAC_132,2023,Hybrid,Indoor,R,130000000000.0,bps,OTHER,text,Broadband Photon-Assisted Terahertz Communication and Sensing > *A. Antenna Polarization Diversity for High-Speed Polarization Multiplexing Wireless Signal Delivery at W-band*,83,83,Data rate/throughput is reported.,| [36] | 100 GHz | PDM-QPSK | 130 Gbit/s | 80 km | 2 m | 2014 |,
O_ISAC_132,2023,Hybrid,Indoor,R,106000000000.0,bps,OTHER,text,Broadband Photon-Assisted Terahertz Communication and Sensing > *A. Antenna Polarization Diversity for High-Speed Polarization Multiplexing Wireless Signal Delivery at W-band*,84,84,Data rate/throughput is reported.,| [37] | 425 GHz | 16QAM | 106 Gbit/s | - | 0.5 m | 2018 |,
O_ISAC_132,2023,Hybrid,Indoor,R,120000000000.0,bps,OTHER,text,Broadband Photon-Assisted Terahertz Communication and Sensing > *A. Antenna Polarization Diversity for High-Speed Polarization Multiplexing Wireless Signal Delivery at W-band*,85,85,Data rate/throughput is reported.,| [38] | 375-500 GHz | PDM-QPSK | 120 Gbit/s | 10 km | 142 cm | 2018 |,
O_ISAC_132,2023,Hybrid,Indoor,R,100800000000.0,bps,OTHER,text,Broadband Photon-Assisted Terahertz Communication and Sensing > *A. Antenna Polarization Diversity for High-Speed Polarization Multiplexing Wireless Signal Delivery at W-band*,86,86,Data rate/throughput is reported.,| [39] | 350 GHz | 16QAM | 100.8 Gbit/s | - | 26.8 m | 2019 |,
O_ISAC_132,2023,Hybrid,Indoor,R,131000000000.0,bps,OTHER,text,Broadband Photon-Assisted Terahertz Communication and Sensing > *A. Antenna Polarization Diversity for High-Speed Polarization Multiplexing Wireless Signal Delivery at W-band*,87,87,Data rate/throughput is reported.,| [40] | 408 GHz | 16QAM | 131 Gbit/s | - | 10.7 m | 2019 |,
O_ISAC_132,2023,Hybrid,Indoor,R,762200000000.0,bps,OTHER,text,Broadband Photon-Assisted Terahertz Communication and Sensing > *A. Antenna Polarization Diversity for High-Speed Polarization Multiplexing Wireless Signal Delivery at W-band*,88,88,Data rate/throughput is reported.,| [41] | 124.5&150.5 GHz | PS-64QAM | 762.2 Gbit/s | 10 km | 3.1 m | 2019 |,
O_ISAC_132,2023,Hybrid,Indoor,B,12000000000.0,Hz,OTHER,figure,Broadband Photon-Assisted Terahertz Communication and Sensing > *A. Antenna Polarization Diversity for High-Speed Polarization Multiplexing Wireless Signal Delivery at W-band*,107,107,Bandwidth is reported.,"At the receiver, the 12 GHz sinusoidal RF signal is frequency doubled (×2) and divided into two branches by a power divider for the following",
O_ISAC_132,2023,Hybrid,Indoor,OSNR,,dB,OTHER,figure,Broadband Photon-Assisted Terahertz Communication and Sensing > *A. Antenna Polarization Diversity for High-Speed Polarization Multiplexing Wireless Signal Delivery at W-band*,113,113,Optical SNR (OSNR) is mentioned.,Fig. 3. (a) The relationship between BER and OSNR of 128 Gbit/s signal after 2 m wireless with and without fiber transmission. (b) The relationship,
O_ISAC_132,2023,Hybrid,Indoor,R,128000000000.0,bps,OTHER,figure,Broadband Photon-Assisted Terahertz Communication and Sensing > *A. Antenna Polarization Diversity for High-Speed Polarization Multiplexing Wireless Signal Delivery at W-band*,113,113,Data rate/throughput is reported.,Fig. 3. (a) The relationship between BER and OSNR of 128 Gbit/s signal after 2 m wireless with and without fiber transmission. (b) The relationship,
O_ISAC_132,2023,Hybrid,Indoor,OSNR,,dB,OTHER,figure,Broadband Photon-Assisted Terahertz Communication and Sensing > *A. Antenna Polarization Diversity for High-Speed Polarization Multiplexing Wireless Signal Delivery at W-band*,115,115,Optical SNR (OSNR) is mentioned.,Fig. 3(a) shows the relationships between the BER and the optical signal-to-noise ratio (OSNR) of the 128 Gbit/s signal over 2 m wireless transmission with,
O_ISAC_132,2023,Hybrid,Indoor,R,128000000000.0,bps,OTHER,figure,Broadband Photon-Assisted Terahertz Communication and Sensing > *A. Antenna Polarization Diversity for High-Speed Polarization Multiplexing Wireless Signal Delivery at W-band*,115,115,Data rate/throughput is reported.,Fig. 3(a) shows the relationships between the BER and the optical signal-to-noise ratio (OSNR) of the 128 Gbit/s signal over 2 m wireless transmission with,
O_ISAC_132,2023,Hybrid,Indoor,R,130000000000.0,bps,OTHER,figure,Broadband Photon-Assisted Terahertz Communication and Sensing > *A. Antenna Polarization Diversity for High-Speed Polarization Multiplexing Wireless Signal Delivery at W-band*,117,117,Data rate/throughput is reported.,Fig. 3(b) shows the relationship between the BER and baud rate after 80-km SMF-28 and 2 m wireless transmission. The BER performance deteriorates with the,
O_ISAC_132,2023,Hybrid,Indoor,R,20000000000.0,bps,OTHER,figure,Broadband Photon-Assisted Terahertz Communication and Sensing > B. 120-Gb/s Multi-Channel Wireless Terahertz-Wave Signal Delivery in a $2 \times 2$ MIMO System,131,131,Data rate/throughput is reported.,Fig. 5(d) shows the relationship between the BER and the input power of UTC-PD for the 6 $\times$ 20 Gbit/s PDM signal over 10 km,
O_ISAC_132,2023,Hybrid,Indoor,R,124800000000.0,bps,OTHER,table,Broadband Photon-Assisted Terahertz Communication and Sensing > C. Demonstration of 6.4-Tbit/s THz-Wave Signal Transmission Over 20-km Wired and 54-m Wireless Distance > III. LONG DISTANCE TERAHERTZ COMMUNICATION,173,173,Data rate/throughput is reported.,"Table II summarizes the essential achievements of photon-assisted THz-wave wireless communication. In our recent research, with the assistance of terahertz Lens Antenna, THz-LNA, high-sensitivity receivers",
O_ISAC_132,2023,Hybrid,Indoor,R,115000000000.0,bps,OTHER,text,Broadband Photon-Assisted Terahertz Communication and Sensing > A. High Gain and High Sensitivity Terahertz Modules,185,185,Data rate/throughput is reported.,| [14] | 300 GHz | 16QAM | 115 Gbit/s | 110 m | 2020 |,
O_ISAC_132,2023,Hybrid,Indoor,R,124800000000.0,bps,OTHER,text,Broadband Photon-Assisted Terahertz Communication and Sensing > A. High Gain and High Sensitivity Terahertz Modules,186,186,Data rate/throughput is reported.,| [46][47] | 339 GHz | PS-256QAM | 124.8 Gbit/s | 104 m | 2022 |,
O_ISAC_132,2023,Hybrid,Indoor,R,56000000000.0,bps,OTHER,text,Broadband Photon-Assisted Terahertz Communication and Sensing > A. High Gain and High Sensitivity Terahertz Modules,187,187,Data rate/throughput is reported.,| [21][22] | 335 GHz | PS-64QAM | 56 Gbit/s | 200 m | 2022 |,
O_ISAC_132,2023,Hybrid,Indoor,R,32000000000.0,bps,OTHER,text,Broadband Photon-Assisted Terahertz Communication and Sensing > A. High Gain and High Sensitivity Terahertz Modules,188,188,Data rate/throughput is reported.,| [22] | 335 GHz | 16QAM | 32 Gbit/s | 400 m | 2022 |,
O_ISAC_132,2023,Hybrid,Indoor,R,103200000000.0,bps,OTHER,text,Broadband Photon-Assisted Terahertz Communication and Sensing > A. High Gain and High Sensitivity Terahertz Modules,189,189,Data rate/throughput is reported.,| [48] | 123 GHz | 4096QAM | 103.2 Gbit/s | 180 m | 2022 |,
O_ISAC_132,2023,Hybrid,Indoor,R,19640000000.0,bps,OTHER,text,Broadband Photon-Assisted Terahertz Communication and Sensing > A. High Gain and High Sensitivity Terahertz Modules,190,190,Data rate/throughput is reported.,| [15] | 135 GHz | 16QAM | 19.64 Gbit/s | 4.6 km | 2022 |,
O_ISAC_132,2023,Hybrid,Indoor,R,99200000000.0,bps,OTHER,eq,Broadband Photon-Assisted Terahertz Communication and Sensing > *C. Photon-Assisted Long Distance THz-Wave Wireless Transmission Experiment*,266,266,Data rate/throughput is reported.,"25% overhead of SD-FEC, the maximum net bit rate for 16 Gbaud PS-256QAM signals in the system is 99.2 Gbit/s ([7.8–8 $\times$ (1–0.8)] $\times$ 16",
O_ISAC_132,2023,Hybrid,Indoor,R,44000000000.0,bps,OTHER,figure,Broadband Photon-Assisted Terahertz Communication and Sensing > *C. Photon-Assisted Long Distance THz-Wave Wireless Transmission Experiment*,270,270,Data rate/throughput is reported.,Fig. 10(d) shows the relationships between the measured NGMI performance and baud rate of the PS-64QAM signals after 200 m wireless transmission and the 16QAM,
O_ISAC_132,2023,Hybrid,Indoor,R,2500000000.0,bps,OTHER,table,Broadband Photon-Assisted Terahertz Communication and Sensing > *C. Photon-Assisted Long Distance THz-Wave Wireless Transmission Experiment* > IV. REAL TIME TERAHERTZ COMMUNICATION,285,285,Data rate/throughput is reported.,"It is difficult to achieve real-time sampling and processing for ultra-high-speed THz communication data because of the bandwidth, sampling rate and accuracy limitations of high-speed",
O_ISAC_132,2023,Hybrid,Indoor,B,625000000000.0,Hz,OTHER,table,Broadband Photon-Assisted Terahertz Communication and Sensing > *C. Photon-Assisted Long Distance THz-Wave Wireless Transmission Experiment* > IV. REAL TIME TERAHERTZ COMMUNICATION,285,285,Bandwidth is reported.,"It is difficult to achieve real-time sampling and processing for ultra-high-speed THz communication data because of the bandwidth, sampling rate and accuracy limitations of high-speed",
O_ISAC_132,2023,Hybrid,Indoor,R,50000000000.0,bps,OTHER,text,Broadband Photon-Assisted Terahertz Communication and Sensing > *C. Photon-Assisted Long Distance THz-Wave Wireless Transmission Experiment* > IV. REAL TIME TERAHERTZ COMMUNICATION,293,293,Data rate/throughput is reported.,transceiver has been demonstrated over two fiber links and 0.5 m 2 × 2 MIMO wireless link at 300 GHz by using high-speed real-time commercial,
O_ISAC_132,2023,Hybrid,Indoor,OSNR,,dB,OTHER,text,Broadband Photon-Assisted Terahertz Communication and Sensing > A. Architecture of the 100/200 G Real-Time Photon-Assisted THz-Wireless Transmission System,303,303,Optical SNR (OSNR) is mentioned.,"At the T/O converter side, the hybrid optoelectronic downconversion is used for T/O conversion in order to reduce the carrier frequency and the bandwidth requirement",
O_ISAC_132,2023,Hybrid,Indoor,B,40000000000.0,Hz,OTHER,text,Broadband Photon-Assisted Terahertz Communication and Sensing > A. Architecture of the 100/200 G Real-Time Photon-Assisted THz-Wireless Transmission System,303,303,Bandwidth is reported.,"At the T/O converter side, the hybrid optoelectronic downconversion is used for T/O conversion in order to reduce the carrier frequency and the bandwidth requirement",
O_ISAC_132,2023,Hybrid,Indoor,R,125516000000.0,bps,OTHER,figure,Broadband Photon-Assisted Terahertz Communication and Sensing > A. Architecture of the 100/200 G Real-Time Photon-Assisted THz-Wireless Transmission System > B. 100 GbE Real-Time THz Transmission,317,317,Data rate/throughput is reported.,"For 100 GbE real-time THz transmission, one CFP2-DCO module in OTU works at 100 GbE mode with 125.516 Gb/s line rate (i.e., 103.125 Gb/s net",
O_ISAC_132,2023,Hybrid,Indoor,B,37654800000.0,Hz,OTHER,figure,Broadband Photon-Assisted Terahertz Communication and Sensing > A. Architecture of the 100/200 G Real-Time Photon-Assisted THz-Wireless Transmission System > B. 100 GbE Real-Time THz Transmission,317,317,Bandwidth is reported.,"For 100 GbE real-time THz transmission, one CFP2-DCO module in OTU works at 100 GbE mode with 125.516 Gb/s line rate (i.e., 103.125 Gb/s net",
O_ISAC_132,2023,Hybrid,Indoor,R,125516000000.0,bps,OTHER,figure,Broadband Photon-Assisted Terahertz Communication and Sensing > A. Architecture of the 100/200 G Real-Time Photon-Assisted THz-Wireless Transmission System > C. 2 × 100 GbE Real-Time THz Transmission,358,358,Data rate/throughput is reported.,"is set to filter out the upper sideband and optical carrier, leaving the lower sideband. Fig. 15(c) shows the measured spectra at 0.03 nm resolution",
O_ISAC_132,2023,Hybrid,Indoor,B,385000000000.0,Hz,OTHER,figure,Broadband Photon-Assisted Terahertz Communication and Sensing > A. Architecture of the 100/200 G Real-Time Photon-Assisted THz-Wireless Transmission System > C. 2 × 100 GbE Real-Time THz Transmission,364,364,Bandwidth is reported.,"Then, we evaluate the BER performance versus received optical power (ROP) of each CFP2-DCO module over 3 m wireless distance link and two spans of",
O_ISAC_132,2023,Hybrid,Indoor,R,335600000.0,bps,OTHER,table,Broadband Photon-Assisted Terahertz Communication and Sensing > V. TERAHERTZ INTEGRATED SENSING AND COMMUNICATION,374,374,Data rate/throughput is reported.,"Photonic technology with advantages of high operating frequency, large instantaneous bandwidth, and strong antielectromagnetic interference ability, is widely used in the fields of large-capacity wireless",
O_ISAC_132,2023,Hybrid,Indoor,B,35000000000.0,Hz,OTHER,table,Broadband Photon-Assisted Terahertz Communication and Sensing > V. TERAHERTZ INTEGRATED SENSING AND COMMUNICATION,374,374,Bandwidth is reported.,"Photonic technology with advantages of high operating frequency, large instantaneous bandwidth, and strong antielectromagnetic interference ability, is widely used in the fields of large-capacity wireless",
O_ISAC_132,2023,Hybrid,Indoor,B,7000000000.0,Hz,OTHER,figure,Broadband Photon-Assisted Terahertz Communication and Sensing > V. TERAHERTZ INTEGRATED SENSING AND COMMUNICATION,376,376,Bandwidth is reported.,"We have developed several multiplexing techniques to realize the THz ISAC, and here are two solutions to achieve this function. The first scheme is realized",
O_ISAC_132,2023,Hybrid,Indoor,R,32000000000.0,bps,OTHER,figure,Broadband Photon-Assisted Terahertz Communication and Sensing > V. TERAHERTZ INTEGRATED SENSING AND COMMUNICATION,384,384,Data rate/throughput is reported.,"For the communication data transmission and reception, the THz 16QAM signal is delivered over a 1 m free-space wireless link. At the receiver side, the",
O_ISAC_132,2023,Hybrid,Indoor,R,38100000000.0,bps,OTHER,figure,Broadband Photon-Assisted Terahertz Communication and Sensing > V. TERAHERTZ INTEGRATED SENSING AND COMMUNICATION,394,394,Data rate/throughput is reported.,"Fig. 20. At the transmitting end, the 15 GHz IF time division multiplexing (TDM) based signal with a bandwidth of 10 GHz is utilized to",
O_ISAC_132,2023,Hybrid,Indoor,B,15000000000.0,Hz,OTHER,figure,Broadband Photon-Assisted Terahertz Communication and Sensing > V. TERAHERTZ INTEGRATED SENSING AND COMMUNICATION,394,394,Bandwidth is reported.,"Fig. 20. At the transmitting end, the 15 GHz IF time division multiplexing (TDM) based signal with a bandwidth of 10 GHz is utilized to",
O_ISAC_132,2023,Hybrid,Indoor,R,25600000000.0,bps,OTHER,text,Broadband Photon-Assisted Terahertz Communication and Sensing > VII. CONCLUSION,416,416,Data rate/throughput is reported.,"In this paper, representative achievements in broadband photon-assisted terahertz communication and sensing have been reviewed, and our experimental progresses in four different areas: the large",
O_ISAC_132,2023,Hybrid,Indoor,R,2500000000.0,bps,OTHER,text,Broadband Photon-Assisted Terahertz Communication and Sensing > REFERENCES,426,426,Data rate/throughput is reported.,"- [7] L. Moeller et al., ""2.5 Gbit/s duobinary signaling with narrow bandwidth 0.625 GHz terahertz source,"" *Electron. Lett.*, vol. 47, no. 15, pp. 856–858,",
O_ISAC_132,2023,Hybrid,Indoor,B,625000000.0,Hz,OTHER,text,Broadband Photon-Assisted Terahertz Communication and Sensing > REFERENCES,426,426,Bandwidth is reported.,"- [7] L. Moeller et al., ""2.5 Gbit/s duobinary signaling with narrow bandwidth 0.625 GHz terahertz source,"" *Electron. Lett.*, vol. 47, no. 15, pp. 856–858,",
O_ISAC_132,2023,Hybrid,Indoor,R,3500000000.0,bps,OTHER,text,Broadband Photon-Assisted Terahertz Communication and Sensing > REFERENCES,427,427,Data rate/throughput is reported.,"- [8] M. Zhao et al., ""3.5 Gbit/s OOK THz signal delivery over 88 cm freespace at 441.504 GHz,"" *Microw. Opt. Technol. Lett.*, vol. 60,",
O_ISAC_132,2023,Hybrid,Indoor,R,106000000000.0,bps,OTHER,text,Broadband Photon-Assisted Terahertz Communication and Sensing > REFERENCES,460,460,Data rate/throughput is reported.,"- [37] S. Jia et al., ""0.4 THz photonics-wireless link with 106 Gb/s single channel bitrate,"" *J. Lightw. Technol.*, vol. 36, no. 2, pp. 610–616,",
O_ISAC_132,2023,Hybrid,Indoor,R,120000000000.0,bps,OTHER,text,Broadband Photon-Assisted Terahertz Communication and Sensing > REFERENCES,461,461,Data rate/throughput is reported.,"- [38] X. Li et al., ""120Gb/s wireless terahertz-wave signal delivery by 375GHz-500GHz multi-carrier in a 2 × 2 MIMO system,"" in *Proc. Opt. Fiber",
O_ISAC_132,2023,Hybrid,Indoor,R,100000000000.0,bps,OTHER,text,Broadband Photon-Assisted Terahertz Communication and Sensing > REFERENCES,462,462,Data rate/throughput is reported.,"- [39] Z. Lu et al., ""26.8 m 350 GHz wireless transmission of beyond 100 Gbit/s supported by THz photonics,"" in *Proc. Asia Commun. Photon.",
O_ISAC_132,2023,Hybrid,Indoor,R,131000000000.0,bps,OTHER,text,Broadband Photon-Assisted Terahertz Communication and Sensing > REFERENCES,463,463,Data rate/throughput is reported.,"- [40] S. Jia et al., ""Integrated dual-DFB laser for 408 GHz carrier generation enabling 131 Gbit/s wireless transmission over 10.7 meters,"" in *Proc. Opt.",
O_ISAC_132,2023,Hybrid,Indoor,R,108000000000.0,bps,OTHER,text,Broadband Photon-Assisted Terahertz Communication and Sensing > REFERENCES,466,466,Data rate/throughput is reported.,"- [43] X. Li et al., ""Fiber-wireless transmission system of 108 Gb/s data over 80 km fiber and 2 × 2 multiple-input multiple-output wireless links",
O_ISAC_132,2023,Hybrid,Indoor,R,103200000000.0,bps,OTHER,text,Broadband Photon-Assisted Terahertz Communication and Sensing > REFERENCES,471,471,Data rate/throughput is reported.,"- [48] W. Li et al., ""Delivery of 103.2 Gb/s 4096QAM signal over 180 m wireless distance at D-band enabled by truncated probabilistic shaping and",
O_ISAC_132,2023,Hybrid,Indoor,R,64000000000.0,bps,OTHER,text,Broadband Photon-Assisted Terahertz Communication and Sensing > REFERENCES,473,473,Data rate/throughput is reported.,"- [50] I. Kallfass et al., ""64 Gbps transmission over 850 m fixed wireless link at 240 Ghz carrier frequency,"" *J. Infrared, Millimeter, Terahertz Waves*,",
O_ISAC_132,2023,Hybrid,Indoor,R,5000000000.0,bps,OTHER,text,Broadband Photon-Assisted Terahertz Communication and Sensing > REFERENCES,475,475,Data rate/throughput is reported.,"- [52] Q. Wu et al., ""A 21km 5Gbps real time wireless communication system at 0.14 THz,"" in *Proc.IEEE 42nd Int. Conf. Infrared, Millimeter, Terahertz",
O_ISAC_132,2023,Hybrid,Indoor,R,100000000000.0,bps,OTHER,text,Broadband Photon-Assisted Terahertz Communication and Sensing > REFERENCES,476,476,Data rate/throughput is reported.,"- [53] C. Castro et al., ""100 Gb/s real-time transmission over a THz wireless fiber extender using a digitalcoherent optical modem,"" in *Proc. Opt. Fiber",
O_ISAC_132,2023,Hybrid,Indoor,R,100000000000.0,bps,OTHER,text,Broadband Photon-Assisted Terahertz Communication and Sensing > REFERENCES,477,477,Data rate/throughput is reported.,"- [54] C. Castro, R. Elschner, J. Machado, T. Merkle, C. Schubert, and R. Freund, ""Ethernet transmission over a 100 Gb/s real-time terahertz wireless link,""",
O_ISAC_132,2023,Hybrid,Indoor,R,24000000000.0,bps,OTHER,text,Broadband Photon-Assisted Terahertz Communication and Sensing > REFERENCES,479,479,Data rate/throughput is reported.,"- [56] H.-J. Song et al., ""24 Gbit/s data transmission in 300 GHz band for future terahertz communications,"" *Electron. Lett.*, vol. 48, no. 1, pp.",
O_ISAC_132,2023,Hybrid,Indoor,R,59000000000.0,bps,OTHER,text,Broadband Photon-Assisted Terahertz Communication and Sensing > REFERENCES,481,481,Data rate/throughput is reported.,"- [58] A. Stöhr, M. F. Hermelo, M. Steeg, P. -T. B. Shih, and A. Ng'oma, ""Coherent radio-over-fiber THz communication link for high data-rate 59",
O_ISAC_133,2024,FSO,Indoor,CRB,6,m,OTHER,text,Passive Sensing Technique Using Cyclic Prefix in Power-Constrained Optical Wireless Communication Systems,9,9,CRB/FIM is referenced.,"Abstract-In the era of 6G, the merging of wireless communication with sensing technologies has become a key area of research, particularly in addressing limitations in",
O_ISAC_133,2024,FSO,Indoor,CRB,,,OTHER,text,Passive Sensing Technique Using Cyclic Prefix in Power-Constrained Optical Wireless Communication Systems,11,11,CRB/FIM is referenced.,"Index Terms—Optical wireless communication, ISAC, Cyclic prefix, CEO-OFDM, CRLB",
O_ISAC_133,2024,FSO,Indoor,CRB,18,m,OTHER,text,Passive Sensing Technique Using Cyclic Prefix in Power-Constrained Optical Wireless Communication Systems > I. Introduction,31,31,CRB/FIM is referenced.,"low cost, high accuracy, and ease of implementation, making it widely applicable in practical scenarios [18], [19]. In the field of indoor positioning, reference [20]",
O_ISAC_133,2024,FSO,Indoor,CRB,3,m,OTHER,text,Passive Sensing Technique Using Cyclic Prefix in Power-Constrained Optical Wireless Communication Systems > I. Introduction,39,39,CRB/FIM is referenced.,"- 3) In terms of theoretical analysis, we derive the CRLB to estimate the performance limit of the proposed passive sensing algorithm in both communication",
O_ISAC_133,2024,FSO,Indoor,CRB,,,OTHER,text,III. PASSIVE SENSING ALGORITHM USING CYCLIC PREFIX IN CEO-OFDM,166,166,CRB/FIM is referenced.,This section presents a CP-based IPSAC technique that employs the CP for correlation analysis in estimating the TDOA of the signal to achieve precise distance,
O_ISAC_133,2024,FSO,Indoor,CRB,,,OTHER,text,B. Estimation of Distance and velocity in Passive Sensing Process > C. CRLB Estimation of Passive Sensing,219,219,CRB/FIM is referenced.,#### C. CRLB Estimation of Passive Sensing,
O_ISAC_133,2024,FSO,Indoor,CRB,10,m,OTHER,text,B. Estimation of Distance and velocity in Passive Sensing Process > C. CRLB Estimation of Passive Sensing,221,221,CRB/FIM is referenced.,"This paper examines the CRLB for integrated passive sensing and OWC. Based on equation (10), the likelihood function is given by",
O_ISAC_133,2024,FSO,Indoor,CRB,,,OTHER,text,B. Estimation of Distance and velocity in Passive Sensing Process > C. CRLB Estimation of Passive Sensing,264,264,CRB/FIM is referenced.,"Thus, the CRLB for the estimated distance can be expressed as",
O_ISAC_133,2024,FSO,Indoor,CRB,7,m,OTHER,figure,B. Estimation of Distance and velocity in Passive Sensing Process > IV. PERFORMANCE ANALYSIS,308,308,CRB/FIM is referenced.,"Fig. 7: Variation of CRLB for distance estimation in DCO-OFDM, ACO-OFDM and CEO-OFDM systems with varying β/Pmax values.",
O_ISAC_133,2024,FSO,Indoor,CRB,7,m,OTHER,figure,B. Estimation of Distance and velocity in Passive Sensing Process > IV. PERFORMANCE ANALYSIS,312,312,CRB/FIM is referenced.,"Fig. 7 presents the performance trends of five representative curves as functions of β/Pmax. These curves include the CRLBs for distance estimation in the DCO-OFDM,",
O_ISAC_133,2024,FSO,Indoor,CRB,,,OTHER,text,B. Estimation of Distance and velocity in Passive Sensing Process > V. CONCLUSION,350,350,CRB/FIM is referenced.,"This study investigates passive sensing techniques in powerlimited OWC systems utilizing communication signals. To overcome the peak transmitted power constraint in OWC systems, CEO-OFDM is",
O_ISAC_134,2025,Hybrid,Outdoor,Δr_min,c/(2B,m,DRMIN,eq,"<span id=""page-4-0""></span>III. MULTIMODAL SENSING ASSISTED BEAM PREDICTION > A. RADAR DATA PROCESSING",227,237,Resolution is defined via c/(2B).,"The frequency bin, $f_{i_{\text{max}}}$ , having the largest FFT magnitude also defines the frequency shift, $f_{\text{IF}}$ , of the IF signal, i.e., $$f_{\rm IF} =",
O_ISAC_134,2025,Hybrid,Outdoor,Δr_min,c/(2B,m,DRMIN,eq,"<span id=""page-4-0""></span>III. MULTIMODAL SENSING ASSISTED BEAM PREDICTION > A. RADAR DATA PROCESSING",228,238,Resolution is defined via c/(2B).,"$$f_{\rm IF} = f_{i_{\rm max}} = \arg\max_{i} |F_{\rm range}|.$$ (17) Substituting it to (14), the target range is then calculated as, $$R = \frac{cT_c}{2B} \frac{k_{\text{max}}",
O_ISAC_134,2025,Hybrid,Outdoor,Δr_min,c/(2B,m,DRMIN,eq,"<span id=""page-4-0""></span>III. MULTIMODAL SENSING ASSISTED BEAM PREDICTION > A. RADAR DATA PROCESSING",229,239,Resolution is defined via c/(2B).,"$$f_{\rm IF} = f_{i_{\rm max}} = \arg\max_{i} |F_{\rm range}|.$$ (17) Substituting it to (14), the target range is then calculated as, $$R = \frac{cT_c}{2B} \frac{k_{\text{max}}",
O_ISAC_134,2025,Hybrid,Outdoor,Δr_min,c/(2B,m,DRMIN,eq,"<span id=""page-4-0""></span>III. MULTIMODAL SENSING ASSISTED BEAM PREDICTION > A. RADAR DATA PROCESSING",230,240,Resolution is defined via c/(2B).,"(17) Substituting it to (14), the target range is then calculated as, $$R = \frac{cT_c}{2B} \frac{k_{\text{max}} f_s}{S} = k_{\text{max}} \frac{cT_c f_s}{2BS} = k_{\text{max}} \frac{c}{2B},$$ (18)",
O_ISAC_134,2025,Hybrid,Outdoor,Δr_min,c/(2B,m,DRMIN,eq,"<span id=""page-4-0""></span>III. MULTIMODAL SENSING ASSISTED BEAM PREDICTION > A. RADAR DATA PROCESSING",231,241,Resolution is defined via c/(2B).,"Substituting it to (14), the target range is then calculated as, $$R = \frac{cT_c}{2B} \frac{k_{\text{max}} f_s}{S} = k_{\text{max}} \frac{cT_c f_s}{2BS} = k_{\text{max}} \frac{c}{2B},$$ (18) where",
O_ISAC_134,2025,Hybrid,Outdoor,Δr_min,c/(2B,m,DRMIN,eq,"<span id=""page-4-0""></span>III. MULTIMODAL SENSING ASSISTED BEAM PREDICTION > A. RADAR DATA PROCESSING",232,242,Resolution is defined via c/(2B).,"Substituting it to (14), the target range is then calculated as, $$R = \frac{cT_c}{2B} \frac{k_{\text{max}} f_s}{S} = k_{\text{max}} \frac{cT_c f_s}{2BS} = k_{\text{max}} \frac{c}{2B},$$ (18) where",
O_ISAC_134,2025,Hybrid,Outdoor,Δr_min,c/(2B,m,DRMIN,eq,"<span id=""page-4-0""></span>III. MULTIMODAL SENSING ASSISTED BEAM PREDICTION > A. RADAR DATA PROCESSING",233,243,Resolution is defined via c/(2B).,"$$R = \frac{cT_c}{2B} \frac{k_{\text{max}} f_s}{S} = k_{\text{max}} \frac{cT_c f_s}{2BS} = k_{\text{max}} \frac{c}{2B},$$ (18) where c/(2B) is the range resolution. Therefore, the target range R depends",
O_ISAC_134,2025,Hybrid,Outdoor,Δr_min,c/(2B,m,DRMIN,eq,"<span id=""page-4-0""></span>III. MULTIMODAL SENSING ASSISTED BEAM PREDICTION > A. RADAR DATA PROCESSING",234,244,Resolution is defined via c/(2B).,"$$R = \frac{cT_c}{2B} \frac{k_{\text{max}} f_s}{S} = k_{\text{max}} \frac{cT_c f_s}{2BS} = k_{\text{max}} \frac{c}{2B},$$ (18) where c/(2B) is the range resolution. Therefore, the target range R depends",
O_ISAC_134,2025,Hybrid,Outdoor,Δr_min,c/(2B,m,DRMIN,eq,"<span id=""page-4-0""></span>III. MULTIMODAL SENSING ASSISTED BEAM PREDICTION > A. RADAR DATA PROCESSING",235,245,Resolution is defined via c/(2B).,"(18) where c/(2B) is the range resolution. Therefore, the target range R depends on two factors, range bin index $k_{\text{max}}$ and the range resolution c/(2B).",
O_ISAC_134,2025,Hybrid,Outdoor,Δr_min,c/(2B,m,DRMIN,eq,"<span id=""page-4-0""></span>III. MULTIMODAL SENSING ASSISTED BEAM PREDICTION > A. RADAR DATA PROCESSING",236,246,Resolution is defined via c/(2B).,"where c/(2B) is the range resolution. Therefore, the target range R depends on two factors, range bin index $k_{\text{max}}$ and the range resolution c/(2B). Next,",
O_ISAC_134,2025,Hybrid,Outdoor,Δr_min,c/(2B,m,DRMIN,eq,"<span id=""page-4-0""></span>III. MULTIMODAL SENSING ASSISTED BEAM PREDICTION > A. RADAR DATA PROCESSING",237,247,Resolution is defined via c/(2B).,"where c/(2B) is the range resolution. Therefore, the target range R depends on two factors, range bin index $k_{\text{max}}$ and the range resolution c/(2B). Next,",
O_ISAC_134,2025,Hybrid,Outdoor,B,81000000000.0,Hz,OTHER,text,"<span id=""page-4-0""></span>III. MULTIMODAL SENSING ASSISTED BEAM PREDICTION > A. MULTIMODAL FUSION",444,444,Bandwidth is reported.,| radar frequency range | 76-81 GHz | radar bandwidth | 4 GHz |,
O_ISAC_136,2025,Hybrid,Underwater,B,10000000.0,Hz,OTHER,table,Introduction,25,25,Bandwidth is reported.,"unique challenges in its practical implementation. Specifically, despite of its detectable bandwidth over hundreds of GHz, the RYDAR suffers from limited instantaneous bandwidth below 10",
O_ISAC_136,2025,Hybrid,Underwater,sigma_r,1.9,m,OTHER,figure,Introduction > Preliminaries of Rydberg Atomic Receivers > **EXPERIMENTAL DEMONSTRATIONS**,125,125,Estimator accuracy/RMSE is reported.,"a reflective object. The atomic receiver monitors the returning echo. By analyzing the echo's timing delay relative to the transmitted modulation, the system infers the",
O_ISAC_136,2025,Hybrid,Underwater,B,1000000000.0,Hz,OTHER,table,Introduction > Preliminaries of Rydberg Atomic Receivers > **BROADBAND WAVEFORM DESIGN**,179,179,Bandwidth is reported.,"As discussed earlier, main-stream ISAC waveforms can be roughly classified into communication-centric and sensing-centric designs. Communication-centric waveform design, represented by frequency-division multiplexing (FDM), is still",
O_ISAC_137,2023,FSO,Unknown,R,1000000000.0,bps,OTHER,text,4. CONCLUSIONS,101,101,Data rate/throughput is reported.,"To improve the performance of the proposed ISAC concept for space, our team is developing novel multi-channel and versatile TDCs, which will allow significantly expanded",
O_ISAC_139,2025,Hybrid,Indoor,sigma_r,1.03,m,OTHER,text,for Indoor Environments > *C. Localization accuracy*,257,257,Estimator accuracy/RMSE is reported.,The experimental evaluation confirms that the proposed approach - which is based on RSSI filtering and LoS/NLoS classification - significantly improves the accuracy of indoor,
O_ISAC_141,2024,Hybrid,Indoor,B,10000000.0,Hz,OTHER,text,**Algorithm 1:** ABC-Enhanced PD-NOMA-Based ML-Backed EMF Optimization Framework,251,251,Bandwidth is reported.,| W | Total system bandwidth | 10 MHz |,
O_ISAC_141,2024,Hybrid,Indoor,R,40000.0,bps,OTHER,figure,**Algorithm 1:** ABC-Enhanced PD-NOMA-Based ML-Backed EMF Optimization Framework > V. PERFORMANCE EVALUATION,273,273,Data rate/throughput is reported.,"In Fig. 4, a comparison between the proposed method with [23] and [24] when varying the required target number of bits while maintaining a constant",
O_ISAC_142,2024,Hybrid,Unknown,R,20000000.0,bps,OTHER,figure,"<span id=""page-14-1""></span>**B. Deployment** > **C. Modulation**",432,432,Data rate/throughput is reported.,"<span id=""page-18-6""></span><span id=""page-18-2""></span>Another distinctive attribute of transmitter-type IS is its ability to function as a virtual MIMO terminal. In this setup, an IS exposed to",
O_ISAC_143,2023,VLC,Indoor,sigma_r,20.0,m,OTHER,table,I. INTRODUCTION,13,13,Estimator accuracy/RMSE is reported.,"Drones, also as known as unmanned aerial vehicles (UAV) have numerous advantages (i.e., portable, cheap, easy operation, and promising applications [1]–[4]. Drones are now used",
O_ISAC_143,2023,VLC,Indoor,R,5400.0,bps,OTHER,eq,B. Software > 3) Data Parsing Module:,65,65,Data rate/throughput is reported.,Each captured image frame can embed $30\times3$ (the number of spots) = 90 valid OOK data symbol. Thus the current PoseFly prototype can achieve $60\times90=5400$,
O_ISAC_146,1996,Hybrid,Unknown,B,500000000.0,Hz,OTHER,table,**5 POLARIZED RADIOACTIVE BEAMS FOR MATERIAL STUDIES AT ISAC**,59,59,Bandwidth is reported.,"from external magnetic fields and a homogeneous longitudinal field of 10-20 G will be provided. The laser power density required for pumping both F=3/2, 5/2",
O_ISAC_150,2020,Hybrid,Indoor,R,10000000000.0,bps,OTHER,text,"6G Wireless Communication Systems: Applications, Requirements, Technologies, Challenges, and Research Directions > I. INTRODUCTION",41,41,Data rate/throughput is reported.,5G networks will not have the capacity to deliver a completely automated and intelligent network that provides everything as a service and a completely immersive,
O_ISAC_150,2020,Hybrid,Indoor,R,1000000000.0,bps,OTHER,text,**II. TRENDS IN MOBILE COMMUNICATIONS** > **III. SPECIFICATIONS AND REQUIREMENTS**,152,152,Data rate/throughput is reported.,| Per device peak<br>data rate | 1 Gbps | 10 Gbps | 1 Tbps |,
O_ISAC_150,2020,Hybrid,Indoor,R,15.0,bps,OTHER,text,**II. TRENDS IN MOBILE COMMUNICATIONS** > **III. SPECIFICATIONS AND REQUIREMENTS**,154,154,Data rate/throughput is reported.,| Maximum spectral efficiency | 15 bps/Hz | 30 bps/Hz | 100 bps/Hz |,
O_ISAC_150,2020,Hybrid,Indoor,R,10000000000.0,bps,OTHER,text,**IV. PROSPECTS AND APPLICATIONS**,229,229,Data rate/throughput is reported.,"*Connected Robotics and Autonomous Systems:* Currently, several automotive technology researchers are investigating automated and connected vehicles. The evolution of data-centric automation systems is currently surpassing",
O_ISAC_150,2020,Hybrid,Indoor,R,10000000000.0,bps,OTHER,text,**IV. PROSPECTS AND APPLICATIONS**,231,231,Data rate/throughput is reported.,"*Wireless Brain-Computer Interactions:* The braincomputer interface (BCI) is an approach to control the appliances that are used daily in smart societies, especially home appliances and",
O_ISAC_150,2020,Hybrid,Indoor,B,275000000000.0,Hz,OTHER,table,**IV. PROSPECTS AND APPLICATIONS** > **V. FUNDAMENTAL ENABLING TECHNOLOGIES OF 6G**,257,257,Bandwidth is reported.,"THz waves, also known as submillimeter radiation, usually refer to the frequency band between 0.1 THz and 10 THz with the corresponding wavelengths in the",
O_ISAC_152,2024,Hybrid,Indoor,R,1000000000.0,bps,OTHER,text,"Photonics-assisted System for Joint Radar Ranging, Wireless Communications and Spectrum Sensing",11,11,Data rate/throughput is reported.,"*Abstract***—A photonics-assisted system for joint radar ranging, wireless communications and spectrum sensing is proposed and experimentally demonstrated. The carrier-suppressed singlesideband (CS-SSB) modulation and polarization multiplexing",
O_ISAC_152,2024,Hybrid,Indoor,R,40000000000.0,bps,OTHER,text,"Photonics-assisted System for Joint Radar Ranging, Wireless Communications and Spectrum Sensing > I. INTRODUCTION",19,19,Data rate/throughput is reported.,"The ongoing progression in MWP is propelling innovations across multiple domains, driving significant advances in radar architectures and spectrum sensing methodologies. Many advanced photonics-assisted radar,",
O_ISAC_152,2024,Hybrid,Indoor,R,1000000000.0,bps,OTHER,text,"Photonics-assisted System for Joint Radar Ranging, Wireless Communications and Spectrum Sensing > I. INTRODUCTION > > REPLACE THIS LINE WITH YOUR MANUSCRIPT ID NUMBER (DOUBLE-CLICK HERE TO EDIT) <",43,43,Data rate/throughput is reported.,"In the experiment, the photonics-assisted JRCSS is investigated using CS-SSB modulation and polarization multiplexing. Following electro-optic conversion of the intermediate frequency (IF) ASK and the",
O_ISAC_152,2024,Hybrid,Indoor,B,2000000000.0,Hz,OTHER,figure,III. EXPERIMENT RESULTS > *A. Signal Generation*,106,106,Bandwidth is reported.,The CW light with a center frequency of 193.50 THz is injected into the PM-DPMZM. The electrical signal is generated by an arbitrary waveform generator,
O_ISAC_152,2024,Hybrid,Indoor,R,1000000000.0,bps,OTHER,figure,*B. Wireless Communications*,122,122,Data rate/throughput is reported.,"the original data can be then recovered. Fig.7 compares the waveforms of the transmitted signal (yellow curve) and the received signal (red curve), with the",
O_ISAC_152,2024,Hybrid,Indoor,B,3200000.0,Hz,OTHER,text,IV. DISCUSSION AND CONCLUSION,185,185,Bandwidth is reported.,"For communications, uneven signal amplitude may occur in received waveforms under harsh transmission conditions. Some methods should be implemented to perform compensation. For ranging and",
O_ISAC_152,2024,Hybrid,Indoor,R,1000000000.0,bps,OTHER,text,IV. DISCUSSION AND CONCLUSION,187,187,Data rate/throughput is reported.,"In conclusion, the proposed approach uses a single photonics-generated signal to simultaneously enable radar ranging, wireless communications, and spectrum sensing. All three functionalities are realized",
O_ISAC_152,2024,Hybrid,Indoor,R,300000000000.0,bps,OTHER,text,REFERENCES,202,202,Data rate/throughput is reported.,"- [12]S. Jia, *et al.*, ""2 × 300 Gbit/s Line Rate PS-64QAM-OFDM THz Photonic-Wireless Transmission,"" *J. Lightwave Technol.*, Sep. 2020, vol. 38, no. 17, pp:4715-4721,",
O_ISAC_155,2024,Hybrid,Indoor,R,1000000.0,bps,OTHER,text,III. SYSTEM OVERVIEW > *A. Framework Implementation*,69,69,Data rate/throughput is reported.,"To enable efficient offloading e.g., for navigation processes, we leverage ROS 2 lifecycle nodes, which support starting, pausing, and stopping components on demand. Navigation and",
O_ISAC_159,2025,Hybrid,Indoor,B,6000000000.0,Hz,OTHER,eq,I. INTRODUCTION,35,35,Bandwidth is reported.,"<span id=""page-1-2""></span>The existing sub-6GHz frequency bands struggle to meet the demands of 6G infrastructure for high-speed communication and high-precision sensing. The millimeter-wave (mmW) and terahertz",
O_ISAC_159,2025,Hybrid,Indoor,R,68599999999.99999,bps,OTHER,table,I. INTRODUCTION,39,39,Data rate/throughput is reported.,"The TDM schemes, wherein radar and communication functions are allocated to different time slots, are recognized for their straightforward architecture. A simple photonicsbased JRC system",
O_ISAC_159,2025,Hybrid,Indoor,B,100000.0,Hz,OTHER,figure,**III. EXPERIMENTAL SETUP AND RESULTS** > A. D-BAND ISAC EXPERIMENTAL SETUP,171,171,Bandwidth is reported.,with a narrow linewidth (< 100 kHz) generates a seed light with a wavelength of 1550.032 nm. The seed light is launched into an optical,
O_ISAC_159,2025,Hybrid,Indoor,B,25800000000.0,Hz,OTHER,figure,"<span id=""page-5-1""></span>B. D-BAND WIRELESS COMMUNICATION PERFORMANCE",183,183,Bandwidth is reported.,"First, we measure the communication performance of the proposed photonic D-band ISAC system. Initially, the bandwidth of the LFMCW is set to 25.8 GHz. The",
O_ISAC_159,2025,Hybrid,Indoor,B,25800000000.0,Hz,OTHER,figure,"<span id=""page-5-1""></span>B. D-BAND WIRELESS COMMUNICATION PERFORMANCE",209,209,Bandwidth is reported.,the two sides with lower SNR are set to 5 GBaud. The bandwidth of the LFMCW is still 25.8 GHz ( $(6 \ GHz \times,
O_ISAC_159,2025,Hybrid,Indoor,R,88000000000.0,bps,OTHER,figure,"<span id=""page-5-1""></span>B. D-BAND WIRELESS COMMUNICATION PERFORMANCE",219,219,Data rate/throughput is reported.,"Next, to measure the impact of different carrier frequencies on ISAC performance, we maintain the modulation format of the ""[5, 6, 6, 5] GBd-16QAM"" signal",
O_ISAC_159,2025,Hybrid,Indoor,B,25800000000.0,Hz,OTHER,figure,"<span id=""page-5-1""></span>B. D-BAND WIRELESS COMMUNICATION PERFORMANCE > *C. D-BAND SENSING PERFORMANCE*",229,229,Bandwidth is reported.,"reference LFMCW is performed. The radar echo at the output of the Mixer3 is captured by an 80-GSa/s DSO. The ""6GBd- [4, 16, 16, 4]",
O_ISAC_159,2025,Hybrid,Indoor,R,120000000000.0,bps,OTHER,eq,"*D. DISCUSSION* > <span id=""page-9-0""></span>**REFERENCES**",295,295,Data rate/throughput is reported.,"- <span id=""page-9-16""></span>[17] Z. Lyu et al., ""Photonic THz-ISAC demonstration with simultaneous 120Gbit/s communication and 2.5 mm sensing resolution,"" in *Proc. 49th Eur. Conf. Opt.",
O_ISAC_161,2025,Hybrid,Indoor,R,1200000000.0,bps,OTHER,figure,**Nonlinear Interference Topologies** > **Linear Interference Topologies**,316,316,Data rate/throughput is reported.,"A highly innovative receiver architecture presented in [65] enables simultaneous reception and demodulation of multiple channels across two orthogonal polarizations within a single, compact hardware",
O_ISAC_162,2025,Hybrid,Indoor,B,400000000.0,Hz,OTHER,table,"A Unified Future: Integrated Sensing and Communication (ISAC) in 6G > LB, WAVEFORM DESIGN, BEAMFORMING ASPECTS, AND HARDWARE ISSUES FOR ISAC",282,282,Bandwidth is reported.,"Assuming, 400 MHz bandwidth at a carrier frequency of 7 GHz (e.g., $\Delta f = 60\,$ kHz), with a RX NF of 8 dB, then",
O_ISAC_162,2025,Hybrid,Indoor,B,27000000000.0,Hz,OTHER,table,"A Unified Future: Integrated Sensing and Communication (ISAC) in 6G > LB, WAVEFORM DESIGN, BEAMFORMING ASPECTS, AND HARDWARE ISSUES FOR ISAC > **POC SYSTEMS**",354,354,Bandwidth is reported.,Our current PoC variant operates in millimeter wave bands around 27 GHz with up to 400 MHz bandwidth using 5G TDD with 120 kHz subcarrier,
O_ISAC_163,2025,Hybrid,Indoor,B,3500000000.0,Hz,OTHER,eq,"The Emergence of Multi-Functional and Hybrid Reconfigurable Intelligent Surfaces for Integrated Sensing and Communications - A Survey > <span id=""page-0-2""></span>A. Increased Capacity and Bandwidth",29,29,Bandwidth is reported.,"<span id=""page-0-3""></span>The capacity increase goes in line with the evolutionary trend of wireless networks from 2G to 5G, as every new generation offers increased channel",
O_ISAC_163,2025,Hybrid,Indoor,B,15000000000.0,Hz,OTHER,eq,"The Emergence of Multi-Functional and Hybrid Reconfigurable Intelligent Surfaces for Integrated Sensing and Communications - A Survey > <span id=""page-0-2""></span>A. Increased Capacity and Bandwidth",31,31,Bandwidth is reported.,"<span id=""page-1-0""></span>inefficiencies, for example, in the RF amplifiers, phase shifters, RF chains, etc. The centimeter-wave (cmWave) spectrum of 7-15 GHz, which has recently been proposed",
O_ISAC_163,2025,Hybrid,Indoor,B,6000000000.0,Hz,OTHER,eq,"<span id=""page-1-10""></span><span id=""page-1-9""></span>II. BACKGROUND AND STUDY > <span id=""page-2-3""></span><span id=""page-2-1""></span>*B. Types of Metasurfaces* > <span id=""page-2-6""></span><span id=""page-2-2""></span><span id=""page-2-0""></span>*C. Smart Wireless Environments of the Future*",63,63,Bandwidth is reported.,"<span id=""page-2-7""></span>While the concept of RIS applies to any frequency band, the available bandwidth of sub-6 GHz networks is already utilized by 5G [\[44\]](#page-31-26). The",
O_ISAC_163,2025,Hybrid,Indoor,R,78125.0,bps,OTHER,text,"<span id=""page-8-7""></span>*D. Refractive or ""Transmissive"" RIS* > <span id=""page-9-10""></span>*F. Space-Time Coding (STC) Digital Metasurfaces*",270,270,Data rate/throughput is reported.,be performed in LOS as the effects of multi-path propagation will distort the encoded image. b) a monochromatic wave has to impinge on the metasurface,
O_ISAC_163,2025,Hybrid,Indoor,R,2800000000.0,bps,OTHER,eq,"<span id=""page-8-7""></span>*D. Refractive or ""Transmissive"" RIS* > E. Increasing the Throughput With Multi-Layered LC RISs",406,406,Data rate/throughput is reported.,"<span id=""page-16-7""></span><span id=""page-16-2""></span>where $Q_m$ is the modulation order, $f_{sc}$ is the scaling factor, $T_{\rm s}$ is the symbol duration, PRB is the physical resource block",
O_ISAC_163,2025,Hybrid,Indoor,R,2400000000.0,bps,OTHER,table,V. DEFINITION OF MULTI-FUNCTIONALITY > *A. RIS With Sensing Capabilities*,430,430,Data rate/throughput is reported.,*1) Radar Sensors for Simultaneous Localization and Mapping (SLAM):* this will allow an MF-RIS to tackle the issues of low aperture efficiency in uplink communications,
O_ISAC_163,2025,Hybrid,Indoor,R,9000000000.0,bps,OTHER,eq,"<span id=""page-20-2""></span>*C. Is MF-RIS the Key Enabler for mmWave Communications?*",493,493,Data rate/throughput is reported.,"<span id=""page-20-9""></span><span id=""page-20-8""></span><span id=""page-20-7""></span><span id=""page-20-6""></span>been able to achieve 9 Gb/s downlink throughput when using a 4 × 4 MIMO system, which is sufficient for real-time",
O_ISAC_163,2025,Hybrid,Indoor,B,275000000000.0,Hz,OTHER,eq,"<span id=""page-20-2""></span>*C. Is MF-RIS the Key Enabler for mmWave Communications?* > *D. How About Terahertz Communications?*",506,506,Bandwidth is reported.,Frequency bands > 275 GHz are capable of enabling wireless systems with data rates of 100s of Gbps. Feasibility of wireless THz communications based on,
O_ISAC_163,2025,Hybrid,Indoor,R,49100000.0,bps,OTHER,eq,*A. Autonomous Vehicular Networks*,592,592,Data rate/throughput is reported.,"<span id=""page-27-3""></span>Recent advancements in vehicular technology, including the vehicle-to-everything (V2X) concepts 'connected vehicles,' the 'autonomous vehicles,' and the hybrid of the two, 'networks of connected",
O_ISAC_163,2025,Hybrid,Indoor,R,100000.0,bps,OTHER,figure,"<span id=""page-29-10""></span><span id=""page-29-5""></span>*F. Visible Light Communication*",638,638,Data rate/throughput is reported.,Another example of optical communication is the proposed free-space optical (FSO) communication that expects using optical wavebands at frequencies around 200 THz [\[381\]](#page-39-37). Despite its,
O_ISAC_164,2025,Hybrid,Outdoor,B,200.0,Hz,OTHER,figure,"<span id=""page-11-0""></span>**5. Experiment and Results** > 5.3. Normalized Gains for Communication and Sensing",404,404,Bandwidth is reported.,"Figure [10](#page-15-0) shows the averaged normalized gains measured in the communication scenario by transmitting square waves with *f<sup>c</sup>* equal to 200 Hz, 500 Hz, and",
O_ISAC_165,2025,Hybrid,Unknown,B,21510000000.0,Hz,OTHER,text,ABSTRACT,25,25,Bandwidth is reported.,"Mid-infrared (MIR) silicon photonics exhibits significant potential for integrated sensing and communication (ISAC) applications. In this work, an InAs detection system on silicon-on-insulator (SOI) via",
O_ISAC_165,2025,Hybrid,Unknown,B,16760000000.000002,Hz,OTHER,text,*3.1. Mid-infrared grating coupler* > 4.1. Waveguide-integrated InAs PIN PD,236,236,Bandwidth is reported.,"where $f_{\rm T}$ is the carrier transit frequency, and $f_{\rm RC}$ is the RC frequency. $\nu_{\rm sat}$ is the saturated hole drift velocity, which is",
O_ISAC_166,2025,Hybrid,Indoor,B,2380.0,Hz,OTHER,figure,Keywords: Multimodal sensing Electronic skin Human-machine interaction Health monitoring Optical wireless communication > module.,166,166,Bandwidth is reported.,"The temporal resolution of the OSC photodetection was experimentally characterized using a 685 nm LED illumination at zero bias voltage, as depicted in Fig. 5b.",
O_ISAC_167,2025,Hybrid,Indoor,Δz,2.4,m,DZ,text,Optics and Lasers in Engineering,7,23,Fiber spatial granularity/gauge length is reported.,"![](_page_0_Picture_5.jpeg) ![](_page_0_Picture_6.jpeg) # Multi-service integrated sensing and communication system for industrial internet-of-things Jiajia Shen , Jiamin Fan , Meixia Li , Yang Fei , Tingyu",
O_ISAC_167,2025,Hybrid,Indoor,Δz,2.4,m,DZ,text,Optics and Lasers in Engineering,8,24,Fiber spatial granularity/gauge length is reported.,"![](_page_0_Picture_6.jpeg) # Multi-service integrated sensing and communication system for industrial internet-of-things Jiajia Shen , Jiamin Fan , Meixia Li , Yang Fei , Tingyu Fu",
O_ISAC_167,2025,Hybrid,Indoor,Δz,2.4,m,DZ,text,Optics and Lasers in Engineering,9,25,Fiber spatial granularity/gauge length is reported.,"![](_page_0_Picture_6.jpeg) # Multi-service integrated sensing and communication system for industrial internet-of-things Jiajia Shen , Jiamin Fan , Meixia Li , Yang Fei , Tingyu Fu",
O_ISAC_167,2025,Hybrid,Indoor,Δz,2.4,m,DZ,text,Optics and Lasers in Engineering,10,26,Fiber spatial granularity/gauge length is reported.,"# Multi-service integrated sensing and communication system for industrial internet-of-things Jiajia Shen , Jiamin Fan , Meixia Li , Yang Fei , Tingyu Fu ,",
O_ISAC_167,2025,Hybrid,Indoor,Δz,2.4,m,DZ,text,Multi-service integrated sensing and communication system for industrial internet-of-things,11,27,Fiber spatial granularity/gauge length is reported.,"# Multi-service integrated sensing and communication system for industrial internet-of-things Jiajia Shen , Jiamin Fan , Meixia Li , Yang Fei , Tingyu Fu ,",
O_ISAC_167,2025,Hybrid,Indoor,Δz,2.4,m,DZ,text,Multi-service integrated sensing and communication system for industrial internet-of-things,12,28,Fiber spatial granularity/gauge length is reported.,"Jiajia Shen , Jiamin Fan , Meixia Li , Yang Fei , Tingyu Fu , Mingyi Gao \* *Jiangsu Engineering Research Center of Novel Optical",
O_ISAC_167,2025,Hybrid,Indoor,Δz,2.4,m,DZ,text,Multi-service integrated sensing and communication system for industrial internet-of-things,13,29,Fiber spatial granularity/gauge length is reported.,"Jiajia Shen , Jiamin Fan , Meixia Li , Yang Fei , Tingyu Fu , Mingyi Gao \* *Jiangsu Engineering Research Center of Novel Optical",
O_ISAC_167,2025,Hybrid,Indoor,Δz,2.4,m,DZ,text,Multi-service integrated sensing and communication system for industrial internet-of-things,14,30,Fiber spatial granularity/gauge length is reported.,"*Jiangsu Engineering Research Center of Novel Optical Fiber Technology and Communication Network, Suzhou Key Laboratory of Advanced Optical Communication Network Technology, the School of Electronic",
O_ISAC_167,2025,Hybrid,Indoor,Δz,2.4,m,DZ,text,Multi-service integrated sensing and communication system for industrial internet-of-things,15,31,Fiber spatial granularity/gauge length is reported.,"*Jiangsu Engineering Research Center of Novel Optical Fiber Technology and Communication Network, Suzhou Key Laboratory of Advanced Optical Communication Network Technology, the School of Electronic",
O_ISAC_167,2025,Hybrid,Indoor,Δz,2.4,m,DZ,text,Multi-service integrated sensing and communication system for industrial internet-of-things,16,32,Fiber spatial granularity/gauge length is reported.,#### ARTICLE INFO #### *Keywords:* Distributed optical fiber sensing Integration of sensing and communication (ISAC) #### ABSTRACT Industrial Internet-of-Things (IIoT) deeply integrates advanced information and,
O_ISAC_167,2025,Hybrid,Indoor,Δz,2.4,m,DZ,text,Multi-service integrated sensing and communication system for industrial internet-of-things > ARTICLE INFO,17,33,Fiber spatial granularity/gauge length is reported.,#### ARTICLE INFO #### *Keywords:* Distributed optical fiber sensing Integration of sensing and communication (ISAC) #### ABSTRACT Industrial Internet-of-Things (IIoT) deeply integrates advanced information and,
O_ISAC_167,2025,Hybrid,Indoor,Δz,2.4,m,DZ,text,Multi-service integrated sensing and communication system for industrial internet-of-things > ARTICLE INFO,18,34,Fiber spatial granularity/gauge length is reported.,#### *Keywords:* Distributed optical fiber sensing Integration of sensing and communication (ISAC) #### ABSTRACT Industrial Internet-of-Things (IIoT) deeply integrates advanced information and communication technologies with,
O_ISAC_167,2025,Hybrid,Indoor,Δz,2.4,m,DZ,text,Multi-service integrated sensing and communication system for industrial internet-of-things > *Keywords:* Distributed optical fiber sensing Integration of sensing and communication (ISAC),19,35,Fiber spatial granularity/gauge length is reported.,#### *Keywords:* Distributed optical fiber sensing Integration of sensing and communication (ISAC) #### ABSTRACT Industrial Internet-of-Things (IIoT) deeply integrates advanced information and communication technologies with,
O_ISAC_167,2025,Hybrid,Indoor,Δz,2.4,m,DZ,text,Multi-service integrated sensing and communication system for industrial internet-of-things > *Keywords:* Distributed optical fiber sensing Integration of sensing and communication (ISAC),20,36,Fiber spatial granularity/gauge length is reported.,"#### ABSTRACT Industrial Internet-of-Things (IIoT) deeply integrates advanced information and communication technologies with industry, forming new infrastructure and ecosystem for full connectivity. With the evolution",
O_ISAC_167,2025,Hybrid,Indoor,Δz,2.4,m,DZ,text,Multi-service integrated sensing and communication system for industrial internet-of-things > ABSTRACT,21,37,Fiber spatial granularity/gauge length is reported.,"#### ABSTRACT Industrial Internet-of-Things (IIoT) deeply integrates advanced information and communication technologies with industry, forming new infrastructure and ecosystem for full connectivity. With the evolution",
O_ISAC_167,2025,Hybrid,Indoor,Δz,2.4,m,DZ,text,Multi-service integrated sensing and communication system for industrial internet-of-things > ABSTRACT,22,38,Fiber spatial granularity/gauge length is reported.,"Industrial Internet-of-Things (IIoT) deeply integrates advanced information and communication technologies with industry, forming new infrastructure and ecosystem for full connectivity. With the evolution of IIoT,",
O_ISAC_167,2025,Hybrid,Indoor,Δz,2.4,m,DZ,text,Multi-service integrated sensing and communication system for industrial internet-of-things > ABSTRACT,23,39,Fiber spatial granularity/gauge length is reported.,"Industrial Internet-of-Things (IIoT) deeply integrates advanced information and communication technologies with industry, forming new infrastructure and ecosystem for full connectivity. With the evolution of IIoT,",
O_ISAC_167,2025,Hybrid,Indoor,Δz,2.4,m,DZ,text,Multi-service integrated sensing and communication system for industrial internet-of-things > ABSTRACT,24,40,Fiber spatial granularity/gauge length is reported.,"# **1. Introduction** The Industrial Internet-of-Things (IIoT) is a new infrastructure, application model, and industrial ecosystem formed by the deep integration of advanced information and",
O_ISAC_167,2025,Hybrid,Indoor,Δz,2.4,m,DZ,text,**1. Introduction**,25,41,Fiber spatial granularity/gauge length is reported.,"# **1. Introduction** The Industrial Internet-of-Things (IIoT) is a new infrastructure, application model, and industrial ecosystem formed by the deep integration of advanced information and",
O_ISAC_167,2025,Hybrid,Indoor,Δz,2.4,m,DZ,text,**1. Introduction**,26,42,Fiber spatial granularity/gauge length is reported.,"The Industrial Internet-of-Things (IIoT) is a new infrastructure, application model, and industrial ecosystem formed by the deep integration of advanced information and communication technologies with",
O_ISAC_167,2025,Hybrid,Indoor,Δz,2.4,m,DZ,text,**1. Introduction**,27,43,Fiber spatial granularity/gauge length is reported.,"The Industrial Internet-of-Things (IIoT) is a new infrastructure, application model, and industrial ecosystem formed by the deep integration of advanced information and communication technologies with",
O_ISAC_167,2025,Hybrid,Indoor,Δz,2.4,m,DZ,text,**1. Introduction**,28,44,Fiber spatial granularity/gauge length is reported.,"advancements in communication technology, and the vast amount of data generated by various objects, bottlenecks may emerge [\[3\]](#page-8-0). Some IIoT devices generate minimal data and",
O_ISAC_167,2025,Hybrid,Indoor,Δz,2.4,m,DZ,text,**1. Introduction**,29,45,Fiber spatial granularity/gauge length is reported.,"advancements in communication technology, and the vast amount of data generated by various objects, bottlenecks may emerge [\[3\]](#page-8-0). Some IIoT devices generate minimal data and",
O_ISAC_167,2025,Hybrid,Indoor,Δz,2.4,m,DZ,text,**1. Introduction**,30,46,Fiber spatial granularity/gauge length is reported.,"In IIoT domain, wireless communication security has established robust solutions, exemplified by a low-power, multi-carrier waveformdefined security framework to address emerging artificial-intelligence (AI)-powered eavesdropping threats",
O_ISAC_167,2025,Hybrid,Indoor,Δz,2.4,m,DZ,text,**1. Introduction**,31,47,Fiber spatial granularity/gauge length is reported.,"In IIoT domain, wireless communication security has established robust solutions, exemplified by a low-power, multi-carrier waveformdefined security framework to address emerging artificial-intelligence (AI)-powered eavesdropping threats",
O_ISAC_167,2025,Hybrid,Indoor,Δz,2.4,m,DZ,text,**1. Introduction**,32,48,Fiber spatial granularity/gauge length is reported.,"*E-mail address:* [mygao@suda.edu.cn](mailto:mygao@suda.edu.cn) (M. Gao). <sup>\*</sup> Corresponding author. vibrations, and electromagnetic interference. Fiber optic distributed sensing (FODS) technology has good environmental resistance to ensure long-term",
O_ISAC_167,2025,Hybrid,Indoor,Δz,2.4,m,DZ,text,**1. Introduction**,33,49,Fiber spatial granularity/gauge length is reported.,"*E-mail address:* [mygao@suda.edu.cn](mailto:mygao@suda.edu.cn) (M. Gao). <sup>\*</sup> Corresponding author. vibrations, and electromagnetic interference. Fiber optic distributed sensing (FODS) technology has good environmental resistance to ensure long-term",
O_ISAC_167,2025,Hybrid,Indoor,Δz,2.4,m,DZ,text,**1. Introduction**,34,50,Fiber spatial granularity/gauge length is reported.,"<sup>\*</sup> Corresponding author. vibrations, and electromagnetic interference. Fiber optic distributed sensing (FODS) technology has good environmental resistance to ensure long-term stable operation [8–[12](#page-9-0)]. Integration FODS",
O_ISAC_167,2025,Hybrid,Indoor,Δz,2.4,m,DZ,text,**1. Introduction**,35,51,Fiber spatial granularity/gauge length is reported.,"<sup>\*</sup> Corresponding author. vibrations, and electromagnetic interference. Fiber optic distributed sensing (FODS) technology has good environmental resistance to ensure long-term stable operation [8–[12](#page-9-0)]. Integration FODS",
O_ISAC_167,2025,Hybrid,Indoor,Δz,2.4,m,DZ,text,**1. Introduction**,36,52,Fiber spatial granularity/gauge length is reported.,"vibrations, and electromagnetic interference. Fiber optic distributed sensing (FODS) technology has good environmental resistance to ensure long-term stable operation [8–[12](#page-9-0)]. Integration FODS technology to IIoT",
O_ISAC_167,2025,Hybrid,Indoor,Δz,2.4,m,DZ,text,**1. Introduction**,37,53,Fiber spatial granularity/gauge length is reported.,"vibrations, and electromagnetic interference. Fiber optic distributed sensing (FODS) technology has good environmental resistance to ensure long-term stable operation [8–[12](#page-9-0)]. Integration FODS technology to IIoT",
O_ISAC_167,2025,Hybrid,Indoor,Δz,2.4,m,DZ,text,**1. Introduction**,38,54,Fiber spatial granularity/gauge length is reported.,"In this work, we propose and experimentally demonstrate a multiservice ISAC architecture that is compatible with various types of transmission signals on the same wavelength",
O_ISAC_167,2025,Hybrid,Indoor,Δz,2.4,m,DZ,text,**1. Introduction**,39,55,Fiber spatial granularity/gauge length is reported.,"In this work, we propose and experimentally demonstrate a multiservice ISAC architecture that is compatible with various types of transmission signals on the same wavelength",
O_ISAC_167,2025,Hybrid,Indoor,B,200000000.0,Hz,OTHER,text,*2.2. Principle of distributed optical fiber sensing* > *3.1. Experimental setup*,147,147,Bandwidth is reported.,"In the sensing section, continuous wave lights are injected into the fiber link via the circulator, thereby stimulating RBS light signals along the fiber path.",
O_ISAC_167,2025,Hybrid,Indoor,B,200000000.0,Hz,OTHER,figure,"*2.2. Principle of distributed optical fiber sensing* > <span id=""page-4-0""></span>[Fig. 3\(](#page-3-0)b). > *3.3. Measurement of vibration frequency*",186,186,Bandwidth is reported.,"stretched, resulting in a change in its refractive index, which in turn affects the frequency of the RBS light. The vibration point can be regarded",
O_ISAC_167,2025,Hybrid,Indoor,Δz,2.4,m,DZ,text,"*2.2. Principle of distributed optical fiber sensing* > <span id=""page-4-0""></span>[Fig. 3\(](#page-3-0)b). > *3.3. Measurement of vibration frequency*",244,260,Fiber spatial granularity/gauge length is reported.,"$$D = 14.1 \times U \times f_p \ge f_{noise}, \tag{15}$$ where, $f_{\text{noise}}$ is the noise near the beat frequency, about 0.03 MHz. For instance, at",
O_ISAC_167,2025,Hybrid,Indoor,Δz,2.4,m,DZ,text,"*2.2. Principle of distributed optical fiber sensing* > <span id=""page-4-0""></span>[Fig. 3\(](#page-3-0)b). > *3.3. Measurement of vibration frequency*",245,261,Fiber spatial granularity/gauge length is reported.,"where, $f_{\text{noise}}$ is the noise near the beat frequency, about 0.03 MHz. For instance, at a vibration frequency $f_P$ of 1 kHz, PZT voltage U",
O_ISAC_167,2025,Hybrid,Indoor,Δz,2.4,m,DZ,text,"*2.2. Principle of distributed optical fiber sensing* > <span id=""page-4-0""></span>[Fig. 3\(](#page-3-0)b). > *3.3. Measurement of vibration frequency*",246,262,Fiber spatial granularity/gauge length is reported.,"where, $f_{\text{noise}}$ is the noise near the beat frequency, about 0.03 MHz. For instance, at a vibration frequency $f_P$ of 1 kHz, PZT voltage U",
O_ISAC_167,2025,Hybrid,Indoor,Δz,2.4,m,DZ,text,"*2.2. Principle of distributed optical fiber sensing* > <span id=""page-4-0""></span>[Fig. 3\(](#page-3-0)b). > *3.3. Measurement of vibration frequency*",247,263,Fiber spatial granularity/gauge length is reported.,"Therefore, its demodulation accuracy is theoretically limited only by the sampling period T. The system's maximum frequency response $f_{resp}$ can be improved by reducing the",
O_ISAC_167,2025,Hybrid,Indoor,Δz,2.4,m,DZ,text,"*2.2. Principle of distributed optical fiber sensing* > <span id=""page-4-0""></span>[Fig. 3\(](#page-3-0)b). > *3.3. Measurement of vibration frequency*",248,264,Fiber spatial granularity/gauge length is reported.,"Therefore, its demodulation accuracy is theoretically limited only by the sampling period T. The system's maximum frequency response $f_{resp}$ can be improved by reducing the",
O_ISAC_167,2025,Hybrid,Indoor,Δz,2.4,m,DZ,text,"*2.2. Principle of distributed optical fiber sensing* > <span id=""page-4-0""></span>[Fig. 3\(](#page-3-0)b). > *3.3. Measurement of vibration frequency*",249,265,Fiber spatial granularity/gauge length is reported.,"#### 3.4. Measurement of vibration location Since the vibration position is essentially detected in the time domain by pulse signals, its spatial resolution $\Delta z$",
O_ISAC_167,2025,Hybrid,Indoor,Δz,2.4,m,DZ,text,"*2.2. Principle of distributed optical fiber sensing* > <span id=""page-4-0""></span>[Fig. 3\(](#page-3-0)b). > 3.4. Measurement of vibration location",250,266,Fiber spatial granularity/gauge length is reported.,"#### 3.4. Measurement of vibration location Since the vibration position is essentially detected in the time domain by pulse signals, its spatial resolution $\Delta z$",
O_ISAC_167,2025,Hybrid,Indoor,Δz,2.4,m,DZ,text,"*2.2. Principle of distributed optical fiber sensing* > <span id=""page-4-0""></span>[Fig. 3\(](#page-3-0)b). > 3.4. Measurement of vibration location",251,267,Fiber spatial granularity/gauge length is reported.,"Since the vibration position is essentially detected in the time domain by pulse signals, its spatial resolution $\Delta z$ can theoretically be expressed as: $$\Delta",
O_ISAC_167,2025,Hybrid,Indoor,Δz,2.4,m,DZ,text,"*2.2. Principle of distributed optical fiber sensing* > <span id=""page-4-0""></span>[Fig. 3\(](#page-3-0)b). > 3.4. Measurement of vibration location",252,268,Fiber spatial granularity/gauge length is reported.,"Since the vibration position is essentially detected in the time domain by pulse signals, its spatial resolution $\Delta z$ can theoretically be expressed as: $$\Delta",
O_ISAC_167,2025,Hybrid,Indoor,Δz,2.4,m,DZ,text,"*2.2. Principle of distributed optical fiber sensing* > <span id=""page-4-0""></span>[Fig. 3\(](#page-3-0)b). > 3.4. Measurement of vibration location",253,269,Fiber spatial granularity/gauge length is reported.,"$$\Delta z = \frac{d_{pulse}}{2} = \frac{cT_{pulse}}{2n} \tag{16}$$ where, $d_{pulse}$ is the width of pulse, c is the velocity of light, $T_{pulse}$ is the pulse duration,",
O_ISAC_167,2025,Hybrid,Indoor,Δz,2.4,m,DZ,text,"*2.2. Principle of distributed optical fiber sensing* > <span id=""page-4-0""></span>[Fig. 3\(](#page-3-0)b). > 3.4. Measurement of vibration location",254,270,Fiber spatial granularity/gauge length is reported.,"$$\Delta z = \frac{d_{pulse}}{2} = \frac{cT_{pulse}}{2n} \tag{16}$$ where, $d_{pulse}$ is the width of pulse, c is the velocity of light, $T_{pulse}$ is the pulse duration,",
O_ISAC_167,2025,Hybrid,Indoor,Δz,2.4,m,DZ,text,"*2.2. Principle of distributed optical fiber sensing* > <span id=""page-4-0""></span>[Fig. 3\(](#page-3-0)b). > 3.4. Measurement of vibration location",255,271,Fiber spatial granularity/gauge length is reported.,"where, $d_{pulse}$ is the width of pulse, c is the velocity of light, $T_{pulse}$ is the pulse duration, and n is the refractive index of",
O_ISAC_167,2025,Hybrid,Indoor,Δz,2.4,m,DZ,text,"*2.2. Principle of distributed optical fiber sensing* > <span id=""page-4-0""></span>[Fig. 3\(](#page-3-0)b). > 3.4. Measurement of vibration location",256,272,Fiber spatial granularity/gauge length is reported.,"where, $d_{pulse}$ is the width of pulse, c is the velocity of light, $T_{pulse}$ is the pulse duration, and n is the refractive index of",
O_ISAC_167,2025,Hybrid,Indoor,Δz,2.4,m,DZ,text,"*2.2. Principle of distributed optical fiber sensing* > <span id=""page-4-0""></span>[Fig. 3\(](#page-3-0)b). > 3.4. Measurement of vibration location",257,273,Fiber spatial granularity/gauge length is reported.,"Once the vibration is detected at the control terminal, the optical source is switched from the NLL to the WLL. Then, a probing pulse with",
O_ISAC_167,2025,Hybrid,Indoor,Δz,2.4,m,DZ,text,"*2.2. Principle of distributed optical fiber sensing* > <span id=""page-4-0""></span>[Fig. 3\(](#page-3-0)b). > 3.4. Measurement of vibration location",258,274,Fiber spatial granularity/gauge length is reported.,"Once the vibration is detected at the control terminal, the optical source is switched from the NLL to the WLL. Then, a probing pulse with",
O_ISAC_167,2025,Hybrid,Indoor,Δz,2.4,m,DZ,text,"*2.2. Principle of distributed optical fiber sensing* > <span id=""page-4-0""></span>[Fig. 3\(](#page-3-0)b). > 3.4. Measurement of vibration location",259,275,Fiber spatial granularity/gauge length is reported.,"root-mean-square (RMS) value, the RBS signal of probing pulses is mapped along the fiber, as shown in Fig. 10. A distinct peak is observed in",
O_ISAC_167,2025,Hybrid,Indoor,Δz,2.4,m,DZ,text,"*2.2. Principle of distributed optical fiber sensing* > <span id=""page-4-0""></span>[Fig. 3\(](#page-3-0)b). > 3.4. Measurement of vibration location",260,276,Fiber spatial granularity/gauge length is reported.,"root-mean-square (RMS) value, the RBS signal of probing pulses is mapped along the fiber, as shown in Fig. 10. A distinct peak is observed in",
O_ISAC_167,2025,Hybrid,Indoor,B,20000000000.0,Hz,OTHER,text,*4.1. Analysis of nonlinearity*,272,272,Bandwidth is reported.,"Furthermore, the Brillouin scattering frequency shift (typically 10–20 GHz) falls completely outside the 1.6 GHz bandwidth of our balanced photodetector (BPD) when mixed with the",
O_ISAC_167,2025,Hybrid,Indoor,Δz,2.4,m,DZ,text,*4.2. The effect of different modulation formats on RBS light*,288,304,Fiber spatial granularity/gauge length is reported.,[Fig. 5](#page-4-0)(b) depicts the three-dimensional time-frequency diagram of RBS signal during PAM transmission. [Figs. 13 and 14](#page-8-0) display the RBS spectra under UFMC and PDM,
O_ISAC_167,2025,Hybrid,Indoor,Δz,2.4,m,DZ,text,*4.2. The effect of different modulation formats on RBS light*,289,305,Fiber spatial granularity/gauge length is reported.,"<span id=""page-8-0""></span>![](_page_8_Figure_2.jpeg) **Fig. 13.** Time-frequency diagram of RBS signal during UFMC transmission. ![](_page_8_Figure_4.jpeg) **Fig. 14.** Time-frequency diagram of RBS signal during PDM 16-QAM coherent transmission.",
O_ISAC_167,2025,Hybrid,Indoor,Δz,2.4,m,DZ,text,*4.2. The effect of different modulation formats on RBS light*,290,306,Fiber spatial granularity/gauge length is reported.,"<span id=""page-8-0""></span>![](_page_8_Figure_2.jpeg) **Fig. 13.** Time-frequency diagram of RBS signal during UFMC transmission. ![](_page_8_Figure_4.jpeg) **Fig. 14.** Time-frequency diagram of RBS signal during PDM 16-QAM coherent transmission.",
O_ISAC_167,2025,Hybrid,Indoor,Δz,2.4,m,DZ,text,*4.2. The effect of different modulation formats on RBS light*,291,307,Fiber spatial granularity/gauge length is reported.,**Fig. 13.** Time-frequency diagram of RBS signal during UFMC transmission. ![](_page_8_Figure_4.jpeg) **Fig. 14.** Time-frequency diagram of RBS signal during PDM 16-QAM coherent transmission. SNR after,
O_ISAC_167,2025,Hybrid,Indoor,Δz,2.4,m,DZ,text,*4.2. The effect of different modulation formats on RBS light*,292,308,Fiber spatial granularity/gauge length is reported.,**Fig. 13.** Time-frequency diagram of RBS signal during UFMC transmission. ![](_page_8_Figure_4.jpeg) **Fig. 14.** Time-frequency diagram of RBS signal during PDM 16-QAM coherent transmission. SNR after,
O_ISAC_167,2025,Hybrid,Indoor,Δz,2.4,m,DZ,text,*4.2. The effect of different modulation formats on RBS light*,293,309,Fiber spatial granularity/gauge length is reported.,![](_page_8_Figure_4.jpeg) **Fig. 14.** Time-frequency diagram of RBS signal during PDM 16-QAM coherent transmission. SNR after optoelectronic conversion. The comparative analysis reveals that the proposed method,
O_ISAC_167,2025,Hybrid,Indoor,Δz,2.4,m,DZ,text,*4.2. The effect of different modulation formats on RBS light*,294,310,Fiber spatial granularity/gauge length is reported.,![](_page_8_Figure_4.jpeg) **Fig. 14.** Time-frequency diagram of RBS signal during PDM 16-QAM coherent transmission. SNR after optoelectronic conversion. The comparative analysis reveals that the proposed method,
O_ISAC_167,2025,Hybrid,Indoor,Δz,2.4,m,DZ,text,*4.2. The effect of different modulation formats on RBS light*,295,311,Fiber spatial granularity/gauge length is reported.,**Fig. 14.** Time-frequency diagram of RBS signal during PDM 16-QAM coherent transmission. SNR after optoelectronic conversion. The comparative analysis reveals that the proposed method successfully,
O_ISAC_167,2025,Hybrid,Indoor,Δz,2.4,m,DZ,text,*4.2. The effect of different modulation formats on RBS light*,296,312,Fiber spatial granularity/gauge length is reported.,**Fig. 14.** Time-frequency diagram of RBS signal during PDM 16-QAM coherent transmission. SNR after optoelectronic conversion. The comparative analysis reveals that the proposed method successfully,
O_ISAC_167,2025,Hybrid,Indoor,Δz,2.4,m,DZ,text,*4.2. The effect of different modulation formats on RBS light*,297,313,Fiber spatial granularity/gauge length is reported.,SNR after optoelectronic conversion. The comparative analysis reveals that the proposed method successfully maintains high SNR levels across different transmission signals. # **5. Conclusions** IIoT,
O_ISAC_167,2025,Hybrid,Indoor,Δz,2.4,m,DZ,text,*4.2. The effect of different modulation formats on RBS light*,298,314,Fiber spatial granularity/gauge length is reported.,SNR after optoelectronic conversion. The comparative analysis reveals that the proposed method successfully maintains high SNR levels across different transmission signals. # **5. Conclusions** IIoT,
O_ISAC_167,2025,Hybrid,Indoor,Δz,2.4,m,DZ,text,*4.2. The effect of different modulation formats on RBS light*,299,315,Fiber spatial granularity/gauge length is reported.,"# **5. Conclusions** IIoT achieves comprehensive connectivity among people, machines, objects, systems, etc., building a brand-new manufacturing and service system within the entire industrial chain",
O_ISAC_167,2025,Hybrid,Indoor,Δz,2.4,m,DZ,text,**5. Conclusions**,300,316,Fiber spatial granularity/gauge length is reported.,"# **5. Conclusions** IIoT achieves comprehensive connectivity among people, machines, objects, systems, etc., building a brand-new manufacturing and service system within the entire industrial chain",
O_ISAC_167,2025,Hybrid,Indoor,Δz,2.4,m,DZ,text,**5. Conclusions**,301,317,Fiber spatial granularity/gauge length is reported.,"IIoT achieves comprehensive connectivity among people, machines, objects, systems, etc., building a brand-new manufacturing and service system within the entire industrial chain and value chain.",
O_ISAC_167,2025,Hybrid,Indoor,Δz,2.4,m,DZ,text,**5. Conclusions**,302,318,Fiber spatial granularity/gauge length is reported.,"IIoT achieves comprehensive connectivity among people, machines, objects, systems, etc., building a brand-new manufacturing and service system within the entire industrial chain and value chain.",
O_ISAC_167,2025,Hybrid,Indoor,Δz,2.4,m,DZ,text,**5. Conclusions**,303,319,Fiber spatial granularity/gauge length is reported.,"supporting diverse modulation formats, each performing uniquely at different speeds. Hence, its demand for sensory communication is mainly reflected in the efficient, reliable and intelligent",
O_ISAC_167,2025,Hybrid,Indoor,Δz,2.4,m,DZ,text,**5. Conclusions**,304,320,Fiber spatial granularity/gauge length is reported.,"supporting diverse modulation formats, each performing uniquely at different speeds. Hence, its demand for sensory communication is mainly reflected in the efficient, reliable and intelligent",
O_ISAC_171,2025,Hybrid,Indoor,R,4800000000.0,bps,OTHER,text,Frequency-comb-steered ultrawideband quasi-true-time-delay beamformer for integrated sensing and communication,15,15,Data rate/throughput is reported.,"Ultrawideband beamforming is essential for next-generation radar and communication systems, however, the instantaneous bandwidth of phase-shifterbased phased array antennas (PAAs) is limited by beam squint.",
O_ISAC_171,2025,Hybrid,Indoor,B,6000000000.0,Hz,OTHER,text,Frequency-comb-steered ultrawideband quasi-true-time-delay beamformer for integrated sensing and communication,15,15,Bandwidth is reported.,"Ultrawideband beamforming is essential for next-generation radar and communication systems, however, the instantaneous bandwidth of phase-shifterbased phased array antennas (PAAs) is limited by beam squint.",
O_ISAC_171,2025,Hybrid,Indoor,B,18000000000.0,Hz,OTHER,figure,Frequency-comb-steered ultrawideband quasi-true-time-delay beamformer for integrated sensing and communication,25,25,Bandwidth is reported.,"In this article, we introduce a novel frequency-comb-steered photonic quasi-TTD beamforming approach that eschews the need for delay lines, which substantially decreases complexity and enhances",
O_ISAC_171,2025,Hybrid,Indoor,B,31000000000.0,Hz,OTHER,figure,Frequency-comb-steered ultrawideband quasi-true-time-delay beamformer for integrated sensing and communication > Principle of frequency-comb-steered linear quasi-TTD beamformer > Seamless squint-free beamforming of ultra-wideband LFM signals,80,80,Bandwidth is reported.,The experimental setup of a 16-element frequency-comb-steered linear quasi-TTD beamformer is shown in Fig. 2a. We employ electrooptic (EO) combs for the dual-comb heterodyne mixing,
O_ISAC_171,2025,Hybrid,Indoor,B,18000000000.0,Hz,OTHER,figure,Frequency-comb-steered ultrawideband quasi-true-time-delay beamformer for integrated sensing and communication > Principle of frequency-comb-steered linear quasi-TTD beamformer > Seamless squint-free beamforming of ultra-wideband LFM signals,82,82,Bandwidth is reported.,"Figure 2b shows the optical spectrum of the combined dual combs, as measured at the input of the wavelength demultiplexer. Over 16 pairs of comb",
O_ISAC_171,2025,Hybrid,Indoor,B,12000000000.0,Hz,OTHER,figure,Frequency-comb-steered ultrawideband quasi-true-time-delay beamformer for integrated sensing and communication > Principle of frequency-comb-steered linear quasi-TTD beamformer > Seamless squint-free beamforming of ultra-wideband LFM signals,98,98,Bandwidth is reported.,"and −30° are detailed in Fig. 3a–c, respectively. Each subplot displays the transient beam patterns at three distinct frequencies: 12 GHz, 15 GHz, and 18",
O_ISAC_171,2025,Hybrid,Indoor,Δz,0.0094,m,DZ,text,Frequency-comb-steered ultrawideband quasi-true-time-delay beamformer for integrated sensing and communication > Principle of frequency-comb-steered linear quasi-TTD beamformer > Frequency-comb-steered two-dimensional quasi-TTD beamformer,132,148,Fiber spatial granularity/gauge length is reported.,"Conventional 2D TTD schemes are typically realized by stacking a 1D array along the other dimension<sup>31,32</sup>, with a dramatically increased hardware complexity. To address this",
O_ISAC_171,2025,Hybrid,Indoor,B,18000000000.0,Hz,OTHER,figure,Frequency-comb-steered ultrawideband quasi-true-time-delay beamformer for integrated sensing and communication > Principle of frequency-comb-steered linear quasi-TTD beamformer > Frequency-comb-steered two-dimensional quasi-TTD beamformer,140,140,Bandwidth is reported.,"The far-field waveforms are captured, and the beam patterns at different frequencies are evaluated. Figure 5a presents the beamforming results for three arbitrarily selected directions:",
O_ISAC_171,2025,Hybrid,Indoor,R,4800000000.0,bps,OTHER,figure,Frequency-comb-steered ultrawideband quasi-true-time-delay beamformer for integrated sensing and communication > Principle of frequency-comb-steered linear quasi-TTD beamformer > Frequency-comb-steered two-dimensional quasi-TTD beamformer > Integrated radar imaging and communication,148,148,Data rate/throughput is reported.,"The experimental configuration is depicted in Fig. [6a](#page-8-0). To demonstrate the dual-function capability of the proposed architecture, the following ISAC experiments are conducted using the",
O_ISAC_171,2025,Hybrid,Indoor,B,15000000000.0,Hz,OTHER,figure,Frequency-comb-steered ultrawideband quasi-true-time-delay beamformer for integrated sensing and communication > Principle of frequency-comb-steered linear quasi-TTD beamformer > Frequency-comb-steered two-dimensional quasi-TTD beamformer > Integrated radar imaging and communication,150,150,Bandwidth is reported.,"The variation of EVMs in relation to the radar bandwidth and symbol rate is shown in Fig. [6](#page-8-0)f, g, respectively. All tests were conducted with",
O_ISAC_171,2025,Hybrid,Indoor,R,4800000000.0,bps,OTHER,text,Frequency-comb-steered ultrawideband quasi-true-time-delay beamformer for integrated sensing and communication > Principle of frequency-comb-steered linear quasi-TTD beamformer > Frequency-comb-steered two-dimensional quasi-TTD beamformer > Discussion,154,154,Data rate/throughput is reported.,"In conclusion, we have demonstrated a frequency-comb-steered delayline-free quasi-TTD beamforming approach capable of broadband beamforming with infinite steering resolution. The proposed approach is validated in",
O_ISAC_171,2025,Hybrid,Indoor,B,18000000000.0,Hz,OTHER,text,Frequency-comb-steered ultrawideband quasi-true-time-delay beamformer for integrated sensing and communication > Principle of frequency-comb-steered linear quasi-TTD beamformer > Frequency-comb-steered two-dimensional quasi-TTD beamformer > References,230,230,Bandwidth is reported.,"<sup>&</sup>lt;sup>c</sup>Although the LFM frequency range in our demonstration is 12–18 GHz, the maximum achievable bandwidth of the dual comb mixing scheme is equal to the",
O_ISAC_172,2025,Fiber,Unknown,R,25000000.0,bps,OTHER,text,Joint break-point localization sensing based on OFDR and non-disruptive communication fiber ISAC system > ABSTRACT,33,33,Data rate/throughput is reported.,"In this paper, a novel scheme of integrated sensing and communication in optical fiber systems based on optical frequency domain reflectometer (OFDR) is proposed, combining",
O_ISAC_172,2025,Fiber,Unknown,Δz,0.12279999999999999,m,DZ,text,Joint break-point localization sensing based on OFDR and non-disruptive communication fiber ISAC system > ABSTRACT,31,47,Fiber spatial granularity/gauge length is reported.,"Optical frequency domain reflectometer In this paper, a novel scheme of integrated sensing and communication in optical fiber systems based on optical frequency domain reflectometer",
O_ISAC_172,2025,Fiber,Unknown,Δz,0.12279999999999999,m,DZ,text,Joint break-point localization sensing based on OFDR and non-disruptive communication fiber ISAC system > ABSTRACT,32,48,Fiber spatial granularity/gauge length is reported.,"In this paper, a novel scheme of integrated sensing and communication in optical fiber systems based on optical frequency domain reflectometer (OFDR) is proposed, combining",
O_ISAC_172,2025,Fiber,Unknown,Δz,0.12279999999999999,m,DZ,text,Joint break-point localization sensing based on OFDR and non-disruptive communication fiber ISAC system > ABSTRACT,33,49,Fiber spatial granularity/gauge length is reported.,"In this paper, a novel scheme of integrated sensing and communication in optical fiber systems based on optical frequency domain reflectometer (OFDR) is proposed, combining",
O_ISAC_172,2025,Fiber,Unknown,Δz,0.12279999999999999,m,DZ,text,Joint break-point localization sensing based on OFDR and non-disruptive communication fiber ISAC system > 1. Introduction,35,51,Fiber spatial granularity/gauge length is reported.,"### 1. Introduction Recently, with the rapid development of Internet services [1–3] such as cloud computing, the Internet of Things, and virtual reality technology, the",
O_ISAC_172,2025,Fiber,Unknown,Δz,0.12279999999999999,m,DZ,text,Joint break-point localization sensing based on OFDR and non-disruptive communication fiber ISAC system > 1. Introduction,36,52,Fiber spatial granularity/gauge length is reported.,"Recently, with the rapid development of Internet services [1–3] such as cloud computing, the Internet of Things, and virtual reality technology, the global network has",
O_ISAC_172,2025,Fiber,Unknown,Δz,0.12279999999999999,m,DZ,text,Joint break-point localization sensing based on OFDR and non-disruptive communication fiber ISAC system > 1. Introduction,37,53,Fiber spatial granularity/gauge length is reported.,"Recently, with the rapid development of Internet services [1–3] such as cloud computing, the Internet of Things, and virtual reality technology, the global network has",
O_ISAC_172,2025,Fiber,Unknown,Δz,0.12279999999999999,m,DZ,text,Joint break-point localization sensing based on OFDR and non-disruptive communication fiber ISAC system > 1. Introduction,38,54,Fiber spatial granularity/gauge length is reported.,"continuous sensing, the distributed fiber optical sensors (DOFS) [6] have become the mainstream solution in intelligent optical monitor areas. Especially in muti-point distributed scenarios such",
O_ISAC_172,2025,Fiber,Unknown,Δz,0.12279999999999999,m,DZ,text,Joint break-point localization sensing based on OFDR and non-disruptive communication fiber ISAC system > 1. Introduction,39,55,Fiber spatial granularity/gauge length is reported.,"continuous sensing, the distributed fiber optical sensors (DOFS) [6] have become the mainstream solution in intelligent optical monitor areas. Especially in muti-point distributed scenarios such",
O_ISAC_172,2025,Fiber,Unknown,Δz,0.12279999999999999,m,DZ,text,Joint break-point localization sensing based on OFDR and non-disruptive communication fiber ISAC system > 1. Introduction,40,56,Fiber spatial granularity/gauge length is reported.,"E-mail address: bmhua@hdu.edu.cn (M. Bi). <sup>\*</sup> Corresponding author at: School of Communication Engineering, Hangzhou Dianzi University, Xiasha Gaojiaoyuan 2nd Street, Hangzhou, Zhe Jiang province 310018,",
O_ISAC_172,2025,Fiber,Unknown,Δz,0.12279999999999999,m,DZ,text,Joint break-point localization sensing based on OFDR and non-disruptive communication fiber ISAC system > 1. Introduction,41,57,Fiber spatial granularity/gauge length is reported.,"E-mail address: bmhua@hdu.edu.cn (M. Bi). <sup>\*</sup> Corresponding author at: School of Communication Engineering, Hangzhou Dianzi University, Xiasha Gaojiaoyuan 2nd Street, Hangzhou, Zhe Jiang province 310018,",
O_ISAC_172,2025,Fiber,Unknown,Δz,0.12279999999999999,m,DZ,text,Joint break-point localization sensing based on OFDR and non-disruptive communication fiber ISAC system > 1. Introduction,42,58,Fiber spatial granularity/gauge length is reported.,"<sup>\*</sup> Corresponding author at: School of Communication Engineering, Hangzhou Dianzi University, Xiasha Gaojiaoyuan 2nd Street, Hangzhou, Zhe Jiang province 310018, China. reflected signals for the",
O_ISAC_172,2025,Fiber,Unknown,Δz,0.12279999999999999,m,DZ,text,Joint break-point localization sensing based on OFDR and non-disruptive communication fiber ISAC system > 1. Introduction,43,59,Fiber spatial granularity/gauge length is reported.,"<sup>\*</sup> Corresponding author at: School of Communication Engineering, Hangzhou Dianzi University, Xiasha Gaojiaoyuan 2nd Street, Hangzhou, Zhe Jiang province 310018, China. reflected signals for the",
O_ISAC_172,2025,Fiber,Unknown,R,25000000.0,bps,OTHER,table,Joint break-point localization sensing based on OFDR and non-disruptive communication fiber ISAC system > 1. Introduction,51,51,Data rate/throughput is reported.,"To address the aforementioned issues, we propose a novel joint nondisruptive communication and fiber breakpoints localization ISAC-OF system scheme in this paper. Different from the",
O_ISAC_172,2025,Fiber,Unknown,Δz,0.12279999999999999,m,DZ,text,Joint break-point localization sensing based on OFDR and non-disruptive communication fiber ISAC system > 1. Introduction,44,60,Fiber spatial granularity/gauge length is reported.,"reflected signals for the purpose of fiber fault identification has emerged as a research focus in the field of optical systems, particularly in the pursuit",
O_ISAC_172,2025,Fiber,Unknown,Δz,0.12279999999999999,m,DZ,text,Joint break-point localization sensing based on OFDR and non-disruptive communication fiber ISAC system > 1. Introduction,45,61,Fiber spatial granularity/gauge length is reported.,"reflected signals for the purpose of fiber fault identification has emerged as a research focus in the field of optical systems, particularly in the pursuit",
O_ISAC_172,2025,Fiber,Unknown,Δz,0.12279999999999999,m,DZ,text,Joint break-point localization sensing based on OFDR and non-disruptive communication fiber ISAC system > 1. Introduction,46,62,Fiber spatial granularity/gauge length is reported.,"As the potential for integrating communication and sensing functions within optical fibers has been progressively recognized, the Integrated Sensing and Communication over Optical Fiber (ISAC-OF)",
O_ISAC_172,2025,Fiber,Unknown,Δz,0.12279999999999999,m,DZ,text,Joint break-point localization sensing based on OFDR and non-disruptive communication fiber ISAC system > 1. Introduction,47,63,Fiber spatial granularity/gauge length is reported.,"As the potential for integrating communication and sensing functions within optical fibers has been progressively recognized, the Integrated Sensing and Communication over Optical Fiber (ISAC-OF)",
O_ISAC_172,2025,Fiber,Unknown,B,33000000000.0,Hz,OTHER,figure,Joint break-point localization sensing based on OFDR and non-disruptive communication fiber ISAC system > 1. Introduction > **3. Experiments setup**,113,113,Bandwidth is reported.,"To verify the feasibility of the proposed scheme, the experimental setup of the OFDR-based ISAC-OF system is shown in [Fig. 3](#page-4-0). A DFB laser (DFB-1550-I-N-1-PM)",
O_ISAC_172,2025,Fiber,Unknown,R,25000000.0,bps,OTHER,figure,Joint break-point localization sensing based on OFDR and non-disruptive communication fiber ISAC system > 1. Introduction > *4.1. Transmission performance*,131,131,Data rate/throughput is reported.,"To verify the communication performance of the proposed OFDRbased ISAC-OF system, we set the communication data rate to 25 Mbps and conducted the transmission experiment.",
O_ISAC_172,2025,Fiber,Unknown,R,25000000000.0,bps,OTHER,figure,Joint break-point localization sensing based on OFDR and non-disruptive communication fiber ISAC system > 1. Introduction > *4.1. Transmission performance*,141,141,Data rate/throughput is reported.,"Transmission Maker. This system employs a 25 Gbps PAM4 signal as the communication information, with the DFB laser linewidth compressed to 1 kHz. Meanwhile, the",
O_ISAC_172,2025,Fiber,Unknown,sigma_r,0.1134,m,OTHER,figure,Joint break-point localization sensing based on OFDR and non-disruptive communication fiber ISAC system > 1. Introduction > *4.2. Sensing results*,151,151,Estimator accuracy/RMSE is reported.,"confirms the system's capability to detect and localize fiber anomalies with high precision. Furthermore, to evaluate the impact of the communication signal on sensing performance,",
O_ISAC_172,2025,Fiber,Unknown,Δz,0.0,m,DZ,text,Joint break-point localization sensing based on OFDR and non-disruptive communication fiber ISAC system > 1. Introduction > *4.2. Sensing results*,147,163,Fiber spatial granularity/gauge length is reported.,![](_page_5_Figure_8.jpeg) **Fig. 6.** (a) The performance of the OFDR-ISAC system's sensing of fiber fault point location; (b) The sensing error of OFDR-ISAC and sensing system;,
O_ISAC_172,2025,Fiber,Unknown,Δz,0.0,m,DZ,text,Joint break-point localization sensing based on OFDR and non-disruptive communication fiber ISAC system > 1. Introduction > *4.2. Sensing results*,148,164,Fiber spatial granularity/gauge length is reported.,**Fig. 6.** (a) The performance of the OFDR-ISAC system's sensing of fiber fault point location; (b) The sensing error of OFDR-ISAC and sensing system; (c),
O_ISAC_172,2025,Fiber,Unknown,Δz,0.0,m,DZ,text,Joint break-point localization sensing based on OFDR and non-disruptive communication fiber ISAC system > 1. Introduction > *4.2. Sensing results*,149,165,Fiber spatial granularity/gauge length is reported.,**Fig. 6.** (a) The performance of the OFDR-ISAC system's sensing of fiber fault point location; (b) The sensing error of OFDR-ISAC and sensing system; (c),
O_ISAC_172,2025,Fiber,Unknown,sigma_r,0.02,m,OTHER,figure,Joint break-point localization sensing based on OFDR and non-disruptive communication fiber ISAC system > 1. Introduction > *4.2. Sensing results*,157,157,Estimator accuracy/RMSE is reported.,"where *Lc* is the coherence length, *c* is the speed of light, and Δ*νline* is the laser linewidth. Therefore, the laser linewidth is inversely proportional",
O_ISAC_172,2025,Fiber,Unknown,Δz,0.1134,m,DZ,text,Joint break-point localization sensing based on OFDR and non-disruptive communication fiber ISAC system > 1. Introduction > *4.2. Sensing results*,150,166,Fiber spatial granularity/gauge length is reported.,"confirms the system's capability to detect and localize fiber anomalies with high precision. Furthermore, to evaluate the impact of the communication signal on sensing performance,",
O_ISAC_172,2025,Fiber,Unknown,Δz,0.1134,m,DZ,text,Joint break-point localization sensing based on OFDR and non-disruptive communication fiber ISAC system > 1. Introduction > *4.2. Sensing results*,151,167,Fiber spatial granularity/gauge length is reported.,"confirms the system's capability to detect and localize fiber anomalies with high precision. Furthermore, to evaluate the impact of the communication signal on sensing performance,",
O_ISAC_172,2025,Fiber,Unknown,Δz,0.02,m,DZ,text,Joint break-point localization sensing based on OFDR and non-disruptive communication fiber ISAC system > 1. Introduction > *4.2. Sensing results*,152,168,Fiber spatial granularity/gauge length is reported.,"To further investigate the influence of laser linewidth on the sensing capabilities of the proposed OFDR-ISAC system, a simulation system was set up using VPI",
O_ISAC_172,2025,Fiber,Unknown,Δz,0.02,m,DZ,text,Joint break-point localization sensing based on OFDR and non-disruptive communication fiber ISAC system > 1. Introduction > *4.2. Sensing results*,153,169,Fiber spatial granularity/gauge length is reported.,"To further investigate the influence of laser linewidth on the sensing capabilities of the proposed OFDR-ISAC system, a simulation system was set up using VPI",
O_ISAC_172,2025,Fiber,Unknown,Δz,0.02,m,DZ,text,Joint break-point localization sensing based on OFDR and non-disruptive communication fiber ISAC system > 1. Introduction > *4.2. Sensing results*,154,170,Fiber spatial granularity/gauge length is reported.,"$$L_{c} = \frac{c}{\pi \Delta \nu_{line}} \tag{8}$$ where *Lc* is the coherence length, *c* is the speed of light, and Δ*νline* is the laser linewidth. Therefore,",
O_ISAC_172,2025,Fiber,Unknown,Δz,0.02,m,DZ,text,Joint break-point localization sensing based on OFDR and non-disruptive communication fiber ISAC system > 1. Introduction > *4.2. Sensing results*,155,171,Fiber spatial granularity/gauge length is reported.,"$$L_{c} = \frac{c}{\pi \Delta \nu_{line}} \tag{8}$$ where *Lc* is the coherence length, *c* is the speed of light, and Δ*νline* is the laser linewidth. Therefore,",
O_ISAC_172,2025,Fiber,Unknown,R,25000000000.0,bps,OTHER,text,Joint break-point localization sensing based on OFDR and non-disruptive communication fiber ISAC system > 1. Introduction > **5. Conclusion**,163,163,Data rate/throughput is reported.,"In this paper, we propose an OFDR-based ISAC-OFD system. The system uses the DFB laser to generate LFM optical signals, which serve both as optical",
O_ISAC_172,2025,Fiber,Unknown,Δz,0.02,m,DZ,text,Joint break-point localization sensing based on OFDR and non-disruptive communication fiber ISAC system > 1. Introduction > *4.2. Sensing results*,156,172,Fiber spatial granularity/gauge length is reported.,"where *Lc* is the coherence length, *c* is the speed of light, and Δ*νline* is the laser linewidth. Therefore, the laser linewidth is inversely proportional",
O_ISAC_172,2025,Fiber,Unknown,Δz,0.02,m,DZ,text,Joint break-point localization sensing based on OFDR and non-disruptive communication fiber ISAC system > 1. Introduction > *4.2. Sensing results*,157,173,Fiber spatial granularity/gauge length is reported.,"where *Lc* is the coherence length, *c* is the speed of light, and Δ*νline* is the laser linewidth. Therefore, the laser linewidth is inversely proportional",
O_ISAC_172,2025,Fiber,Unknown,Δz,0.033,m,DZ,text,Joint break-point localization sensing based on OFDR and non-disruptive communication fiber ISAC system > 1. Introduction > *4.2. Sensing results*,158,174,Fiber spatial granularity/gauge length is reported.,"sensing distances. Moreover, as illustrated in Fig. 7(d), in the absence of communication signals, the FWHM of the received spectral signal is approximately 0.05 MHz,",
O_ISAC_172,2025,Fiber,Unknown,Δz,0.033,m,DZ,text,Joint break-point localization sensing based on OFDR and non-disruptive communication fiber ISAC system > 1. Introduction > *4.2. Sensing results*,159,175,Fiber spatial granularity/gauge length is reported.,"sensing distances. Moreover, as illustrated in Fig. 7(d), in the absence of communication signals, the FWHM of the received spectral signal is approximately 0.05 MHz,",
O_ISAC_172,2025,Fiber,Unknown,Δz,0.001,m,DZ,text,Joint break-point localization sensing based on OFDR and non-disruptive communication fiber ISAC system > 1. Introduction > **Data availability**,184,200,Fiber spatial granularity/gauge length is reported.,"Data will be made available on request. #### **References** - [1] N. Antonopoulos, L. Gillam (Eds.), Computer Communications and Networks, Springer International Publishing, Cham, 2017,",
O_ISAC_172,2025,Fiber,Unknown,Δz,0.001,m,DZ,text,Joint break-point localization sensing based on OFDR and non-disruptive communication fiber ISAC system > 1. Introduction > **Data availability**,185,201,Fiber spatial granularity/gauge length is reported.,"Data will be made available on request. #### **References** - [1] N. Antonopoulos, L. Gillam (Eds.), Computer Communications and Networks, Springer International Publishing, Cham, 2017,",
O_ISAC_172,2025,Fiber,Unknown,Δz,0.001,m,DZ,text,Joint break-point localization sensing based on OFDR and non-disruptive communication fiber ISAC system > 1. Introduction > **Data availability**,186,202,Fiber spatial granularity/gauge length is reported.,"#### **References** - [1] N. Antonopoulos, L. Gillam (Eds.), Computer Communications and Networks, Springer International Publishing, Cham, 2017, [https://doi.org/10.1007/978-3-](https://doi.org/10.1007/978-3-319-54645-2) [319-54645-2](https://doi.org/10.1007/978-3-319-54645-2). - [2] S. Li, L.D.",
O_ISAC_172,2025,Fiber,Unknown,Δz,0.001,m,DZ,text,Joint break-point localization sensing based on OFDR and non-disruptive communication fiber ISAC system > 1. Introduction > **References**,187,203,Fiber spatial granularity/gauge length is reported.,"#### **References** - [1] N. Antonopoulos, L. Gillam (Eds.), Computer Communications and Networks, Springer International Publishing, Cham, 2017, [https://doi.org/10.1007/978-3-](https://doi.org/10.1007/978-3-319-54645-2) [319-54645-2](https://doi.org/10.1007/978-3-319-54645-2). - [2] S. Li, L.D.",
O_ISAC_172,2025,Fiber,Unknown,Δz,0.001,m,DZ,text,Joint break-point localization sensing based on OFDR and non-disruptive communication fiber ISAC system > 1. Introduction > **References**,188,204,Fiber spatial granularity/gauge length is reported.,"- [1] N. Antonopoulos, L. Gillam (Eds.), Computer Communications and Networks, Springer International Publishing, Cham, 2017, [https://doi.org/10.1007/978-3-](https://doi.org/10.1007/978-3-319-54645-2) [319-54645-2](https://doi.org/10.1007/978-3-319-54645-2). - [2] S. Li, L.D. Xu, S.",
O_ISAC_172,2025,Fiber,Unknown,Δz,0.001,m,DZ,text,Joint break-point localization sensing based on OFDR and non-disruptive communication fiber ISAC system > 1. Introduction > **References**,189,205,Fiber spatial granularity/gauge length is reported.,"- [1] N. Antonopoulos, L. Gillam (Eds.), Computer Communications and Networks, Springer International Publishing, Cham, 2017, [https://doi.org/10.1007/978-3-](https://doi.org/10.1007/978-3-319-54645-2) [319-54645-2](https://doi.org/10.1007/978-3-319-54645-2). - [2] S. Li, L.D. Xu, S.",
O_ISAC_172,2025,Fiber,Unknown,Δz,0.001,m,DZ,text,Joint break-point localization sensing based on OFDR and non-disruptive communication fiber ISAC system > 1. Introduction > **References**,190,206,Fiber spatial granularity/gauge length is reported.,"- [2] S. Li, L.D. Xu, S. Zhao, The internet of things: a survey, Inf. Syst. Front. 17 (2) (2015) 243–259, <https://doi.org/10.1007/s10796-014-9492-7>. - [3] S.M.",
O_ISAC_172,2025,Fiber,Unknown,Δz,0.001,m,DZ,text,Joint break-point localization sensing based on OFDR and non-disruptive communication fiber ISAC system > 1. Introduction > **References**,191,207,Fiber spatial granularity/gauge length is reported.,"- [3] S.M. LaValle, *Virtual reality*[, Cambridge University Press, 2023.](http://refhub.elsevier.com/S0030-3992(25)01317-9/h0015) - [4] [Y. Yan, et al., Distributed optical fiber sensing assisted by optical communication](http://refhub.elsevier.com/S0030-3992(25)01317-9/h0020) [techniques,",
O_ISAC_172,2025,Fiber,Unknown,Δz,0.001,m,DZ,text,Joint break-point localization sensing based on OFDR and non-disruptive communication fiber ISAC system > 1. Introduction > **References**,192,208,Fiber spatial granularity/gauge length is reported.,"- [4] [Y. Yan, et al., Distributed optical fiber sensing assisted by optical communication](http://refhub.elsevier.com/S0030-3992(25)01317-9/h0020) [techniques, J. Light. Technol. 39 \(12\) \(2021\) 3654](http://refhub.elsevier.com/S0030-3992(25)01317-9/h0020)–3670. - [5] C.",
O_ISAC_172,2025,Fiber,Unknown,Δz,0.001,m,DZ,text,Joint break-point localization sensing based on OFDR and non-disruptive communication fiber ISAC system > 1. Introduction > **References**,193,209,Fiber spatial granularity/gauge length is reported.,"- [5] C. Pendao, ˜ [I. Silva, Optical fiber sensors and sensing networks: overview of the](http://refhub.elsevier.com/S0030-3992(25)01317-9/h0025) [main principles and applications, Sensors 22 \(19\) \(2022\) 7554.](http://refhub.elsevier.com/S0030-3992(25)01317-9/h0025)",
O_ISAC_172,2025,Fiber,Unknown,Δz,0.001,m,DZ,text,Joint break-point localization sensing based on OFDR and non-disruptive communication fiber ISAC system > 1. Introduction > **References**,194,210,Fiber spatial granularity/gauge length is reported.,"- [6] [A. Rogers, Distributed optical-fibre sensing, Meas. Sci. Technol. 10 \(8\) \(1999\) R75.](http://refhub.elsevier.com/S0030-3992(25)01317-9/h0030) - [7] [C. Li, et al., A high-responsivity subsurface buoy system",
O_ISAC_172,2025,Fiber,Unknown,Δz,0.001,m,DZ,text,Joint break-point localization sensing based on OFDR and non-disruptive communication fiber ISAC system > 1. Introduction > **References**,195,211,Fiber spatial granularity/gauge length is reported.,"- [6] [A. Rogers, Distributed optical-fibre sensing, Meas. Sci. Technol. 10 \(8\) \(1999\) R75.](http://refhub.elsevier.com/S0030-3992(25)01317-9/h0030) - [7] [C. Li, et al., A high-responsivity subsurface buoy system",
O_ISAC_172,2025,Fiber,Unknown,Δz,0.001,m,DZ,text,Joint break-point localization sensing based on OFDR and non-disruptive communication fiber ISAC system > 1. Introduction > **References**,196,212,Fiber spatial granularity/gauge length is reported.,"- [7] [C. Li, et al., A high-responsivity subsurface buoy system with a fiber-optic acoustic](http://refhub.elsevier.com/S0030-3992(25)01317-9/h0035) [vector sensor for continuous low-frequency acoustic monitoring in the deep",
O_ISAC_172,2025,Fiber,Unknown,Δz,0.001,m,DZ,text,Joint break-point localization sensing based on OFDR and non-disruptive communication fiber ISAC system > 1. Introduction > **References**,197,213,Fiber spatial granularity/gauge length is reported.,"- [8] M. Tekinay, T. Sylvester, M. Brunton, T. Ganesh, Applications of fiber optic sensors in traffic monitoring: a review, Innov. Infrastruct. Solut. 8 (3)",
O_ISAC_172,2025,Fiber,Unknown,Δz,0.001,m,DZ,text,Joint break-point localization sensing based on OFDR and non-disruptive communication fiber ISAC system > 1. Introduction > **References**,198,214,Fiber spatial granularity/gauge length is reported.,"- [9] [A. Brientin, D. Leduc, V. Gaillard, M. Girard, C. Lupi, Numerical and experimental](http://refhub.elsevier.com/S0030-3992(25)01317-9/h0045) [study of a multimode optical fiber sensor based on Fresnel",
O_ISAC_172,2025,Fiber,Unknown,Δz,0.001,m,DZ,text,Joint break-point localization sensing based on OFDR and non-disruptive communication fiber ISAC system > 1. Introduction > **References**,199,215,Fiber spatial granularity/gauge length is reported.,"- [10] M. Mądry, B. Szczupak, M. Smigielski, ´ [B. Matysiak, Investigation of using neural](http://refhub.elsevier.com/S0030-3992(25)01317-9/h0050) [networks for temperature and relative humidity measurement with the Rayleigh](http://refhub.elsevier.com/S0030-3992(25)01317-9/h0050)",
O_ISAC_172,2025,Fiber,Unknown,Δz,0.001,m,DZ,text,Joint break-point localization sensing based on OFDR and non-disruptive communication fiber ISAC system > 1. Introduction > **References**,200,215,Fiber spatial granularity/gauge length is reported.,"- [11] [B.-H. Choi, BOCDA sensor measurement system for 1 mm spatial resolution at](http://refhub.elsevier.com/S0030-3992(25)01317-9/h0055) [distances over 200 m, Opt. Laser Technol. 189 \(2025\) 113006](http://refhub.elsevier.com/S0030-3992(25)01317-9/h0055). -",
O_ISAC_173,2025,VLC,Indoor,R,5000000.0,bps,OTHER,table,Poster: High-Performance Optical Camera Communications for ISAC Localization and Sensing > Abstract,45,45,Data rate/throughput is reported.,"In collaboration with Kuehne+Nagel, HP-OCC was deployed in an operational warehouse to evaluate two logistics applications: inventory tracking using passive optical tags and warehouse automation",
O_ISAC_173,2025,VLC,Indoor,R,5000000.0,bps,OTHER,text,Poster: High-Performance Optical Camera Communications for ISAC Localization and Sensing > 2 High-Performance Optical Camera Communications > 5 Deployment Test in Warehouse Setting,125,125,Data rate/throughput is reported.,"The video link operated at a fixed 5 Mbps rate with low packet loss across the trial lane, while localization accuracy was maintained around 10cm",
O_ISAC_185,2025,VLC,Indoor,B,39.0,Hz,OTHER,text,Adaptive visible light integrated sensing and communication for cable-free virtual reality,11,11,Bandwidth is reported.,Visible light communication plays an essential role in the next-generation 6G network due to its extremely high bandwidth and ultrafast transmission speed. Incorporating position sensing,
O_ISAC_185,2025,VLC,Indoor,R,3000000000.0,bps,OTHER,text,Adaptive visible light integrated sensing and communication for cable-free virtual reality > 1. INTRODUCTION,37,37,Data rate/throughput is reported.,"In this work, we described a novel solution to visible light integrated sensing and communication by jointly manipulating the spatio-temporal properties of the emitting light",
O_ISAC_185,2025,VLC,Indoor,R,3520000000.0,bps,OTHER,figure,Adaptive visible light integrated sensing and communication for cable-free virtual reality > B. Real-Time High-Resolution 3D Localization with CAP > C. Integrated Waveform Design for Efficient Sensing and Communication,104,104,Data rate/throughput is reported.,"intensity and estimated data rates following standard demodulation with respect to different SIs were compared, as shown in Fig. 4(b). We observed small fluctuations in",
O_ISAC_185,2025,VLC,Indoor,R,3630000000.0,bps,OTHER,figure,Adaptive visible light integrated sensing and communication for cable-free virtual reality > B. Real-Time High-Resolution 3D Localization with CAP > C. Integrated Waveform Design for Efficient Sensing and Communication,112,112,Data rate/throughput is reported.,saw an increase in the data rate as the distance was reduced because the illumination density gets larger at closer distances. Variations in the data,
O_ISAC_185,2025,VLC,Indoor,R,3800000000.0,bps,OTHER,figure,Adaptive visible light integrated sensing and communication for cable-free virtual reality > B. Real-Time High-Resolution 3D Localization with CAP > C. Integrated Waveform Design for Efficient Sensing and Communication,114,114,Data rate/throughput is reported.,"Lastly, we demonstrated the performance of data transmission in dynamic conditions. The receiver is swirling within the volume of 0.6 m × 0.6 m ×",
O_ISAC_185,2025,VLC,Indoor,R,6000000000.0,bps,OTHER,figure,Adaptive visible light integrated sensing and communication for cable-free virtual reality > B. Real-Time High-Resolution 3D Localization with CAP > D. Adaptive Beamforming Assisted by Position Sensing for High-Throughput Service,126,126,Data rate/throughput is reported.,We examined the improvement in data rate with adaptive beamforming at four example positions where the irradiance is relatively weak. Given the position information estimated,
O_ISAC_185,2025,VLC,Indoor,R,5110000000.0,bps,OTHER,eq,Adaptive visible light integrated sensing and communication for cable-free virtual reality > B. Real-Time High-Resolution 3D Localization with CAP > D. Adaptive Beamforming Assisted by Position Sensing for High-Throughput Service,128,128,Data rate/throughput is reported.,The enhancement of integrated data transmission and localization will play an essential role in high-throughput applications such as VR. The pursuit of cable-free VR devices,
O_ISAC_185,2025,VLC,Indoor,B,1000000000.0,Hz,OTHER,text,Adaptive visible light integrated sensing and communication for cable-free virtual reality > APPENDIX A: VISIBLE LIGHT COMMUNICATION SETUP AND DIGITAL SIGNAL PROCESSING,152,152,Bandwidth is reported.,"the optical signal onto the avalanche photodiode (APD210A, bandwidth 1 GHz). To generate controlled motion paths for evaluating 3D tracking performance under dynamic conditions, the",
O_ISAC_185,2025,VLC,Indoor,R,3000000000.0,bps,OTHER,text,"Adaptive visible light integrated sensing and communication for cable-free virtual reality > <span id=""page-9-0""></span>APPENDIX B: ILLUMINATION PATTERN GENERATION AND PROJECTION RECONSTRUCTION > APPENDIX C: THREE-DIMENSIONAL LOCATION ESTIMATION > REFERENCES",274,274,Data rate/throughput is reported.,"- 26. Y. Hou, C. Ma, D. Li, et al., ""3 Gbit/s wide field-of-view visible light communication system based on white laser diode,"" in Asia",
O_ISAC_186,2025,Hybrid,Unknown,R,250000000.0,bps,OTHER,text,Chaotic optoelectronic oscillators-based dual-function radar-communication system,17,17,Data rate/throughput is reported.,"Abstract We propose and demonstrate a novel dual-function radar-communication (DFRC) system based on chaotic optoelectronic oscillators (OEOs). Differing from conventional optical chaos communication systems, wherein",
O_ISAC_186,2025,Hybrid,Unknown,R,125000000.0,bps,OTHER,text,Chaotic optoelectronic oscillators-based dual-function radar-communication system > 1 Introduction,31,31,Data rate/throughput is reported.,"transmission rate and enhanced ranging resolution in radar applications. Hence, the exploration of DFRC systems utilizing chaotic signals holds significant importance. In the field of",
O_ISAC_186,2025,Hybrid,Unknown,R,100000000.0,bps,OTHER,figure,Chaotic optoelectronic oscillators-based dual-function radar-communication system > 3.2 Communication performance,129,129,Data rate/throughput is reported.,"Figure 4 depicts the BER of different TDS combinations under both AWGN and multipath Rayleigh fading channels, with a data rate of 100 Mbps. Under",
O_ISAC_186,2025,Hybrid,Unknown,R,250000000.0,bps,OTHER,figure,Chaotic optoelectronic oscillators-based dual-function radar-communication system > 3.2 Communication performance,141,141,Data rate/throughput is reported.,"Furthermore, to determine the maximum achievable data rate of the system, Figure [6](#page-6-1) shows the BER performance at different communication rates given a TDS combination",
O_ISAC_186,2025,Hybrid,Unknown,R,100000000.0,bps,OTHER,text,Chaotic optoelectronic oscillators-based dual-function radar-communication system > 3.2 Communication performance,151,151,Data rate/throughput is reported.,"Additionally, at a data rate of 100 Mbps, the system can achieve a BER of less than 10<sup>−</sup><sup>5</sup> in the lower SNR of the AWGN",
O_ISAC_186,2025,Hybrid,Unknown,R,250000000.0,bps,OTHER,text,Chaotic optoelectronic oscillators-based dual-function radar-communication system > 3.2 Communication performance,153,153,Data rate/throughput is reported.,"In the proposed system, a 9 GHz bandwidth signal has been employed to achieve a maximum data rate of 250 Mbps for message transmission. However,",
O_ISAC_186,2025,Hybrid,Unknown,B,9000000000.0,Hz,OTHER,text,Chaotic optoelectronic oscillators-based dual-function radar-communication system > 3.2 Communication performance,153,153,Bandwidth is reported.,"In the proposed system, a 9 GHz bandwidth signal has been employed to achieve a maximum data rate of 250 Mbps for message transmission. However,",
O_ISAC_186,2025,Hybrid,Unknown,R,100000000.0,bps,OTHER,text,Chaotic optoelectronic oscillators-based dual-function radar-communication system > 3.3 Ranging performance,157,157,Data rate/throughput is reported.,"Next, the radar ranging performance of the proposed system is analyzed, where the passband of BPF is set to 1–10 GHz, the TDS of the",
O_ISAC_186,2025,Hybrid,Unknown,sigma_r,0.0008,m,OTHER,figure,"Chaotic optoelectronic oscillators-based dual-function radar-communication system > 3.3 Ranging performance > <span id=""page-8-0""></span>Algorithm 1 TDS-SS algorithm.",200,200,Estimator accuracy/RMSE is reported.,"where ˆx<sup>i</sup> and x<sup>i</sup> represent the detected position and ideal position of the i-th target, respectively, and N denotes the total number of targets. The",
O_ISAC_186,2025,Hybrid,Unknown,B,10000000000.0,Hz,OTHER,figure,Chaotic optoelectronic oscillators-based dual-function radar-communication system > 3.4 Overall performance,216,216,Bandwidth is reported.,"Finally, the effect of data rate on both communication and ranging performance is discussed, where the system TDS is set to (0.5, 0.9) ns, and",
O_ISAC_186,2025,Hybrid,Unknown,sigma_r,12.0,m,OTHER,figure,Chaotic optoelectronic oscillators-based dual-function radar-communication system > 3.4 Overall performance,216,216,Estimator accuracy/RMSE is reported.,"Finally, the effect of data rate on both communication and ranging performance is discussed, where the system TDS is set to (0.5, 0.9) ns, and",
O_ISAC_186,2025,Hybrid,Unknown,R,250000000.0,bps,OTHER,text,Chaotic optoelectronic oscillators-based dual-function radar-communication system > 3.4 Overall performance,222,222,Data rate/throughput is reported.,"noise-resistant. To summarize, the proposed scheme achieves communication rates of up to 250 Mbps while maintaining a detection probability of ranging above 0.95 in a",
O_ISAC_186,2025,Hybrid,Unknown,R,250000000.0,bps,OTHER,text,Chaotic optoelectronic oscillators-based dual-function radar-communication system > 4 Conclusion,226,226,Data rate/throughput is reported.,"In summary, a novel DFRC system based on chaotic optoelectronic oscillators is proposed. The numerical simulations and discussion are conducted to evaluate the radar and",
O_ISAC_186,2025,Hybrid,Unknown,B,9000000000.0,Hz,OTHER,text,Chaotic optoelectronic oscillators-based dual-function radar-communication system > 4 Conclusion,226,226,Bandwidth is reported.,"In summary, a novel DFRC system based on chaotic optoelectronic oscillators is proposed. The numerical simulations and discussion are conducted to evaluate the radar and",
O_ISAC_187,2025,Hybrid,Unknown,R,6400000000.0,bps,OTHER,text,564416 https://doi.org/10.1364/OE.564416,19,19,Data rate/throughput is reported.,"functions in the high frequency band [\[10](#page-21-8)[–13\]](#page-21-9). In [\[11\]](#page-21-10), the frequency-division multiplexing based LFM signal and QPSK signal are up-converted to W-band via optical heterodyne",
O_ISAC_187,2025,Hybrid,Unknown,R,29990000.0,bps,OTHER,text,564416 https://doi.org/10.1364/OE.564416,21,21,Data rate/throughput is reported.,"Long range (LoRa) waveform is a frequency circular shift form of the LFM signal. The waveform can provide high spreading gain and Doppler tolerance, making",
O_ISAC_187,2025,Hybrid,Unknown,R,30000000.0,bps,OTHER,figure,*2.3. Photonic-aided ISAC transceiver* > *3.1. Bit error rate performance under significant Doppler frequency shift conditions*,211,211,Data rate/throughput is reported.,"The parameters setting of the numerical simulation is presented in Table [1.](#page-4-0) This section analyzes the BER performance of PSK-LFM, CE-OFDM-LFM, QAM-LFM and the proposed",
O_ISAC_187,2025,Hybrid,Unknown,B,1000000.0,Hz,OTHER,figure,*2.3. Photonic-aided ISAC transceiver* > *3.1. Bit error rate performance under significant Doppler frequency shift conditions*,211,211,Bandwidth is reported.,"The parameters setting of the numerical simulation is presented in Table [1.](#page-4-0) This section analyzes the BER performance of PSK-LFM, CE-OFDM-LFM, QAM-LFM and the proposed",
O_ISAC_187,2025,Hybrid,Unknown,R,670000.0,bps,OTHER,figure,*2.3. Photonic-aided ISAC transceiver* > 3.2.2. Maximum unambiguous range and communication rate,271,271,Data rate/throughput is reported.,"In practical scenarios, it is essential to achieve a certain level of the SSIR to suppress the inter-pulse interference. As shown in the blue curve",
O_ISAC_187,2025,Hybrid,Unknown,B,16000000.0,Hz,OTHER,figure,*2.3. Photonic-aided ISAC transceiver* > 3.2.2. Maximum unambiguous range and communication rate,271,271,Bandwidth is reported.,"In practical scenarios, it is essential to achieve a certain level of the SSIR to suppress the inter-pulse interference. As shown in the blue curve",
O_ISAC_187,2025,Hybrid,Unknown,B,1528000000.0,Hz,OTHER,figure,*4.2. Demonstration of target detection*,309,309,Bandwidth is reported.,"Here, the radar echo of a target 15 m away from the transmitter is simulated and generated. This echo is fed into the MZM in",
O_ISAC_187,2025,Hybrid,Unknown,B,512000000.0,Hz,OTHER,figure,*4.2. Demonstration of target detection*,315,315,Bandwidth is reported.,"Since the instantaneous bandwidth of the IM-LFM waveform is continuously varying, the proposed ISAC system features a dynamic range resolution. According to (19), the expected",
O_ISAC_187,2025,Hybrid,Unknown,B,512000000.0,Hz,OTHER,figure,*4.2. Demonstration of target detection*,321,321,Bandwidth is reported.,"<span id=""page-16-0""></span>**Fig. 11.** Measured range profiles with signal bandwidth of (a) 0.512 GHz, (b) 0.768 GHz, (c) 1.28 GHz and (d) 1.528 GHz; (e) cumulative",
O_ISAC_187,2025,Hybrid,Unknown,B,64000000.0,Hz,OTHER,figure,*4.2. Demonstration of target detection*,323,323,Bandwidth is reported.,"The feasibility of the radar MUR extension is also studied. ∆*B* is set to be 16, 32 and 64 MHz, respectively. The de-chirp results of",
O_ISAC_187,2025,Hybrid,Unknown,B,64000000.0,Hz,OTHER,figure,*4.2. Demonstration of target detection*,327,327,Bandwidth is reported.,"<span id=""page-16-1""></span>**Fig. 12.** (a) The de-chirp results of two targets at 15 and 165 m when ∆*B* is set as 16, 32 and 64 MHz;",
O_ISAC_187,2025,Hybrid,Unknown,R,29990000.0,bps,OTHER,figure,*4.3. Communication performance*,331,331,Data rate/throughput is reported.,"For communication function, a back-to-back data transmission based on the parameters setting in Table.1 is conducted. The generated chirp-multiplexed IM-LFM waveform with a data rate",
O_ISAC_187,2025,Hybrid,Unknown,B,3056000000.0,Hz,OTHER,text,*5.1. Polarization isolation and cross-channel interference*,376,376,Bandwidth is reported.,"GHz, the bandwidth sum can vary from 1.024-3.056 GHz. Generally, the SSIR is higher than 33 dB, which indicates minimum influence to target detection.",
O_ISAC_187,2025,Hybrid,Unknown,B,1000000.0,Hz,OTHER,figure,*5.2. Impact of phase noise*,386,386,Bandwidth is reported.,The de-chirped spectra of LFM signals with different bandwidth interval under ideal condition and -50-dBc/Hz are present in Fig. [17\(](#page-20-1)a) and (b). Compared with the,
O_ISAC_187,2025,Hybrid,Unknown,B,1000000.0,Hz,OTHER,figure,*5.2. Impact of phase noise*,396,396,Bandwidth is reported.,"<span id=""page-20-1""></span>**Fig. 17.** (a) The ideal de-chirped spectra of the signals with different ∆*B* and (b) the de-chirped spectra under -50-dBc/Hz @1 MHz phase noise.",
O_ISAC_187,2025,Hybrid,Unknown,R,29990000.0,bps,OTHER,text,*5.2. Impact of phase noise* > **6. Conclusion**,402,402,Data rate/throughput is reported.,"in the communication receiver, FFT and down-sampling are used to extract the slope and the circular shift index. The communication and sensing performance of the",
O_ISAC_187,2025,Hybrid,Unknown,B,1536000000.0,Hz,OTHER,text,*5.2. Impact of phase noise* > **6. Conclusion**,402,402,Bandwidth is reported.,"in the communication receiver, FFT and down-sampling are used to extract the slope and the circular shift index. The communication and sensing performance of the",
O_ISAC_188,2025,Fiber,Unknown,Δz,1.0,m,DZ,text,**Endogenous integration of communication and interference fading free sensing using telecom pilots via joint polarization-fraction domain multiplexing**,1,9,Fiber spatial granularity/gauge length is reported.,"# **Endogenous integration of communication and interference fading free sensing using telecom pilots via joint polarization-fraction domain multiplexing** **LI WANG, 1,**† **YUE WANG, 1,**† **ZHONGHONG",
O_ISAC_188,2025,Fiber,Unknown,Δz,1.0,m,DZ,text,**Endogenous integration of communication and interference fading free sensing using telecom pilots via joint polarization-fraction domain multiplexing**,1,10,Fiber spatial granularity/gauge length is reported.,"# **Endogenous integration of communication and interference fading free sensing using telecom pilots via joint polarization-fraction domain multiplexing** **LI WANG, 1,**† **YUE WANG, 1,**† **ZHONGHONG",
O_ISAC_188,2025,Fiber,Unknown,Δz,1.0,m,DZ,text,**Endogenous integration of communication and interference fading free sensing using telecom pilots via joint polarization-fraction domain multiplexing**,1,11,Fiber spatial granularity/gauge length is reported.,"# **Endogenous integration of communication and interference fading free sensing using telecom pilots via joint polarization-fraction domain multiplexing** **LI WANG, 1,**† **YUE WANG, 1,**† **ZHONGHONG",
O_ISAC_188,2025,Fiber,Unknown,Δz,1.0,m,DZ,text,**Endogenous integration of communication and interference fading free sensing using telecom pilots via joint polarization-fraction domain multiplexing**,1,12,Fiber spatial granularity/gauge length is reported.,"# **Endogenous integration of communication and interference fading free sensing using telecom pilots via joint polarization-fraction domain multiplexing** **LI WANG, 1,**† **YUE WANG, 1,**† **ZHONGHONG",
O_ISAC_188,2025,Fiber,Unknown,Δz,1.0,m,DZ,text,**Endogenous integration of communication and interference fading free sensing using telecom pilots via joint polarization-fraction domain multiplexing**,1,13,Fiber spatial granularity/gauge length is reported.,"# **Endogenous integration of communication and interference fading free sensing using telecom pilots via joint polarization-fraction domain multiplexing** **LI WANG, 1,**† **YUE WANG, 1,**† **ZHONGHONG",
O_ISAC_188,2025,Fiber,Unknown,R,200000000000.0,bps,OTHER,text,**Endogenous integration of communication and interference fading free sensing using telecom pilots via joint polarization-fraction domain multiplexing**,5,5,Data rate/throughput is reported.,"**Abstract:** In this paper, we propose telecom pilots originally designed for polarization rotation estimation to achieve distributed acoustic sensing (DAS) for standard coherent system. Characterized",
O_ISAC_188,2025,Fiber,Unknown,Δz,1.0,m,DZ,text,**Endogenous integration of communication and interference fading free sensing using telecom pilots via joint polarization-fraction domain multiplexing**,1,14,Fiber spatial granularity/gauge length is reported.,"# **Endogenous integration of communication and interference fading free sensing using telecom pilots via joint polarization-fraction domain multiplexing** **LI WANG, 1,**† **YUE WANG, 1,**† **ZHONGHONG",
O_ISAC_188,2025,Fiber,Unknown,Δz,1.0,m,DZ,text,**Endogenous integration of communication and interference fading free sensing using telecom pilots via joint polarization-fraction domain multiplexing**,1,15,Fiber spatial granularity/gauge length is reported.,"# **Endogenous integration of communication and interference fading free sensing using telecom pilots via joint polarization-fraction domain multiplexing** **LI WANG, 1,**† **YUE WANG, 1,**† **ZHONGHONG",
O_ISAC_188,2025,Fiber,Unknown,Δz,1.0,m,DZ,text,**Endogenous integration of communication and interference fading free sensing using telecom pilots via joint polarization-fraction domain multiplexing**,1,16,Fiber spatial granularity/gauge length is reported.,"# **Endogenous integration of communication and interference fading free sensing using telecom pilots via joint polarization-fraction domain multiplexing** **LI WANG, 1,**† **YUE WANG, 1,**† **ZHONGHONG",
O_ISAC_188,2025,Fiber,Unknown,Δz,1.0,m,DZ,text,**Endogenous integration of communication and interference fading free sensing using telecom pilots via joint polarization-fraction domain multiplexing**,1,17,Fiber spatial granularity/gauge length is reported.,"# **Endogenous integration of communication and interference fading free sensing using telecom pilots via joint polarization-fraction domain multiplexing** **LI WANG, 1,**† **YUE WANG, 1,**† **ZHONGHONG",
O_ISAC_188,2025,Fiber,Unknown,Δz,1.0,m,DZ,text,**Endogenous integration of communication and interference fading free sensing using telecom pilots via joint polarization-fraction domain multiplexing**,2,18,Fiber spatial granularity/gauge length is reported.,"**LI WANG, 1,**† **YUE WANG, 1,**† **ZHONGHONG LIN, <sup>2</sup> HAOZE [Y](https://orcid.org/0000-0001-8669-4186)U, <sup>2</sup> YIBIN LI, <sup>1</sup> CHAO LU, <sup>2</sup> CHANGYUAN YU, 1,3 AND MING TANG2,4** **Abstract:**",
O_ISAC_188,2025,Fiber,Unknown,Δz,1.0,m,DZ,text,**Endogenous integration of communication and interference fading free sensing using telecom pilots via joint polarization-fraction domain multiplexing**,3,19,Fiber spatial granularity/gauge length is reported.,"**LI WANG, 1,**† **YUE WANG, 1,**† **ZHONGHONG LIN, <sup>2</sup> HAOZE [Y](https://orcid.org/0000-0001-8669-4186)U, <sup>2</sup> YIBIN LI, <sup>1</sup> CHAO LU, <sup>2</sup> CHANGYUAN YU, 1,3 AND MING TANG2,4** **Abstract:**",
O_ISAC_188,2025,Fiber,Unknown,Δz,1.0,m,DZ,text,**Endogenous integration of communication and interference fading free sensing using telecom pilots via joint polarization-fraction domain multiplexing**,4,20,Fiber spatial granularity/gauge length is reported.,"**Abstract:** In this paper, we propose telecom pilots originally designed for polarization rotation estimation to achieve distributed acoustic sensing (DAS) for standard coherent system. Characterized",
O_ISAC_188,2025,Fiber,Unknown,Δz,1.0,m,DZ,text,**Endogenous integration of communication and interference fading free sensing using telecom pilots via joint polarization-fraction domain multiplexing**,5,21,Fiber spatial granularity/gauge length is reported.,"**Abstract:** In this paper, we propose telecom pilots originally designed for polarization rotation estimation to achieve distributed acoustic sensing (DAS) for standard coherent system. Characterized",
O_ISAC_188,2025,Fiber,Unknown,Δz,1.0,m,DZ,text,**1. Introduction**,11,27,Fiber spatial granularity/gauge length is reported.,"With rapid proliferation of internet of things (IoT), smart city and low-altitude surveillance, the application of beyond 5G (B5G) and 6G era is driving communication",
O_ISAC_188,2025,Fiber,Unknown,Δz,1.0,m,DZ,text,**1. Introduction**,12,28,Fiber spatial granularity/gauge length is reported.,The ISAC in coherent optical networks has been explored through phase-sensitive optical time-domain reflectometry (φ-OTDR) by integrating telecom payloads and sensing probes via frequency-division multiplexing,
O_ISAC_188,2025,Fiber,Unknown,Δz,1.0,m,DZ,text,**1. Introduction**,13,29,Fiber spatial granularity/gauge length is reported.,The ISAC in coherent optical networks has been explored through phase-sensitive optical time-domain reflectometry (φ-OTDR) by integrating telecom payloads and sensing probes via frequency-division multiplexing,
O_ISAC_188,2025,Fiber,Unknown,Δz,1.0,m,DZ,text,**1. Introduction**,14,30,Fiber spatial granularity/gauge length is reported.,"*<sup>1</sup>Photonics Research Center, Department of Electrical and Electronic Engineering, Hong Kong Polytechnic University, Hong Kong SAR 999077, China* *<sup>2</sup>National Engineering Laboratory of Next Generation Internet",
O_ISAC_188,2025,Fiber,Unknown,Δz,1.0,m,DZ,text,**1. Introduction**,15,31,Fiber spatial granularity/gauge length is reported.,"*<sup>1</sup>Photonics Research Center, Department of Electrical and Electronic Engineering, Hong Kong Polytechnic University, Hong Kong SAR 999077, China* *<sup>2</sup>National Engineering Laboratory of Next Generation Internet",
O_ISAC_188,2025,Fiber,Unknown,Δz,1.0,m,DZ,text,**1. Introduction**,16,32,Fiber spatial granularity/gauge length is reported.,"*<sup>2</sup>National Engineering Laboratory of Next Generation Internet Access Networks, School of Optical and Electronic Information, Huazhong University of Science and Technology, Wuhan 430074, China* *<sup>3</sup>",
O_ISAC_188,2025,Fiber,Unknown,Δz,1.0,m,DZ,text,**1. Introduction**,17,33,Fiber spatial granularity/gauge length is reported.,"*<sup>2</sup>National Engineering Laboratory of Next Generation Internet Access Networks, School of Optical and Electronic Information, Huazhong University of Science and Technology, Wuhan 430074, China* *<sup>3</sup>",
O_ISAC_188,2025,Fiber,Unknown,Δz,1.0,m,DZ,text,**1. Introduction**,18,34,Fiber spatial granularity/gauge length is reported.,"*<sup>3</sup> [changyuan.yu@polyu.edu.hk](mailto:changyuan.yu@polyu.edu.hk)* *<sup>4</sup> [tangming@mail.hust.edu.cn](mailto:tangming@mail.hust.edu.cn)* <sup>†</sup>These authors contributed equally. fiber medium with two distinct transceivers, leading to substantial infrastructure costs. It has been suggested that sensing",
O_ISAC_188,2025,Fiber,Unknown,Δz,1.0,m,DZ,text,**1. Introduction**,19,35,Fiber spatial granularity/gauge length is reported.,"*<sup>3</sup> [changyuan.yu@polyu.edu.hk](mailto:changyuan.yu@polyu.edu.hk)* *<sup>4</sup> [tangming@mail.hust.edu.cn](mailto:tangming@mail.hust.edu.cn)* <sup>†</sup>These authors contributed equally. fiber medium with two distinct transceivers, leading to substantial infrastructure costs. It has been suggested that sensing",
O_ISAC_188,2025,Fiber,Unknown,R,200000000000.0,bps,OTHER,text,**1. Introduction**,27,27,Data rate/throughput is reported.,"In this paper, an endogenous ISAC has been proposed for standard coherent detection system. Instead of allocating a dedicated sensing probe, the telecom pilots designed",
O_ISAC_188,2025,Fiber,Unknown,sigma_r,1.0,m,OTHER,text,**1. Introduction**,27,27,Estimator accuracy/RMSE is reported.,"In this paper, an endogenous ISAC has been proposed for standard coherent detection system. Instead of allocating a dedicated sensing probe, the telecom pilots designed",
O_ISAC_188,2025,Fiber,Unknown,Δz,1.0,m,DZ,text,**1. Introduction**,20,36,Fiber spatial granularity/gauge length is reported.,"*<sup>4</sup> [tangming@mail.hust.edu.cn](mailto:tangming@mail.hust.edu.cn)* <sup>†</sup>These authors contributed equally. fiber medium with two distinct transceivers, leading to substantial infrastructure costs. It has been suggested that sensing probe can",
O_ISAC_188,2025,Fiber,Unknown,Δz,1.0,m,DZ,text,**1. Introduction**,21,37,Fiber spatial granularity/gauge length is reported.,"*<sup>4</sup> [tangming@mail.hust.edu.cn](mailto:tangming@mail.hust.edu.cn)* <sup>†</sup>These authors contributed equally. fiber medium with two distinct transceivers, leading to substantial infrastructure costs. It has been suggested that sensing probe can",
O_ISAC_188,2025,Fiber,Unknown,Δz,1.0,m,DZ,text,**1. Introduction**,22,38,Fiber spatial granularity/gauge length is reported.,"<sup>†</sup>These authors contributed equally. fiber medium with two distinct transceivers, leading to substantial infrastructure costs. It has been suggested that sensing probe can share the",
O_ISAC_188,2025,Fiber,Unknown,Δz,1.0,m,DZ,text,**1. Introduction**,23,39,Fiber spatial granularity/gauge length is reported.,"<sup>†</sup>These authors contributed equally. fiber medium with two distinct transceivers, leading to substantial infrastructure costs. It has been suggested that sensing probe can share the",
O_ISAC_188,2025,Fiber,Unknown,Δz,1.0,m,DZ,text,**1. Introduction**,24,40,Fiber spatial granularity/gauge length is reported.,"fiber medium with two distinct transceivers, leading to substantial infrastructure costs. It has been suggested that sensing probe can share the transmitter over a bidirectional",
O_ISAC_188,2025,Fiber,Unknown,Δz,1.0,m,DZ,text,**1. Introduction**,25,41,Fiber spatial granularity/gauge length is reported.,"fiber medium with two distinct transceivers, leading to substantial infrastructure costs. It has been suggested that sensing probe can share the transmitter over a bidirectional",
O_ISAC_188,2025,Fiber,Unknown,Δz,1.0,m,DZ,text,**1. Introduction**,26,42,Fiber spatial granularity/gauge length is reported.,"In this paper, an endogenous ISAC has been proposed for standard coherent detection system. Instead of allocating a dedicated sensing probe, the telecom pilots designed",
O_ISAC_188,2025,Fiber,Unknown,Δz,1.0,m,DZ,text,**1. Introduction**,27,43,Fiber spatial granularity/gauge length is reported.,"In this paper, an endogenous ISAC has been proposed for standard coherent detection system. Instead of allocating a dedicated sensing probe, the telecom pilots designed",
O_ISAC_188,2025,Fiber,Unknown,B,50000000.0,Hz,OTHER,figure,*2.1. Brief introduction of FrFT* > 2.3. Telecom chirp TSs to achieve DAS of interference fading-suppression,147,147,Bandwidth is reported.,"As illustrated in Fig. 3(c), the peak attained after the matched FrFT exhibits outstanding performance with high peak to side lobe ratio (PSLR) approximate to",
O_ISAC_188,2025,Fiber,Unknown,B,100.0,Hz,OTHER,figure,"*2.1. Brief introduction of FrFT* > **3. Experimental setup, results and discussions** > *3.1. Experimental setup*",155,155,Bandwidth is reported.,"To verify the feasibility of endogenous ISAC using DP chirp TS, the experiment of 50GBaud QPSK/16QAM signal is conducted and shown in Fig. [4\(](#page-7-0)a). The",
O_ISAC_188,2025,Fiber,Unknown,Δz,0.5,m,DZ,text,"*2.1. Brief introduction of FrFT* > **3. Experimental setup, results and discussions** > *3.2. Experimental results and discussions*",165,181,Fiber spatial granularity/gauge length is reported.,"![](_page_7_Figure_3.jpeg) <span id=""page-7-0""></span>**Fig. 4.** (a) The experiment setup of endogenous ISAC. EDFA: erbium doped fiber amplifier. (b) Chirp TSs and telecom payload shown in frequency",
O_ISAC_188,2025,Fiber,Unknown,Δz,0.5,m,DZ,text,"*2.1. Brief introduction of FrFT* > **3. Experimental setup, results and discussions** > *3.2. Experimental results and discussions*",166,182,Fiber spatial granularity/gauge length is reported.,"<span id=""page-7-0""></span>**Fig. 4.** (a) The experiment setup of endogenous ISAC. EDFA: erbium doped fiber amplifier. (b) Chirp TSs and telecom payload shown in frequency domain.",
O_ISAC_188,2025,Fiber,Unknown,Δz,0.5,m,DZ,text,"*2.1. Brief introduction of FrFT* > **3. Experimental setup, results and discussions** > *3.2. Experimental results and discussions*",167,183,Fiber spatial granularity/gauge length is reported.,"<span id=""page-7-0""></span>**Fig. 4.** (a) The experiment setup of endogenous ISAC. EDFA: erbium doped fiber amplifier. (b) Chirp TSs and telecom payload shown in frequency domain.",
O_ISAC_188,2025,Fiber,Unknown,Δz,0.5,m,DZ,text,"*2.1. Brief introduction of FrFT* > **3. Experimental setup, results and discussions** > *3.2. Experimental results and discussions*",168,184,Fiber spatial granularity/gauge length is reported.,"error bars depicting RMSEs degrade at SOP rotation corresponding to (2*n* + 1)/2π, where *n* is an integer. This deterioration can be attributed to that",
O_ISAC_188,2025,Fiber,Unknown,Δz,0.5,m,DZ,text,"*2.1. Brief introduction of FrFT* > **3. Experimental setup, results and discussions** > *3.2. Experimental results and discussions*",169,185,Fiber spatial granularity/gauge length is reported.,"error bars depicting RMSEs degrade at SOP rotation corresponding to (2*n* + 1)/2π, where *n* is an integer. This deterioration can be attributed to that",
O_ISAC_188,2025,Fiber,Unknown,Δz,0.5,m,DZ,text,"*2.1. Brief introduction of FrFT* > **3. Experimental setup, results and discussions** > *3.2. Experimental results and discussions*",170,186,Fiber spatial granularity/gauge length is reported.,"The capability to monitor SOP rotation facilitates the deployment of feedforward adaptive equalization (FFD-AEQ), as depicted in Fig. [4\(](#page-7-0)d). For each SOP, the TSs undergoes",
O_ISAC_188,2025,Fiber,Unknown,Δz,0.5,m,DZ,text,"*2.1. Brief introduction of FrFT* > **3. Experimental setup, results and discussions** > *3.2. Experimental results and discussions*",171,187,Fiber spatial granularity/gauge length is reported.,"The capability to monitor SOP rotation facilitates the deployment of feedforward adaptive equalization (FFD-AEQ), as depicted in Fig. [4\(](#page-7-0)d). For each SOP, the TSs undergoes",
O_ISAC_188,2025,Fiber,Unknown,Δz,0.5,m,DZ,text,"*2.1. Brief introduction of FrFT* > **3. Experimental setup, results and discussions** > *3.2. Experimental results and discussions*",172,188,Fiber spatial granularity/gauge length is reported.,"![](_page_8_Figure_3.jpeg) <span id=""page-8-0""></span>**Fig. 5.** (a), (b), (c) and (d) correspond to estimation of tangent function of SOP rotation versus SOP rotation reference when SCPR =",
O_ISAC_188,2025,Fiber,Unknown,Δz,0.5,m,DZ,text,"*2.1. Brief introduction of FrFT* > **3. Experimental setup, results and discussions** > *3.2. Experimental results and discussions*",173,189,Fiber spatial granularity/gauge length is reported.,"![](_page_8_Figure_3.jpeg) <span id=""page-8-0""></span>**Fig. 5.** (a), (b), (c) and (d) correspond to estimation of tangent function of SOP rotation versus SOP rotation reference when SCPR =",
O_ISAC_188,2025,Fiber,Unknown,B,200000000.0,Hz,OTHER,figure,"*2.1. Brief introduction of FrFT* > **3. Experimental setup, results and discussions** > *3.2. Experimental results and discussions*",181,181,Bandwidth is reported.,"conventional constant modulus algorithm (CMA) with $1.6 \times 10^7$ iterations of QPSK, the FFD-AEQ can converge in approximately $2.6 \times 10^6$ iterations, thereby achieving 83.8%",
O_ISAC_188,2025,Fiber,Unknown,Δz,0.5,m,DZ,text,"*2.1. Brief introduction of FrFT* > **3. Experimental setup, results and discussions** > *3.2. Experimental results and discussions*",174,190,Fiber spatial granularity/gauge length is reported.,"<span id=""page-8-0""></span>**Fig. 5.** (a), (b), (c) and (d) correspond to estimation of tangent function of SOP rotation versus SOP rotation reference when SCPR = -37",
O_ISAC_188,2025,Fiber,Unknown,Δz,0.5,m,DZ,text,"*2.1. Brief introduction of FrFT* > **3. Experimental setup, results and discussions** > *3.2. Experimental results and discussions*",175,191,Fiber spatial granularity/gauge length is reported.,"<span id=""page-8-0""></span>**Fig. 5.** (a), (b), (c) and (d) correspond to estimation of tangent function of SOP rotation versus SOP rotation reference when SCPR = -37",
O_ISAC_188,2025,Fiber,Unknown,Δz,0.5,m,DZ,text,"*2.1. Brief introduction of FrFT* > **3. Experimental setup, results and discussions** > *3.2. Experimental results and discussions*",176,192,Fiber spatial granularity/gauge length is reported.,"![](_page_8_Figure_5.jpeg) <span id=""page-8-1""></span>**Fig. 6.** (a) The different types of RMSE for estimated SOP rotation versus different SCPRs. (b) The iteration process of conventional AEQ and",
O_ISAC_188,2025,Fiber,Unknown,Δz,0.5,m,DZ,text,"*2.1. Brief introduction of FrFT* > **3. Experimental setup, results and discussions** > *3.2. Experimental results and discussions*",177,193,Fiber spatial granularity/gauge length is reported.,"![](_page_8_Figure_5.jpeg) <span id=""page-8-1""></span>**Fig. 6.** (a) The different types of RMSE for estimated SOP rotation versus different SCPRs. (b) The iteration process of conventional AEQ and",
O_ISAC_188,2025,Fiber,Unknown,Δz,0.5,m,DZ,text,"*2.1. Brief introduction of FrFT* > **3. Experimental setup, results and discussions** > *3.2. Experimental results and discussions*",178,194,Fiber spatial granularity/gauge length is reported.,"<span id=""page-8-1""></span>**Fig. 6.** (a) The different types of RMSE for estimated SOP rotation versus different SCPRs. (b) The iteration process of conventional AEQ and FFD-AEQ.",
O_ISAC_188,2025,Fiber,Unknown,Δz,0.5,m,DZ,text,"*2.1. Brief introduction of FrFT* > **3. Experimental setup, results and discussions** > *3.2. Experimental results and discussions*",179,195,Fiber spatial granularity/gauge length is reported.,"<span id=""page-8-1""></span>**Fig. 6.** (a) The different types of RMSE for estimated SOP rotation versus different SCPRs. (b) The iteration process of conventional AEQ and FFD-AEQ.",
O_ISAC_188,2025,Fiber,Unknown,Δz,0.5,m,DZ,text,"*2.1. Brief introduction of FrFT* > **3. Experimental setup, results and discussions** > *3.2. Experimental results and discussions*",180,196,Fiber spatial granularity/gauge length is reported.,"conventional constant modulus algorithm (CMA) with $1.6 \times 10^7$ iterations of QPSK, the FFD-AEQ can converge in approximately $2.6 \times 10^6$ iterations, thereby achieving 83.8%",
O_ISAC_188,2025,Fiber,Unknown,Δz,0.5,m,DZ,text,"*2.1. Brief introduction of FrFT* > **3. Experimental setup, results and discussions** > *3.2. Experimental results and discussions*",181,197,Fiber spatial granularity/gauge length is reported.,"conventional constant modulus algorithm (CMA) with $1.6 \times 10^7$ iterations of QPSK, the FFD-AEQ can converge in approximately $2.6 \times 10^6$ iterations, thereby achieving 83.8%",
O_ISAC_188,2025,Fiber,Unknown,Δz,1.0,m,DZ,text,"*2.1. Brief introduction of FrFT* > **3. Experimental setup, results and discussions** > *3.2. Experimental results and discussions*",182,198,Fiber spatial granularity/gauge length is reported.,"To verify the fading mitigation performance of chirp TS, the RBS signals from different SOPs and rotated FrFT operations are aggregated using the rotated vector",
O_ISAC_188,2025,Fiber,Unknown,Δz,1.0,m,DZ,text,"*2.1. Brief introduction of FrFT* > **3. Experimental setup, results and discussions** > *3.2. Experimental results and discussions*",183,199,Fiber spatial granularity/gauge length is reported.,"To verify the fading mitigation performance of chirp TS, the RBS signals from different SOPs and rotated FrFT operations are aggregated using the rotated vector",
O_ISAC_188,2025,Fiber,Unknown,Δz,1.0,m,DZ,text,"*2.1. Brief introduction of FrFT* > **3. Experimental setup, results and discussions** > *3.2. Experimental results and discussions*",184,200,Fiber spatial granularity/gauge length is reported.,"![](_page_10_Figure_3.jpeg) <span id=""page-10-0""></span>**Fig. 7.** (a) The BER performance versus SCPR for QPSK and 16QAM signal. (b) The phase STD and PSD SNR versus SCPR for",
O_ISAC_188,2025,Fiber,Unknown,Δz,1.0,m,DZ,text,"*2.1. Brief introduction of FrFT* > **3. Experimental setup, results and discussions** > *3.2. Experimental results and discussions*",185,201,Fiber spatial granularity/gauge length is reported.,"![](_page_10_Figure_3.jpeg) <span id=""page-10-0""></span>**Fig. 7.** (a) The BER performance versus SCPR for QPSK and 16QAM signal. (b) The phase STD and PSD SNR versus SCPR for",
O_ISAC_188,2025,Fiber,Unknown,Δz,1.0,m,DZ,text,"*2.1. Brief introduction of FrFT* > **3. Experimental setup, results and discussions** > *3.2. Experimental results and discussions*",186,202,Fiber spatial granularity/gauge length is reported.,"<span id=""page-10-0""></span>**Fig. 7.** (a) The BER performance versus SCPR for QPSK and 16QAM signal. (b) The phase STD and PSD SNR versus SCPR for QPSK",
O_ISAC_188,2025,Fiber,Unknown,Δz,1.0,m,DZ,text,"*2.1. Brief introduction of FrFT* > **3. Experimental setup, results and discussions** > *3.2. Experimental results and discussions*",187,203,Fiber spatial granularity/gauge length is reported.,"<span id=""page-10-0""></span>**Fig. 7.** (a) The BER performance versus SCPR for QPSK and 16QAM signal. (b) The phase STD and PSD SNR versus SCPR for QPSK",
O_ISAC_188,2025,Fiber,Unknown,Δz,1.0,m,DZ,text,"*2.1. Brief introduction of FrFT* > **3. Experimental setup, results and discussions** > *3.2. Experimental results and discussions*",188,204,Fiber spatial granularity/gauge length is reported.,"the demodulated differential phase from the single and dual FrFT rotations under sensing gauge length of 1 m. Under fading-free conditions, the perturbation zone is",
O_ISAC_188,2025,Fiber,Unknown,Δz,1.0,m,DZ,text,"*2.1. Brief introduction of FrFT* > **3. Experimental setup, results and discussions** > *3.2. Experimental results and discussions*",189,205,Fiber spatial granularity/gauge length is reported.,"the demodulated differential phase from the single and dual FrFT rotations under sensing gauge length of 1 m. Under fading-free conditions, the perturbation zone is",
O_ISAC_188,2025,Fiber,Unknown,Δz,1.0,m,DZ,text,"*2.1. Brief introduction of FrFT* > **3. Experimental setup, results and discussions** > *3.2. Experimental results and discussions*",190,206,Fiber spatial granularity/gauge length is reported.,"![](_page_10_Figure_6.jpeg) <span id=""page-10-1""></span>**Fig. 8.** (a) Intensity trace obtained using single received SOP and rotation FrFT. (b) The comparison between intensity trace using only single rotation",
O_ISAC_188,2025,Fiber,Unknown,Δz,1.0,m,DZ,text,"*2.1. Brief introduction of FrFT* > **3. Experimental setup, results and discussions** > *3.2. Experimental results and discussions*",191,207,Fiber spatial granularity/gauge length is reported.,"![](_page_10_Figure_6.jpeg) <span id=""page-10-1""></span>**Fig. 8.** (a) Intensity trace obtained using single received SOP and rotation FrFT. (b) The comparison between intensity trace using only single rotation",
O_ISAC_188,2025,Fiber,Unknown,Δz,1.0,m,DZ,text,"*2.1. Brief introduction of FrFT* > **3. Experimental setup, results and discussions** > *3.2. Experimental results and discussions*",192,208,Fiber spatial granularity/gauge length is reported.,"<span id=""page-10-1""></span>**Fig. 8.** (a) Intensity trace obtained using single received SOP and rotation FrFT. (b) The comparison between intensity trace using only single rotation FrFT",
O_ISAC_188,2025,Fiber,Unknown,Δz,1.0,m,DZ,text,"*2.1. Brief introduction of FrFT* > **3. Experimental setup, results and discussions** > *3.2. Experimental results and discussions*",193,209,Fiber spatial granularity/gauge length is reported.,"<span id=""page-10-1""></span>**Fig. 8.** (a) Intensity trace obtained using single received SOP and rotation FrFT. (b) The comparison between intensity trace using only single rotation FrFT",
O_ISAC_188,2025,Fiber,Unknown,Δz,1.0,m,DZ,text,"*2.1. Brief introduction of FrFT* > **3. Experimental setup, results and discussions** > *3.2. Experimental results and discussions*",194,210,Fiber spatial granularity/gauge length is reported.,"Figure [9\(](#page-11-0)a) illustrates the STD of the differential phases utilizing QPSK signal in ISAC system, which characterizes the distributed phase fluctuation and the spatial resolution.",
O_ISAC_188,2025,Fiber,Unknown,Δz,1.0,m,DZ,text,"*2.1. Brief introduction of FrFT* > **3. Experimental setup, results and discussions** > *3.2. Experimental results and discussions*",195,211,Fiber spatial granularity/gauge length is reported.,"Figure [9\(](#page-11-0)a) illustrates the STD of the differential phases utilizing QPSK signal in ISAC system, which characterizes the distributed phase fluctuation and the spatial resolution.",
O_ISAC_188,2025,Fiber,Unknown,Δz,1.0,m,DZ,text,"*2.1. Brief introduction of FrFT* > **3. Experimental setup, results and discussions** > *3.2. Experimental results and discussions*",196,212,Fiber spatial granularity/gauge length is reported.,be found that all phase demodulation errors are eliminated. The perturbation zone distinctly highlighted in the phase trace. The rising and falling edges between 10,
O_ISAC_188,2025,Fiber,Unknown,Δz,1.0,m,DZ,text,"*2.1. Brief introduction of FrFT* > **3. Experimental setup, results and discussions** > *3.2. Experimental results and discussions*",197,213,Fiber spatial granularity/gauge length is reported.,be found that all phase demodulation errors are eliminated. The perturbation zone distinctly highlighted in the phase trace. The rising and falling edges between 10,
O_ISAC_188,2025,Fiber,Unknown,R,200000000000.0,bps,OTHER,text,"*2.1. Brief introduction of FrFT* > **3. Experimental setup, results and discussions** > 4. Conclusions",211,211,Data rate/throughput is reported.,"In this paper, we have proposed an endogenous ISAC utilizing telecom TS for SOP rotation estimation rather than allocating dedicated sensing probe in standard coherent",
O_ISAC_188,2025,Fiber,Unknown,sigma_r,1.0,m,OTHER,text,"*2.1. Brief introduction of FrFT* > **3. Experimental setup, results and discussions** > 4. Conclusions",211,211,Estimator accuracy/RMSE is reported.,"In this paper, we have proposed an endogenous ISAC utilizing telecom TS for SOP rotation estimation rather than allocating dedicated sensing probe in standard coherent",
O_ISAC_188,2025,Fiber,Unknown,R,600000000000.0,bps,OTHER,eq,"*2.1. Brief introduction of FrFT* > **3. Experimental setup, results and discussions** > References",231,231,Data rate/throughput is reported.,"- <span id=""page-13-0""></span>10. S. Guerrier, K. Benyahya, C. Dorize, *et al.*, ""Vibration detection and localization in buried fiber cable after 80 km of SSMF using",
O_ISAC_189,2025,Hybrid,Unknown,B,27200000000.0,Hz,OTHER,text,Integrated ultra-large dynamic vibration sensing with fronthaul analog radio-over-fiber transmission,15,15,Bandwidth is reported.,"The utilization of optical fiber in fronthaul transmission within radio access networks (RANs) offers significant advantages in terms of high quality, stability, and long-reach capabilities.",
O_ISAC_189,2025,Hybrid,Unknown,B,100.0,Hz,OTHER,figure,Integrated ultra-large dynamic vibration sensing with fronthaul analog radio-over-fiber transmission > 3. PROOF-OF-CONCEPT EXPERIMENT AND RESULTS,158,158,Bandwidth is reported.,"We carry on the experiment to verify the proposed integrated large dynamic sensing and communication scheme over an RoF system, as shown in Fig. 8.",
O_ISAC_189,2025,Hybrid,Unknown,B,2000000.0,Hz,OTHER,figure,Integrated ultra-large dynamic vibration sensing with fronthaul analog radio-over-fiber transmission > 3. PROOF-OF-CONCEPT EXPERIMENT AND RESULTS,160,160,Bandwidth is reported.,"We first analyze the communication performance of the LFM pilot aided RoF system. The baseband OFDM spectrum is shown in Fig. [9](#page-6-0)(a), with an inset",
O_ISAC_189,2025,Hybrid,Unknown,B,1800000000.0,Hz,OTHER,figure,Integrated ultra-large dynamic vibration sensing with fronthaul analog radio-over-fiber transmission > 3. PROOF-OF-CONCEPT EXPERIMENT AND RESULTS,170,170,Bandwidth is reported.,"Fig. 9. (a) Baseband frequency spectrum of the transmitted OFDM symbols, consisting of 896 subcarriers and a bandwidth of 1.8 GHz. (b) PAPR of the",
O_ISAC_189,2025,Hybrid,Unknown,B,2000000.0,Hz,OTHER,figure,Integrated ultra-large dynamic vibration sensing with fronthaul analog radio-over-fiber transmission > 3. PROOF-OF-CONCEPT EXPERIMENT AND RESULTS,184,184,Bandwidth is reported.,"<span id=""page-7-0""></span>sensing performance. However, because the OFDM payloads and LFM pilots share the total available optical power and quantization levels, reducing STPR consequently degrades communication",
O_ISAC_189,2025,Hybrid,Unknown,B,2000000.0,Hz,OTHER,text,Integrated ultra-large dynamic vibration sensing with fronthaul analog radio-over-fiber transmission > 3. PROOF-OF-CONCEPT EXPERIMENT AND RESULTS,190,190,Bandwidth is reported.,"performance, we selected a moderate subcarrier occupancy rate of 50% (corresponding to a bandwidth of 2 MHz) and an STPR of 6 dB for the",
O_ISAC_189,2025,Hybrid,Unknown,B,900000000.0,Hz,OTHER,figure,Integrated ultra-large dynamic vibration sensing with fronthaul analog radio-over-fiber transmission > 3. PROOF-OF-CONCEPT EXPERIMENT AND RESULTS,198,198,Bandwidth is reported.,"The PZT driving voltage is then varied to verify the linear response between the applied strain and the frequency shift, as shown in Fig. 13(a).",
O_ISAC_190,2025,Fiber,Unknown,Δz,1.0,m,DZ,text,**Common bias-digital subcarrier multiplexing scheme for integrated sensing and communication in short-reach optical transmission systems**,1,9,Fiber spatial granularity/gauge length is reported.,"# **Common bias-digital subcarrier multiplexing scheme for integrated sensing and communication in short-reach optical transmission systems** **JIN SHI, 1,2 Y<sup>U</sup> HAN, 1,2 YAHUI LI, 1,2",
O_ISAC_190,2025,Fiber,Unknown,Δz,1.0,m,DZ,text,**Common bias-digital subcarrier multiplexing scheme for integrated sensing and communication in short-reach optical transmission systems**,1,10,Fiber spatial granularity/gauge length is reported.,"# **Common bias-digital subcarrier multiplexing scheme for integrated sensing and communication in short-reach optical transmission systems** **JIN SHI, 1,2 Y<sup>U</sup> HAN, 1,2 YAHUI LI, 1,2",
O_ISAC_190,2025,Fiber,Unknown,Δz,1.0,m,DZ,text,**Common bias-digital subcarrier multiplexing scheme for integrated sensing and communication in short-reach optical transmission systems**,1,11,Fiber spatial granularity/gauge length is reported.,"# **Common bias-digital subcarrier multiplexing scheme for integrated sensing and communication in short-reach optical transmission systems** **JIN SHI, 1,2 Y<sup>U</sup> HAN, 1,2 YAHUI LI, 1,2",
O_ISAC_190,2025,Fiber,Unknown,Δz,1.0,m,DZ,text,**Common bias-digital subcarrier multiplexing scheme for integrated sensing and communication in short-reach optical transmission systems**,1,12,Fiber spatial granularity/gauge length is reported.,"# **Common bias-digital subcarrier multiplexing scheme for integrated sensing and communication in short-reach optical transmission systems** **JIN SHI, 1,2 Y<sup>U</sup> HAN, 1,2 YAHUI LI, 1,2",
O_ISAC_190,2025,Fiber,Unknown,Δz,1.0,m,DZ,text,**Common bias-digital subcarrier multiplexing scheme for integrated sensing and communication in short-reach optical transmission systems**,1,13,Fiber spatial granularity/gauge length is reported.,"# **Common bias-digital subcarrier multiplexing scheme for integrated sensing and communication in short-reach optical transmission systems** **JIN SHI, 1,2 Y<sup>U</sup> HAN, 1,2 YAHUI LI, 1,2",
O_ISAC_190,2025,Fiber,Unknown,R,3010000000.0,bps,OTHER,text,**Common bias-digital subcarrier multiplexing scheme for integrated sensing and communication in short-reach optical transmission systems**,5,5,Data rate/throughput is reported.,**Abstract:** The integration of sensing and communication (ISAC) based on optical fibers has been a key enabling technique to achieve high-speed communication while ubiquitous sensing.,
O_ISAC_190,2025,Fiber,Unknown,Δz,1.0,m,DZ,text,**Common bias-digital subcarrier multiplexing scheme for integrated sensing and communication in short-reach optical transmission systems**,1,14,Fiber spatial granularity/gauge length is reported.,"# **Common bias-digital subcarrier multiplexing scheme for integrated sensing and communication in short-reach optical transmission systems** **JIN SHI, 1,2 Y<sup>U</sup> HAN, 1,2 YAHUI LI, 1,2",
O_ISAC_190,2025,Fiber,Unknown,Δz,1.0,m,DZ,text,**Common bias-digital subcarrier multiplexing scheme for integrated sensing and communication in short-reach optical transmission systems**,1,15,Fiber spatial granularity/gauge length is reported.,"# **Common bias-digital subcarrier multiplexing scheme for integrated sensing and communication in short-reach optical transmission systems** **JIN SHI, 1,2 Y<sup>U</sup> HAN, 1,2 YAHUI LI, 1,2",
O_ISAC_190,2025,Fiber,Unknown,Δz,1.0,m,DZ,text,**Common bias-digital subcarrier multiplexing scheme for integrated sensing and communication in short-reach optical transmission systems**,1,16,Fiber spatial granularity/gauge length is reported.,"# **Common bias-digital subcarrier multiplexing scheme for integrated sensing and communication in short-reach optical transmission systems** **JIN SHI, 1,2 Y<sup>U</sup> HAN, 1,2 YAHUI LI, 1,2",
O_ISAC_190,2025,Fiber,Unknown,Δz,1.0,m,DZ,text,**Common bias-digital subcarrier multiplexing scheme for integrated sensing and communication in short-reach optical transmission systems**,1,17,Fiber spatial granularity/gauge length is reported.,"# **Common bias-digital subcarrier multiplexing scheme for integrated sensing and communication in short-reach optical transmission systems** **JIN SHI, 1,2 Y<sup>U</sup> HAN, 1,2 YAHUI LI, 1,2",
O_ISAC_190,2025,Fiber,Unknown,Δz,1.0,m,DZ,text,**Common bias-digital subcarrier multiplexing scheme for integrated sensing and communication in short-reach optical transmission systems**,2,18,Fiber spatial granularity/gauge length is reported.,"**JIN SHI, 1,2 Y<sup>U</sup> HAN, 1,2 YAHUI LI, 1,2 XIN GUI, <sup>3</sup> XUELEI FU, 1,2 AND ZHENGYING LI 1,2,3,\*** **Abstract:** The integration of sensing and",
O_ISAC_190,2025,Fiber,Unknown,Δz,1.0,m,DZ,text,**Common bias-digital subcarrier multiplexing scheme for integrated sensing and communication in short-reach optical transmission systems**,3,19,Fiber spatial granularity/gauge length is reported.,"**JIN SHI, 1,2 Y<sup>U</sup> HAN, 1,2 YAHUI LI, 1,2 XIN GUI, <sup>3</sup> XUELEI FU, 1,2 AND ZHENGYING LI 1,2,3,\*** **Abstract:** The integration of sensing and",
O_ISAC_190,2025,Fiber,Unknown,Δz,1.0,m,DZ,text,**Common bias-digital subcarrier multiplexing scheme for integrated sensing and communication in short-reach optical transmission systems**,4,20,Fiber spatial granularity/gauge length is reported.,**Abstract:** The integration of sensing and communication (ISAC) based on optical fibers has been a key enabling technique to achieve high-speed communication while ubiquitous sensing.,
O_ISAC_190,2025,Fiber,Unknown,Δz,1.0,m,DZ,text,**Common bias-digital subcarrier multiplexing scheme for integrated sensing and communication in short-reach optical transmission systems**,5,21,Fiber spatial granularity/gauge length is reported.,**Abstract:** The integration of sensing and communication (ISAC) based on optical fibers has been a key enabling technique to achieve high-speed communication while ubiquitous sensing.,
O_ISAC_190,2025,Fiber,Unknown,Δz,1.0,m,DZ,text,565431 https://doi.org/10.1364/OE.565431 Journal © 2025 Received 17 Apr 2025; revised 22 Jun 2025; accepted 23 Jun 2025; published 7 Jul 2025,15,31,Fiber spatial granularity/gauge length is reported.,#565431 https://doi.org/10.1364/OE.565431 Journal © 2025 Received 17 Apr 2025; revised 22 Jun 2025; accepted 23 Jun 2025; published 7 Jul 2025 *<sup>1</sup> the School of,
O_ISAC_190,2025,Fiber,Unknown,Δz,1.0,m,DZ,text,565431 https://doi.org/10.1364/OE.565431 Journal © 2025 Received 17 Apr 2025; revised 22 Jun 2025; accepted 23 Jun 2025; published 7 Jul 2025,16,32,Fiber spatial granularity/gauge length is reported.,"*<sup>1</sup> the School of Information Engineering, Wuhan University of Technology, Wuhan 430070, China <sup>2</sup>Hubei Key Laboratory of Broadband Wireless Communication and Sensor Networks, Wuhan University",
O_ISAC_190,2025,Fiber,Unknown,Δz,1.0,m,DZ,text,565431 https://doi.org/10.1364/OE.565431 Journal © 2025 Received 17 Apr 2025; revised 22 Jun 2025; accepted 23 Jun 2025; published 7 Jul 2025,17,33,Fiber spatial granularity/gauge length is reported.,"*<sup>1</sup> the School of Information Engineering, Wuhan University of Technology, Wuhan 430070, China <sup>2</sup>Hubei Key Laboratory of Broadband Wireless Communication and Sensor Networks, Wuhan University",
O_ISAC_190,2025,Fiber,Unknown,R,100000000000.0,bps,OTHER,text,565431 https://doi.org/10.1364/OE.565431 Journal © 2025 Received 17 Apr 2025; revised 22 Jun 2025; accepted 23 Jun 2025; published 7 Jul 2025,25,25,Data rate/throughput is reported.,"Therefore, several ISAC schemes for short-reach optical transmission systems have been proposed and experimentally demonstrated. Brillouin optical time domain reflectometry (BOTDR) sensing has been combined",
O_ISAC_190,2025,Fiber,Unknown,Δz,1.0,m,DZ,text,565431 https://doi.org/10.1364/OE.565431 Journal © 2025 Received 17 Apr 2025; revised 22 Jun 2025; accepted 23 Jun 2025; published 7 Jul 2025,18,34,Fiber spatial granularity/gauge length is reported.,"*<sup>3</sup>The National Engineering Research Center of Fiber Optic Sensing Technology and Networks, Wuhan University of Technology, Wuhan 430070, China* *<sup>\*</sup> zhyli@whut.edu.cn* coherent detection allow vibration",
O_ISAC_190,2025,Fiber,Unknown,Δz,1.0,m,DZ,text,565431 https://doi.org/10.1364/OE.565431 Journal © 2025 Received 17 Apr 2025; revised 22 Jun 2025; accepted 23 Jun 2025; published 7 Jul 2025,19,35,Fiber spatial granularity/gauge length is reported.,"*<sup>3</sup>The National Engineering Research Center of Fiber Optic Sensing Technology and Networks, Wuhan University of Technology, Wuhan 430070, China* *<sup>\*</sup> zhyli@whut.edu.cn* coherent detection allow vibration",
O_ISAC_190,2025,Fiber,Unknown,Δz,1.0,m,DZ,text,565431 https://doi.org/10.1364/OE.565431 Journal © 2025 Received 17 Apr 2025; revised 22 Jun 2025; accepted 23 Jun 2025; published 7 Jul 2025,20,36,Fiber spatial granularity/gauge length is reported.,"*<sup>\*</sup> zhyli@whut.edu.cn* coherent detection allow vibration localization [\[6\]](#page-10-1). However, these methods face limitations in disturbance retrieval due to the integral effect in fibers [\[5\]](#page-10-0), restricting",
O_ISAC_190,2025,Fiber,Unknown,Δz,1.0,m,DZ,text,565431 https://doi.org/10.1364/OE.565431 Journal © 2025 Received 17 Apr 2025; revised 22 Jun 2025; accepted 23 Jun 2025; published 7 Jul 2025,21,37,Fiber spatial granularity/gauge length is reported.,"*<sup>\*</sup> zhyli@whut.edu.cn* coherent detection allow vibration localization [\[6\]](#page-10-1). However, these methods face limitations in disturbance retrieval due to the integral effect in fibers [\[5\]](#page-10-0), restricting",
O_ISAC_190,2025,Fiber,Unknown,R,3010000000.0,bps,OTHER,text,565431 https://doi.org/10.1364/OE.565431 Journal © 2025 Received 17 Apr 2025; revised 22 Jun 2025; accepted 23 Jun 2025; published 7 Jul 2025,29,29,Data rate/throughput is reported.,"In this paper, to enabling the both signals coexistence of IM/DD and DAS system using coherent detection, a common bias-digital subcarrier multiplexing (CB-DSCM) scheme is",
O_ISAC_190,2025,Fiber,Unknown,Δz,1.0,m,DZ,text,565431 https://doi.org/10.1364/OE.565431 Journal © 2025 Received 17 Apr 2025; revised 22 Jun 2025; accepted 23 Jun 2025; published 7 Jul 2025,22,38,Fiber spatial granularity/gauge length is reported.,"coherent detection allow vibration localization [\[6\]](#page-10-1). However, these methods face limitations in disturbance retrieval due to the integral effect in fibers [\[5\]](#page-10-0), restricting their application",
O_ISAC_190,2025,Fiber,Unknown,Δz,1.0,m,DZ,text,565431 https://doi.org/10.1364/OE.565431 Journal © 2025 Received 17 Apr 2025; revised 22 Jun 2025; accepted 23 Jun 2025; published 7 Jul 2025,23,39,Fiber spatial granularity/gauge length is reported.,"coherent detection allow vibration localization [\[6\]](#page-10-1). However, these methods face limitations in disturbance retrieval due to the integral effect in fibers [\[5\]](#page-10-0), restricting their application",
O_ISAC_190,2025,Fiber,Unknown,Δz,1.0,m,DZ,text,565431 https://doi.org/10.1364/OE.565431 Journal © 2025 Received 17 Apr 2025; revised 22 Jun 2025; accepted 23 Jun 2025; published 7 Jul 2025,24,40,Fiber spatial granularity/gauge length is reported.,"Therefore, several ISAC schemes for short-reach optical transmission systems have been proposed and experimentally demonstrated. Brillouin optical time domain reflectometry (BOTDR) sensing has been combined",
O_ISAC_190,2025,Fiber,Unknown,Δz,1.0,m,DZ,text,565431 https://doi.org/10.1364/OE.565431 Journal © 2025 Received 17 Apr 2025; revised 22 Jun 2025; accepted 23 Jun 2025; published 7 Jul 2025,25,41,Fiber spatial granularity/gauge length is reported.,"Therefore, several ISAC schemes for short-reach optical transmission systems have been proposed and experimentally demonstrated. Brillouin optical time domain reflectometry (BOTDR) sensing has been combined",
O_ISAC_190,2025,Fiber,Unknown,Δz,1.0,m,DZ,text,565431 https://doi.org/10.1364/OE.565431 Journal © 2025 Received 17 Apr 2025; revised 22 Jun 2025; accepted 23 Jun 2025; published 7 Jul 2025,26,42,Fiber spatial granularity/gauge length is reported.,"IM/DD is widely regarded as a viable solution for short-reach systems, owing to its efficient resource utilization and low-cost network maintenance [\[15\]](#page-10-10). These advantages have",
O_ISAC_190,2025,Fiber,Unknown,Δz,1.0,m,DZ,text,565431 https://doi.org/10.1364/OE.565431 Journal © 2025 Received 17 Apr 2025; revised 22 Jun 2025; accepted 23 Jun 2025; published 7 Jul 2025,27,43,Fiber spatial granularity/gauge length is reported.,"IM/DD is widely regarded as a viable solution for short-reach systems, owing to its efficient resource utilization and low-cost network maintenance [\[15\]](#page-10-10). These advantages have",
O_ISAC_190,2025,Fiber,Unknown,Δz,1.0,m,DZ,text,565431 https://doi.org/10.1364/OE.565431 Journal © 2025 Received 17 Apr 2025; revised 22 Jun 2025; accepted 23 Jun 2025; published 7 Jul 2025,28,44,Fiber spatial granularity/gauge length is reported.,"In this paper, to enabling the both signals coexistence of IM/DD and DAS system using coherent detection, a common bias-digital subcarrier multiplexing (CB-DSCM) scheme is",
O_ISAC_190,2025,Fiber,Unknown,Δz,1.0,m,DZ,text,565431 https://doi.org/10.1364/OE.565431 Journal © 2025 Received 17 Apr 2025; revised 22 Jun 2025; accepted 23 Jun 2025; published 7 Jul 2025,29,45,Fiber spatial granularity/gauge length is reported.,"In this paper, to enabling the both signals coexistence of IM/DD and DAS system using coherent detection, a common bias-digital subcarrier multiplexing (CB-DSCM) scheme is",
O_ISAC_190,2025,Fiber,Unknown,Δz,1.0,m,DZ,text,565431 https://doi.org/10.1364/OE.565431 Journal © 2025 Received 17 Apr 2025; revised 22 Jun 2025; accepted 23 Jun 2025; published 7 Jul 2025,30,46,Fiber spatial granularity/gauge length is reported.,"as low as $6.0 \times 10^{-4}$ , while simultaneously enabling distributed vibration measurements with a spatial resolution of 1 m. ### 2. Operation principles ###",
O_ISAC_190,2025,Fiber,Unknown,Δz,1.0,m,DZ,text,565431 https://doi.org/10.1364/OE.565431 Journal © 2025 Received 17 Apr 2025; revised 22 Jun 2025; accepted 23 Jun 2025; published 7 Jul 2025,31,47,Fiber spatial granularity/gauge length is reported.,"as low as $6.0 \times 10^{-4}$ , while simultaneously enabling distributed vibration measurements with a spatial resolution of 1 m. ### 2. Operation principles ###",
O_ISAC_190,2025,Fiber,Unknown,Δz,20.0,m,DZ,text,565431 https://doi.org/10.1364/OE.565431 Journal © 2025 Received 17 Apr 2025; revised 22 Jun 2025; accepted 23 Jun 2025; published 7 Jul 2025 > 2.2. CB-DSCM for ISAC,138,154,Fiber spatial granularity/gauge length is reported.,"![](_page_5_Figure_7.jpeg) <span id=""page-5-0""></span>**Fig. 3.** The integration process of CB-DSCM. (a) EOM bias point and output signal relationship; (b) ACO-OFDM signal in time domain; (c) LFM",
O_ISAC_190,2025,Fiber,Unknown,Δz,20.0,m,DZ,text,565431 https://doi.org/10.1364/OE.565431 Journal © 2025 Received 17 Apr 2025; revised 22 Jun 2025; accepted 23 Jun 2025; published 7 Jul 2025 > 2.2. CB-DSCM for ISAC,139,155,Fiber spatial granularity/gauge length is reported.,"<span id=""page-5-0""></span>**Fig. 3.** The integration process of CB-DSCM. (a) EOM bias point and output signal relationship; (b) ACO-OFDM signal in time domain; (c) LFM signal",
O_ISAC_190,2025,Fiber,Unknown,Δz,20.0,m,DZ,text,565431 https://doi.org/10.1364/OE.565431 Journal © 2025 Received 17 Apr 2025; revised 22 Jun 2025; accepted 23 Jun 2025; published 7 Jul 2025 > 2.2. CB-DSCM for ISAC,140,156,Fiber spatial granularity/gauge length is reported.,"<span id=""page-5-0""></span>**Fig. 3.** The integration process of CB-DSCM. (a) EOM bias point and output signal relationship; (b) ACO-OFDM signal in time domain; (c) LFM signal",
O_ISAC_190,2025,Fiber,Unknown,Δz,20.0,m,DZ,text,565431 https://doi.org/10.1364/OE.565431 Journal © 2025 Received 17 Apr 2025; revised 22 Jun 2025; accepted 23 Jun 2025; published 7 Jul 2025 > 2.2. CB-DSCM for ISAC,141,157,Fiber spatial granularity/gauge length is reported.,The CB-DSCM signal not only benefits from the high robustness and power efficiency of the ACO-OFDM signal but also incorporates the high spatial resolution advantage,
O_ISAC_190,2025,Fiber,Unknown,Δz,20.0,m,DZ,text,565431 https://doi.org/10.1364/OE.565431 Journal © 2025 Received 17 Apr 2025; revised 22 Jun 2025; accepted 23 Jun 2025; published 7 Jul 2025 > 2.2. CB-DSCM for ISAC,142,158,Fiber spatial granularity/gauge length is reported.,The CB-DSCM signal not only benefits from the high robustness and power efficiency of the ACO-OFDM signal but also incorporates the high spatial resolution advantage,
O_ISAC_190,2025,Fiber,Unknown,R,3010000000.0,bps,OTHER,text,565431 https://doi.org/10.1364/OE.565431 Journal © 2025 Received 17 Apr 2025; revised 22 Jun 2025; accepted 23 Jun 2025; published 7 Jul 2025 > **3. Experimental setup**,152,152,Data rate/throughput is reported.,"the local oscillator (LO). In the upper branch (90%), the optical signal is modulated by an EOM (iXblue MXER-LN-10) with a composite signal consisting of",
O_ISAC_190,2025,Fiber,Unknown,B,2000000000.0,Hz,OTHER,text,565431 https://doi.org/10.1364/OE.565431 Journal © 2025 Received 17 Apr 2025; revised 22 Jun 2025; accepted 23 Jun 2025; published 7 Jul 2025 > **3. Experimental setup**,152,152,Bandwidth is reported.,"the local oscillator (LO). In the upper branch (90%), the optical signal is modulated by an EOM (iXblue MXER-LN-10) with a composite signal consisting of",
O_ISAC_190,2025,Fiber,Unknown,B,22000000000.0,Hz,OTHER,text,565431 https://doi.org/10.1364/OE.565431 Journal © 2025 Received 17 Apr 2025; revised 22 Jun 2025; accepted 23 Jun 2025; published 7 Jul 2025 > **3. Experimental setup**,154,154,Bandwidth is reported.,"The receiver is divided into two parts, the first is the reception of the sensing signal. The RBS light carrying the sensing information is connected",
O_ISAC_190,2025,Fiber,Unknown,B,20000000.0,Hz,OTHER,text,565431 https://doi.org/10.1364/OE.565431 Journal © 2025 Received 17 Apr 2025; revised 22 Jun 2025; accepted 23 Jun 2025; published 7 Jul 2025 > **4. Experimental results**,160,160,Bandwidth is reported.,"Firstly, the communication performance of the proposed ISAC system is evaluated. The transmitted signal for ISAC consists of an LFM signal with a bandwidth ranging",
O_ISAC_190,2025,Fiber,Unknown,Δz,1.0,m,DZ,text,565431 https://doi.org/10.1364/OE.565431 Journal © 2025 Received 17 Apr 2025; revised 22 Jun 2025; accepted 23 Jun 2025; published 7 Jul 2025 > **4. Experimental results**,164,180,Fiber spatial granularity/gauge length is reported.,"![](_page_7_Figure_4.jpeg) <span id=""page-7-0""></span>**Fig. 5.** The communication performance in the CB-DSCM based ISAC system. (a) The relationship of ROP and BER; (b) The received signal constellation",
O_ISAC_190,2025,Fiber,Unknown,Δz,1.0,m,DZ,text,565431 https://doi.org/10.1364/OE.565431 Journal © 2025 Received 17 Apr 2025; revised 22 Jun 2025; accepted 23 Jun 2025; published 7 Jul 2025 > **4. Experimental results**,165,181,Fiber spatial granularity/gauge length is reported.,"<span id=""page-7-0""></span>**Fig. 5.** The communication performance in the CB-DSCM based ISAC system. (a) The relationship of ROP and BER; (b) The received signal constellation diagram",
O_ISAC_190,2025,Fiber,Unknown,Δz,1.0,m,DZ,text,565431 https://doi.org/10.1364/OE.565431 Journal © 2025 Received 17 Apr 2025; revised 22 Jun 2025; accepted 23 Jun 2025; published 7 Jul 2025 > **4. Experimental results**,166,182,Fiber spatial granularity/gauge length is reported.,"<span id=""page-7-0""></span>**Fig. 5.** The communication performance in the CB-DSCM based ISAC system. (a) The relationship of ROP and BER; (b) The received signal constellation diagram",
O_ISAC_190,2025,Fiber,Unknown,Δz,1.0,m,DZ,text,565431 https://doi.org/10.1364/OE.565431 Journal © 2025 Received 17 Apr 2025; revised 22 Jun 2025; accepted 23 Jun 2025; published 7 Jul 2025 > **4. Experimental results**,167,183,Fiber spatial granularity/gauge length is reported.,"Then, we analyzed the sensing performance without the presence of the communication signal. A sinusoidal signal with a frequency of 400 Hz is applied to",
O_ISAC_190,2025,Fiber,Unknown,Δz,1.0,m,DZ,text,565431 https://doi.org/10.1364/OE.565431 Journal © 2025 Received 17 Apr 2025; revised 22 Jun 2025; accepted 23 Jun 2025; published 7 Jul 2025 > **4. Experimental results**,168,184,Fiber spatial granularity/gauge length is reported.,"Then, we analyzed the sensing performance without the presence of the communication signal. A sinusoidal signal with a frequency of 400 Hz is applied to",
O_ISAC_190,2025,Fiber,Unknown,Δz,1.0,m,DZ,text,565431 https://doi.org/10.1364/OE.565431 Journal © 2025 Received 17 Apr 2025; revised 22 Jun 2025; accepted 23 Jun 2025; published 7 Jul 2025 > **4. Experimental results**,169,185,Fiber spatial granularity/gauge length is reported.,"Finally, we analyzed the sensing performance when the communication signal is superimposed onto the transmitted signal. The corresponding spatiotemporal thermogram under this condition is shown",
O_ISAC_190,2025,Fiber,Unknown,Δz,1.0,m,DZ,text,565431 https://doi.org/10.1364/OE.565431 Journal © 2025 Received 17 Apr 2025; revised 22 Jun 2025; accepted 23 Jun 2025; published 7 Jul 2025 > **4. Experimental results**,170,186,Fiber spatial granularity/gauge length is reported.,"Finally, we analyzed the sensing performance when the communication signal is superimposed onto the transmitted signal. The corresponding spatiotemporal thermogram under this condition is shown",
O_ISAC_190,2025,Fiber,Unknown,Δz,1.0,m,DZ,text,565431 https://doi.org/10.1364/OE.565431 Journal © 2025 Received 17 Apr 2025; revised 22 Jun 2025; accepted 23 Jun 2025; published 7 Jul 2025 > **4. Experimental results**,171,187,Fiber spatial granularity/gauge length is reported.,"![](_page_8_Figure_3.jpeg) <span id=""page-8-0""></span>**Fig. 6.** The sensing results without communications. (a) 3D view of the demodulated vibration phase in time-distance plane; (b) the localization of the",
O_ISAC_190,2025,Fiber,Unknown,Δz,1.0,m,DZ,text,565431 https://doi.org/10.1364/OE.565431 Journal © 2025 Received 17 Apr 2025; revised 22 Jun 2025; accepted 23 Jun 2025; published 7 Jul 2025 > **4. Experimental results**,172,188,Fiber spatial granularity/gauge length is reported.,"![](_page_8_Figure_3.jpeg) <span id=""page-8-0""></span>**Fig. 6.** The sensing results without communications. (a) 3D view of the demodulated vibration phase in time-distance plane; (b) the localization of the",
O_ISAC_190,2025,Fiber,Unknown,R,3010000000.0,bps,OTHER,text,565431 https://doi.org/10.1364/OE.565431 Journal © 2025 Received 17 Apr 2025; revised 22 Jun 2025; accepted 23 Jun 2025; published 7 Jul 2025 > **5. Conclusion**,180,180,Data rate/throughput is reported.,"In this paper, a CB-DSCM scheme for the ISAC is proposed and experimentally demonstrated in the IM/DD based short-reach optical transmission systems. The CB-DSCM is",
O_ISAC_190,2025,Fiber,Unknown,Δz,1.0,m,DZ,text,565431 https://doi.org/10.1364/OE.565431 Journal © 2025 Received 17 Apr 2025; revised 22 Jun 2025; accepted 23 Jun 2025; published 7 Jul 2025 > **4. Experimental results**,173,189,Fiber spatial granularity/gauge length is reported.,"<span id=""page-8-0""></span>**Fig. 6.** The sensing results without communications. (a) 3D view of the demodulated vibration phase in time-distance plane; (b) the localization of the vibration",
O_ISAC_190,2025,Fiber,Unknown,Δz,1.0,m,DZ,text,565431 https://doi.org/10.1364/OE.565431 Journal © 2025 Received 17 Apr 2025; revised 22 Jun 2025; accepted 23 Jun 2025; published 7 Jul 2025 > **4. Experimental results**,174,190,Fiber spatial granularity/gauge length is reported.,"<span id=""page-8-0""></span>**Fig. 6.** The sensing results without communications. (a) 3D view of the demodulated vibration phase in time-distance plane; (b) the localization of the vibration",
O_ISAC_190,2025,Fiber,Unknown,Δz,1.0,m,DZ,text,565431 https://doi.org/10.1364/OE.565431 Journal © 2025 Received 17 Apr 2025; revised 22 Jun 2025; accepted 23 Jun 2025; published 7 Jul 2025 > **4. Experimental results**,175,191,Fiber spatial granularity/gauge length is reported.,"signal is superimposed onto the transmitted waveform, thereby validating the effectiveness of the proposed CB-DSCM scheme. ## **5. Conclusion** In this paper, a CB-DSCM scheme",
O_ISAC_190,2025,Fiber,Unknown,Δz,1.0,m,DZ,text,565431 https://doi.org/10.1364/OE.565431 Journal © 2025 Received 17 Apr 2025; revised 22 Jun 2025; accepted 23 Jun 2025; published 7 Jul 2025 > **4. Experimental results**,176,192,Fiber spatial granularity/gauge length is reported.,"signal is superimposed onto the transmitted waveform, thereby validating the effectiveness of the proposed CB-DSCM scheme. ## **5. Conclusion** In this paper, a CB-DSCM scheme",
O_ISAC_190,2025,Fiber,Unknown,Δz,1.0,m,DZ,text,565431 https://doi.org/10.1364/OE.565431 Journal © 2025 Received 17 Apr 2025; revised 22 Jun 2025; accepted 23 Jun 2025; published 7 Jul 2025 > **4. Experimental results**,177,193,Fiber spatial granularity/gauge length is reported.,"## **5. Conclusion** In this paper, a CB-DSCM scheme for the ISAC is proposed and experimentally demonstrated in the IM/DD based short-reach optical transmission systems.",
O_ISAC_190,2025,Fiber,Unknown,Δz,1.0,m,DZ,text,565431 https://doi.org/10.1364/OE.565431 Journal © 2025 Received 17 Apr 2025; revised 22 Jun 2025; accepted 23 Jun 2025; published 7 Jul 2025 > **5. Conclusion**,178,194,Fiber spatial granularity/gauge length is reported.,"## **5. Conclusion** In this paper, a CB-DSCM scheme for the ISAC is proposed and experimentally demonstrated in the IM/DD based short-reach optical transmission systems.",
O_ISAC_190,2025,Fiber,Unknown,Δz,1.0,m,DZ,text,565431 https://doi.org/10.1364/OE.565431 Journal © 2025 Received 17 Apr 2025; revised 22 Jun 2025; accepted 23 Jun 2025; published 7 Jul 2025 > **5. Conclusion**,179,195,Fiber spatial granularity/gauge length is reported.,"In this paper, a CB-DSCM scheme for the ISAC is proposed and experimentally demonstrated in the IM/DD based short-reach optical transmission systems. The CB-DSCM is",
O_ISAC_190,2025,Fiber,Unknown,Δz,1.0,m,DZ,text,565431 https://doi.org/10.1364/OE.565431 Journal © 2025 Received 17 Apr 2025; revised 22 Jun 2025; accepted 23 Jun 2025; published 7 Jul 2025 > **5. Conclusion**,180,196,Fiber spatial granularity/gauge length is reported.,"In this paper, a CB-DSCM scheme for the ISAC is proposed and experimentally demonstrated in the IM/DD based short-reach optical transmission systems. The CB-DSCM is",
O_ISAC_190,2025,Fiber,Unknown,R,600000000000.0,bps,OTHER,eq,565431 https://doi.org/10.1364/OE.565431 Journal © 2025 Received 17 Apr 2025; revised 22 Jun 2025; accepted 23 Jun 2025; published 7 Jul 2025 > **5. Conclusion** > **References**,203,203,Data rate/throughput is reported.,"- <span id=""page-10-4""></span>9. S. Guerrier, K. Benyahya, C. Dorize, *et al.*, ""Vibration Detection and Localization in Buried Fiber Cable after 80 km of SSMF using",
O_ISAC_195,2025,Hybrid,Unknown,R,2400000000.0,bps,OTHER,text,**Integrated sensing and communication system based on a photonic integrated broadband multi-beamformer**,5,5,Data rate/throughput is reported.,"**Abstract:** An integrated sensing and communication (ISAC) system enabled by a photonic integrated broadband multi-beamformer is proposed and demonstrated. The integrated multibeamformer, which employs an",
O_ISAC_195,2025,Hybrid,Unknown,B,1000000000.0,Hz,OTHER,text,**Integrated sensing and communication system based on a photonic integrated broadband multi-beamformer**,5,5,Bandwidth is reported.,"**Abstract:** An integrated sensing and communication (ISAC) system enabled by a photonic integrated broadband multi-beamformer is proposed and demonstrated. The integrated multibeamformer, which employs an",
O_ISAC_195,2025,Hybrid,Unknown,B,390000000.0,Hz,OTHER,text,555053 https://doi.org/10.1364/OE.555053,29,29,Bandwidth is reported.,"Recent advancements in microwave photonic (MWP) technologies offer promising solutions to realize ISAC systems based on multi-beamforming [\[21](#page-11-8)[,22\]](#page-12-0). Firstly, the incorporation of ultra-low loss optical",
O_ISAC_195,2025,Hybrid,Unknown,R,2400000000.0,bps,OTHER,text,555053 https://doi.org/10.1364/OE.555053,31,31,Data rate/throughput is reported.,"In this work, we proposed and demonstrated an ISAC system based on a photonic integrated broadband multi-beamformer that employs an OTTD-induced Blass matrix framework for",
O_ISAC_195,2025,Hybrid,Unknown,B,1000000000.0,Hz,OTHER,text,555053 https://doi.org/10.1364/OE.555053,31,31,Bandwidth is reported.,"In this work, we proposed and demonstrated an ISAC system based on a photonic integrated broadband multi-beamformer that employs an OTTD-induced Blass matrix framework for",
O_ISAC_195,2025,Hybrid,Unknown,R,2400000000.0,bps,OTHER,figure,555053 https://doi.org/10.1364/OE.555053 > *3.1. Beams characterization of the photonic integrated broadband multi-beamformer* > *3.2. Verification test of the ISAC system*,91,91,Data rate/throughput is reported.,"For the transmitting of signals, since the devices used for generation and transmission of the radar sensing and wireless communication signals are the same, they",
O_ISAC_195,2025,Hybrid,Unknown,B,3500000000.0,Hz,OTHER,figure,555053 https://doi.org/10.1364/OE.555053 > *3.1. Beams characterization of the photonic integrated broadband multi-beamformer* > *3.2. Verification test of the ISAC system*,91,91,Bandwidth is reported.,"For the transmitting of signals, since the devices used for generation and transmission of the radar sensing and wireless communication signals are the same, they",
O_ISAC_195,2025,Hybrid,Unknown,R,2400000000.0,bps,OTHER,text,**4. Conclusion**,126,126,Data rate/throughput is reported.,"In this paper, we have developed an ISAC system based on the photonic integrated broadband multibeamformer, alongside comprehensive beam quality measurements and evaluations conducted within",
O_ISAC_195,2025,Hybrid,Unknown,B,1000000000.0,Hz,OTHER,text,**4. Conclusion**,126,126,Bandwidth is reported.,"In this paper, we have developed an ISAC system based on the photonic integrated broadband multibeamformer, alongside comprehensive beam quality measurements and evaluations conducted within",
O_ISAC_199,2025,Hybrid,Outdoor,R,10000000000.0,bps,OTHER,text,"Engineering Science and Technology, an International Journal > ABSTRACT",27,27,Data rate/throughput is reported.,Free-space optical (FSO) communication is an advanced wireless optical communication technology that provides high-speed data services for 6th-generation wireless communication and Internet of Things (IoT),
O_ISAC_199,2025,Hybrid,Outdoor,R,10000000000.0,bps,OTHER,text,"Engineering Science and Technology, an International Journal > **1. Introduction**",67,67,Data rate/throughput is reported.,"| PRBS – Bit-rate, Sequence-length | 10Gb/s |",
O_ISAC_199,2025,Hybrid,Outdoor,R,10000000000.0,bps,OTHER,text,"Engineering Science and Technology, an International Journal > **2. Related works**",118,118,Data rate/throughput is reported.,"In the article [\[23\],](#page-9-0) the authors proposed a hybrid optical fibre and FSO channel, including an FBG sensor head for monitoring bridge conditions. In case",
O_ISAC_199,2025,Hybrid,Outdoor,R,2500000000.0,bps,OTHER,text,"Engineering Science and Technology, an International Journal > **2. Related works**",128,128,Data rate/throughput is reported.,"Several researchers have analysed research on MIMO-based and wavelength division multiplexed FSO links with various modulation techniques in adverse weather conditions in previous works [\[26,27\]](#page-9-0).",
O_ISAC_199,2025,Hybrid,Outdoor,R,10000000000.0,bps,OTHER,figure,"Engineering Science and Technology, an International Journal > *3.1. Transmitter*",144,144,Data rate/throughput is reported.,"As shown in [Fig. 1](#page-1-0), the transmitter section consists of a pseudorandom bit sequence generator (PRBS) set to 10 Gbps. The information is coded by",
O_ISAC_199,2025,Hybrid,Outdoor,R,10000000000.0,bps,OTHER,figure,"Engineering Science and Technology, an International Journal > **4. Results and discussions**",384,384,Data rate/throughput is reported.,"A carrier wave signal wavelength in continuous wave laser is set at 1552 nm, and transmission power is 20 dBm, which carries 10 Gb/s data",
O_ISAC_199,2025,Hybrid,Outdoor,R,10000000000.0,bps,OTHER,text,"Engineering Science and Technology, an International Journal > **Declaration of competing interest** > **References**",435,435,Data rate/throughput is reported.,"- [25] I. Nsengiyumva, E. Mwangi, G. Kamucha, A comparative study of chromatic dispersion compensation in 10 Gbps SMF and 40 Gbps OTDM systems using",
O_ISAC_199,2025,Hybrid,Outdoor,R,1000000000000.0,bps,OTHER,text,"Engineering Science and Technology, an International Journal > **Declaration of competing interest** > **References**",437,437,Data rate/throughput is reported.,"- [27] Anuranjana, S. Kaur, R. Goyal, S. Chaudhary, 1000 Gbps MDM-WDM FSO link employing DP-QPSK modulation scheme under the effect of fog, *Optik* 257",
O_ISAC_199,2025,Hybrid,Outdoor,R,100000000000.0,bps,OTHER,eq,"Engineering Science and Technology, an International Journal > **Declaration of competing interest** > **References**",450,450,Data rate/throughput is reported.,"- [40] ""Dual-polarization multi-band OFDM versus single-carrier DP-QPSK for 100 Gb/s long-haul WDM transmission over legacy infrastructure."" Accessed: Jan. 25, 2022. [Online]. Available: [https://www.osapublishing.org/oe/fulltext.cfm?uri](https://www.osapublishing.org/oe/fulltext.cfm?uri=oe-21-14-16982%26id=259011)=oe-21- [14-16982](https://www.osapublishing.org/oe/fulltext.cfm?uri=oe-21-14-16982%26id=259011)&id=259011.",
O_ISAC_200,2025,Fiber,Unknown,B,800000000000.0,Hz,OTHER,text,3. Adaptive equalization for integrated polarization sensing and communication > 3.2. Variational autoencoders for integrated sensing and communications,225,225,Bandwidth is reported.,| Simulation bandwidth | | 800 GHz |,
O_ISAC_200,2025,Fiber,Unknown,R,600000000000.0,bps,OTHER,text,*4.4.2. Non-trackable cases* > **References**,409,409,Data rate/throughput is reported.,"- [21] S. Guerrier, K. Benyahya, C. Dorize, E. Awwad, H. Mardoyan, J. [Renaudier,](http://refhub.elsevier.com/S1068-5200(24)00392-4/sb21) Vibration detection and [localization](http://refhub.elsevier.com/S1068-5200(24)00392-4/sb21) in buried fiber cable after 80km of",
O_ISAC_200,2025,Fiber,Unknown,R,112000000000.0,bps,OTHER,eq,*4.4.2. Non-trackable cases* > **References**,439,439,Data rate/throughput is reported.,"- <span id=""page-9-30""></span>[50] V. Lauinger, P. Matalla, J. Ney, N. Wehn, S. Randel, L. Schmalen, [Fully-blind](http://refhub.elsevier.com/S1068-5200(24)00392-4/sb50) neural network based [equalization](http://refhub.elsevier.com/S1068-5200(24)00392-4/sb50) for severe nonlinear distortions in",
O_ISAC_202,2025,Fiber,Unknown,R,1250000000.0,bps,OTHER,text,Integrated optical covert sensing and communication > 2. Principle and System Model,41,41,Data rate/throughput is reported.,"transmitter of the covert communication channel, the amplified spontaneous emission (ASE) light without optical filtering is modulated by 1.25 Gbps signals from a pulse pattern",
O_ISAC_202,2025,Fiber,Unknown,R,10000000000.0,bps,OTHER,text,References,151,151,Data rate/throughput is reported.,"- 11. Z. Gao, Z. Deng, L. Zhang, et al., ""10 gbps classical secure key distribution based on temporal steganography and private chaotic phase scrambling,""",
O_ISAC_203,2025,Hybrid,Indoor,R,1000000000.0,bps,OTHER,text,**High-Speed Flexible Near-Infrared Organic Photodetectors for Self-Powered Optical Integrated Sensing and Communications**,11,11,Data rate/throughput is reported.,"Integrated Sensing and Communications (ISAC), consolidating sensing and communication functionalities by utilizing the same spectrum and hardware facilities, represents the cutting-edge technique for next-generation wireless",
O_ISAC_203,2025,Hybrid,Indoor,B,6000000000.0,Hz,OTHER,text,**High-Speed Flexible Near-Infrared Organic Photodetectors for Self-Powered Optical Integrated Sensing and Communications**,11,11,Bandwidth is reported.,"Integrated Sensing and Communications (ISAC), consolidating sensing and communication functionalities by utilizing the same spectrum and hardware facilities, represents the cutting-edge technique for next-generation wireless",
O_ISAC_206,2025,Hybrid,Indoor,CRB,6,m,OTHER,text,"<span id=""page-0-0""></span>Beam Pattern Modulation Embedded Hybrid Transceiver Optimization for Integrated Sensing and Communication",5,5,CRB/FIM is referenced.,"*Abstract*— Integrated sensing and communication (ISAC) emerges as a promising technology for 6G, particularly in the millimeter-wave (mmWave) band. However, the widely utilized hybrid architecture",
O_ISAC_206,2025,Hybrid,Indoor,CRB,0,m,OTHER,eq,"<span id=""page-0-5""></span><span id=""page-0-4""></span><span id=""page-0-1""></span>I. INTRODUCTION",25,25,CRB/FIM is referenced.,"<span id=""page-0-14""></span><span id=""page-0-13""></span><span id=""page-0-12""></span><span id=""page-0-11""></span><span id=""page-0-10""></span><span id=""page-0-9""></span><span id=""page-0-8""></span><span id=""page-0-7""></span><span id=""page-0-6""></span>Transceiver design is vital for mmWave ISAC system, aiming to realize better performance trade-offs between communication",
O_ISAC_206,2025,Hybrid,Indoor,CRB,,,OTHER,text,"<span id=""page-0-5""></span><span id=""page-0-4""></span><span id=""page-0-1""></span>I. INTRODUCTION",37,37,CRB/FIM is referenced.,- We conduct a theoretical analysis of the complexity and convergence of the proposed algorithm. The asymptotic pairwise error probability (APEP) and the CRB are,
O_ISAC_206,2025,Hybrid,Indoor,CRB,6,m,OTHER,eq,"<span id=""page-6-4""></span>V. ISAC PERFORMANCE ANALYSIS",434,434,CRB/FIM is referenced.,"<span id=""page-6-6""></span><span id=""page-6-0""></span>In this section, the complexity and convergence performance of the proposed algorithm are theoretically analyzed. The APEP and CRB are derived to illustrate",
O_ISAC_206,2025,Hybrid,Indoor,CRB,,,OTHER,text,"<span id=""page-7-4""></span>B. Convergence Analysis > C. APEP Analysis > D. CRB Analysis",547,547,CRB/FIM is referenced.,#### D. CRB Analysis,
O_ISAC_206,2025,Hybrid,Indoor,CRB,8,m,OTHER,eq,"<span id=""page-7-4""></span>B. Convergence Analysis > C. APEP Analysis > D. CRB Analysis",549,549,CRB/FIM is referenced.,"<span id=""page-8-5""></span>To further illustrate the sensing performance of the proposed scheme, the CRB [36] of DoA estimation is derived. Employing the Swerling-II model [37], the",
O_ISAC_206,2025,Hybrid,Indoor,CRB,8,m,OTHER,eq,"<span id=""page-7-4""></span>B. Convergence Analysis > C. APEP Analysis > D. CRB Analysis",554,554,CRB/FIM is referenced.,"<span id=""page-8-6""></span>where $\bar{X}_{\mathrm{S}} = [\bar{x}_{\mathrm{S}}^{1}, \ldots, \bar{x}_{\mathrm{S}}^{L}]$ . $\bar{x}_{\mathrm{S}}^{l}$ and $y_{\mathrm{B}}^{l}$ are the transmitted sensing signal and baseband received echo signal of the l-th sample.",
O_ISAC_206,2025,Hybrid,Indoor,CRB,,,OTHER,eq,"<span id=""page-7-4""></span>B. Convergence Analysis > C. APEP Analysis > D. CRB Analysis",557,557,CRB/FIM is referenced.,$$\overline{\text{CRB}}(\psi_i)$$,
O_ISAC_206,2025,Hybrid,Indoor,CRB,,,OTHER,eq,"<span id=""page-7-4""></span>B. Convergence Analysis > C. APEP Analysis > D. CRB Analysis",574,574,CRB/FIM is referenced.,"Taking the expectation of $\overline{\text{CRB}}(\psi_i)$ with respect to $\bar{X}_{\text{S}}$ and considering $R_{\bar{x}_{\text{S}}} = D$ , the final expression is written as",
O_ISAC_206,2025,Hybrid,Indoor,CRB,1,m,OTHER,eq,"<span id=""page-7-4""></span>B. Convergence Analysis > C. APEP Analysis > D. CRB Analysis",576,576,CRB/FIM is referenced.,"$$\operatorname{CRB}(\psi_{i}) = \frac{1}{2|\beta_{i}|^{2}} \left( Tr \left( \mathbf{P}_{S}^{H} \mathbf{F}_{S}^{H} \dot{\mathbf{A}}_{i}^{H} \mathbf{F}_{S} \mathbf{R}_{B}^{-1} \mathbf{F}_{S}^{H} \dot{\mathbf{A}}_{i} \mathbf{F}_{S} \mathbf{P}_{S} \mathbf{D} \right) \right)^{-1},$$",
O_ISAC_206,2025,Hybrid,Indoor,CRB,1,m,OTHER,eq,"<span id=""page-7-4""></span>B. Convergence Analysis > C. APEP Analysis > D. CRB Analysis",579,579,CRB/FIM is referenced.,"where $\dot{A}_i = \dot{a}(\psi_i)a^{\rm H}(\psi_i) + a(\psi_i)\dot{a}^{\rm H}(\psi_i)$ . Furthermore, denoting matrix $F_{\rm S}^{\rm H}A_i^{\rm H}F_{\rm S}R_{\rm B}^{-1}F_{\rm S}^{\rm H}A_iF_{\rm S}$ as M, the CRB",
O_ISAC_206,2025,Hybrid,Indoor,CRB,1,m,OTHER,eq,"<span id=""page-7-4""></span>B. Convergence Analysis > C. APEP Analysis > D. CRB Analysis",581,581,CRB/FIM is referenced.,$$CRB(\psi_i) = \frac{1}{2|\beta_i|^2 \sum_{i=1}^{W} b_i^2 d_i M_{ii}}.$$,
O_ISAC_206,2025,Hybrid,Indoor,CRB,0,m,OTHER,text,"<span id=""page-7-4""></span>B. Convergence Analysis > C. APEP Analysis > D. CRB Analysis",584,584,CRB/FIM is referenced.,"Clearly, M is a positive definite matrix, and $M_{ii} \geq 0$ . With the fixed activation probability $d_i$ and the analog precoder, a higher transmission",
O_ISAC_206,2025,Hybrid,Indoor,R,8.0,bps,OTHER,figure,VI. SIMULATIONS > A. Communication Performance,627,627,Data rate/throughput is reported.,"In Fig. 5, we compare the BER performance of BPM-ISAC-MBS with $\mu=0.5$ , its variants, and other schemes. For a fair comparison, all schemes adopt",
O_ISAC_206,2025,Hybrid,Indoor,CRB,28,m,OTHER,figure,VI. SIMULATIONS > B. Sensing Performance,655,655,CRB/FIM is referenced.,"To further validate the sensing performance of the proposed method, root mean square error (RMSE) of DoA estimation versus sensing SNR using beamspace MUSIC algorithm",
O_ISAC_218,2025,Hybrid,Indoor,B,5000000000.0,Hz,OTHER,text,"2 A DC current, and provides a 5 GHz bandwidth—sufficient to accommodate the OFDM signal spectrum.",184,184,Bandwidth is reported.,"# 2 A DC current, and provides a 5 GHz bandwidth—sufficient to accommodate the OFDM signal spectrum.",
O_ISAC_218,2025,Hybrid,Indoor,B,4000000.0,Hz,OTHER,text,"2 A DC current, and provides a 5 GHz bandwidth—sufficient to accommodate the OFDM signal spectrum. > C. Light Reader",271,271,Bandwidth is reported.,The LED light source array used in this study has a measured -20 dB modulation bandwidth of approximately 4 MHz. Given that the system operates,
O_ISAC_218,2025,Hybrid,Indoor,B,2500000000.0,Hz,OTHER,text,"2 A DC current, and provides a 5 GHz bandwidth—sufficient to accommodate the OFDM signal spectrum. > V. EXPERIMENTS DRIVEN SIMULATION RESULTS",291,291,Bandwidth is reported.,"the ratio between the receiver ADC sampling rate and the transmitter DAC sampling rate, has a decisive impact on positioning accuracy. The necessity for a",
O_ISAC_218,2025,Hybrid,Indoor,B,4000000.0,Hz,OTHER,text,"2 A DC current, and provides a 5 GHz bandwidth—sufficient to accommodate the OFDM signal spectrum. > V. EXPERIMENTS DRIVEN SIMULATION RESULTS",293,293,Bandwidth is reported.,"- (1) Single-region positioning using real LED bandwidth: Based on the measured 4 MHz bandwidth of our LED panel, and under a vertical LED-to-surface distance",
O_ISAC_218,2025,Hybrid,Indoor,B,2500000000.0,Hz,OTHER,text,"2 A DC current, and provides a 5 GHz bandwidth—sufficient to accommodate the OFDM signal spectrum. > V. EXPERIMENTS DRIVEN SIMULATION RESULTS",294,294,Bandwidth is reported.,"- (2) Multi-region, multi-tag ranging with higher sampling: Building on the same SNR profile, we simulate a receiver sampling rate of 2.5 GHz to investigate",
O_ISAC_218,2025,Hybrid,Indoor,B,4000000.0,Hz,OTHER,text,"2 A DC current, and provides a 5 GHz bandwidth—sufficient to accommodate the OFDM signal spectrum. > A. Single-Region Ranging Using Measured Parameters",303,303,Bandwidth is reported.,"$-97.72\,\mathrm{dBV}$ . We evaluated the ranging performance using the measured parameters of the designed LED array. The system bandwidth was set to 4 MHz, corresponding",
O_ISAC_218,2025,Hybrid,Indoor,B,2500000000.0,Hz,OTHER,text,"2 A DC current, and provides a 5 GHz bandwidth—sufficient to accommodate the OFDM signal spectrum. > B. Impact of OSR and SNR on Peak Detection Accuracy",317,317,Bandwidth is reported.,"level of performance. Under such bandwidth-limited conditions, oversampling is necessary to emulate the multi-region effect. To analyze the effect of OSR and SNR on region",
O_ISAC_218,2025,Hybrid,Indoor,B,2500000000.0,Hz,OTHER,text,"2 A DC current, and provides a 5 GHz bandwidth—sufficient to accommodate the OFDM signal spectrum. > B. Impact of OSR and SNR on Peak Detection Accuracy",329,329,Bandwidth is reported.,"The parameters of the third simulation follow those of the second experiment, where the LED array is assumed to provide a sufficiently flat bandwidth. Both",
O_ISAC_219,2025,Hybrid,Indoor,R,125000000.0,bps,OTHER,eq,III. EXPERIMENTS AND DISCUSSIONS > *A. Experimental Setup*,200,200,Data rate/throughput is reported.,"During OFDM modulation, the IFFT size is NIFFT = 256, the data-subcarrier number is Ndata = 64, the binary phase shift keying (BPSK) constellation is",
O_ISAC_219,2025,Hybrid,Indoor,R,125000000.0,bps,OTHER,text,III. EXPERIMENTS AND DISCUSSIONS > *A. Experimental Setup*,216,216,Data rate/throughput is reported.,| OFDM rate | 125 Mbps | |,
O_ISAC_219,2025,Hybrid,Indoor,R,7800000.0,bps,OTHER,text,III. EXPERIMENTS AND DISCUSSIONS > *A. Experimental Setup*,219,219,Data rate/throughput is reported.,| CIM rate | 7.8 Mbps | |,
O_ISAC_219,2025,Hybrid,Indoor,R,7800000.0,bps,OTHER,table,III. EXPERIMENTS AND DISCUSSIONS > *A. Experimental Setup*,230,230,Data rate/throughput is reported.,"to perform CIM modulation. As a result, according to (4), the data rate of CIM modulation is about 7.8 Mbps. Therefore, the overall data rate",
O_ISAC_219,2025,Hybrid,Indoor,R,132800000.00000001,bps,OTHER,text,III. EXPERIMENTS AND DISCUSSIONS > *B. Communication Performance*,236,236,Data rate/throughput is reported.,"Next, we compare the communication performance of the two-user RO-ISAC system using pure OFDM and the proposed OFDM-MLS-CIM. For fair performance comparison, the pure OFDM",
O_ISAC_219,2025,Hybrid,Indoor,R,66400000.00000001,bps,OTHER,table,III. EXPERIMENTS AND DISCUSSIONS > *B. Communication Performance*,242,242,Data rate/throughput is reported.,"using OFDM and OFDM-MLS-CIM for two users with respect to the two bit allocation modes in Table III is provided in Table V, where DS",
O_ISAC_219,2025,Hybrid,Indoor,sigma_r,1.08,m,OTHER,figure,III. EXPERIMENTS AND DISCUSSIONS > C. Sensing Performance,262,262,Estimator accuracy/RMSE is reported.,"Finally, we investigate the sensing performance of the twouser RO-ISAC system in terms of the ranging root mean square error (RMSE). Fig. 8(a) depicts the",
O_ISAC_219,2025,Hybrid,Indoor,sigma_r,0.01,m,OTHER,figure,III. EXPERIMENTS AND DISCUSSIONS > C. Sensing Performance,268,268,Estimator accuracy/RMSE is reported.,"window for cross-correlation calculation, the ranging RMSE is gradually reduced for both users using OFDM and OFDM-MLS-CIM. Moreover, for both User 1 and User 2,",
O_ISAC_220,2025,Fiber,Underwater,B,40000000000.0,Hz,OTHER,figure,A. Dense and Compatible ISAC Based on DSCM and Frequency Modulation of Sensing Information > **B.** Improved Communication Performance with Advanced DSP > 3. EXPERIMENTAL DEMONSTRATION,112,112,Bandwidth is reported.,"The physical link emulating the ISAC configuration is depicted in Fig. [2\(](#page-3-0)b). At the transmitter, the light source generated by an external cavity laser (ECL)",
O_ISAC_220,2025,Fiber,Underwater,B,100000000.0,Hz,OTHER,figure,A. Dense and Compatible ISAC Based on DSCM and Frequency Modulation of Sensing Information > **B.** Improved Communication Performance with Advanced DSP > 3. EXPERIMENTAL DEMONSTRATION,114,114,Bandwidth is reported.,"At the repeater with implementing the sensor joint, a thermometer probe is used to monitor the temperature in a water tank, as depicted in Fig.",
O_ISAC_220,2025,Fiber,Underwater,B,50000.0,Hz,OTHER,figure,A. Dense and Compatible ISAC Based on DSCM and Frequency Modulation of Sensing Information > 4. RESULTS AND DISCUSSION,166,166,Bandwidth is reported.,"To investigate the demodulation performance of sensing information, we at first measure the frequency difference between the imaged harmonic waves at the mixer RF output,",
O_ISAC_237,2025,Hybrid,Unknown,B,50000000.0,Hz,OTHER,text,IV. SENSING-AIDED CHANNEL ESTIMATION AND INTERFERENCE CANCELLATION > V. PERFORMANCE EVALUATIONS,389,389,Bandwidth is reported.,| Channel bandwidth | 50 MHz |,
O_ISAC_237,2025,Hybrid,Unknown,sigma_r,0.036,m,OTHER,figure,IV. SENSING-AIDED CHANNEL ESTIMATION AND INTERFERENCE CANCELLATION > A. Sensing Performance Evaluations,406,406,Estimator accuracy/RMSE is reported.,Fig. 6 and Fig. 7 compare the RMSE of range and speed estimations between the FCCR and DMD sensing under scenario a (denoted by SA),
O_ISAC_237,2025,Hybrid,Unknown,sigma_r,1.46,m,OTHER,text,IV. SENSING-AIDED CHANNEL ESTIMATION AND INTERFERENCE CANCELLATION > A. Sensing Performance Evaluations,416,416,Estimator accuracy/RMSE is reported.,"In scenario a, where the Doppler frequency is relatively low, the RMSE of range at high SNR is 1.46 m. In scenario b, where the",
O_ISAC_237,2025,Hybrid,Unknown,sigma_r,1.49,m,OTHER,figure,IV. SENSING-AIDED CHANNEL ESTIMATION AND INTERFERENCE CANCELLATION > A. Sensing Performance Evaluations,418,418,Estimator accuracy/RMSE is reported.,"To illustrate the impact of Doppler frequency on the RMSE of range, Fig. 8 shows the RMSE of range at 12 dB SNR as a",
O_ISAC_241,2025,Hybrid,Indoor,R,15710000000.0,bps,OTHER,text,Photonics-Assisted Millimeter-Wave Integrated Sensing and Communication Based on OTFS,5,5,Data rate/throughput is reported.,"Abstract—In the future 6G networks, the integrated sensing and communication (ISAC) technologies in the millimeter-wave (mmWave) band will foster innovation across multiple emerging fields, bringing",
O_ISAC_241,2025,Hybrid,Indoor,R,4560000000.0,bps,OTHER,text,Photonics-Assisted Millimeter-Wave Integrated Sensing and Communication Based on OTFS > I. INTRODUCTION,25,25,Data rate/throughput is reported.,"In contrast, photonics-assisted mmWave ISAC systems feature large operating bandwidth, low frequency-dependent loss, and strong resistance to electromagnetic interference, making it capable of surpassing the",
O_ISAC_241,2025,Hybrid,Indoor,R,4000000.0,bps,OTHER,text,Photonics-Assisted Millimeter-Wave Integrated Sensing and Communication Based on OTFS > I. INTRODUCTION,29,29,Data rate/throughput is reported.,"generation of frequency-agile LFM signal with 0.15 m range resolution while maintaining a 4 Mbps data rate. Subsequently, the dual-LFM preamble-free synchronization scheme is designed",
O_ISAC_241,2025,Hybrid,Indoor,R,15710000000.0,bps,OTHER,text,Photonics-Assisted Millimeter-Wave Integrated Sensing and Communication Based on OTFS > I. INTRODUCTION,35,35,Data rate/throughput is reported.,"Although previous work has been conducted on photonics-aided OTFS communication systems [30], there is still a lack of research on ISAC using OTFS waveform based",
O_ISAC_241,2025,Hybrid,Indoor,B,100000.0,Hz,OTHER,figure,C. Performance Trade-Off Between OTFS Communication and Radar > III. EXPERIMENTAL SETUP AND RESULTS,180,180,Bandwidth is reported.,An experiment is carried out based on the configuration in Fig. 4 to verify the ISAC performance of the proposed photonicsassisted OTFS system. The linewidth,
O_ISAC_241,2025,Hybrid,Indoor,R,15710000000.0,bps,OTHER,eq,C. Performance Trade-Off Between OTFS Communication and Radar > III. EXPERIMENTAL SETUP AND RESULTS,216,216,Data rate/throughput is reported.,$$\approx 15.71 Gbit/s. \tag{18}$$,
O_ISAC_241,2025,Hybrid,Indoor,B,5000000000.0,Hz,OTHER,figure,C. Performance Trade-Off Between OTFS Communication and Radar > III. EXPERIMENTAL SETUP AND RESULTS,262,262,Bandwidth is reported.,"Following this, we investigate the radar's resolution performance by adjusting the distance between two closely-spaced corner reflectors. Given the OTFS signal a bandwidth of 5",
O_ISAC_241,2025,Hybrid,Indoor,R,15710000000.0,bps,OTHER,text,C. Performance Trade-Off Between OTFS Communication and Radar > IV. CONCLUSION,266,266,Data rate/throughput is reported.,"The authors propose and experimentally validate a photonics-assisted ISAC system using OTFS waveforms in the mmWave band. After transmission over a 1m wireless link, the",
O_ISAC_242,2025,Hybrid,Unknown,R,212000000000.0,bps,OTHER,text,Sliding window-based LSTM scheme for PAM-4 photonics-assisted W-band ISAC systems > I. INTRODUCTION,9,9,Data rate/throughput is reported.,"ecently, with the growing demand for high-speed communication and high-precision sensing in emerging applications such as intelligent factories and smart transportation, integrated sensing and communication",
O_ISAC_242,2025,Hybrid,Unknown,B,4800000000.0,Hz,OTHER,figure,B. The correlation-based ranging scheme > III. EXPERIMENTAL SETUP AND RESULT ANALYSIS,63,63,Bandwidth is reported.,"At the transmitter (Tx), the offline signal is generated by modulating the PAM-4 signal, up-sampling, root-raised cosine roll-off pulse forming, adding all-zero prefix, and adding",
O_ISAC_242,2025,Hybrid,Unknown,B,100000000000.0,Hz,OTHER,text,B. The correlation-based ranging scheme > III. EXPERIMENTAL SETUP AND RESULT ANALYSIS,65,65,Bandwidth is reported.,"At the Com Rx, the 100 GHz PAM-4 W-band ISAC signal is captured by another HA after 1-m wireless transmission, the free-space loss reaches approximately",
O_ISAC_242,2025,Hybrid,Unknown,R,160000000000.0,bps,OTHER,text,IV. CONCLUSION > REFERENCES,135,135,Data rate/throughput is reported.,"- [13]. Y. Gu, J. Lambrecht, S. Niu, A. Vandierendonock, D. Bruynsteen, G. Co udyzer, K. Bruyn, J. Bauwelinck, X. Yin, P. Ossieur, ""A 160",
O_ISAC_245,2025,FSO,Indoor,CRB,5,m,OTHER,figure,MCMC-Based Sparse Bayesian Learning for Super-Resolution Receiver in ISAC Systems > C. Dynamic Target Parameter Estimation,231,231,CRB/FIM is referenced.,Fig. 5 shows the curves of estimation RMSE versus SNR for 1 dynamic target with two CS algorithms: OMP and NOMP. Our MCMC-based SBL algorithm,
O_ISAC_259,2025,Hybrid,Indoor,B,93100000.0,Hz,OTHER,text,Algorithm 1 ADMM-PLPOI Algorithm for PLPOI Wavefrom Design > E. Computational Complexity Analysis,424,424,Bandwidth is reported.,| B | Signal bandwidth | 93.1 MHz | | | | | |,
O_ISAC_259,2025,Hybrid,Indoor,Δr_min,c/(2B,m,DRMIN,eq,Algorithm 1 ADMM-PLPOI Algorithm for PLPOI Wavefrom Design > *B. Communication Performance Analysis* > C. Sensing Performance Analysis,554,564,Resolution is defined via c/(2B).,"![](_page_9_Figure_12.jpeg) <span id=""page-9-2""></span><span id=""page-9-0""></span>Fig. 11. Range profile at 0 m/s relative velocity. ![](_page_9_Figure_14.jpeg) <span id=""page-9-3""></span>Fig. 12. Relative velocity profile at 0 m range. The radar",
O_ISAC_259,2025,Hybrid,Indoor,Δr_min,c/(2B,m,DRMIN,eq,Algorithm 1 ADMM-PLPOI Algorithm for PLPOI Wavefrom Design > *B. Communication Performance Analysis* > C. Sensing Performance Analysis,555,565,Resolution is defined via c/(2B).,"<span id=""page-9-2""></span><span id=""page-9-0""></span>Fig. 11. Range profile at 0 m/s relative velocity. ![](_page_9_Figure_14.jpeg) <span id=""page-9-3""></span>Fig. 12. Relative velocity profile at 0 m range. The radar processing",
O_ISAC_259,2025,Hybrid,Indoor,Δr_min,c/(2B,m,DRMIN,eq,Algorithm 1 ADMM-PLPOI Algorithm for PLPOI Wavefrom Design > *B. Communication Performance Analysis* > C. Sensing Performance Analysis,556,566,Resolution is defined via c/(2B).,"<span id=""page-9-2""></span><span id=""page-9-0""></span>Fig. 11. Range profile at 0 m/s relative velocity. ![](_page_9_Figure_14.jpeg) <span id=""page-9-3""></span>Fig. 12. Relative velocity profile at 0 m range. The radar processing",
O_ISAC_259,2025,Hybrid,Indoor,Δr_min,c/(2B,m,DRMIN,eq,Algorithm 1 ADMM-PLPOI Algorithm for PLPOI Wavefrom Design > *B. Communication Performance Analysis* > C. Sensing Performance Analysis,557,567,Resolution is defined via c/(2B).,"![](_page_9_Figure_14.jpeg) <span id=""page-9-3""></span>Fig. 12. Relative velocity profile at 0 m range. The radar processing utilizes the Hadamard product between the received and reference matrices to",
O_ISAC_259,2025,Hybrid,Indoor,Δr_min,c/(2B,m,DRMIN,eq,Algorithm 1 ADMM-PLPOI Algorithm for PLPOI Wavefrom Design > *B. Communication Performance Analysis* > C. Sensing Performance Analysis,558,568,Resolution is defined via c/(2B).,"![](_page_9_Figure_14.jpeg) <span id=""page-9-3""></span>Fig. 12. Relative velocity profile at 0 m range. The radar processing utilizes the Hadamard product between the received and reference matrices to",
O_ISAC_259,2025,Hybrid,Indoor,Δr_min,c/(2B,m,DRMIN,eq,Algorithm 1 ADMM-PLPOI Algorithm for PLPOI Wavefrom Design > *B. Communication Performance Analysis* > C. Sensing Performance Analysis,559,569,Resolution is defined via c/(2B).,"<span id=""page-9-3""></span>Fig. 12. Relative velocity profile at 0 m range. The radar processing utilizes the Hadamard product between the received and reference matrices to extract",
O_ISAC_259,2025,Hybrid,Indoor,Δr_min,c/(2B,m,DRMIN,eq,Algorithm 1 ADMM-PLPOI Algorithm for PLPOI Wavefrom Design > *B. Communication Performance Analysis* > C. Sensing Performance Analysis,560,570,Resolution is defined via c/(2B).,"<span id=""page-9-3""></span>Fig. 12. Relative velocity profile at 0 m range. The radar processing utilizes the Hadamard product between the received and reference matrices to extract",
O_ISAC_259,2025,Hybrid,Indoor,Δr_min,c/(2B,m,DRMIN,eq,Algorithm 1 ADMM-PLPOI Algorithm for PLPOI Wavefrom Design > *B. Communication Performance Analysis* > C. Sensing Performance Analysis,561,571,Resolution is defined via c/(2B).,The radar processing utilizes the Hadamard product between the received and reference matrices to extract range and velocity information while eliminating the communication data influence.,
O_ISAC_259,2025,Hybrid,Indoor,Δr_min,c/(2B,m,DRMIN,eq,Algorithm 1 ADMM-PLPOI Algorithm for PLPOI Wavefrom Design > *B. Communication Performance Analysis* > C. Sensing Performance Analysis,562,572,Resolution is defined via c/(2B).,The radar processing utilizes the Hadamard product between the received and reference matrices to extract range and velocity information while eliminating the communication data influence.,
O_ISAC_259,2025,Hybrid,Indoor,Δr_min,c/(2B,m,DRMIN,eq,Algorithm 1 ADMM-PLPOI Algorithm for PLPOI Wavefrom Design > *B. Communication Performance Analysis* > C. Sensing Performance Analysis,563,573,Resolution is defined via c/(2B).,Range processing is implemented through correlationequivalent operations where IDFT transforms reveal peaks corresponding to target distances. The range resolution is fundamentally limited by the signal,
O_ISAC_259,2025,Hybrid,Indoor,Δr_min,c/(2B,m,DRMIN,eq,Algorithm 1 ADMM-PLPOI Algorithm for PLPOI Wavefrom Design > *B. Communication Performance Analysis* > C. Sensing Performance Analysis,564,574,Resolution is defined via c/(2B).,Range processing is implemented through correlationequivalent operations where IDFT transforms reveal peaks corresponding to target distances. The range resolution is fundamentally limited by the signal,
O_ISAC_272,2025,Hybrid,Unknown,B,50000000.0,Hz,OTHER,eq,Three-Stage Super-Resolution Estimation of Target Parameter in OCDM ISAC Systems > IV. SIMULATION RESULT,212,212,Bandwidth is reported.,"<span id=""page-3-1""></span><span id=""page-3-0""></span>In this section, simulations evaluate the proposed method's parameter estimation accuracy and ambiguity resolution performance, with DFT-based [11] and CS-based [12] methods as",
O_ISAC_280,2024,Hybrid,Outdoor,R,6000000000.0,bps,OTHER,figure,"**Integration of endogenous sensing and communication based on photonics-enabled cellular base station networks with a spectrum fusion algorithm** > **YANG ZHAO, JUN WAN, SHAOFU XU, AND WEIWEN ZOU\***",7,7,Data rate/throughput is reported.,"**Abstract:** Endogenous integrated sensing and communication (ISAC) based on cellular base stations (BSs) can simultaneously achieve high-quality imaging and communication, which is one of the",
O_ISAC_280,2024,Hybrid,Outdoor,R,6000000000.0,bps,OTHER,text,"**Integration of endogenous sensing and communication based on photonics-enabled cellular base station networks with a spectrum fusion algorithm** > **YANG ZHAO, JUN WAN, SHAOFU XU, AND WEIWEN ZOU\*** > **1. Introduction**",25,25,Data rate/throughput is reported.,"The paper is organized as follows: First, the principle of the ISAC method and the feasibility of cellular BS imaging are analyzed. Second, the formula",
O_ISAC_280,2024,Hybrid,Outdoor,B,3500000000.0,Hz,OTHER,figure,"**Integration of endogenous sensing and communication based on photonics-enabled cellular base station networks with a spectrum fusion algorithm** > **YANG ZHAO, JUN WAN, SHAOFU XU, AND WEIWEN ZOU\*** > *2.3. Feasibility of cellular BS imaging*",110,110,Bandwidth is reported.,"The seven BSs are combined into a cellular cluster to transmit and receive (without selfreception) to serve the imaging, and the coordinate system is set",
O_ISAC_280,2024,Hybrid,Outdoor,B,100000000.0,Hz,OTHER,figure,"**Integration of endogenous sensing and communication based on photonics-enabled cellular base station networks with a spectrum fusion algorithm** > **YANG ZHAO, JUN WAN, SHAOFU XU, AND WEIWEN ZOU\*** > <span id=""page-7-1""></span>**3. Imaging performance analysis**",138,138,Bandwidth is reported.,The method is compared with two recently proposed typical ISAC methods for analyzing the 2D resolution by imaging a point target. According to the actual,
O_ISAC_280,2024,Hybrid,Outdoor,R,6000000000.0,bps,OTHER,figure,"**Integration of endogenous sensing and communication based on photonics-enabled cellular base station networks with a spectrum fusion algorithm** > **YANG ZHAO, JUN WAN, SHAOFU XU, AND WEIWEN ZOU\*** > *4.4. Communication experiment results*",204,204,Data rate/throughput is reported.,"Fig. [11\(](#page-15-0)d), the BER of the QPSK signal demodulation is 0.0003 (SNR= 10.8), and that of the 16-QAM signal demodulation is 0.0035 (SNR = 10.6).",
O_ISAC_280,2024,Hybrid,Outdoor,R,6000000000.0,bps,OTHER,text,"**Integration of endogenous sensing and communication based on photonics-enabled cellular base station networks with a spectrum fusion algorithm** > **YANG ZHAO, JUN WAN, SHAOFU XU, AND WEIWEN ZOU\*** > **5. Conclusion**",228,228,Data rate/throughput is reported.,"In this study, we have proposed an endogenous ISAC method compatible with standard communications for realizing high-resolution imaging, empowering cellular BS networks to achieve the",
O_ISAC_283,2024,Hybrid,Unknown,B,10000000000.0,Hz,OTHER,text,**Photonics-assisted self-interference cancellation for in-band full-duplex integrated sensing and communication transceiver**,5,5,Bandwidth is reported.,**Abstract:** In-band full-duplex (IBFD) operation is essential for both sensing-centric and communication-centric integrated sensing and communications (ISAC) systems. Both types require the monostatic transceiver to,
O_ISAC_283,2024,Hybrid,Unknown,ESNR,35.29,dB,OTHER,text,**1. Introduction**,31,31,Electrical/post-detection SNR is mentioned.,"Therefore, we proposed and experimentally demonstrated a photonic-assisted self-interference cancellation scheme for an in-band full-duplex integrated sensing and communication transceiver. In the transmitter, photonic intensity",
O_ISAC_283,2024,Hybrid,Unknown,B,10000000000.0,Hz,OTHER,text,**1. Introduction**,31,31,Bandwidth is reported.,"Therefore, we proposed and experimentally demonstrated a photonic-assisted self-interference cancellation scheme for an in-band full-duplex integrated sensing and communication transceiver. In the transmitter, photonic intensity",
O_ISAC_283,2024,Hybrid,Unknown,B,30000000000.0,Hz,OTHER,figure,**3. Experiments and results** > *3.1. Experimental setup*,127,127,Bandwidth is reported.,"A proof-of-concept experiment can be conducted using the setup depicted in Fig. [1.](#page-4-0) In the transmitter, different optical carriers with an output power of 13",
O_ISAC_283,2024,Hybrid,Unknown,B,500000000.0,Hz,OTHER,text,**3. Experiments and results** > *3.1. Experimental setup*,135,135,Bandwidth is reported.,| CE-OFDM | Bandwidth | 0.5 GHz |,
O_ISAC_283,2024,Hybrid,Unknown,B,1500000000.0,Hz,OTHER,text,**3. Experiments and results** > *3.1. Experimental setup*,139,139,Bandwidth is reported.,| LFM-CW | Instantaneous bandwidth | 1.5 GHz |,
O_ISAC_283,2024,Hybrid,Unknown,B,13000000000.0,Hz,OTHER,text,**3. Experiments and results** > *3.1. Experimental setup*,145,145,Bandwidth is reported.,"After adjustment, the cancellation reference optical signal is fed into another port of the WDM to be multiplexed with the receiving optical signal. These signals",
O_ISAC_283,2024,Hybrid,Unknown,B,1500000000.0,Hz,OTHER,figure,**3. Experiments and results** > *3.2. ISAC waveform generation of IBFD ISAC transmitter*,151,151,Bandwidth is reported.,"received ISAC signal. Figure [4\(](#page-8-1)c) presents the time-frequency characteristics by computing the spectrogram of the temporal waveform, indicating a 1.5 GHz instantaneous bandwidth of the",
O_ISAC_283,2024,Hybrid,Unknown,B,40000000000.0,Hz,OTHER,text,**3. Experiments and results** > *3.3. SIC performance in IBFD ISAC communication receiver*,167,167,Bandwidth is reported.,"To verify the SIC performance of the proposed IBFD ISAC communication receiver, a vector network analyzer (VNA, Anritsu MS4645B) with a bandwidth of 40 GHz",
O_ISAC_283,2024,Hybrid,Unknown,B,2200000000.0,Hz,OTHER,figure,**3. Experiments and results** > *3.3. SIC performance in IBFD ISAC communication receiver*,169,169,Bandwidth is reported.,setup is depicted in Fig. [5.](#page-8-2) A cancellation depth of 30 dB is achieved within a bandwidth of 2.2 GHz at a center frequency of,
O_ISAC_283,2024,Hybrid,Unknown,B,10000000000.0,Hz,OTHER,figure,**3. Experiments and results** > *3.3. SIC performance in IBFD ISAC communication receiver*,171,171,Bandwidth is reported.,"To validate the SIC performance for single-tone signal IBFD communication in the proposed communication receiver, a microwave signal with a carrier frequency of 10 GHz",
O_ISAC_283,2024,Hybrid,Unknown,B,1000000000.0,Hz,OTHER,figure,**3. Experiments and results** > *3.3. SIC performance in IBFD ISAC communication receiver*,177,177,Bandwidth is reported.,"To assess the SIC performance for wideband microwave signals of IBFD communication in the proposed communication receiver, a 64-QAM CE-LFM-OFDM ISAC waveform with bandwidths of",
O_ISAC_283,2024,Hybrid,Unknown,B,1000000000.0,Hz,OTHER,figure,**3. Experiments and results** > *3.3. SIC performance in IBFD ISAC communication receiver*,183,183,Bandwidth is reported.,"<span id=""page-10-0""></span>**Fig. 7.** Measured electrical spectra of a wideband self-interference signal with and without cancellation when the bandwidths are (a)1 GHz and (b) 2 GHz.",
O_ISAC_283,2024,Hybrid,Unknown,B,1000000000.0,Hz,OTHER,figure,**3. Experiments and results** > *3.3. SIC performance in IBFD ISAC communication receiver*,185,185,Bandwidth is reported.,"signals differ, such as in quality of service. Figure [8](#page-11-0) illustrates the SOI recovery performance with and without cancellation, showcasing various scenarios: (a) SOI with",
O_ISAC_283,2024,Hybrid,Unknown,B,1000000000.0,Hz,OTHER,figure,**3. Experiments and results** > *3.3. SIC performance in IBFD ISAC communication receiver*,187,187,Bandwidth is reported.,"To validate the feasibility of weak SOI recovery for wideband signal IBFD communication in a wireless link using the proposed communication receiver, the SOI is",
O_ISAC_283,2024,Hybrid,Unknown,B,2000000000.0,Hz,OTHER,figure,**3. Experiments and results** > *3.3. SIC performance in IBFD ISAC communication receiver*,191,191,Bandwidth is reported.,"<span id=""page-11-0""></span>**Fig. 8.** Measured electrical spectra of a wideband self-interference signal with and without cancellation. (a) The SI has a bandwidth of 2 GHz and",
O_ISAC_283,2024,Hybrid,Unknown,B,100000.0,Hz,OTHER,figure,**3. Experiments and results** > *3.4. SIC performance in IBFD ISAC radar receiver*,223,223,Bandwidth is reported.,"the targets are collected by a receiving antenna adjacent to the transmitting one, combined with the SI signal, and then applied to MZM1. For the",
O_ISAC_283,2024,Hybrid,Unknown,B,10000000000.0,Hz,OTHER,text,**4. Conclusion**,265,265,Bandwidth is reported.,A photonic-assisted SIC for IBFD ISAC transceiver scheme is proposed. The feasibility of the proposed scheme is verified through a proof-of-concept experiment. By leveraging the,
O_ISAC_286,2024,Hybrid,Unknown,R,4000000000.0,bps,OTHER,text,**Photonics-assisted integrated sensing and communication with ranging resolution improvement by multiple signal classification**,5,5,Data rate/throughput is reported.,**Abstract:** The combination of orthogonal frequency-division multiplexing (OFDM) with photonics-assisted millimeter-wave (MMW) technology serves as an effective solution for realizing integrated sensing and communication (ISAC),
O_ISAC_286,2024,Hybrid,Unknown,R,1000000000.0,bps,OTHER,text,**1. Introduction**,27,27,Data rate/throughput is reported.,"Compared to the multiplexing schemes, the integrated waveform method achieves the simultaneous integration of radar and communication within a single waveform, offering a more efficient",
O_ISAC_286,2024,Hybrid,Unknown,R,4000000000.0,bps,OTHER,text,**1. Introduction**,33,33,Data rate/throughput is reported.,"In this paper, we experimentally demonstrated a low cost and simple photonics-assisted MMW OFDM ISAC system using intensity modulation and envelop detection. The incorporation of",
O_ISAC_286,2024,Hybrid,Unknown,R,4000000000.0,bps,OTHER,text,**2. Principle** > 3. Experiment and result,111,111,Data rate/throughput is reported.,"Before the experimental results are discussed, parameter settings utilized in this experiment are provided. Two lasers are working at 193.10THz and 193.13THz respectively, resulting in",
O_ISAC_286,2024,Hybrid,Unknown,B,30000000000.0,Hz,OTHER,text,**2. Principle** > 3. Experiment and result,111,111,Bandwidth is reported.,"Before the experimental results are discussed, parameter settings utilized in this experiment are provided. Two lasers are working at 193.10THz and 193.13THz respectively, resulting in",
O_ISAC_286,2024,Hybrid,Unknown,R,4000000000.0,bps,OTHER,text,4. Conclusion,145,145,Data rate/throughput is reported.,"In this paper, we experimentally demonstrate a low cost and simple photonics-assisted MMW OFDM ISAC system, utilizing intensity modulation and envelope detection. We analyze the",
O_ISAC_286,2024,Hybrid,Unknown,R,160000000000.0,bps,OTHER,eq,**References**,180,180,Data rate/throughput is reported.,"- <span id=""page-10-21""></span>26. C. Kottke, C. Caspar, V. Jungnickel, *et al.*, ""High speed 160 Gb/s DMT VCSEL transmission using pre-equalization,"" in *2017 Optical Fiber Communications",
O_ISAC_288,2024,Hybrid,Indoor,R,50000000.0,bps,OTHER,text,*1.2. Related Work* > *1.3. Paper's Contribution*,84,84,Data rate/throughput is reported.,"This research is intended to develop an ISAC system to achieve a data rate of 50 Mbps, a radar maximum unambiguous range of 1200 m,",
O_ISAC_288,2024,Hybrid,Indoor,B,700000000.0,Hz,OTHER,text,"*1.2. Related Work* > <span id=""page-6-0""></span>*3.1. Fiberless Channel* > 3.1.2. Radar System",198,198,Bandwidth is reported.,| Bandwidth (BW) | 700 MHz |,
O_ISAC_288,2024,Hybrid,Indoor,B,28000000000.0,Hz,OTHER,figure,"<span id=""page-10-0""></span>*3.2. Fiber Channel* > 3.2.1. Communication System",231,231,Bandwidth is reported.,A binary phase-shift keying (BPSK) waveform consisting of 20.088 Kbits obtained from the text image shown in Figure [10a](#page-11-0) is generated and spread with a,
O_ISAC_288,2024,Hybrid,Indoor,B,700000000.0,Hz,OTHER,figure,"<span id=""page-10-0""></span>*3.2. Fiber Channel* > 3.2.3. Lab Experiment",275,275,Bandwidth is reported.,"In this experiment, we explore the performance of the proposed ISAC system. The setup is built based on photonics technology, following the model depicted in",
O_ISAC_291,2024,Hybrid,Indoor,R,109400.0,bps,OTHER,eq,POSTER: Holographic Optical Tag enabled Omnidirectional IoT Connection > 2 METHODOLOGY > 2.1 S-CSK modulation,95,95,Data rate/throughput is reported.,"Thus, each data element can denote <sup>2</sup> (16 × 16 × 16) = 12 bits. A 3-order virtual 3D tag can embed 12 × 19",
O_ISAC_291,2024,Hybrid,Indoor,R,70000.0,bps,OTHER,table,POSTER: Holographic Optical Tag enabled Omnidirectional IoT Connection > 4 CONCLUSION,120,120,Data rate/throughput is reported.,HoloCube is designed for omnidirectional optical wireless IoT connections with integrated communication and sensing. Using the Pepper's ghost illusion with 3D spatial and spectral diversities,
O_ISAC_300,2024,Hybrid,Indoor,R,20000000000.0,bps,OTHER,text,Preamble-Free Synchronization Based on Dual-chirp Waveforms for Photonic THz-ISAC,5,5,Data rate/throughput is reported.,"Abstract—The integrated sensing and communication (ISAC) systems based on the linear frequency modulation (LFM) waveforms have attracted substantial attention. However, existing routines suffer from additional",
O_ISAC_300,2024,Hybrid,Indoor,R,100000000000.0,bps,OTHER,table,Preamble-Free Synchronization Based on Dual-chirp Waveforms for Photonic THz-ISAC > I. INTRODUCTION,29,29,Data rate/throughput is reported.,"ITH the increasingly complex electromagnetic environment and higher demands for reliability and connectivity of wireless networks, integrated sensing and communication (ISAC) has attracted considerable attention",
O_ISAC_300,2024,Hybrid,Indoor,R,1560000000.0,bps,OTHER,text,Preamble-Free Synchronization Based on Dual-chirp Waveforms for Photonic THz-ISAC > I. INTRODUCTION,31,31,Data rate/throughput is reported.,"Benefiting from the distinct advantages of a large modulation bandwidth and low harmonic interference offered by modern photonic devices, photonics-assisted schemes have been extensively investigated",
O_ISAC_300,2024,Hybrid,Indoor,B,28000000000.0,Hz,OTHER,text,Preamble-Free Synchronization Based on Dual-chirp Waveforms for Photonic THz-ISAC > I. INTRODUCTION,31,31,Bandwidth is reported.,"Benefiting from the distinct advantages of a large modulation bandwidth and low harmonic interference offered by modern photonic devices, photonics-assisted schemes have been extensively investigated",
O_ISAC_300,2024,Hybrid,Indoor,R,335600000.0,bps,OTHER,eq,Preamble-Free Synchronization Based on Dual-chirp Waveforms for Photonic THz-ISAC > I. INTRODUCTION,35,35,Data rate/throughput is reported.,"<span id=""page-1-0""></span>Meanwhile, the single-carrier integrated waveform family is a potential candidate because of the highly directional antennas and limited multi-path effect for MMW and THz",
O_ISAC_300,2024,Hybrid,Indoor,B,28000000000.0,Hz,OTHER,eq,Preamble-Free Synchronization Based on Dual-chirp Waveforms for Photonic THz-ISAC > I. INTRODUCTION,35,35,Bandwidth is reported.,"<span id=""page-1-0""></span>Meanwhile, the single-carrier integrated waveform family is a potential candidate because of the highly directional antennas and limited multi-path effect for MMW and THz",
O_ISAC_300,2024,Hybrid,Indoor,R,20000000000.0,bps,OTHER,text,Preamble-Free Synchronization Based on Dual-chirp Waveforms for Photonic THz-ISAC > I. INTRODUCTION,37,37,Data rate/throughput is reported.,"Regarding the LFM-based ISAC system, accurate signal synchronization at the communication receiver is required to compensate for the LFM carrier mismatch [11], [27]. Among the",
O_ISAC_300,2024,Hybrid,Indoor,B,11800000000.0,Hz,OTHER,figure,Preamble-Free Synchronization Based on Dual-chirp Waveforms for Photonic THz-ISAC > A. Photonic THz-ISAC Transceiver Architecture,172,172,Bandwidth is reported.,"antenna, where a pair of lenses are employed for the THz beam collimation to reduce the propagation loss. At the reception side, driven by a",
O_ISAC_300,2024,Hybrid,Indoor,B,10000000000.0,Hz,OTHER,figure,Preamble-Free Synchronization Based on Dual-chirp Waveforms for Photonic THz-ISAC > *B. Digital Signal Processing (DSP) Routine*,176,176,Bandwidth is reported.,"The digital signal processing routine is shown in the inset of Fig. 5. At the transmitter, a pseudo-random bit sequence (PRBS) with a length of",
O_ISAC_300,2024,Hybrid,Indoor,R,20000000000.0,bps,OTHER,figure,IV. EXPERIMENTAL RESULTS AND DISCUSSIONS > *C. Communication Performance of the Dual-Chirp-Based Integrated Waveform*,212,212,Data rate/throughput is reported.,"To evaluate the communication performance of the dualchirp-based integrated waveform, we concentrate on the impacts of the dual-chirp removal module. Fig. 10 illustrates the error",
O_ISAC_300,2024,Hybrid,Indoor,R,20000000000.0,bps,OTHER,table,IV. EXPERIMENTAL RESULTS AND DISCUSSIONS > *D. Sensing Performance of the Dual-Chirp-Based Integrated Waveform and Performance Trade-off*,274,274,Data rate/throughput is reported.,"Table I lists several recent demonstrations of representative photonics-based ISAC systems regarding the waveform design method, operation frequency, data rate, modulation format, PSLR, and range",
O_ISAC_300,2024,Hybrid,Indoor,R,20000000000.0,bps,OTHER,table,V. CONCLUSION,278,278,Data rate/throughput is reported.,"We experimentally demonstrate a preamble-free photonic THz-ISAC system based on a dual-chirp waveform at 300 GHz, achieving a fairly high PSLR performance and data rate",
O_ISAC_300,2024,Hybrid,Indoor,OSNR,,dB,OTHER,text,V. CONCLUSION > REFERENCES,315,315,Optical SNR (OSNR) is mentioned.,"- [33] W. Wang, A. Yang, P. Guo, Y. Lu, and Y. Qiao, ""Joint OSNR and interchannel nonlinearity estimation method based on fractional Fourier transform,""",
O_ISAC_300,2024,Hybrid,Indoor,R,25000000000.0,bps,OTHER,text,V. CONCLUSION > REFERENCES,317,317,Data rate/throughput is reported.,"- [35] X. Pang et al., ""25 Gbit/s QPSK hybrid fiber-wireless transmission in the W-band (75–110 GHz) with remote antenna unit for in-building wireless networks,""",
O_ISAC_301,2024,Hybrid,Indoor,R,68599999999.99999,bps,OTHER,text,Demonstration of radar-aided flexible communication in a photonics-based W-band distributed integrated sensing and communication system for 6G,9,9,Data rate/throughput is reported.,"This paper experimentally demonstrates a distributed photonics-based W-band integrated sensing and communication (ISAC) system, in which radar sensing can aid the communication links in alignment",
O_ISAC_301,2024,Hybrid,Indoor,R,41480000000.0,bps,OTHER,figure,Demonstration of radar-aided flexible communication in a photonics-based W-band distributed integrated sensing and communication system for 6G > 1. Introduction,19,19,Data rate/throughput is reported.,"In the previous work, we have demonstrated a flexible photonics-based ISAC system and reached a data rate of 41.48 Gbit/s with a sensing resolution better",
O_ISAC_301,2024,Hybrid,Indoor,B,15000000000.0,Hz,OTHER,figure,Demonstration of radar-aided flexible communication in a photonics-based W-band distributed integrated sensing and communication system for 6G > 3. Experimental Setup,87,87,Bandwidth is reported.,"We experimentally demonstrated the proposed photonics-based ISAC system, as illustrated in Fig. 2. The communication and radar signals are generated in the CO. The bandwidth",
O_ISAC_301,2024,Hybrid,Indoor,B,100000000000.0,Hz,OTHER,text,Demonstration of radar-aided flexible communication in a photonics-based W-band distributed integrated sensing and communication system for 6G > 3. Experimental Setup,89,89,Bandwidth is reported.,"CO and the RRU is 10 km, which is a typical length in the demonstrating scenario. Passing the second circulator at the RRU, the signal",
O_ISAC_301,2024,Hybrid,Indoor,B,10000000000.0,Hz,OTHER,text,Demonstration of radar-aided flexible communication in a photonics-based W-band distributed integrated sensing and communication system for 6G > 3. Experimental Setup,91,91,Bandwidth is reported.,The radar sensing signal is reflected by the UE and collected by a second horn antenna at the RRU. The distance between the transmitting antenna,
O_ISAC_301,2024,Hybrid,Indoor,R,68599999999.99999,bps,OTHER,figure,4. Experimental Results and Discussion,101,101,Data rate/throughput is reported.,"A receiver located at 1.15 m is taken as the reference for the NDR estimation, where the baseline performance of the communication link is investigated.",
O_ISAC_301,2024,Hybrid,Indoor,R,1460000000.0,bps,OTHER,figure,4. Experimental Results and Discussion,137,137,Data rate/throughput is reported.,Figure 8 further investigates the gap between the NDR estimated and the one practically tested. It can be noticed that the NGMI values with the,
O_ISAC_301,2024,Hybrid,Indoor,R,68650000000.00001,bps,OTHER,text,"<span id=""page-5-0""></span>5. Conclusion",153,153,Data rate/throughput is reported.,"In conclusion, we have demonstrated an ISAC system working with a W-band MMW for 6G access, which is photonics-based, distributed in sensing, and flexible in",
O_ISAC_301,2024,Hybrid,Indoor,R,200000000000.0,bps,OTHER,text,Acknowledgements > References,165,165,Data rate/throughput is reported.,"- 4. K. Wang, L. Zhao, and J. Yu, ""200 Gbit/s photonics-aided MMW PS-OFDM signals transmission at W-Band enabled by hybrid time-frequency domain equalization,"" [J.",
O_ISAC_303,2024,VLC,Indoor,R,400000000.0,bps,OTHER,text,Keywords: Visible light communication Visible light sensing Integrated sensing and communication > Introduction > An overview of visible light communication,90,90,Data rate/throughput is reported.,"VLC refers to communication by modulated light waves, ranging from 380 nm to 750 nm wavelengths, to carry information [14]. VLC can date back to",
O_ISAC_303,2024,VLC,Indoor,B,5000000.0,Hz,OTHER,text,Keywords: Visible light communication Visible light sensing Integrated sensing and communication > Introduction > Transmitter design,179,179,Bandwidth is reported.,| Bandwidth | 3–5 MHz | 10–20 MHz | ≥300 MHz | ≤1 MHz |,
O_ISAC_303,2024,VLC,Indoor,R,13600000.0,bps,OTHER,text,Keywords: Visible light communication Visible light sensing Integrated sensing and communication > *Network architecture*,202,202,Data rate/throughput is reported.,"*Orthogonal Frequency Division Multiple Access (OFDMA).* OFDMA is an extension of OFDM modulation in the physical layer. Similar to OFDM, OFDMA uses multiple sub-carriers for",
O_ISAC_303,2024,VLC,Indoor,CRB,112,m,OTHER,text,"Keywords: Visible light communication Visible light sensing Integrated sensing and communication > *Integration of communication and sensing* > *Integration of lighting, sensing, and communication*",268,268,CRB/FIM is referenced.,Ma et al. proposed a system model for integrated visible light positioning and communication (VLPC) [\[112\]](#page-17-0). The model contains one LED lamp and a mobile,
O_ISAC_303,2024,VLC,Indoor,R,2000000.0,bps,OTHER,text,Keywords: Visible light communication Visible light sensing Integrated sensing and communication > *Hybrid VLC-RF system*,300,300,Data rate/throughput is reported.,| [80] | √ | √ | | | 2 Mbps(t) | | | | |,
O_ISAC_303,2024,VLC,Indoor,R,2500.0,bps,OTHER,text,Keywords: Visible light communication Visible light sensing Integrated sensing and communication > *Hybrid VLC-RF system*,301,301,Data rate/throughput is reported.,| [84] | √ | √ | | 10− 4 (p) | 2.5 Kbps(g) | | | | √ |,
O_ISAC_303,2024,VLC,Indoor,R,207980000.0,bps,OTHER,text,Keywords: Visible light communication Visible light sensing Integrated sensing and communication > *Hybrid VLC-RF system*,302,302,Data rate/throughput is reported.,| [86] | √ | √ | | | 207.98 Mbps(d) | | | | |,
O_ISAC_303,2024,VLC,Indoor,R,40000000.0,bps,OTHER,text,Keywords: Visible light communication Visible light sensing Integrated sensing and communication > *Hybrid VLC-RF system*,303,303,Data rate/throughput is reported.,| [82] | √ | √ | | ≤ 10− 3(b) | 40Mbps(t) | | | | |,
O_ISAC_303,2024,VLC,Indoor,sigma_r,0.0446,m,OTHER,text,Keywords: Visible light communication Visible light sensing Integrated sensing and communication > *Hybrid VLC-RF system*,307,307,Estimator accuracy/RMSE is reported.,| [102] | | √ | √ | | | | 4.46 cm (RMSE) | | √ |,
O_ISAC_303,2024,VLC,Indoor,R,1000.0,bps,OTHER,text,Keywords: Visible light communication Visible light sensing Integrated sensing and communication > *Hybrid VLC-RF system*,309,309,Data rate/throughput is reported.,| [107]<br>[95] | | √<br>√ | √<br>√ | | 1 Kbps<br>1 Kbps uplink (d) | 20 dB | | | √<br>√ |,
O_ISAC_303,2024,VLC,Indoor,R,150000.0,bps,OTHER,text,Keywords: Visible light communication Visible light sensing Integrated sensing and communication > *Hybrid VLC-RF system*,317,317,Data rate/throughput is reported.,| [115] | √ | √ | √ | | 150 Kbps (t) | | | | √ |,
O_ISAC_303,2024,VLC,Indoor,R,45250000.0,bps,OTHER,text,Keywords: Visible light communication Visible light sensing Integrated sensing and communication > *Hybrid VLC-RF system*,320,320,Data rate/throughput is reported.,| [123] | √ | √ | √ | | 45.25 Mbps(d) | | 0.18 m | | √ |,
O_ISAC_303,2024,VLC,Indoor,R,48000000.0,bps,OTHER,text,Keywords: Visible light communication Visible light sensing Integrated sensing and communication > *Hybrid VLC-RF system*,337,337,Data rate/throughput is reported.,| [126] | PLC | 48 Mb/s | | | √ |,
O_ISAC_303,2024,VLC,Indoor,R,5000000.0,bps,OTHER,text,Keywords: Visible light communication Visible light sensing Integrated sensing and communication > *Hybrid VLC-RF system*,338,338,Data rate/throughput is reported.,| [138] | PLC | 5 Mb/s | | | √ |,
O_ISAC_303,2024,VLC,Indoor,R,3750000000.0,bps,OTHER,text,Keywords: Visible light communication Visible light sensing Integrated sensing and communication > *Hybrid VLC-RF system*,340,340,Data rate/throughput is reported.,| [128] | IR | 3.75 Gb/s | | | |,
O_ISAC_303,2024,VLC,Indoor,R,361151500.0,bps,OTHER,text,Keywords: Visible light communication Visible light sensing Integrated sensing and communication > *Hybrid VLC-RF system*,342,342,Data rate/throughput is reported.,| [152] | UVA | 361.1515 Mb/s | | | |,
O_ISAC_303,2024,VLC,Indoor,R,5000.0,bps,OTHER,text,Keywords: Visible light communication Visible light sensing Integrated sensing and communication > *Blockage of light*,442,442,Data rate/throughput is reported.,"*Applying the NLOS channel*. In-depth studies on the NLOS channel of VLC have been done for decades. In [188–[190\],](#page-18-0) the NLOS channel and propagation are",
O_ISAC_303,2024,VLC,Indoor,B,1300000000.0,Hz,OTHER,text,Keywords: Visible light communication Visible light sensing Integrated sensing and communication > **Declaration of Competing Interest** > **References**,586,586,Bandwidth is reported.,"- [55] [L. Wang, Z. Wei, C.-J. Chen, L. Wang, H. Fu, L. Zhang, K.-C. Chen, M.-C. Wu,](http://refhub.elsevier.com/S1051-2004(23)00435-9/sbref0055) [Y. Dong, Z. Hao, 1.3GHz EO bandwidth",
O_ISAC_303,2024,VLC,Indoor,R,51600000.0,bps,OTHER,text,Keywords: Visible light communication Visible light sensing Integrated sensing and communication > **Declaration of Competing Interest** > **References**,590,590,Data rate/throughput is reported.,"- [59] [H. Chen, Z. Xu, Q. Gao, S. Li, A 51.6 Mb/s experimental VLC system using a](http://refhub.elsevier.com/S1051-2004(23)00435-9/sbref0059) [monochromic organic LED, IEEE Photonics J. \(2017\)",
O_ISAC_304,2024,Hybrid,Unknown,B,24000000000.0,Hz,OTHER,text,Photonic joint radar and communication system using a chirp-polarity coded LFM waveform > ABSTRACT,23,23,Bandwidth is reported.,"A photonic joint radar and communication system using a frequency improved, bandwidth doubled, chirppolarity coded linear frequency modulation (LFM) waveform is proposed and demonstrated. In",
O_ISAC_304,2024,Hybrid,Unknown,B,12000000000.0,Hz,OTHER,figure,**1. Introduction** > 3. Simulation results and discussion,140,140,Bandwidth is reported.,"A simulation is performed to verify the proposed scheme. First, the signal generator is demonstrated. The laser source has a central frequency of 193.1 THz",
O_ISAC_304,2024,Hybrid,Unknown,B,50000000000.0,Hz,OTHER,figure,**1. Introduction** > 3. Simulation results and discussion,142,142,Bandwidth is reported.,The OF in the generator has a central frequency of 193.124 THz and a bandwidth of 50 GHz. Fig. 7 shows the output spectra of,
O_ISAC_304,2024,Hybrid,Unknown,B,24000000000.0,Hz,OTHER,figure,**1. Introduction** > 3. Simulation results and discussion,154,154,Bandwidth is reported.,"Then, the bit sequence put into the PolM is set as ""1011011001"". After the PD, an EBPF with central frequency of 24 GHz and bandwidth",
O_ISAC_304,2024,Hybrid,Unknown,B,10000000000.0,Hz,OTHER,figure,**1. Introduction** > 3. Simulation results and discussion,156,156,Bandwidth is reported.,The generated chirp-polarity coded LFM signal is used to achieve radar function. The radar detection subsystem is constructed as shown in Fig. 4. OF2 has,
O_ISAC_304,2024,Hybrid,Unknown,B,3000000000.0,Hz,OTHER,figure,**1. Introduction** > 3. Simulation results and discussion,172,172,Bandwidth is reported.,"Finally, the communication function is verified. The communication demodulation subsystem is constructed as shown in [Fig. 4](#page-2-0). In this study, TD2 is adjusted to 0.75",
O_ISAC_304,2024,Hybrid,Unknown,B,8000000000.0,Hz,OTHER,figure,**1. Introduction** > 3. Simulation results and discussion,174,174,Bandwidth is reported.,"It should be noted that, the demodulated output of bit ""0"" is a broad baseband signal, as shown in equation [\(12\)](#page-3-0). The amplitude of demodulated",
O_ISAC_304,2024,Hybrid,Unknown,B,24000000000.0,Hz,OTHER,text,**1. Introduction** > 3. Simulation results and discussion > **4. Conclusion**,198,198,Bandwidth is reported.,"A photonic JRC system using shared waveform was proposed and investigated. A LFM signal was frequency improved, bandwidth expanded, chirp-polarity coded and then employed to",
O_ISAC_310,2024,Hybrid,Indoor,R,18448000000.0,bps,OTHER,text,Simulation of Constant-envelope THz Integrated Sensing and Communication System based on Photonics with 2D Positioning,7,7,Data rate/throughput is reported.,Abstract—The terahertz (THz) band combined with microwave photonics (MWP) offers a promising solution for achieving ultra-high data rates and radar resolution in integrated sensing and,
O_ISAC_310,2024,Hybrid,Indoor,R,1000000000.0,bps,OTHER,text,Simulation of Constant-envelope THz Integrated Sensing and Communication System based on Photonics with 2D Positioning > I. INTRODUCTION,15,15,Data rate/throughput is reported.,Designing an ISAC waveform through shared signal resources is crucial for achieving high performance in THz ISAC systems. This can be accomplished through strategies such,
O_ISAC_310,2024,Hybrid,Indoor,R,38100000000.0,bps,OTHER,text,Simulation of Constant-envelope THz Integrated Sensing and Communication System based on Photonics with 2D Positioning > I. INTRODUCTION,17,17,Data rate/throughput is reported.,high communication rates up to 18/38.1 Gbit/s and radar resolutions of 2.14/1.58 cm.,
O_ISAC_310,2024,Hybrid,Indoor,R,16000000000.0,bps,OTHER,text,Simulation of Constant-envelope THz Integrated Sensing and Communication System based on Photonics with 2D Positioning > I. INTRODUCTION,19,19,Data rate/throughput is reported.,"The fully unified ISAC waveform design focuses on the development a highly integrated ISAC signal, and OFDM signal plays a vital role in ISAC systems.",
O_ISAC_310,2024,Hybrid,Indoor,sigma_r,0.048,m,OTHER,text,Simulation of Constant-envelope THz Integrated Sensing and Communication System based on Photonics with 2D Positioning > I. INTRODUCTION,19,19,Estimator accuracy/RMSE is reported.,"The fully unified ISAC waveform design focuses on the development a highly integrated ISAC signal, and OFDM signal plays a vital role in ISAC systems.",
O_ISAC_310,2024,Hybrid,Indoor,R,18448000000.0,bps,OTHER,text,Simulation of Constant-envelope THz Integrated Sensing and Communication System based on Photonics with 2D Positioning > I. INTRODUCTION,21,21,Data rate/throughput is reported.,"In this paper, we propose and simulate a photonics CE THz ISAC system for 2D positioning. Drawing inspiration from [10], the ISAC signal is constructed",
O_ISAC_310,2024,Hybrid,Indoor,B,7000000000.0,Hz,OTHER,figure,Simulation of Constant-envelope THz Integrated Sensing and Communication System based on Photonics with 2D Positioning > B. 2D Positioning Scenario Setup > III. SIMULATION RESULTS,101,101,Bandwidth is reported.,The simulation was performed based on the setup shown in Fig. 1. The IF ISAC signal is generated using the parameters summarized in Table I.,
O_ISAC_310,2024,Hybrid,Indoor,B,5000000000.0,Hz,OTHER,figure,Simulation of Constant-envelope THz Integrated Sensing and Communication System based on Photonics with 2D Positioning > B. 2D Positioning Scenario Setup > III. SIMULATION RESULTS,103,103,Bandwidth is reported.,"resulting in the generation of the LFM-QPSK sub-bands. In the simulation, an AWG with a sampling rate of 320 GSa/s is used to drive DPMZM",
O_ISAC_310,2024,Hybrid,Indoor,B,2000000000.0,Hz,OTHER,text,Simulation of Constant-envelope THz Integrated Sensing and Communication System based on Photonics with 2D Positioning > B. 2D Positioning Scenario Setup > III. SIMULATION RESULTS,112,112,Bandwidth is reported.,| | Instantaneous bandwidth | 2 GHz |,
O_ISAC_310,2024,Hybrid,Indoor,B,1250000000.0,Hz,OTHER,text,Simulation of Constant-envelope THz Integrated Sensing and Communication System based on Photonics with 2D Positioning > B. 2D Positioning Scenario Setup > III. SIMULATION RESULTS,114,114,Bandwidth is reported.,| QPSK | Instantaneous bandwidth | 1.25 GHz |,
O_ISAC_310,2024,Hybrid,Indoor,B,5000000000.0,Hz,OTHER,text,Simulation of Constant-envelope THz Integrated Sensing and Communication System based on Photonics with 2D Positioning > B. 2D Positioning Scenario Setup > III. SIMULATION RESULTS,116,116,Bandwidth is reported.,| | Bandwidth | 5 GHz |,
O_ISAC_310,2024,Hybrid,Indoor,R,15000000000.0,bps,OTHER,text,A. Demonstration of Communication Function,127,127,Data rate/throughput is reported.,"Initially, the communication performance is demonstrated by collecting ISAC signal and then amplified by LNA1. The 130 GHz LO1 signal generated by the 12-fold of",
O_ISAC_310,2024,Hybrid,Indoor,B,130000000000.0,Hz,OTHER,text,A. Demonstration of Communication Function,127,127,Bandwidth is reported.,"Initially, the communication performance is demonstrated by collecting ISAC signal and then amplified by LNA1. The 130 GHz LO1 signal generated by the 12-fold of",
O_ISAC_310,2024,Hybrid,Indoor,B,5000000000.0,Hz,OTHER,figure,A. Demonstration of Communication Function,129,129,Bandwidth is reported.,"To explore the effect of PMI on communication performance, the BER of the 64QAM CE-OFDM signal with a fixed 5 GHz bandwidth is measured by",
O_ISAC_310,2024,Hybrid,Indoor,B,10000000000.0,Hz,OTHER,figure,A. Demonstration of Communication Function > *B. Radar Function Demonstration*,141,141,Bandwidth is reported.,"As shown in Fig. 5, the equivalent bandwidth is 10 GHz after synthesizing the two LFM sub-bands using CFP, resulting in a 3 dB bandwidth",
O_ISAC_310,2024,Hybrid,Indoor,R,18448000000.0,bps,OTHER,text,IV. CONCLUSION,167,167,Data rate/throughput is reported.,"In conclusion, a photonics CE THz ISAC system with 2D positioning function is proposed. Operating in the 10 GHz bandwidth around 132 GHz, the proposed",
O_ISAC_310,2024,Hybrid,Indoor,B,10000000000.0,Hz,OTHER,text,IV. CONCLUSION,167,167,Bandwidth is reported.,"In conclusion, a photonics CE THz ISAC system with 2D positioning function is proposed. Operating in the 10 GHz bandwidth around 132 GHz, the proposed",
O_ISAC_324,2024,Hybrid,Unknown,Δz,0.2,m,DZ,text,**RESEARCH ARTICLE**,1,11,Fiber spatial granularity/gauge length is reported.,"# **RESEARCH ARTICLE** # **Integrated Distributed Sensing and Quantum Communication Networks** **Yuehan Xu1 , Tao Wang1,2,3\* , Peng Huang1,2,3 , and Guihua Zeng1,2,3\*** State Key",
O_ISAC_324,2024,Hybrid,Unknown,Δz,0.2,m,DZ,text,**RESEARCH ARTICLE**,1,12,Fiber spatial granularity/gauge length is reported.,"# **RESEARCH ARTICLE** # **Integrated Distributed Sensing and Quantum Communication Networks** **Yuehan Xu1 , Tao Wang1,2,3\* , Peng Huang1,2,3 , and Guihua Zeng1,2,3\*** State Key",
O_ISAC_324,2024,Hybrid,Unknown,Δz,0.2,m,DZ,text,**RESEARCH ARTICLE**,1,13,Fiber spatial granularity/gauge length is reported.,"# **RESEARCH ARTICLE** # **Integrated Distributed Sensing and Quantum Communication Networks** **Yuehan Xu1 , Tao Wang1,2,3\* , Peng Huang1,2,3 , and Guihua Zeng1,2,3\*** State Key",
O_ISAC_324,2024,Hybrid,Unknown,Δz,0.2,m,DZ,text,**RESEARCH ARTICLE**,1,14,Fiber spatial granularity/gauge length is reported.,"# **RESEARCH ARTICLE** # **Integrated Distributed Sensing and Quantum Communication Networks** **Yuehan Xu1 , Tao Wang1,2,3\* , Peng Huang1,2,3 , and Guihua Zeng1,2,3\*** State Key",
O_ISAC_324,2024,Hybrid,Unknown,Δz,0.2,m,DZ,text,**RESEARCH ARTICLE**,1,15,Fiber spatial granularity/gauge length is reported.,"# **RESEARCH ARTICLE** # **Integrated Distributed Sensing and Quantum Communication Networks** **Yuehan Xu1 , Tao Wang1,2,3\* , Peng Huang1,2,3 , and Guihua Zeng1,2,3\*** State Key",
O_ISAC_324,2024,Hybrid,Unknown,Δz,0.2,m,DZ,text,**RESEARCH ARTICLE**,1,16,Fiber spatial granularity/gauge length is reported.,"# **RESEARCH ARTICLE** # **Integrated Distributed Sensing and Quantum Communication Networks** **Yuehan Xu1 , Tao Wang1,2,3\* , Peng Huang1,2,3 , and Guihua Zeng1,2,3\*** State Key",
O_ISAC_324,2024,Hybrid,Unknown,Δz,0.2,m,DZ,text,**RESEARCH ARTICLE**,1,17,Fiber spatial granularity/gauge length is reported.,"# **RESEARCH ARTICLE** # **Integrated Distributed Sensing and Quantum Communication Networks** **Yuehan Xu1 , Tao Wang1,2,3\* , Peng Huang1,2,3 , and Guihua Zeng1,2,3\*** State Key",
O_ISAC_324,2024,Hybrid,Unknown,Δz,0.2,m,DZ,text,**RESEARCH ARTICLE**,2,18,Fiber spatial granularity/gauge length is reported.,"# **Integrated Distributed Sensing and Quantum Communication Networks** **Yuehan Xu1 , Tao Wang1,2,3\* , Peng Huang1,2,3 , and Guihua Zeng1,2,3\*** State Key Laboratory of Advanced",
O_ISAC_324,2024,Hybrid,Unknown,Δz,0.2,m,DZ,text,**Integrated Distributed Sensing and Quantum Communication Networks**,3,19,Fiber spatial granularity/gauge length is reported.,"# **Integrated Distributed Sensing and Quantum Communication Networks** **Yuehan Xu1 , Tao Wang1,2,3\* , Peng Huang1,2,3 , and Guihua Zeng1,2,3\*** State Key Laboratory of Advanced",
O_ISAC_324,2024,Hybrid,Unknown,B,1.0,Hz,OTHER,text,**Integrated Distributed Sensing and Quantum Communication Networks**,11,11,Bandwidth is reported.,"The integration of sensing and communication can achieve ubiquitous sensing while enabling ubiquitous communication. Within the gradually improving global communication, the integrated sensing and communication",
O_ISAC_324,2024,Hybrid,Unknown,Δz,0.2,m,DZ,text,**Integrated Distributed Sensing and Quantum Communication Networks**,4,20,Fiber spatial granularity/gauge length is reported.,"**Yuehan Xu1 , Tao Wang1,2,3\* , Peng Huang1,2,3 , and Guihua Zeng1,2,3\*** State Key Laboratory of Advanced Optical Communication Systems and Networks, Center of Quantum",
O_ISAC_324,2024,Hybrid,Unknown,Δz,0.2,m,DZ,text,**Integrated Distributed Sensing and Quantum Communication Networks**,5,21,Fiber spatial granularity/gauge length is reported.,"**Yuehan Xu1 , Tao Wang1,2,3\* , Peng Huang1,2,3 , and Guihua Zeng1,2,3\*** State Key Laboratory of Advanced Optical Communication Systems and Networks, Center of Quantum",
O_ISAC_324,2024,Hybrid,Unknown,Δz,0.2,m,DZ,text,**Integrated Distributed Sensing and Quantum Communication Networks**,6,22,Fiber spatial granularity/gauge length is reported.,"State Key Laboratory of Advanced Optical Communication Systems and Networks, Center of Quantum Sensing and Information Processing, Shanghai Jiao Tong University, Shanghai 200240, China. 2",
O_ISAC_324,2024,Hybrid,Unknown,Δz,0.2,m,DZ,text,**Integrated Distributed Sensing and Quantum Communication Networks**,7,23,Fiber spatial granularity/gauge length is reported.,"State Key Laboratory of Advanced Optical Communication Systems and Networks, Center of Quantum Sensing and Information Processing, Shanghai Jiao Tong University, Shanghai 200240, China. 2",
O_ISAC_324,2024,Hybrid,Unknown,Δz,0.2,m,DZ,text,**Integrated Distributed Sensing and Quantum Communication Networks**,8,24,Fiber spatial granularity/gauge length is reported.,\*Address correspondence to: [tonystar@sjtu.edu.cn](mailto:tonystar@sjtu.edu.cn) (T.W.); [ghzeng@sjtu.edu.cn](mailto:ghzeng@sjtu.edu.cn) (G.Z.) The integration of sensing and communication can achieve ubiquitous sensing while enabling ubiquitous communication. Within the gradually improving,
O_ISAC_324,2024,Hybrid,Unknown,Δz,0.2,m,DZ,text,**Integrated Distributed Sensing and Quantum Communication Networks**,9,25,Fiber spatial granularity/gauge length is reported.,\*Address correspondence to: [tonystar@sjtu.edu.cn](mailto:tonystar@sjtu.edu.cn) (T.W.); [ghzeng@sjtu.edu.cn](mailto:ghzeng@sjtu.edu.cn) (G.Z.) The integration of sensing and communication can achieve ubiquitous sensing while enabling ubiquitous communication. Within the gradually improving,
O_ISAC_324,2024,Hybrid,Unknown,Δz,0.2,m,DZ,text,**Integrated Distributed Sensing and Quantum Communication Networks**,10,26,Fiber spatial granularity/gauge length is reported.,"The integration of sensing and communication can achieve ubiquitous sensing while enabling ubiquitous communication. Within the gradually improving global communication, the integrated sensing and communication",
O_ISAC_324,2024,Hybrid,Unknown,Δz,0.2,m,DZ,text,**Integrated Distributed Sensing and Quantum Communication Networks**,11,27,Fiber spatial granularity/gauge length is reported.,"The integration of sensing and communication can achieve ubiquitous sensing while enabling ubiquitous communication. Within the gradually improving global communication, the integrated sensing and communication",
O_ISAC_324,2024,Hybrid,Unknown,Δz,0.8,m,DZ,text,**Integrated Distributed Sensing and Quantum Communication Networks**,12,28,Fiber spatial granularity/gauge length is reported.,"**Citation:** Xu Y, Wang T, Huang P, Zeng G. Integrated Distributed Sensing and Quantum Communication Networks. *Research* 2024;7:Article 0416. [https://doi.](https://doi.org/10.34133/research.0416) [org/10.34133/research.0416](https://doi.org/10.34133/research.0416) Submitted 2 April 2024",
O_ISAC_324,2024,Hybrid,Unknown,Δz,0.8,m,DZ,text,**Integrated Distributed Sensing and Quantum Communication Networks**,13,29,Fiber spatial granularity/gauge length is reported.,"**Citation:** Xu Y, Wang T, Huang P, Zeng G. Integrated Distributed Sensing and Quantum Communication Networks. *Research* 2024;7:Article 0416. [https://doi.](https://doi.org/10.34133/research.0416) [org/10.34133/research.0416](https://doi.org/10.34133/research.0416) Submitted 2 April 2024",
O_ISAC_324,2024,Hybrid,Unknown,Δz,0.8,m,DZ,text,**Integrated Distributed Sensing and Quantum Communication Networks**,14,30,Fiber spatial granularity/gauge length is reported.,Submitted 2 April 2024 Accepted 28 May 2024 Published 5 August 2024 Copyright © 2024 Yuehan Xu et al. Exclusive licensee Science and Technology Review,
O_ISAC_324,2024,Hybrid,Unknown,Δz,0.8,m,DZ,text,**Integrated Distributed Sensing and Quantum Communication Networks**,15,31,Fiber spatial granularity/gauge length is reported.,Submitted 2 April 2024 Accepted 28 May 2024 Published 5 August 2024 Copyright © 2024 Yuehan Xu et al. Exclusive licensee Science and Technology Review,
O_ISAC_324,2024,Hybrid,Unknown,Δz,0.8,m,DZ,text,**Integrated Distributed Sensing and Quantum Communication Networks**,16,32,Fiber spatial granularity/gauge length is reported.,Copyright © 2024 Yuehan Xu et al. Exclusive licensee Science and Technology Review Publishing House. No claim to original U.S. Government Works. Distributed under a,
O_ISAC_324,2024,Hybrid,Unknown,Δz,0.8,m,DZ,text,**Integrated Distributed Sensing and Quantum Communication Networks**,17,33,Fiber spatial granularity/gauge length is reported.,Copyright © 2024 Yuehan Xu et al. Exclusive licensee Science and Technology Review Publishing House. No claim to original U.S. Government Works. Distributed under a,
O_ISAC_324,2024,Hybrid,Unknown,B,5000.0,Hz,OTHER,text,**Introduction**,25,25,Bandwidth is reported.,"In the practical implementation of QKD, optical signals are used as the carrier for transmitting secure key information. They are very sensitive to changes in",
O_ISAC_324,2024,Hybrid,Unknown,Δz,0.8,m,DZ,text,**Integrated Distributed Sensing and Quantum Communication Networks**,18,34,Fiber spatial granularity/gauge length is reported.,"# **Introduction** In recent years, various communication networks have been applied worldwide, creating an era of interconnected information. Due to the sensitivity of communication media",
O_ISAC_324,2024,Hybrid,Unknown,Δz,0.8,m,DZ,text,**Introduction**,19,35,Fiber spatial granularity/gauge length is reported.,"# **Introduction** In recent years, various communication networks have been applied worldwide, creating an era of interconnected information. Due to the sensitivity of communication media",
O_ISAC_324,2024,Hybrid,Unknown,Δz,0.8,m,DZ,text,**Introduction**,20,36,Fiber spatial granularity/gauge length is reported.,"In recent years, various communication networks have been applied worldwide, creating an era of interconnected information. Due to the sensitivity of communication media to environmental",
O_ISAC_324,2024,Hybrid,Unknown,Δz,0.8,m,DZ,text,**Introduction**,21,37,Fiber spatial granularity/gauge length is reported.,"In recent years, various communication networks have been applied worldwide, creating an era of interconnected information. Due to the sensitivity of communication media to environmental",
O_ISAC_324,2024,Hybrid,Unknown,B,1.0,Hz,OTHER,text,**Introduction**,29,29,Bandwidth is reported.,"In order to achieve signal sensing in multipoint QKD networks, we propose the time-frequency-multiplexing ISAQN. This scheme utilizes both quantum signals and pilot signals for",
O_ISAC_324,2024,Hybrid,Unknown,Δz,0.8,m,DZ,text,**Introduction**,22,38,Fiber spatial granularity/gauge length is reported.,"Quantum communication is one of the most concerned communication methods. Quantum key distribution (QKD) is the core technology of quantum communication, providing secure keys for",
O_ISAC_324,2024,Hybrid,Unknown,Δz,0.8,m,DZ,text,**Introduction**,23,39,Fiber spatial granularity/gauge length is reported.,"Quantum communication is one of the most concerned communication methods. Quantum key distribution (QKD) is the core technology of quantum communication, providing secure keys for",
O_ISAC_324,2024,Hybrid,Unknown,Δz,0.8,m,DZ,text,**Introduction**,24,40,Fiber spatial granularity/gauge length is reported.,"In the practical implementation of QKD, optical signals are used as the carrier for transmitting secure key information. They are very sensitive to changes in",
O_ISAC_324,2024,Hybrid,Unknown,Δz,0.8,m,DZ,text,**Introduction**,25,41,Fiber spatial granularity/gauge length is reported.,"In the practical implementation of QKD, optical signals are used as the carrier for transmitting secure key information. They are very sensitive to changes in",
O_ISAC_324,2024,Hybrid,Unknown,Δz,0.2,m,DZ,text,**Introduction**,26,42,Fiber spatial granularity/gauge length is reported.,"Recently, DOFS has been integrated into classical optical communication to enable both communication and sensing, thereby constructing an ISAC system [[60](#page-14-15)[–64\]](#page-14-16). Correspondingly, the integrated sensing",
O_ISAC_324,2024,Hybrid,Unknown,Δz,0.2,m,DZ,text,**Introduction**,27,43,Fiber spatial granularity/gauge length is reported.,"Recently, DOFS has been integrated into classical optical communication to enable both communication and sensing, thereby constructing an ISAC system [[60](#page-14-15)[–64\]](#page-14-16). Correspondingly, the integrated sensing",
O_ISAC_324,2024,Hybrid,Unknown,Δz,0.2,m,DZ,text,**Introduction**,28,44,Fiber spatial granularity/gauge length is reported.,"In order to achieve signal sensing in multipoint QKD networks, we propose the time-frequency-multiplexing ISAQN. This scheme utilizes both quantum signals and pilot signals for",
O_ISAC_324,2024,Hybrid,Unknown,Δz,0.2,m,DZ,text,**Introduction**,29,45,Fiber spatial granularity/gauge length is reported.,"In order to achieve signal sensing in multipoint QKD networks, we propose the time-frequency-multiplexing ISAQN. This scheme utilizes both quantum signals and pilot signals for",
O_ISAC_324,2024,Hybrid,Unknown,B,1.0,Hz,OTHER,figure,**Experiment result**,371,371,Bandwidth is reported.,"experiment. The red dots represent the detection precision obtained by averaging over a large amount of data, with the corresponding red error bars representing the",
O_ISAC_324,2024,Hybrid,Unknown,R,600000000000.0,bps,OTHER,text,**References**,500,500,Data rate/throughput is reported.,"- 62. Guerrier S, Benyahya K, Dorize C, Awwad E, Mardoyan H, Renaudier J. Vibration detection and localization in buried fiber cable after 80km of",
O_ISAC_327,2024,Hybrid,Indoor,R,15730000000.0,bps,OTHER,figure,"<span id=""page-0-2""></span>I. INTRODUCTION > <span id=""page-0-18""></span><span id=""page-0-17""></span>*B. Advantages of VLCs Over RF Communications*",43,43,Data rate/throughput is reported.,"microwaves, infrared (IR) radiation, visible light (VL), ultraviolet (UV) radiation, X-rays, and gamma rays. Among these, radio waves (below 3000 GHz) are commonly employed in",
O_ISAC_327,2024,Hybrid,Indoor,B,3000000000000.0,Hz,OTHER,figure,"<span id=""page-0-2""></span>I. INTRODUCTION > <span id=""page-0-18""></span><span id=""page-0-17""></span>*B. Advantages of VLCs Over RF Communications*",43,43,Bandwidth is reported.,"microwaves, infrared (IR) radiation, visible light (VL), ultraviolet (UV) radiation, X-rays, and gamma rays. Among these, radio waves (below 3000 GHz) are commonly employed in",
O_ISAC_327,2024,Hybrid,Indoor,R,250000000.0,bps,OTHER,figure,"<span id=""page-14-4""></span><span id=""page-14-0""></span>V. SPECIAL CHANNEL CHARACTERISTICS FOR VLC-IOE APPLICATIONS > D. Shot Noise and Light Sources Interference",623,623,Data rate/throughput is reported.,"To investigate the impact of noise model selection on analyzing the system performance, [\[149\]](#page-23-6) studies the SNR when choosing a different type of noise and",
O_ISAC_327,2024,Hybrid,Indoor,R,15730000000.0,bps,OTHER,eq,LIST OF ALL ABBREVIATIONS > REFERENCES,716,716,Data rate/throughput is reported.,"- <span id=""page-20-17""></span>[\[26\]](#page-1-4) R. Bian, I. Tavakkolnia, and H. Haas, ""15.73 Gb/s visible light communication with off-the-shelf LEDs,"" *J. Lightw. Technol.*, vol. 37, no. 10,",
O_ISAC_340,2026,Hybrid,Unknown,R,3000000000.0,bps,OTHER,text,I. INTRODUCTION,33,33,Data rate/throughput is reported.,"To realize these benefits, more advanced Cellular-V2X (C-V2X) networks<sup>2</sup> need to be developed, capable of receiving, transporting and processing huge amounts of data, generated from",
O_ISAC_340,2026,Hybrid,Unknown,R,100000000.0,bps,OTHER,text,A. Wide-Beam V2V OWC,57,57,Data rate/throughput is reported.,"At busy intersections, vehicles need to communicate directly with each other. V2V OWC may utilize the existing lighting technology, such as LED or laser-based systems,",
O_ISAC_340,2026,Hybrid,Unknown,R,100000000.0,bps,OTHER,figure,A. Wide-Beam V2V OWC,59,59,Data rate/throughput is reported.,"While V2V OWC builds on mature high-power LED technology, achieving high-datarate optical communications yet requires the support of high electro-optic modulation bandwidths. Though LED technology",
O_ISAC_340,2026,Hybrid,Unknown,R,10000000000.0,bps,OTHER,figure,B. Pencil-Beam V2I OWC,63,63,Data rate/throughput is reported.,"Apart from direct V2V communication, road-side data that shall be processed by the edge 6G infrastructure, necessitates effective V2I communications. Exchange of such kind of",
O_ISAC_340,2026,Hybrid,Unknown,R,100000000000.0,bps,OTHER,text,III. 6G-EWOC PROJECT GOALS AND OBJECTIVES,77,77,Data rate/throughput is reported.,"As a whole, 6G-EWOC project aims at the development of a high-speed 6G-V2X network that combines fiber-optic and wireless technologies, as well as AI to",
O_ISAC_340,2026,Hybrid,Unknown,R,50000000000.0,bps,OTHER,text,III. 6G-EWOC PROJECT GOALS AND OBJECTIVES,83,83,Data rate/throughput is reported.,data transmission at speeds of 50 Gb/s and 100 Gb/s per wavelength channel. The transmission will be carried out using dense wavelength division multiplexed (DWDM),
O_ISAC_340,2026,Hybrid,Unknown,R,100000000.0,bps,OTHER,text,VI. DEMOS,193,193,Data rate/throughput is reported.,- KPI O.1.1: V2V data rate of >100 Mb/s for short-range (>100 m) head/rear-lamp OWC channel,
O_ISAC_340,2026,Hybrid,Unknown,R,1000000000.0,bps,OTHER,text,VI. DEMOS,194,194,Data rate/throughput is reported.,- KPI O.1.2: User data rate of >1 Gb/s for long-range (>200 m) V2I OWC channel,
O_ISAC_340,2026,Hybrid,Unknown,R,1000000000.0,bps,OTHER,text,VI. DEMOS,200,200,Data rate/throughput is reported.,"- KPI O.2.2: Demo of a connected RaDAR, incl. simultaneously detection and communication capabilities for a range of <200 m and between 0.5 and 1",
O_ISAC_340,2026,Hybrid,Unknown,R,50000000000.0,bps,OTHER,text,VI. DEMOS,201,201,Data rate/throughput is reported.,- O3: PIC and ASIC for tunable transmitter and receiver concepts for fiber-based fronthaul supporting net data rates of 50 Gb/s and 100 Gb/s per,
O_ISAC_340,2026,Hybrid,Unknown,R,50000000000.0,bps,OTHER,text,VI. DEMOS,202,202,Data rate/throughput is reported.,- KPI O.3.1: Demo of 50 Gb/s PAM4 Quasi-Coherent ASIC with built-in dispersion compensation,
O_ISAC_340,2026,Hybrid,Unknown,R,100000000000.0,bps,OTHER,text,VI. DEMOS,203,203,Data rate/throughput is reported.,- KPI O.3.2: Demo of a 100 Gb/s PAM4 Quasi-Coherent ASIC with built-in dispersion compensation,
O_ISAC_340,2026,Hybrid,Unknown,R,10000000000.0,bps,OTHER,text,VII. CONCLUDING REMARKS > REFERENCES,234,234,Data rate/throughput is reported.,"- [2] B. Schrenk, G. de Valicourt, M. Omella, J.A. Lazaro, R. Brenot, and J. Prat, ""Direct 10 Gb/s Modulation of a Single-Section RSOA in",
O_ISAC_340,2026,Hybrid,Unknown,R,46400000000.0,bps,OTHER,text,VII. CONCLUDING REMARKS > REFERENCES,235,235,Data rate/throughput is reported.,"- [3] J. Hu et al., ""46.4 Gbps visible light communication system utilizing a compact tricolor laser transmitter,"" Opt. Expr., vol. 30, no. 3, pp.",
O_ISAC_347,2023,Fiber,Unknown,B,50.0,Hz,OTHER,figure,2 SYSTEM MODEL AND THE PRINCIPLE OF LDBP > 3 RESULTS AND DISCUSSION,144,144,Bandwidth is reported.,"In order to test the validity of the LDBP algorithm as presented in Figure. 2 on 4-PAM-LFM, we build a numerical simulation platform of the",
O_ISAC_347,2023,Fiber,Unknown,B,3000000000.0,Hz,OTHER,figure,2 SYSTEM MODEL AND THE PRINCIPLE OF LDBP > 3 RESULTS AND DISCUSSION,160,160,Bandwidth is reported.,"Figure 6: SNR versus the launch power of 4-PAM-LFM, when the initial frequency = 3 GHz, the bandwidth = 0.4 GHz.",
O_ISAC_347,2023,Fiber,Unknown,B,1000000000.0,Hz,OTHER,figure,2 SYSTEM MODEL AND THE PRINCIPLE OF LDBP > 3 RESULTS AND DISCUSSION,164,164,Bandwidth is reported.,The major difference between the ISAC waveform of 4-PAM-LFM and the conventional optical communication waveform is the use of an LFM optical carrier. The initial,
O_ISAC_347,2023,Fiber,Unknown,B,3000000000.0,Hz,OTHER,figure,2 SYSTEM MODEL AND THE PRINCIPLE OF LDBP > 3 RESULTS AND DISCUSSION,166,166,Bandwidth is reported.,"Finally, we examine the influence of the power injected in the fiber on the LDBP compensation results. The initial frequency of the LFM is set",
O_ISAC_347,2023,Fiber,Unknown,R,224000000000.0,bps,OTHER,eq,2 SYSTEM MODEL AND THE PRINCIPLE OF LDBP > REFERENCES,191,191,Data rate/throughput is reported.,"- <span id=""page-5-10""></span>[10] Behrens C, Makovejs S, Killey R I, et al. 2011. Pulse-shaping versus digital backpropagation in 224Gbit/s PDM-16QAM transmission. Optics express, 19, 14(June",
O_ISAC_348,2023,Hybrid,Unknown,Δz,4.0,m,DZ,text,,1,9,Fiber spatial granularity/gauge length is reported.,"ARTICLE Open Access # Integrated sensing and communication in an optical fibre Haijun He<sup>1</sup>, Lin Jiang<sup>1,2</sup>, Yan Pan<sup>1</sup>, Anlin Yi<sup>1</sup>, Xihua Zou₀¹, Wei Pan<sup>1</sup>, Alan",
O_ISAC_348,2023,Hybrid,Unknown,Δz,4.0,m,DZ,text,,1,10,Fiber spatial granularity/gauge length is reported.,"ARTICLE Open Access # Integrated sensing and communication in an optical fibre Haijun He<sup>1</sup>, Lin Jiang<sup>1,2</sup>, Yan Pan<sup>1</sup>, Anlin Yi<sup>1</sup>, Xihua Zou₀¹, Wei Pan<sup>1</sup>, Alan",
O_ISAC_348,2023,Hybrid,Unknown,Δz,4.0,m,DZ,text,,1,11,Fiber spatial granularity/gauge length is reported.,"ARTICLE Open Access # Integrated sensing and communication in an optical fibre Haijun He<sup>1</sup>, Lin Jiang<sup>1,2</sup>, Yan Pan<sup>1</sup>, Anlin Yi<sup>1</sup>, Xihua Zou₀¹, Wei Pan<sup>1</sup>, Alan",
O_ISAC_348,2023,Hybrid,Unknown,Δz,4.0,m,DZ,text,,1,12,Fiber spatial granularity/gauge length is reported.,"ARTICLE Open Access # Integrated sensing and communication in an optical fibre Haijun He<sup>1</sup>, Lin Jiang<sup>1,2</sup>, Yan Pan<sup>1</sup>, Anlin Yi<sup>1</sup>, Xihua Zou₀¹, Wei Pan<sup>1</sup>, Alan",
O_ISAC_348,2023,Hybrid,Unknown,Δz,4.0,m,DZ,text,,1,13,Fiber spatial granularity/gauge length is reported.,"ARTICLE Open Access # Integrated sensing and communication in an optical fibre Haijun He<sup>1</sup>, Lin Jiang<sup>1,2</sup>, Yan Pan<sup>1</sup>, Anlin Yi<sup>1</sup>, Xihua Zou₀¹, Wei Pan<sup>1</sup>, Alan",
O_ISAC_348,2023,Hybrid,Unknown,Δz,4.0,m,DZ,text,,1,14,Fiber spatial granularity/gauge length is reported.,"ARTICLE Open Access # Integrated sensing and communication in an optical fibre Haijun He<sup>1</sup>, Lin Jiang<sup>1,2</sup>, Yan Pan<sup>1</sup>, Anlin Yi<sup>1</sup>, Xihua Zou₀¹, Wei Pan<sup>1</sup>, Alan",
O_ISAC_348,2023,Hybrid,Unknown,Δz,4.0,m,DZ,text,,1,15,Fiber spatial granularity/gauge length is reported.,"ARTICLE Open Access # Integrated sensing and communication in an optical fibre Haijun He<sup>1</sup>, Lin Jiang<sup>1,2</sup>, Yan Pan<sup>1</sup>, Anlin Yi<sup>1</sup>, Xihua Zou₀¹, Wei Pan<sup>1</sup>, Alan",
O_ISAC_348,2023,Hybrid,Unknown,Δz,4.0,m,DZ,text,,1,16,Fiber spatial granularity/gauge length is reported.,"ARTICLE Open Access # Integrated sensing and communication in an optical fibre Haijun He<sup>1</sup>, Lin Jiang<sup>1,2</sup>, Yan Pan<sup>1</sup>, Anlin Yi<sup>1</sup>, Xihua Zou₀¹, Wei Pan<sup>1</sup>, Alan",
O_ISAC_348,2023,Hybrid,Unknown,Δz,4.0,m,DZ,text,,1,17,Fiber spatial granularity/gauge length is reported.,"ARTICLE Open Access # Integrated sensing and communication in an optical fibre Haijun He<sup>1</sup>, Lin Jiang<sup>1,2</sup>, Yan Pan<sup>1</sup>, Anlin Yi<sup>1</sup>, Xihua Zou₀¹, Wei Pan<sup>1</sup>, Alan",
O_ISAC_348,2023,Hybrid,Unknown,R,56000000000.0,bps,OTHER,text,Integrated sensing and communication in an optical fibre > **Abstract**,9,9,Data rate/throughput is reported.,"The integration of high-speed optical communication and distributed sensing could bring intelligent functionalities to ubiquitous optical fibre networks, such as urban structure imaging, ocean seismic",
O_ISAC_348,2023,Hybrid,Unknown,Δz,4.0,m,DZ,text,,2,18,Fiber spatial granularity/gauge length is reported.,"# Integrated sensing and communication in an optical fibre Haijun He<sup>1</sup>, Lin Jiang<sup>1,2</sup>, Yan Pan<sup>1</sup>, Anlin Yi<sup>1</sup>, Xihua Zou₀¹, Wei Pan<sup>1</sup>, Alan E. Willner₀³, Xinyu",
O_ISAC_348,2023,Hybrid,Unknown,Δz,4.0,m,DZ,text,Integrated sensing and communication in an optical fibre,3,19,Fiber spatial granularity/gauge length is reported.,"# Integrated sensing and communication in an optical fibre Haijun He<sup>1</sup>, Lin Jiang<sup>1,2</sup>, Yan Pan<sup>1</sup>, Anlin Yi<sup>1</sup>, Xihua Zou₀¹, Wei Pan<sup>1</sup>, Alan E. Willner₀³, Xinyu",
O_ISAC_348,2023,Hybrid,Unknown,Δz,4.0,m,DZ,text,Integrated sensing and communication in an optical fibre,4,20,Fiber spatial granularity/gauge length is reported.,"Haijun He<sup>1</sup>, Lin Jiang<sup>1,2</sup>, Yan Pan<sup>1</sup>, Anlin Yi<sup>1</sup>, Xihua Zou₀¹, Wei Pan<sup>1</sup>, Alan E. Willner₀³, Xinyu Fan₀⁴, Zuyuan He₀⁴ and Lianshan Yan<sup>1,2</sup>⊠ #### **Abstract** The",
O_ISAC_348,2023,Hybrid,Unknown,Δz,4.0,m,DZ,text,Integrated sensing and communication in an optical fibre,5,21,Fiber spatial granularity/gauge length is reported.,"Haijun He<sup>1</sup>, Lin Jiang<sup>1,2</sup>, Yan Pan<sup>1</sup>, Anlin Yi<sup>1</sup>, Xihua Zou₀¹, Wei Pan<sup>1</sup>, Alan E. Willner₀³, Xinyu Fan₀⁴, Zuyuan He₀⁴ and Lianshan Yan<sup>1,2</sup>⊠ #### **Abstract** The",
O_ISAC_348,2023,Hybrid,Unknown,Δz,4.0,m,DZ,text,Integrated sensing and communication in an optical fibre,6,22,Fiber spatial granularity/gauge length is reported.,"#### **Abstract** The integration of high-speed optical communication and distributed sensing could bring intelligent functionalities to ubiquitous optical fibre networks, such as urban structure imaging,",
O_ISAC_348,2023,Hybrid,Unknown,Δz,4.0,m,DZ,text,Integrated sensing and communication in an optical fibre > **Abstract**,7,23,Fiber spatial granularity/gauge length is reported.,"#### **Abstract** The integration of high-speed optical communication and distributed sensing could bring intelligent functionalities to ubiquitous optical fibre networks, such as urban structure imaging,",
O_ISAC_348,2023,Hybrid,Unknown,Δz,4.0,m,DZ,text,Integrated sensing and communication in an optical fibre > **Abstract**,8,24,Fiber spatial granularity/gauge length is reported.,"The integration of high-speed optical communication and distributed sensing could bring intelligent functionalities to ubiquitous optical fibre networks, such as urban structure imaging, ocean seismic",
O_ISAC_348,2023,Hybrid,Unknown,Δz,4.0,m,DZ,text,Integrated sensing and communication in an optical fibre > **Abstract**,9,25,Fiber spatial granularity/gauge length is reported.,"The integration of high-speed optical communication and distributed sensing could bring intelligent functionalities to ubiquitous optical fibre networks, such as urban structure imaging, ocean seismic",
O_ISAC_348,2023,Hybrid,Unknown,Δz,4.0,m,DZ,text,Integrated sensing and communication in an optical fibre > Introduction,17,33,Fiber spatial granularity/gauge length is reported.,"Correspondence: Lianshan Yan (Isyan@home.swjtu.edu.cn) <sup>2</sup>Peng Cheng Laboratory, 518052 Shenzhen, China Full list of author information is available at the end of the article © The",
O_ISAC_348,2023,Hybrid,Unknown,Δz,4.0,m,DZ,text,Integrated sensing and communication in an optical fibre > Introduction,18,34,Fiber spatial granularity/gauge length is reported.,"<sup>2</sup>Peng Cheng Laboratory, 518052 Shenzhen, China Full list of author information is available at the end of the article © The Author(s) 2023 Open Access",
O_ISAC_348,2023,Hybrid,Unknown,Δz,4.0,m,DZ,text,Integrated sensing and communication in an optical fibre > Introduction,19,35,Fiber spatial granularity/gauge length is reported.,"<sup>2</sup>Peng Cheng Laboratory, 518052 Shenzhen, China Full list of author information is available at the end of the article © The Author(s) 2023 Open Access",
O_ISAC_348,2023,Hybrid,Unknown,Δz,4.0,m,DZ,text,Integrated sensing and communication in an optical fibre > Introduction,20,36,Fiber spatial granularity/gauge length is reported.,"© The Author(s) 2023 Open Access This article is licensed under a Creative Commons Attribution 4.0 International License, which permits use, sharing, adaptation, distribution and",
O_ISAC_348,2023,Hybrid,Unknown,Δz,4.0,m,DZ,text,Integrated sensing and communication in an optical fibre > Introduction,21,37,Fiber spatial granularity/gauge length is reported.,"© The Author(s) 2023 Open Access This article is licensed under a Creative Commons Attribution 4.0 International License, which permits use, sharing, adaptation, distribution and",
O_ISAC_348,2023,Hybrid,Unknown,Δz,4.0,m,DZ,text,Integrated sensing and communication in an optical fibre > Introduction,22,38,Fiber spatial granularity/gauge length is reported.,"Open Access This article is licensed under a Creative Commons Attribution 4.0 International License, which permits use, sharing, adaptation, distribution and reproduction in any medium",
O_ISAC_348,2023,Hybrid,Unknown,Δz,4.0,m,DZ,text,Integrated sensing and communication in an optical fibre > Introduction,23,39,Fiber spatial granularity/gauge length is reported.,"Open Access This article is licensed under a Creative Commons Attribution 4.0 International License, which permits use, sharing, adaptation, distribution and reproduction in any medium",
O_ISAC_348,2023,Hybrid,Unknown,R,56000000000.0,bps,OTHER,text,Integrated sensing and communication in an optical fibre > Introduction,31,31,Data rate/throughput is reported.,"In this work, we demonstrate a solution for integrating a typical intensity modulation direct detection (IMDD) communication and distributed sensing in an optical fibre to",
O_ISAC_348,2023,Hybrid,Unknown,Δz,4.0,m,DZ,text,Integrated sensing and communication in an optical fibre > Introduction,24,40,Fiber spatial granularity/gauge length is reported.,"<sup>&</sup>lt;sup>1</sup>Center for Information Photonics & Communications, School of Information Science and Technology, Southwest Jiaotong University, 611756 Chengdu, Sichuan, China based on backscattered light (including Rayleigh<sup>9-11</sup>,",
O_ISAC_348,2023,Hybrid,Unknown,Δz,4.0,m,DZ,text,Integrated sensing and communication in an optical fibre > Introduction,25,41,Fiber spatial granularity/gauge length is reported.,"<sup>&</sup>lt;sup>1</sup>Center for Information Photonics & Communications, School of Information Science and Technology, Southwest Jiaotong University, 611756 Chengdu, Sichuan, China based on backscattered light (including Rayleigh<sup>9-11</sup>,",
O_ISAC_348,2023,Hybrid,Unknown,Δz,4.0,m,DZ,text,Integrated sensing and communication in an optical fibre > Introduction,26,42,Fiber spatial granularity/gauge length is reported.,"based on backscattered light (including Rayleigh<sup>9-11</sup>, Brillouin 12,13, and Raman 14) take into account both the measurement accuracy and sensing distance, hence attracting much attention",
O_ISAC_348,2023,Hybrid,Unknown,Δz,4.0,m,DZ,text,Integrated sensing and communication in an optical fibre > Introduction,27,43,Fiber spatial granularity/gauge length is reported.,"based on backscattered light (including Rayleigh<sup>9-11</sup>, Brillouin 12,13, and Raman 14) take into account both the measurement accuracy and sensing distance, hence attracting much attention",
O_ISAC_348,2023,Hybrid,Unknown,Δz,4.0,m,DZ,text,Integrated sensing and communication in an optical fibre > Introduction,28,44,Fiber spatial granularity/gauge length is reported.,"Recently, existing optical fibres in fibre-optic networks have been used to measure seismic and water waves based on the laser interference<sup>26</sup> and state of polarization",
O_ISAC_348,2023,Hybrid,Unknown,Δz,4.0,m,DZ,text,Integrated sensing and communication in an optical fibre > Introduction,29,45,Fiber spatial granularity/gauge length is reported.,"Recently, existing optical fibres in fibre-optic networks have been used to measure seismic and water waves based on the laser interference<sup>26</sup> and state of polarization",
O_ISAC_348,2023,Hybrid,Unknown,Δz,4.0,m,DZ,text,Integrated sensing and communication in an optical fibre > Introduction,30,46,Fiber spatial granularity/gauge length is reported.,"In this work, we demonstrate a solution for integrating a typical intensity modulation direct detection (IMDD) communication and distributed sensing in an optical fibre to",
O_ISAC_348,2023,Hybrid,Unknown,Δz,4.0,m,DZ,text,Integrated sensing and communication in an optical fibre > Introduction,31,47,Fiber spatial granularity/gauge length is reported.,"In this work, we demonstrate a solution for integrating a typical intensity modulation direct detection (IMDD) communication and distributed sensing in an optical fibre to",
O_ISAC_348,2023,Hybrid,Unknown,Δz,4.0,m,DZ,text,Integrated sensing and communication in an optical fibre > Introduction,32,48,Fiber spatial granularity/gauge length is reported.,"the conventional PAM4 signal transmission. By employing the respective optimal launching powers in both schemes, the proposed scheme achieves an ~1.3 dB performance improvement at",
O_ISAC_348,2023,Hybrid,Unknown,Δz,4.0,m,DZ,text,Integrated sensing and communication in an optical fibre > Introduction,33,49,Fiber spatial granularity/gauge length is reported.,"the conventional PAM4 signal transmission. By employing the respective optimal launching powers in both schemes, the proposed scheme achieves an ~1.3 dB performance improvement at",
O_ISAC_348,2023,Hybrid,Unknown,B,100.0,Hz,OTHER,figure,Integrated sensing and communication in an optical fibre > **Experimental setup**,45,45,Bandwidth is reported.,"The experimental setup of the ISAC-OF is shown in Fig. 2. A continuous-wave laser (CWL) with ultra-narrow linewidth (NKT Koheras Basik X15, linewidth <0.1 kHz)",
O_ISAC_348,2023,Hybrid,Unknown,B,15000000000.0,Hz,OTHER,text,Integrated sensing and communication in an optical fibre > **Experimental setup**,53,53,Bandwidth is reported.,"To validate the sensing capability, a piezoelectric transducer (PZT) is inserted at the 22.5 km position to produce dynamic strains. At the receiving end, the",
O_ISAC_348,2023,Hybrid,Unknown,B,9800000000.0,Hz,OTHER,text,Integrated sensing and communication in an optical fibre > **Experimental setup**,61,61,Bandwidth is reported.,generate a local oscillator (LO). MZM3 works at the minimum transmission point and is driven by a standard cosine waveform at 9.8 GHz. To acquire,
O_ISAC_348,2023,Hybrid,Unknown,OSNR,,dB,OTHER,figure,Integrated sensing and communication in an optical fibre > Transmission performance,65,65,Optical SNR (OSNR) is mentioned.,"The transmission performance of the proposed ISAC-OF has been measured under different launching powers, received powers, and LFM bandwidths. For comparison, the conventional single-carrier 56",
O_ISAC_348,2023,Hybrid,Unknown,R,56000000000.0,bps,OTHER,figure,Integrated sensing and communication in an optical fibre > Transmission performance,65,65,Data rate/throughput is reported.,"The transmission performance of the proposed ISAC-OF has been measured under different launching powers, received powers, and LFM bandwidths. For comparison, the conventional single-carrier 56",
O_ISAC_348,2023,Hybrid,Unknown,R,56000000000.0,bps,OTHER,figure,Integrated sensing and communication in an optical fibre > Transmission performance,69,69,Data rate/throughput is reported.,Fig. 3 Comparison of the BER performance in the conventional PAM4 signal transmission (Con.) and integrated sensing and communication in optical fibre (ISAC). a BER,
O_ISAC_348,2023,Hybrid,Unknown,Δz,5.0,m,DZ,text,Integrated sensing and communication in an optical fibre > Transmission performance,73,89,Fiber spatial granularity/gauge length is reported.,"scheme, an LFM optical carrier is used in ISAC-OF, and it effectively suppresses the SBS interaction. As shown in Fig. 3c, the Stokes power increases",
O_ISAC_348,2023,Hybrid,Unknown,R,56000000000.0,bps,OTHER,figure,Integrated sensing and communication in an optical fibre > Transmission performance,81,81,Data rate/throughput is reported.,"In principle, SBS can be suppressed more thoroughly by employing a larger bandwidth LFM optical carrier. To verify this property and analyze the effect of",
O_ISAC_348,2023,Hybrid,Unknown,B,2000000000.0,Hz,OTHER,figure,Integrated sensing and communication in an optical fibre > Transmission performance,81,81,Bandwidth is reported.,"In principle, SBS can be suppressed more thoroughly by employing a larger bandwidth LFM optical carrier. To verify this property and analyze the effect of",
O_ISAC_348,2023,Hybrid,Unknown,Δz,5.0,m,DZ,text,Integrated sensing and communication in an optical fibre > Transmission performance,74,90,Fiber spatial granularity/gauge length is reported.,![](_page_6_Figure_2.jpeg) **Fig. 4 The effect of LFM bandwidth on the BER performance. a** BER performance of the PAM4 signal using positive (pos.) and negative (neg.),
O_ISAC_348,2023,Hybrid,Unknown,Δz,5.0,m,DZ,text,Integrated sensing and communication in an optical fibre > Transmission performance,75,91,Fiber spatial granularity/gauge length is reported.,![](_page_6_Figure_2.jpeg) **Fig. 4 The effect of LFM bandwidth on the BER performance. a** BER performance of the PAM4 signal using positive (pos.) and negative (neg.),
O_ISAC_348,2023,Hybrid,Unknown,Δz,5.0,m,DZ,text,Integrated sensing and communication in an optical fibre > Transmission performance,76,92,Fiber spatial granularity/gauge length is reported.,**Fig. 4 The effect of LFM bandwidth on the BER performance. a** BER performance of the PAM4 signal using positive (pos.) and negative (neg.) LFM,
O_ISAC_348,2023,Hybrid,Unknown,Δz,5.0,m,DZ,text,Integrated sensing and communication in an optical fibre > Transmission performance,77,93,Fiber spatial granularity/gauge length is reported.,**Fig. 4 The effect of LFM bandwidth on the BER performance. a** BER performance of the PAM4 signal using positive (pos.) and negative (neg.) LFM,
O_ISAC_348,2023,Hybrid,Unknown,R,56000000000.0,bps,OTHER,text,Integrated sensing and communication in an optical fibre > Sensing results,85,85,Data rate/throughput is reported.,"In addition to the transmission performance, the sensing performance of the ISAC-OF is also tested. A 56 Gbit/s PAM4 signal is first loaded on a",
O_ISAC_348,2023,Hybrid,Unknown,Δz,5.0,m,DZ,text,Integrated sensing and communication in an optical fibre > Transmission performance,78,94,Fiber spatial granularity/gauge length is reported.,"dotted line, the optimal launching power is 9 dBm). To accurately analyze the BER performance improvement, the launching power of the conventional scheme and the",
O_ISAC_348,2023,Hybrid,Unknown,Δz,5.0,m,DZ,text,Integrated sensing and communication in an optical fibre > Transmission performance,79,95,Fiber spatial granularity/gauge length is reported.,"dotted line, the optimal launching power is 9 dBm). To accurately analyze the BER performance improvement, the launching power of the conventional scheme and the",
O_ISAC_348,2023,Hybrid,Unknown,Δz,5.0,m,DZ,text,Integrated sensing and communication in an optical fibre > Transmission performance,80,96,Fiber spatial granularity/gauge length is reported.,"In principle, SBS can be suppressed more thoroughly by employing a larger bandwidth LFM optical carrier. To verify this property and analyze the effect of",
O_ISAC_348,2023,Hybrid,Unknown,Δz,5.0,m,DZ,text,Integrated sensing and communication in an optical fibre > Transmission performance,81,97,Fiber spatial granularity/gauge length is reported.,"In principle, SBS can be suppressed more thoroughly by employing a larger bandwidth LFM optical carrier. To verify this property and analyze the effect of",
O_ISAC_348,2023,Hybrid,Unknown,Δz,5.0,m,DZ,text,Integrated sensing and communication in an optical fibre > Transmission performance,82,98,Fiber spatial granularity/gauge length is reported.,"#### Sensing results In addition to the transmission performance, the sensing performance of the ISAC-OF is also tested. A 56 Gbit/s PAM4 signal is first",
O_ISAC_348,2023,Hybrid,Unknown,Δz,5.0,m,DZ,text,Integrated sensing and communication in an optical fibre > Sensing results,83,99,Fiber spatial granularity/gauge length is reported.,"#### Sensing results In addition to the transmission performance, the sensing performance of the ISAC-OF is also tested. A 56 Gbit/s PAM4 signal is first",
O_ISAC_348,2023,Hybrid,Unknown,B,2016.0,Hz,OTHER,text,Integrated sensing and communication in an optical fibre > Sensing results,91,91,Bandwidth is reported.,"along the distance axis. In $\Phi$ -OTDR, the intrinsic frequency response is limited by the probe repetition rate, which is equal to 2.016 kHz in",
O_ISAC_348,2023,Hybrid,Unknown,Δz,5.0,m,DZ,text,Integrated sensing and communication in an optical fibre > Sensing results,84,100,Fiber spatial granularity/gauge length is reported.,"In addition to the transmission performance, the sensing performance of the ISAC-OF is also tested. A 56 Gbit/s PAM4 signal is first loaded on a",
O_ISAC_348,2023,Hybrid,Unknown,Δz,5.0,m,DZ,text,Integrated sensing and communication in an optical fibre > Sensing results,85,101,Fiber spatial granularity/gauge length is reported.,"In addition to the transmission performance, the sensing performance of the ISAC-OF is also tested. A 56 Gbit/s PAM4 signal is first loaded on a",
O_ISAC_348,2023,Hybrid,Unknown,Δz,4.0,m,DZ,text,Integrated sensing and communication in an optical fibre > Sensing results,86,102,Fiber spatial granularity/gauge length is reported.,"![](_page_7_Figure_2.jpeg) Fig. 5 Time and frequency characteristics of the measured vibration. a The distance–time distribution of the differential phases along the fibre, with a vibration",
O_ISAC_348,2023,Hybrid,Unknown,Δz,4.0,m,DZ,text,Integrated sensing and communication in an optical fibre > Sensing results,87,103,Fiber spatial granularity/gauge length is reported.,"![](_page_7_Figure_2.jpeg) Fig. 5 Time and frequency characteristics of the measured vibration. a The distance–time distribution of the differential phases along the fibre, with a vibration",
O_ISAC_348,2023,Hybrid,Unknown,Δz,4.0,m,DZ,text,Integrated sensing and communication in an optical fibre > Sensing results,88,104,Fiber spatial granularity/gauge length is reported.,"Fig. 5 Time and frequency characteristics of the measured vibration. a The distance–time distribution of the differential phases along the fibre, with a vibration applied",
O_ISAC_348,2023,Hybrid,Unknown,Δz,4.0,m,DZ,text,Integrated sensing and communication in an optical fibre > Sensing results,89,105,Fiber spatial granularity/gauge length is reported.,"Fig. 5 Time and frequency characteristics of the measured vibration. a The distance–time distribution of the differential phases along the fibre, with a vibration applied",
O_ISAC_348,2023,Hybrid,Unknown,Δz,4.0,m,DZ,text,Integrated sensing and communication in an optical fibre > Sensing results,90,106,Fiber spatial granularity/gauge length is reported.,"along the distance axis. In $\Phi$ -OTDR, the intrinsic frequency response is limited by the probe repetition rate, which is equal to 2.016 kHz in",
O_ISAC_348,2023,Hybrid,Unknown,Δz,4.0,m,DZ,text,Integrated sensing and communication in an optical fibre > Sensing results,91,107,Fiber spatial granularity/gauge length is reported.,"along the distance axis. In $\Phi$ -OTDR, the intrinsic frequency response is limited by the probe repetition rate, which is equal to 2.016 kHz in",
O_ISAC_348,2023,Hybrid,Unknown,R,56000000000.0,bps,OTHER,figure,Integrated sensing and communication in an optical fibre > Sensing results,99,99,Data rate/throughput is reported.,"frequency response, and both driving voltages are 0.3 V. The bandwidth of the LFM optical carrier, bit rate of the PAM4 signal, and launching power",
O_ISAC_348,2023,Hybrid,Unknown,B,1000000000.0,Hz,OTHER,figure,Integrated sensing and communication in an optical fibre > Sensing results,99,99,Bandwidth is reported.,"frequency response, and both driving voltages are 0.3 V. The bandwidth of the LFM optical carrier, bit rate of the PAM4 signal, and launching power",
O_ISAC_348,2023,Hybrid,Unknown,B,1000000000.0,Hz,OTHER,figure,Integrated sensing and communication in an optical fibre > Sensing results,101,101,Bandwidth is reported.,trade-off between eliminating interference fading and laser-induced phase noise (which determines the sensing accuracy). To clarify the effect of the frequency response enhancement on the,
O_ISAC_348,2023,Hybrid,Unknown,R,56000000000.0,bps,OTHER,figure,Integrated sensing and communication in an optical fibre > Sensing results,105,105,Data rate/throughput is reported.,"Subsequently, the effects of the launching power and the LFM bandwidth on the sensing performance are tested. In the launching power test, a 56 Gbit/s",
O_ISAC_348,2023,Hybrid,Unknown,B,1000000000.0,Hz,OTHER,figure,Integrated sensing and communication in an optical fibre > Sensing results,105,105,Bandwidth is reported.,"Subsequently, the effects of the launching power and the LFM bandwidth on the sensing performance are tested. In the launching power test, a 56 Gbit/s",
O_ISAC_348,2023,Hybrid,Unknown,R,56000000000.0,bps,OTHER,figure,Integrated sensing and communication in an optical fibre > Sensing results,107,107,Data rate/throughput is reported.,"As mentioned above, a large-bandwidth signal provides better elimination of interference fading and acquires better sensing accuracy. However, it must be noted that in the",
O_ISAC_348,2023,Hybrid,Unknown,B,1000000000.0,Hz,OTHER,figure,Integrated sensing and communication in an optical fibre > Sensing results,107,107,Bandwidth is reported.,"As mentioned above, a large-bandwidth signal provides better elimination of interference fading and acquires better sensing accuracy. However, it must be noted that in the",
O_ISAC_348,2023,Hybrid,Unknown,B,1000000000.0,Hz,OTHER,figure,Integrated sensing and communication in an optical fibre > Sensing results,109,109,Bandwidth is reported.,"Finally, the effect of the transmission code on the sensing performance is evaluated. First, a pure LFM optical carrier with a 1 GHz bandwidth and",
O_ISAC_348,2023,Hybrid,Unknown,Δz,4.0,m,DZ,text,Integrated sensing and communication in an optical fibre > Sensing results,105,121,Fiber spatial granularity/gauge length is reported.,"Subsequently, the effects of the launching power and the LFM bandwidth on the sensing performance are tested. In the launching power test, a 56 Gbit/s",
O_ISAC_348,2023,Hybrid,Unknown,B,2000000000.0,Hz,OTHER,figure,Integrated sensing and communication in an optical fibre > Sensing results,113,113,Bandwidth is reported.,"Fig. 7 Effect of the parameters of the transmitted light on the sensing performance. a The effect of the launching power, which is increased from",
O_ISAC_348,2023,Hybrid,Unknown,Δz,4.0,m,DZ,text,Integrated sensing and communication in an optical fibre > Sensing results,106,122,Fiber spatial granularity/gauge length is reported.,"As mentioned above, a large-bandwidth signal provides better elimination of interference fading and acquires better sensing accuracy. However, it must be noted that in the",
O_ISAC_348,2023,Hybrid,Unknown,Δz,4.0,m,DZ,text,Integrated sensing and communication in an optical fibre > Sensing results,107,123,Fiber spatial granularity/gauge length is reported.,"As mentioned above, a large-bandwidth signal provides better elimination of interference fading and acquires better sensing accuracy. However, it must be noted that in the",
O_ISAC_348,2023,Hybrid,Unknown,Δz,4.0,m,DZ,text,Integrated sensing and communication in an optical fibre > Sensing results,108,124,Fiber spatial granularity/gauge length is reported.,"Finally, the effect of the transmission code on the sensing performance is evaluated. First, a pure LFM optical carrier with a 1 GHz bandwidth and",
O_ISAC_348,2023,Hybrid,Unknown,Δz,4.0,m,DZ,text,Integrated sensing and communication in an optical fibre > Sensing results,109,125,Fiber spatial granularity/gauge length is reported.,"Finally, the effect of the transmission code on the sensing performance is evaluated. First, a pure LFM optical carrier with a 1 GHz bandwidth and",
O_ISAC_348,2023,Hybrid,Unknown,R,56000000000.0,bps,OTHER,figure,Integrated sensing and communication in an optical fibre > Sensing results,119,119,Data rate/throughput is reported.,"loading does not distort the sensor response. Furthermore, the SNR and phase variance are computed to estimate the performance degradation, as illustrated in Fig. 8b.",
O_ISAC_348,2023,Hybrid,Unknown,B,1000000000.0,Hz,OTHER,figure,Integrated sensing and communication in an optical fibre > Sensing results,119,119,Bandwidth is reported.,"loading does not distort the sensor response. Furthermore, the SNR and phase variance are computed to estimate the performance degradation, as illustrated in Fig. 8b.",
O_ISAC_348,2023,Hybrid,Unknown,OSNR,,dB,OTHER,text,"Integrated sensing and communication in an optical fibre > Spectral efficiency, demodulation complexity, and transmission performance > System simplification and performance improvement",135,135,Optical SNR (OSNR) is mentioned.,"Restricted by the devices currently used in the experimental setup, the system is complicated. Actually, the detection of the sensing signal can be significantly simplified",
O_ISAC_348,2023,Hybrid,Unknown,R,600000000000.0,bps,OTHER,text,Integrated sensing and communication in an optical fibre > The potential function of the integrated sensing and communication in optical fibre > References,243,243,Data rate/throughput is reported.,"- Guerrier, S. et al. Vibration detection and localization in buried fiber cable after 80km of SSMF using digital coherent sensing system with co-propagating 600Gb/s",
O_ISAC_349,2023,Hybrid,Unknown,R,6000000000.0,bps,OTHER,text,"<span id=""page-0-10""></span>Radar-Centric Photonic Terahertz Integrated Sensing and Communication System Based on LFM-PSK Waveform",5,5,Data rate/throughput is reported.,"*Abstract*— The radar-centric terahertz integrated sensing and communication (THz-ISAC) is identified as a significant application in future wireless access networks. Up to date, previously reported",
O_ISAC_349,2023,Hybrid,Unknown,B,18000000000.0,Hz,OTHER,text,"<span id=""page-0-10""></span>Radar-Centric Photonic Terahertz Integrated Sensing and Communication System Based on LFM-PSK Waveform",5,5,Bandwidth is reported.,"*Abstract*— The radar-centric terahertz integrated sensing and communication (THz-ISAC) is identified as a significant application in future wireless access networks. Up to date, previously reported",
O_ISAC_349,2023,Hybrid,Unknown,CRB,330,m,OTHER,text,"<span id=""page-0-10""></span>Radar-Centric Photonic Terahertz Integrated Sensing and Communication System Based on LFM-PSK Waveform",5,5,CRB/FIM is referenced.,"*Abstract*— The radar-centric terahertz integrated sensing and communication (THz-ISAC) is identified as a significant application in future wireless access networks. Up to date, previously reported",
O_ISAC_349,2023,Hybrid,Unknown,R,14500000000.0,bps,OTHER,eq,"<span id=""page-0-10""></span>Radar-Centric Photonic Terahertz Integrated Sensing and Communication System Based on LFM-PSK Waveform > <span id=""page-0-5""></span><span id=""page-0-2""></span><span id=""page-0-1""></span><span id=""page-0-0""></span>I. INTRODUCTION",35,35,Data rate/throughput is reported.,"<span id=""page-1-1""></span>and radar-centric waveforms [11]. The communication-centric utilizes existing communication modulation formats, such as orthogonal FDM (OFDM), to perform radar sensing while maintaining a high-speed",
O_ISAC_349,2023,Hybrid,Unknown,R,1000000000.0,bps,OTHER,table,"<span id=""page-0-10""></span>Radar-Centric Photonic Terahertz Integrated Sensing and Communication System Based on LFM-PSK Waveform > <span id=""page-0-5""></span><span id=""page-0-2""></span><span id=""page-0-1""></span><span id=""page-0-0""></span>I. INTRODUCTION",37,37,Data rate/throughput is reported.,"In contrast, in radar-centric scenarios, the waveforms are designed for embedding communication symbols to transmit radar information. Therefore, the radar-centric waveforms concern more about the",
O_ISAC_349,2023,Hybrid,Unknown,B,35000000000.0,Hz,OTHER,table,"<span id=""page-0-10""></span>Radar-Centric Photonic Terahertz Integrated Sensing and Communication System Based on LFM-PSK Waveform > <span id=""page-0-5""></span><span id=""page-0-2""></span><span id=""page-0-1""></span><span id=""page-0-0""></span>I. INTRODUCTION",37,37,Bandwidth is reported.,"In contrast, in radar-centric scenarios, the waveforms are designed for embedding communication symbols to transmit radar information. Therefore, the radar-centric waveforms concern more about the",
O_ISAC_349,2023,Hybrid,Unknown,R,6000000000.0,bps,OTHER,eq,"<span id=""page-0-10""></span>Radar-Centric Photonic Terahertz Integrated Sensing and Communication System Based on LFM-PSK Waveform > <span id=""page-0-5""></span><span id=""page-0-2""></span><span id=""page-0-1""></span><span id=""page-0-0""></span>I. INTRODUCTION",45,45,Data rate/throughput is reported.,"<span id=""page-1-8""></span><span id=""page-1-7""></span><span id=""page-1-6""></span><span id=""page-1-5""></span>As aforementioned, research efforts have been put into promoting the photonic ISAC system from multiplexed waveforms to integrated waveforms. However, the",
O_ISAC_349,2023,Hybrid,Unknown,B,12000000000.0,Hz,OTHER,figure,"<span id=""page-0-10""></span>Radar-Centric Photonic Terahertz Integrated Sensing and Communication System Based on LFM-PSK Waveform > II. OPERATION PRINCIPLE",103,103,Bandwidth is reported.,"<span id=""page-2-2""></span>Fig. 2 shows the PSLR performance versus data rate in theoretical analysis and simulation with an LFM bandwidth of 12 GHz, which corresponds to",
O_ISAC_349,2023,Hybrid,Unknown,B,12000000000.0,Hz,OTHER,text,"<span id=""page-0-10""></span>Radar-Centric Photonic Terahertz Integrated Sensing and Communication System Based on LFM-PSK Waveform > II. OPERATION PRINCIPLE",105,105,Bandwidth is reported.,"In addition, we numerically evaluate the radar accuracy through the Cramér-Rao lower bound (CRLB) in the case of an additional Gaussian channel with an LFM",
O_ISAC_349,2023,Hybrid,Unknown,CRB,12,m,OTHER,text,"<span id=""page-0-10""></span>Radar-Centric Photonic Terahertz Integrated Sensing and Communication System Based on LFM-PSK Waveform > II. OPERATION PRINCIPLE",105,105,CRB/FIM is referenced.,"In addition, we numerically evaluate the radar accuracy through the Cramér-Rao lower bound (CRLB) in the case of an additional Gaussian channel with an LFM",
O_ISAC_349,2023,Hybrid,Unknown,CRB,2,m,OTHER,eq,"<span id=""page-0-10""></span>Radar-Centric Photonic Terahertz Integrated Sensing and Communication System Based on LFM-PSK Waveform > II. OPERATION PRINCIPLE",108,108,CRB/FIM is referenced.,$$CRLB(\tau) = -\left[2\eta \frac{\partial^2 |r_{LFM-MPSK}(\tau)|}{\partial \tau^2}\right]^{-1}$$,
O_ISAC_349,2023,Hybrid,Unknown,CRB,2,m,OTHER,eq,"<span id=""page-0-10""></span>Radar-Centric Photonic Terahertz Integrated Sensing and Communication System Based on LFM-PSK Waveform > II. OPERATION PRINCIPLE",113,113,CRB/FIM is referenced.,$$CRLB(R) = \frac{c^2}{4}CRLB(\tau)$$,
O_ISAC_349,2023,Hybrid,Unknown,R,6000000000.0,bps,OTHER,figure,"<span id=""page-0-10""></span>Radar-Centric Photonic Terahertz Integrated Sensing and Communication System Based on LFM-PSK Waveform > II. OPERATION PRINCIPLE",116,116,Data rate/throughput is reported.,"<span id=""page-2-3""></span>where *c* represents the speed of electromagnetic waves. Fig. 3 presents the normalized CRLB on range estimation error, which is estimated by the numerical",
O_ISAC_349,2023,Hybrid,Unknown,CRB,2,m,OTHER,figure,"<span id=""page-0-10""></span>Radar-Centric Photonic Terahertz Integrated Sensing and Communication System Based on LFM-PSK Waveform > II. OPERATION PRINCIPLE",116,116,CRB/FIM is referenced.,"<span id=""page-2-3""></span>where *c* represents the speed of electromagnetic waves. Fig. 3 presents the normalized CRLB on range estimation error, which is estimated by the numerical",
O_ISAC_349,2023,Hybrid,Unknown,CRB,3,m,OTHER,figure,"<span id=""page-0-10""></span>Radar-Centric Photonic Terahertz Integrated Sensing and Communication System Based on LFM-PSK Waveform > II. OPERATION PRINCIPLE",120,120,CRB/FIM is referenced.,Fig. 3. Normalized CRLB on range estimation error versus the SNR at different data rates.,
O_ISAC_349,2023,Hybrid,Unknown,B,330000000000.0,Hz,OTHER,text,"<span id=""page-0-10""></span>Radar-Centric Photonic Terahertz Integrated Sensing and Communication System Based on LFM-PSK Waveform > III. EXPERIMENTAL SETUP",136,136,Bandwidth is reported.,"Subsequently, two coherent optical tones with 330 GHz spacing are filtered by a wavelength-selective switch (WSS, FINISAR, WaveShaper 4000A) and separately launched into two branches.",
O_ISAC_349,2023,Hybrid,Unknown,B,12000000000.0,Hz,OTHER,figure,"<span id=""page-0-10""></span>Radar-Centric Photonic Terahertz Integrated Sensing and Communication System Based on LFM-PSK Waveform > III. EXPERIMENTAL SETUP",138,138,Bandwidth is reported.,"In the experiment, the integrated LFM-BPSK signal is generated from an arbitrary waveform generator (AWG, Keysight M8194A, 120 GSa/s) to drive the IQ-MOD with an",
O_ISAC_349,2023,Hybrid,Unknown,B,40000000000.0,Hz,OTHER,figure,"<span id=""page-0-10""></span>Radar-Centric Photonic Terahertz Integrated Sensing and Communication System Based on LFM-PSK Waveform > III. EXPERIMENTAL SETUP",140,140,Bandwidth is reported.,"<span id=""page-3-1""></span>After propagation in a 1 m line-of-sight (LOS) wireless link, the integrated THz signal is amplified by a THz low noise amplifier (THz-LNA) with",
O_ISAC_349,2023,Hybrid,Unknown,R,0.0,bps,OTHER,figure,"<span id=""page-0-10""></span>Radar-Centric Photonic Terahertz Integrated Sensing and Communication System Based on LFM-PSK Waveform > *A. Sensing Performance of LFM-BPSK Waveform*",166,166,Data rate/throughput is reported.,"Fig. 7. Back-to-back autocorrelation of LFM-BPSK waveform with data rate at (a) 0 Gbit/s, (b) 2 Gbit/s, (c) 4 Gbit/s, and (d) 6 Gbit/s.",
O_ISAC_349,2023,Hybrid,Unknown,B,27000000000.0,Hz,OTHER,figure,"<span id=""page-0-10""></span>Radar-Centric Photonic Terahertz Integrated Sensing and Communication System Based on LFM-PSK Waveform > *A. Sensing Performance of LFM-BPSK Waveform*",168,168,Bandwidth is reported.,"electrical spectrum is the clock leakage from the electrical LO. From the STFT analysis, we can see that the signal frequency sweeps linearly from 15",
O_ISAC_349,2023,Hybrid,Unknown,R,6000000000.0,bps,OTHER,figure,"<span id=""page-0-10""></span>Radar-Centric Photonic Terahertz Integrated Sensing and Communication System Based on LFM-PSK Waveform > *A. Sensing Performance of LFM-BPSK Waveform*",170,170,Data rate/throughput is reported.,"In the ISAC receiver for radar information processing, a 1-D range profile of the generated LFM-BPSK waveform is acquired by performing an autocorrelation operation. As",
O_ISAC_349,2023,Hybrid,Unknown,R,0.0,bps,OTHER,figure,"<span id=""page-0-10""></span>Radar-Centric Photonic Terahertz Integrated Sensing and Communication System Based on LFM-PSK Waveform > *A. Sensing Performance of LFM-BPSK Waveform*",178,178,Data rate/throughput is reported.,the main lobe of the autocorrelation profile. The experimental and theoretical range resolution is analyzed and shown in Fig. [8.](#page-5-0) When the data rate is,
O_ISAC_349,2023,Hybrid,Unknown,R,6000000000.0,bps,OTHER,figure,"<span id=""page-0-10""></span>Radar-Centric Photonic Terahertz Integrated Sensing and Communication System Based on LFM-PSK Waveform > *A. Sensing Performance of LFM-BPSK Waveform*",180,180,Data rate/throughput is reported.,"We also analyze the PSLR performance of the LFM-BPSK waveform, which is another key indicator to reveal the sensing ability. The back-to-back results can be",
O_ISAC_349,2023,Hybrid,Unknown,B,12000000000.0,Hz,OTHER,figure,"<span id=""page-0-10""></span>Radar-Centric Photonic Terahertz Integrated Sensing and Communication System Based on LFM-PSK Waveform > *A. Sensing Performance of LFM-BPSK Waveform*",192,192,Bandwidth is reported.,"shows the obtained range profile. As can be seen, after a digitally matched filter, there are two clear peaks separated by 2.1 cm, which is",
O_ISAC_349,2023,Hybrid,Unknown,R,6000000000.0,bps,OTHER,figure,*B. Communication Performance of LFM-BPSK Waveform and Data Rate Optimization*,214,214,Data rate/throughput is reported.,"<span id=""page-6-4""></span><span id=""page-6-3""></span>Furthermore, we also evaluate the communication performance based on the integrated LFM-BPSK waveform. In the digital domain, the sampled IF signal is first",
O_ISAC_349,2023,Hybrid,Unknown,R,4000000000.0,bps,OTHER,figure,*B. Communication Performance of LFM-BPSK Waveform and Data Rate Optimization*,226,226,Data rate/throughput is reported.,"According to the results above, the data rate embedded into the LFM carriers has a significant impact on the LFM-BPSK waveform, and the waveform can",
O_ISAC_349,2023,Hybrid,Unknown,CRB,12,m,OTHER,figure,*B. Communication Performance of LFM-BPSK Waveform and Data Rate Optimization*,226,226,CRB/FIM is referenced.,"According to the results above, the data rate embedded into the LFM carriers has a significant impact on the LFM-BPSK waveform, and the waveform can",
O_ISAC_349,2023,Hybrid,Unknown,R,6000000000.0,bps,OTHER,figure,*B. Communication Performance of LFM-BPSK Waveform and Data Rate Optimization* > *C. Comparison Between LFM-PSK and LFM-ASK Waveform*,242,242,Data rate/throughput is reported.,"Also, we measure the BER performance of the LFM-ASK waveform with different data rates. Fig. [14](#page-7-18) presents the measured BER and the eye diagram at",
O_ISAC_349,2023,Hybrid,Unknown,R,6000000000.0,bps,OTHER,text,V. CONCLUSION,246,246,Data rate/throughput is reported.,"In summary, a photonic ISAC system based on an LFM-PSK waveform is proposed and experimentally demonstrated to achieve high PSLR performance with a cm-scale precise",
O_ISAC_349,2023,Hybrid,Unknown,R,160000000000.0,bps,OTHER,eq,V. CONCLUSION > REFERENCES,253,253,Data rate/throughput is reported.,"- <span id=""page-7-3""></span>[\[4\]](#page-0-3) X. Yu et al., ""160 Gbit/s photonics wireless transmission in the 300–500 GHz band,"" *APL Photon.*, vol. 1, no. 8, Nov. 2016,",
O_ISAC_350,2023,Hybrid,Indoor,R,25000000.0,bps,OTHER,figure,2.1 Working principle and fabrication process of optoelectronic chip > 5.1 Single-emission visible light communication test,217,217,Data rate/throughput is reported.,"A free-space visible light communication test was performed to investigate the communication performance of the optoelectronic chip. As shown in [Figure 12](#page-10-0)(a), digital signals were",
O_ISAC_350,2023,Hybrid,Indoor,B,10100000.0,Hz,OTHER,figure,2.1 Working principle and fabrication process of optoelectronic chip > 5.1 Single-emission visible light communication test,217,217,Bandwidth is reported.,"A free-space visible light communication test was performed to investigate the communication performance of the optoelectronic chip. As shown in [Figure 12](#page-10-0)(a), digital signals were",
O_ISAC_350,2023,Hybrid,Indoor,R,25000000.0,bps,OTHER,figure,2.1 Working principle and fabrication process of optoelectronic chip > 5.1 Single-emission visible light communication test,223,223,Data rate/throughput is reported.,Fig. 12 (a) Visible light communication test system of optoelectronic chip as a transmitter. Signal waveforms (b) and eye diagram (c) of optoelectronic chip as,
O_ISAC_350,2023,Hybrid,Indoor,R,25000000.0,bps,OTHER,text,2.1 Working principle and fabrication process of optoelectronic chip > 5.1 Single-emission visible light communication test,225,225,Data rate/throughput is reported.,"图 12 (a) 作为发射器的光电子芯片的可见光通信测试系统。作为发射器的光电子芯片在 25 Mbps 传输速率下的收发信号波形 (b) 和眼图 (c), 以及 (d) 不同电压下作为发射器的光电子芯片 3 dB 带宽",
O_ISAC_350,2023,Hybrid,Indoor,R,5000.0,bps,OTHER,figure,2.1 Working principle and fabrication process of optoelectronic chip > 5.1 Single-emission visible light communication test,231,231,Data rate/throughput is reported.,"In the transceiver-integrated visible light communication test, the optoelectronic chip works as both transmitter and receiver, as shown in Figure 13 (a). The visible light",
O_ISAC_350,2023,Hybrid,Indoor,R,5000.0,bps,OTHER,figure,2.1 Working principle and fabrication process of optoelectronic chip > 5.1 Single-emission visible light communication test,235,235,Data rate/throughput is reported.,Fig. 13 (a) Visible light communication test system of the optoelectronic chip as a transceiver. (b) Signal waveform and (c) eye diagram at 5 Kbps,
O_ISAC_350,2023,Hybrid,Indoor,R,5000.0,bps,OTHER,text,2.1 Working principle and fabrication process of optoelectronic chip > 5.1 Single-emission visible light communication test,237,237,Data rate/throughput is reported.,图 13 (a) 同时作为发射器和接收器的光电子芯片的可见 光通信测试系统。作为收发一体终端的光电子芯 片在 5 Kbps 传输速率下的收发信号波形 (b) 和眼 图 (c) there is a certain degree of zero-crossing distortion. It indicates that the,
O_ISAC_350,2023,Hybrid,Indoor,R,25000000.0,bps,OTHER,table,2.1 Working principle and fabrication process of optoelectronic chip > 6 Conclusion,243,243,Data rate/throughput is reported.,"The transmitter of this optoelectronic chip sends visible light signals to the target object, and enables motion detection of the target object at a maximum",
O_ISAC_350,2023,Hybrid,Indoor,R,25000000.0,bps,OTHER,text,2.1 Working principle and fabrication process of optoelectronic chip > 5.1 单发射可见光通信测试,311,311,Data rate/throughput is reported.,"进行自由空间可见光通信测试,研究光电子 芯片的通信性能。如[图](#page-10-0) [12](#page-10-0)(a) 所示,数字信号由信 号发生器(Keysight,81160A)加载到发射器上。 以商用雪崩光电二极管(Hamamatsu,C12702–12) 作为接收器,将接收到的光信号转换为电信号。 收发信号由安捷伦 DSO9254A 数字存储示波器 表征。如[图](#page-10-0) [12](#page-10-0)(b) 所示,在 25 Mbps 的传输速率 下,收发信号波形在传输过程中保持良好。[图](#page-10-0) [12](#page-10-0) (c) 为对应传输速率下的眼图,其过冲幅度可以接 受,开眼清晰,信号幅度畸变小,上升、下降沿清 晰,表明信号噪声较小,作为发射器的光电子芯片 的可见光通信传输性能整体良好。[图](#page-10-0) [12\(](#page-10-0)d) 为使",
O_ISAC_350,2023,Hybrid,Indoor,R,5000.0,bps,OTHER,text,2.1 Working principle and fabrication process of optoelectronic chip > 5.1 单发射可见光通信测试 > 5.2 收发一体的可见光通信测试,317,317,Data rate/throughput is reported.,"在收发一体的可见光通信测试中,光电子芯 片同时作为发射器和接收器,[如图](#page-10-1) [13\(](#page-10-1)a) 所示。发 射器发射的加载数字信号的可见光信号,通过反 射镜的反射光路回到同一光电子芯片上,由接收 器接收。[图](#page-10-1) [13](#page-10-1)(b) 为光电子芯片同时作为发射器/ 接收器在 5 Kbps 速度下的可见光通信收发信 号。光电子芯片作为发射器发射的随机数字信号 在接收器一端得到良好保留,实现了收发一体的 可见光通信。[图](#page-10-1) [13\(](#page-10-1)c) 中眼图的上下过冲幅度较 小,开眼清晰,信号幅度畸变不大,虽然存在一定 程度的过零点失真,但上升、下降沿清晰。说明 信号噪声较小,光电子芯片可以作为可见光通信 系统的收发一体终端,具有良好的传输性能。",
O_ISAC_350,2023,Hybrid,Indoor,R,33000000.0,bps,OTHER,text,2.1 Working principle and fabrication process of optoelectronic chip > 6 结 论,325,325,Data rate/throughput is reported.,"该光电子芯片发射器向目标物体发射可见光 信号,以非接触探测方式,通过监控接收器接收的 由调制光信号转化的光电流,实现对最高转速为 319 rpm 的目标物体的运动探测。目标物体运动 转速为 200 rpm 时,发射器偏置电压从 2.7 V 增加 到 2.9 V,相应接收器的光电流变化幅度从 6 nA 增加到 10 nA。本文还研究了该光电子芯片的可 见光通信性能,其作为发射器可实现 33 Mbps 的",
O_ISAC_351,2023,Hybrid,Indoor,R,20000000.0,bps,OTHER,text,A R T I C L E I N F O > A B S T R A C T,24,24,Data rate/throughput is reported.,Convergence of sensing and communication in the same architecture is being considered for implementation in the future sixth-generation (6G) networks due to spectrum congestion and,
O_ISAC_351,2023,Hybrid,Indoor,R,20000000.0,bps,OTHER,text,**1. Introduction**,40,40,Data rate/throughput is reported.,"In this article, we propose and design an integrated architecture of simultaneous optical communication and ToF depth sensing based on Hamiltonian coding, which provides a",
O_ISAC_351,2023,Hybrid,Indoor,B,4000000000.0,Hz,OTHER,figure,*2.1. System model consideration* > **4. Experimental setup**,172,172,Bandwidth is reported.,[Fig.](#page-5-1) [7](#page-5-1)(a) and (b) present the process framework and system setup of our experiment based on single-frequency modulation. The target scene consists of a single,
O_ISAC_351,2023,Hybrid,Indoor,R,20000000.0,bps,OTHER,text,*2.1. System model consideration* > *5.1. Results for single-frequency* > **6. Conclusions and future outlook**,233,233,Data rate/throughput is reported.,"this framework are verified by theoretical simulation and experiments. Compared with sinusoid coding scheme, the proposed system based on single-frequency modulation achieves a measurement accuracy",
O_ISAC_354,2023,VLC,Indoor,R,24000000.0,bps,OTHER,figure,■ **INTRODUCTION** > RESULTS AND DISCUSSION,79,79,Data rate/throughput is reported.,[Figure](#page-3-0) 5a shows the results of a free-space VLC test conducted to investigate the transmission speed of the monolithic III-nitride photonics chip used as a,
O_ISAC_354,2023,VLC,Indoor,R,24000000.0,bps,OTHER,figure,■ **INTRODUCTION** > RESULTS AND DISCUSSION,83,83,Data rate/throughput is reported.,Figure 5. (a) Schematic of the free-space visible light communication test setup for the monolithic III-nitride photonics chip as a transmitter. (b) The transmission/receiving signal,
O_ISAC_354,2023,VLC,Indoor,R,24000000.0,bps,OTHER,figure,■ **INTRODUCTION** > RESULTS AND DISCUSSION,85,85,Data rate/throughput is reported.,"storage oscilloscope, as illustrated in Figure 5b, and the signal waveform at 24 Mbps remained well-preserved during transmission. In addition, the 3 dB modulation bandwidth",
O_ISAC_354,2023,VLC,Indoor,B,28200000.0,Hz,OTHER,figure,■ **INTRODUCTION** > RESULTS AND DISCUSSION,85,85,Bandwidth is reported.,"storage oscilloscope, as illustrated in Figure 5b, and the signal waveform at 24 Mbps remained well-preserved during transmission. In addition, the 3 dB modulation bandwidth",
O_ISAC_354,2023,VLC,Indoor,R,26000.0,bps,OTHER,figure,■ **INTRODUCTION** > RESULTS AND DISCUSSION,91,91,Data rate/throughput is reported.,"Figure 6a displays the utilization of diodes in the monolithic III-nitride photonics chip as the transmitter and receiver, respectively, in VLC testing. The light signal",
O_ISAC_354,2023,VLC,Indoor,R,26000.0,bps,OTHER,figure,■ **INTRODUCTION** > RESULTS AND DISCUSSION,97,97,Data rate/throughput is reported.,**Figure 6.** (a) Schematic of the free-space visible light communication test setup for the monolithic III-nitride photonics chip as transmitter and receiver. (b) Transmission/receiving signal,
O_ISAC_354,2023,VLC,Indoor,R,24000000.0,bps,OTHER,table,■ **INTRODUCTION** > RESULTS AND DISCUSSION,99,99,Data rate/throughput is reported.,receive visible light signals in the green band. The EL of the transmitter and responsivity spectra of the receiver overlap by 46 nm. The transmitter,
O_ISAC_356,2023,FSO,Unknown,R,120000000000.0,bps,OTHER,text,Photonic THz-ISAC Demonstration with Simultaneous 120Gbit/s Communication and 2.5mm Sensing Resolution,1,1,Data rate/throughput is reported.,# Photonic THz-ISAC Demonstration with Simultaneous 120Gbit/s Communication and 2.5mm Sensing Resolution,
O_ISAC_356,2023,FSO,Unknown,R,120000000000.0,bps,OTHER,text,Photonic THz-ISAC Demonstration with Simultaneous 120Gbit/s Communication and 2.5mm Sensing Resolution,11,11,Data rate/throughput is reported.,"**Abstract** *We demonstrate a photonic terahertz integrated sensing and communication (THz-ISAC) system, with simultaneously achieving record-high 120 Gbit/s data rate communication and 2.5 mm range",
O_ISAC_356,2023,FSO,Unknown,R,100000000000.0,bps,OTHER,figure,Photonic THz-ISAC Demonstration with Simultaneous 120Gbit/s Communication and 2.5mm Sensing Resolution > **Introduction**,15,15,Data rate/throughput is reported.,Integrated sensing and communication (ISAC) has been envisioned as a promising technology in the next generation wireless access due to spectral congestion and increasing complexity,
O_ISAC_356,2023,FSO,Unknown,R,120000000000.0,bps,OTHER,text,Photonic THz-ISAC Demonstration with Simultaneous 120Gbit/s Communication and 2.5mm Sensing Resolution > **Introduction**,17,17,Data rate/throughput is reported.,"In this paper, we propose and experimentally demonstrate a 3-channel photonic THz-ISAC transmission at 275 GHz with a channel spacing of 25 GHz, each channel",
O_ISAC_356,2023,FSO,Unknown,R,120000000000.0,bps,OTHER,figure,Photonic THz-ISAC Demonstration with Simultaneous 120Gbit/s Communication and 2.5mm Sensing Resolution > **Experimental Setup**,21,21,Data rate/throughput is reported.,The experimental setup for the demonstration of 120 Gbit/s transmission and 2.5 mm range resolution is depicted in Fig. 2(a). A continuous lightwave centered at,
O_ISAC_356,2023,FSO,Unknown,Δr_min,c/2B,m,DRMIN,eq,Photonic THz-ISAC Demonstration with Simultaneous 120Gbit/s Communication and 2.5mm Sensing Resolution > **Experimental Setup**,27,37,Resolution is defined via c/(2B).,![](_page_1_Figure_0.jpeg) Fig. 2: (a) Experimental setup. (b) Principle of the coherent fusion processing algorithm. lines spaced 25 GHz apart for multi-channel baseband integrated signal modulation.,
O_ISAC_356,2023,FSO,Unknown,Δr_min,c/2B,m,DRMIN,eq,Photonic THz-ISAC Demonstration with Simultaneous 120Gbit/s Communication and 2.5mm Sensing Resolution > **Experimental Setup**,28,38,Resolution is defined via c/(2B).,Fig. 2: (a) Experimental setup. (b) Principle of the coherent fusion processing algorithm. lines spaced 25 GHz apart for multi-channel baseband integrated signal modulation. The,
O_ISAC_356,2023,FSO,Unknown,B,10000000000.0,Hz,OTHER,figure,Photonic THz-ISAC Demonstration with Simultaneous 120Gbit/s Communication and 2.5mm Sensing Resolution > **Experimental Setup**,33,33,Bandwidth is reported.,"In our experiment, the baseband dual-chirpbased integrated signal is generated from a 120 GSa/s arbitrary waveform generation (AWG). In the digital domain, the 15-order pseudorandom",
O_ISAC_356,2023,FSO,Unknown,Δr_min,c/2B,m,DRMIN,eq,Photonic THz-ISAC Demonstration with Simultaneous 120Gbit/s Communication and 2.5mm Sensing Resolution > **Experimental Setup**,29,39,Resolution is defined via c/(2B).,Fig. 2: (a) Experimental setup. (b) Principle of the coherent fusion processing algorithm. lines spaced 25 GHz apart for multi-channel baseband integrated signal modulation. The,
O_ISAC_356,2023,FSO,Unknown,Δr_min,c/2B,m,DRMIN,eq,Photonic THz-ISAC Demonstration with Simultaneous 120Gbit/s Communication and 2.5mm Sensing Resolution > **Experimental Setup**,30,40,Resolution is defined via c/(2B).,"lines spaced 25 GHz apart for multi-channel baseband integrated signal modulation. The frequency spacing of the LO line and 3 optical carriers are 250 GHz,",
O_ISAC_356,2023,FSO,Unknown,Δr_min,c/2B,m,DRMIN,eq,Photonic THz-ISAC Demonstration with Simultaneous 120Gbit/s Communication and 2.5mm Sensing Resolution > **Experimental Setup**,31,41,Resolution is defined via c/(2B).,"lines spaced 25 GHz apart for multi-channel baseband integrated signal modulation. The frequency spacing of the LO line and 3 optical carriers are 250 GHz,",
O_ISAC_356,2023,FSO,Unknown,Δr_min,c/2B,m,DRMIN,eq,Photonic THz-ISAC Demonstration with Simultaneous 120Gbit/s Communication and 2.5mm Sensing Resolution > **Experimental Setup**,32,42,Resolution is defined via c/(2B).,"In our experiment, the baseband dual-chirpbased integrated signal is generated from a 120 GSa/s arbitrary waveform generation (AWG). In the digital domain, the 15-order pseudorandom",
O_ISAC_356,2023,FSO,Unknown,Δr_min,c/2B,m,DRMIN,eq,Photonic THz-ISAC Demonstration with Simultaneous 120Gbit/s Communication and 2.5mm Sensing Resolution > **Experimental Setup**,33,43,Resolution is defined via c/(2B).,"In our experiment, the baseband dual-chirpbased integrated signal is generated from a 120 GSa/s arbitrary waveform generation (AWG). In the digital domain, the 15-order pseudorandom",
O_ISAC_356,2023,FSO,Unknown,Δr_min,c/2B,m,DRMIN,eq,Photonic THz-ISAC Demonstration with Simultaneous 120Gbit/s Communication and 2.5mm Sensing Resolution > **Experimental Setup**,34,44,Resolution is defined via c/(2B).,"polarization optimization by the PC3 and a polarizer, the 3-channel optical signals are injected into the UTC-PD for photonic heterodyning generation of 3-channel integrated signals",
O_ISAC_356,2023,FSO,Unknown,Δr_min,c/2B,m,DRMIN,eq,Photonic THz-ISAC Demonstration with Simultaneous 120Gbit/s Communication and 2.5mm Sensing Resolution > **Experimental Setup**,35,45,Resolution is defined via c/(2B).,"polarization optimization by the PC3 and a polarizer, the 3-channel optical signals are injected into the UTC-PD for photonic heterodyning generation of 3-channel integrated signals",
O_ISAC_356,2023,FSO,Unknown,Δr_min,c/2B,m,DRMIN,eq,Photonic THz-ISAC Demonstration with Simultaneous 120Gbit/s Communication and 2.5mm Sensing Resolution > **Experimental Setup**,36,46,Resolution is defined via c/(2B).,The received signals are amplified by a THz low noise amplifier (THz-LNA) with a 22 dB gain and then down-converted to the intermediated frequency (IF),
O_ISAC_356,2023,FSO,Unknown,Δr_min,c/2B,m,DRMIN,eq,Photonic THz-ISAC Demonstration with Simultaneous 120Gbit/s Communication and 2.5mm Sensing Resolution > **Experimental Setup**,37,47,Resolution is defined via c/(2B).,The received signals are amplified by a THz low noise amplifier (THz-LNA) with a 22 dB gain and then down-converted to the intermediated frequency (IF),
O_ISAC_356,2023,FSO,Unknown,R,120000000000.0,bps,OTHER,figure,Photonic THz-ISAC Demonstration with Simultaneous 120Gbit/s Communication and 2.5mm Sensing Resolution > **Experimental Setup** > **Results and Discussions**,47,47,Data rate/throughput is reported.,"error vector magnitude (EVM) performance and the constellations, where 10 GBaud data rate 16-QAM symbols are modulated onto the up-chirp carriers. We can observe that",
O_ISAC_356,2023,FSO,Unknown,R,120000000000.0,bps,OTHER,text,Photonic THz-ISAC Demonstration with Simultaneous 120Gbit/s Communication and 2.5mm Sensing Resolution > **Experimental Setup** > **Conclusions**,55,55,Data rate/throughput is reported.,"In summary, we experimentally demonstrate the wireless transmission of a photonic THz-ISAC system using a dual-chirp-based integrated waveform. A record communication data rate of 120",
O_ISAC_356,2023,FSO,Unknown,R,60000000000.0,bps,OTHER,text,**References**,69,69,Data rate/throughput is reported.,"- [7] Y. Wang, W. Li, J. Ding, J. Zhang, F. Wang, C. Wang, L. Zhao, C. Liu, W. Zhou, J. Yu, M. Lei, F.",
O_ISAC_360,2026,Fiber,Unknown,R,40000000.0,bps,OTHER,text,**Monolithic III-nitride photonic circuit for integrated sensing and communication system** > **Abstract**,9,9,Data rate/throughput is reported.,"Multifunctional optoelectronic systems are highly demanded for the Internet of Things era. Here, we propose and fabricate a monolithic III-nitride photonic circuit to achieve on-chip",
O_ISAC_360,2026,Fiber,Unknown,R,40000000.0,bps,OTHER,figure,**Monolithic III-nitride photonic circuit for integrated sensing and communication system** > **3 Measurement results**,53,53,Data rate/throughput is reported.,Fig. 4. (a) The waveform of the transmitted and received signals at 40 Mbps; (b) Open eye diagram for the in-plane communication at 40 Mbps.,
O_ISAC_360,2026,Fiber,Unknown,R,40000000.0,bps,OTHER,figure,**Monolithic III-nitride photonic circuit for integrated sensing and communication system** > **3 Measurement results**,55,55,Data rate/throughput is reported.,"With an identical InGaN/AlGaN MQW structure, one MQW-diode produces modulated light. The comb waveguide facilitates in-plane light coupling. After that, the second MQW-diode detects the",
O_ISAC_360,2026,Fiber,Unknown,R,40000000.0,bps,OTHER,text,**Monolithic III-nitride photonic circuit for integrated sensing and communication system** > **Conclusions**,65,65,Data rate/throughput is reported.,"In summary, we monolithically integrated III-nitride MQW transmitter, comb waveguides and receiver into a single chip due to the intriguing overlap between the EL and",
O_ISAC_371,2023,VLC,Indoor,R,125000000.0,bps,OTHER,table,**4 Simulation Details and Results** > **4.1 Simulation Setup**,217,217,Data rate/throughput is reported.,The simulation parameters are shown in Table [1.](#page-9-0) Assumed that data rate <sup>R</sup>b <sup>=</sup> 125 Mbps and data length is 10<sup>6</sup>. The positions of 1s,
O_ISAC_377,2022,Hybrid,Indoor,B,6000000000.0,Hz,OTHER,text,**1. Introduction**,11,11,Bandwidth is reported.,"In recent years, the boom of mobile apps, such as short videos and online meetings, has put forward an urgent need for high-speed wireless communications.",
O_ISAC_377,2022,Hybrid,Indoor,R,30000000000.0,bps,OTHER,text,**1. Introduction**,21,21,Data rate/throughput is reported.,"To address the defects of electronic up-conversion, photonics-aided mmW up-conversion, with inherent wide bandwidth and low transmission loss, have been intensively explored as a promising",
O_ISAC_377,2022,Hybrid,Indoor,R,1000000000.0,bps,OTHER,text,*1.1. Time division multiplexing (TDM)*,46,46,Data rate/throughput is reported.,"The TDM scheme allocates radar and communication functions at different time slots. In [\[19\]](#page-14-13), an envelope-detector-based JRC system in 300-GHz band was proposed. The radar",
O_ISAC_377,2022,Hybrid,Indoor,R,56000000000.0,bps,OTHER,text,*1.2. Frequency division multiplexing (FDM)*,52,52,Data rate/throughput is reported.,"The FDM scheme allocates radar and communication functions at different frequency bands. Compared with the TDM, the FDM enables uninterrupted detection and communication. In [\[22\]](#page-14-15),",
O_ISAC_377,2022,Hybrid,Indoor,R,1000000000.0,bps,OTHER,table,*1.3. Integrated waveforms*,56,56,Data rate/throughput is reported.,"The integrated waveforms realize radar and communication functions in a co-frequency and co-time mode, which not only enables uninterrupted detection and communication, but also avoids",
O_ISAC_377,2022,Hybrid,Indoor,Δz,0.3,m,DZ,text,*1.2. Frequency division multiplexing (FDM)*,52,68,Fiber spatial granularity/gauge length is reported.,"The FDM scheme allocates radar and communication functions at different frequency bands. Compared with the TDM, the FDM enables uninterrupted detection and communication. In [\[22\]](#page-14-15),",
O_ISAC_377,2022,Hybrid,Indoor,B,14000000000.0,Hz,OTHER,figure,3.1. mmW ISAC signal generation,150,150,Bandwidth is reported.,"First, we measure the transmission responses of the IL as shown by the dotted lines in Fig. 3(a). The ECL operates around the center of",
O_ISAC_377,2022,Hybrid,Indoor,R,11500000000.0,bps,OTHER,figure,*3.3. mmW wireless communications*,198,198,Data rate/throughput is reported.,"First, we measure the optical power margin of the mmW ISAC system by calculating the error vector magnitudes (EVMs) under different received optical powers (ROPs).",
O_ISAC_377,2022,Hybrid,Indoor,B,718750000.0,Hz,OTHER,figure,*3.3. mmW wireless communications*,198,198,Bandwidth is reported.,"First, we measure the optical power margin of the mmW ISAC system by calculating the error vector magnitudes (EVMs) under different received optical powers (ROPs).",
O_ISAC_379,2022,Hybrid,Indoor,R,41480000000.0,bps,OTHER,text,**Demonstration of photonics-based flexible integration of sensing and communication with adaptive waveforms for a W-band fiber-wireless integrated network**,7,7,Data rate/throughput is reported.,**Abstract:** The integration of sensing and communication (ISAC) in millimeter-waves (MMW) will play an important role in future 6G applications. Photonics-based radar sensing and communication,
O_ISAC_379,2022,Hybrid,Indoor,B,96500000000.0,Hz,OTHER,text,**Demonstration of photonics-based flexible integration of sensing and communication with adaptive waveforms for a W-band fiber-wireless integrated network**,7,7,Bandwidth is reported.,**Abstract:** The integration of sensing and communication (ISAC) in millimeter-waves (MMW) will play an important role in future 6G applications. Photonics-based radar sensing and communication,
O_ISAC_379,2022,Hybrid,Indoor,ESNR,,dB,OTHER,text,**Demonstration of photonics-based flexible integration of sensing and communication with adaptive waveforms for a W-band fiber-wireless integrated network** > **1. Introduction**,25,25,Electrical/post-detection SNR is mentioned.,"Compared with traditional all-electronic ISAC systems, whose signal bandwidth is strictly limited and performance degrades rapidly as the carrier frequency increases [\[6\]](#page-13-5), photonics-based ISAC systems",
O_ISAC_379,2022,Hybrid,Indoor,R,41480000000.0,bps,OTHER,text,**Demonstration of photonics-based flexible integration of sensing and communication with adaptive waveforms for a W-band fiber-wireless integrated network** > **1. Introduction**,29,29,Data rate/throughput is reported.,"To fully explore photonics-based ISAC, in this study, we developed and experimentally demonstrated a novel W-band photonics-based flexible ISAC system with adaptive waveforms for a",
O_ISAC_379,2022,Hybrid,Indoor,B,96500000000.0,Hz,OTHER,text,**Demonstration of photonics-based flexible integration of sensing and communication with adaptive waveforms for a W-band fiber-wireless integrated network** > **1. Introduction**,29,29,Bandwidth is reported.,"To fully explore photonics-based ISAC, in this study, we developed and experimentally demonstrated a novel W-band photonics-based flexible ISAC system with adaptive waveforms for a",
O_ISAC_379,2022,Hybrid,Indoor,B,2500000000.0,Hz,OTHER,figure,"<span id=""page-2-0""></span>**2. Principle** > Optics EXPRESS > <span id=""page-5-0""></span>**3. Experimental section**",119,119,Bandwidth is reported.,"As a proof-of-concept, we set up an experiment of a photonics-based flexible ISAC system with adaptive waveforms for a fiber-wireless integrated network, as shown in",
O_ISAC_379,2022,Hybrid,Indoor,R,32340000000.000004,bps,OTHER,text,*4.2. Centralized and seamless fiber-wireless experimental result* > 4.2.2. Flexible communication and sensing,197,197,Data rate/throughput is reported.,"ratio is changed from 0.2 to 0.8, the data rate can be flexibly adjusted within the range of 5.98 to 32.34 Gbit/s, and even in",
O_ISAC_379,2022,Hybrid,Indoor,R,41480000000.0,bps,OTHER,text,"<span id=""page-13-12""></span>**5. Conclusion**",239,239,Data rate/throughput is reported.,"In this study, we developed and experimentally demonstrated a W-band photonics-based flexible ISAC system with adaptive waveforms for a fiber-wireless integrated network. With the assistance",
O_ISAC_379,2022,Hybrid,Indoor,R,200000000000.0,bps,OTHER,eq,"<span id=""page-13-12""></span>**5. Conclusion** > **References**",259,259,Data rate/throughput is reported.,"- <span id=""page-13-8""></span>9. K. Wang, L. Zhao, and J. Yu, ""200 Gbit/s Photonics-Aided MMW PS-OFDM Signals Transmission at W-Band Enabled by Hybrid Time-Frequency Domain Equalization,""",
O_ISAC_381,2022,VLC,Indoor,R,30.0,bps,OTHER,text,"<span id=""page-0-0""></span>**1. Introduction**",44,44,Data rate/throughput is reported.,"In 2021, a real-time DCC system based on LED displays and smartphones with an Alternate Bit-flipping Repeat Coding (ABRC) scheme for the synchronization problem between",
O_ISAC_381,2022,VLC,Indoor,R,30.0,bps,OTHER,figure,"<span id=""page-0-0""></span>**1. Introduction** > <span id=""page-2-0""></span>**2. The Proposed Long-Distance, Real-Time LED-DCC System** > 3.2. Data Transmission Performance",157,157,Data rate/throughput is reported.,"As shown in Figure 6, the BER performance and the data transmission rate with the data transmission distance are evaluated. The black dashed line shows",
O_ISAC_388,2019,VLC,Indoor,R,100000000.0,bps,OTHER,figure,Introduction > SIMULATION SETUP AND RESULTS > SIMULATION RESULTS,137,137,Data rate/throughput is reported.,"The dash lines show the theoretical BER curves when the number of users is one, three, and five, respectively, for the proposed VLC-OCC-CDMA and VLC-OOC-CDMA",
O_ISAC_388,2019,VLC,Indoor,R,15000000.0,bps,OTHER,figure,Introduction > SIMULATION SETUP AND RESULTS > SIMULATION RESULTS,139,139,Data rate/throughput is reported.,Figure 4 shows the BER performances of a VLC-OCC-CDMA system versus the number of users with different SNR and $R_b$ . The system can support,
O_ISAC_388,2019,VLC,Indoor,R,15000000.0,bps,OTHER,figure,Introduction > SIMULATION SETUP AND RESULTS > SIMULATION RESULTS,149,149,Data rate/throughput is reported.,"FIGURE 4. BER performance versus the number of users in VLC-OCC-CDMA system with two typical values of SNR (10 dB, 15 dB) and data rates",
O_ISAC_388,2019,VLC,Indoor,R,5000000.0,bps,OTHER,text,Introduction > SIMULATION SETUP AND RESULTS > SIMULATION RESULTS,151,151,Data rate/throughput is reported.,"tem contains an LOS component and four paths [6], and that for the VLC-MC-CDMA system is a LOS channel[6]. The power vector of the four",
O_ISAC_388,2019,VLC,Indoor,R,5000000.0,bps,OTHER,text,Introduction > SIMULATION SETUP AND RESULTS > SIMULATION RESULTS,155,155,Data rate/throughput is reported.,"In multipath scenarios, we show the performances of a VLC-OCC-CDMA system with two values of $R_b$ . With a lower $R_b$ (say 5 Mb/s), the",
O_ISAC_388,2019,VLC,Indoor,R,5000000.0,bps,OTHER,figure,Introduction > SIMULATION SETUP AND RESULTS > SIMULATION RESULTS,159,159,Data rate/throughput is reported.,"FIGURE 5. BER performance comparison for VLC-OCC-CDMA and VLC-MC-CDMA systems [4]. The parameters of OCCs are N = 16, and M = 2. The length",
O_ISAC_388,2019,VLC,Indoor,R,20000000.0,bps,OTHER,eq,Introduction > SIMULATION SETUP AND RESULTS > SIMULATION RESULTS,165,165,Data rate/throughput is reported.,in the four-path channel is better than that in a LOS channel. The chip duration $T_{\rm C}$ ( $T_{\rm C}$ = 1/N $R_{\rm b}$ ),
