"source_metric_record_id","canonical_study_cluster_id","canonical_source_report_id","canonical_condition_set_id","canonical_tradeoff_id","canonical_metric_domain","canonical_metric_family_code","canonical_metric_name_reported","canonical_measurement_plane_code","canonical_validation_type_code","canonical_result_representation","canonical_comparison_operator","canonical_value_numeric","canonical_value_low","canonical_value_high","canonical_uncertainty_type","canonical_uncertainty_value","canonical_unit_reported","canonical_value_status","canonical_value_origin","canonical_scenario_summary","canonical_baseline_comparator","canonical_comparison_group_id","canonical_metric_comparability_class","canonical_metric_comparison_admissibility_class","canonical_pdf_page","canonical_section_heading","canonical_table_id","canonical_figure_id","canonical_equation_id","canonical_final_survey_use_class","canonical_final_comparison_admissibility","canonical_cross_study_quantitative_comparison_allowed","canonical_final_reason_code","canonical_independent_human_status","canonical_source_workbook_sha256","register_final_comparison_admissibility","register_cross_study_flag","register_independent_human_status","reviewer_code","review_date_utc","reviewed_source_report_title","reviewed_source_report_doi","reviewed_companion_relationship","reviewed_source_pdf_sha256","source_pdf_opened","source_identity_decision","reviewed_pdf_page","reviewed_section_heading","reviewed_table_id","reviewed_figure_id","reviewed_equation_id","source_locator_decision","reviewed_metric_name","reviewed_metric_definition","reviewed_comparison_operator","reviewed_value_numeric","reviewed_value_low","reviewed_value_high","reviewed_uncertainty_type","reviewed_uncertainty_value","reviewed_unit_reported","reviewed_measurement_plane_code","reviewed_reference_point","reviewed_communication_task","reviewed_sensing_task","reviewed_objective","reviewed_scenario_summary","reviewed_geometry","reviewed_condition_set_id","reviewed_baseline_comparator","reviewed_validation_type_code","reviewed_value_origin","reviewed_comparison_group_id","comparison_decision","comparison_decision_rationale","survey_use_decision","verification_outcome","reviewer_notes","reviewer_lock_status","reviewer_signature_or_form_hash"
"MET-SCR00007-003","STC-SINGLETON-SCR-00007","SCR-00007","COND-SCR00007-8OF64-PILOTS","TRD-SCR00007-002","communication","spectral_efficiency","Spectral efficiency (η)","link","simulation","scalar","eq","0.875","","","NR","","fraction","reported","reported","64 total subcarriers, 56 data subcarriers, 8 dual-function pilot subcarriers.","","CG-PILOT-OFDM-DATA-SUBCARRIER-RATIO","conditionally_comparable","conditionally_admissible","6;9;11","5.3.1; 6.5; 6.7","","Figs. 6 and 8","Eq. (3)","eligible_quantitative","conditionally_admissible","yes_with_conditions","source_supported_scope_conditioned","not_documented","e0ea51c332483f0e7150b25ecfae9a1b1c19232a74b1f484d1277fd8a46da55c","conditionally_admissible","yes_with_conditions","not_documented","FULL-HR-01","2026-09-01","OFDM-based optical integrated sensing and communication framework using embedded pilot subcarriers","10.1364/optcon.595843","only_report_in_phase_g_source_set","753CFE02571D015F4A6BA356DB9A5FF6999E4AFDD9DEE0419EA478AB407D6D75","yes","match","6;9;11","5.3.1; 6.5; 6.7","NR","Figs. 6 and 8","Eq. (3)","match","Spectral efficiency (η)","NR","eq","0.875","NR","NR","NR","NR","fraction","link","NR","source_reported_communication_function","NR","NR","64 total subcarriers, 56 data subcarriers, 8 dual-function pilot subcarriers.","NR","COND-SCR00007-8OF64-PILOTS","NR","simulation","reported","CG-PILOT-OFDM-DATA-SUBCARRIER-RATIO","analysis_pending","Source verification complete; comparison grouping is intentionally separated and recorded in the G6 analysis files.","analysis_pending","verified_as_reported","Independent analog source-PDF review completed. Source identity, locator, value, unit, condition, and comparator role were approved. Main-text use remains a separate author decision.","COMPLETE_LOCKED","ANONYMOUS_HUMAN_ATTESTATION_FULL-HR-01_2026-09-01"
"MET-SCR00008-003","STC-SINGLETON-SCR-00008","SCR-00008","COND-SCR00008-DBR-REFERENCE","","sensing","other","Previously reported DBR linewidth","device_component","laboratory_experiment","scalar","eq","500","","","NR","","kHz","reported","reported","Secondary-source comparator cited as Ref. 19.","Current-work text value approximately 600 kHz.","CG-FTDVS-REPORTED-LASER-LINEWIDTH","conditionally_comparable","conditionally_admissible","4","3. Experiments and Result Discussion","","Fig. 3","","eligible_quantitative","conditionally_admissible","yes_with_conditions","source_supported_scope_conditioned","not_documented","e0ea51c332483f0e7150b25ecfae9a1b1c19232a74b1f484d1277fd8a46da55c","conditionally_admissible","yes_with_conditions","not_documented","FULL-HR-01","2026-09-01","Enhanced single-fiber bi-directional FT-DVS using a 600-kHz linewidth DBR laser with LPN compensation for O-ISAC [Invited]","10.3788/col202624.030006","only_report_in_phase_g_source_set","36F3A5197EFA32B5E29E29C0A1989250321B1E03D0AF152C735F24DC8090BA06","yes","match","4","3. Experiments and Result Discussion","NR","Fig. 3","NR","match","Previously reported DBR linewidth","NR","eq","500","NR","NR","NR","NR","kHz","device_component","NR","NR","source_reported_sensing_function","NR","Secondary-source comparator cited as Ref. 19.","NR","COND-SCR00008-DBR-REFERENCE","Current-work text value approximately 600 kHz.","laboratory_experiment","reported","CG-FTDVS-REPORTED-LASER-LINEWIDTH","analysis_pending","Source verification complete; comparison grouping is intentionally separated and recorded in the G6 analysis files.","analysis_pending","verified_as_reported","Independent analog source-PDF review completed. Source identity, locator, value, unit, condition, and comparator role were approved. Main-text use remains a separate author decision.","COMPLETE_LOCKED","ANONYMOUS_HUMAN_ATTESTATION_FULL-HR-01_2026-09-01"
"MET-SCR00008-005","STC-SINGLETON-SCR-00008","SCR-00008","COND-SCR00008-10KHZ-COMM-OFF","","sensing","other","Original-phase drift magnitude","link","laboratory_experiment","threshold","gt","50000","","","NR","","rad","reported","reported","600-kHz DBR laser; 10-kHz single-cycle PZT vibration; communication off.","Differential processing before and after LPN compensation.","CG-FTDVS-RAW-PHASE-DRIFT","conditionally_comparable","conditionally_admissible","4","3. Experiments and Result Discussion","","Fig. 4(a)","Eq. (4)","eligible_quantitative","conditionally_admissible","yes_with_conditions","source_supported_scope_conditioned","not_documented","e0ea51c332483f0e7150b25ecfae9a1b1c19232a74b1f484d1277fd8a46da55c","conditionally_admissible","yes_with_conditions","not_documented","FULL-HR-01","2026-09-01","Enhanced single-fiber bi-directional FT-DVS using a 600-kHz linewidth DBR laser with LPN compensation for O-ISAC [Invited]","10.3788/col202624.030006","only_report_in_phase_g_source_set","36F3A5197EFA32B5E29E29C0A1989250321B1E03D0AF152C735F24DC8090BA06","yes","match","4","3. Experiments and Result Discussion","NR","Fig. 4(a)","Eq. (4)","match","Original-phase drift magnitude","NR","gt","50000","NR","NR","NR","NR","rad","link","NR","NR","source_reported_sensing_function","NR","600-kHz DBR laser; 10-kHz single-cycle PZT vibration; communication off.","NR","COND-SCR00008-10KHZ-COMM-OFF","Differential processing before and after LPN compensation.","laboratory_experiment","reported","CG-FTDVS-RAW-PHASE-DRIFT","analysis_pending","Source verification complete; comparison grouping is intentionally separated and recorded in the G6 analysis files.","analysis_pending","verified_as_reported","Independent analog source-PDF review completed. Source identity, locator, value, unit, condition, and comparator role were approved. Main-text use remains a separate author decision.","COMPLETE_LOCKED","ANONYMOUS_HUMAN_ATTESTATION_FULL-HR-01_2026-09-01"
"MET-SCR00008-006","STC-SINGLETON-SCR-00008","SCR-00008","COND-SCR00008-10KHZ-COMM-OFF","","sensing","other","Differential-phase fluctuation before LPN compensation","link","laboratory_experiment","threshold","lt","2000","","","NR","","rad","reported","reported","600-kHz DBR; 10-kHz PZT; communication off; before LPN compensation.","Original phase drift above 50,000 rad.","CG-FTDVS-DIFFERENTIAL-PHASE-FLUCTUATION","conditionally_comparable","conditionally_admissible","4-5","3. Experiments and Result Discussion","","Fig. 4(b)","Eq. (5)","eligible_quantitative","conditionally_admissible","yes_with_conditions","source_supported_scope_conditioned","not_documented","e0ea51c332483f0e7150b25ecfae9a1b1c19232a74b1f484d1277fd8a46da55c","conditionally_admissible","yes_with_conditions","not_documented","FULL-HR-01","2026-09-01","Enhanced single-fiber bi-directional FT-DVS using a 600-kHz linewidth DBR laser with LPN compensation for O-ISAC [Invited]","10.3788/col202624.030006","only_report_in_phase_g_source_set","36F3A5197EFA32B5E29E29C0A1989250321B1E03D0AF152C735F24DC8090BA06","yes","match","4-5","3. Experiments and Result Discussion","NR","Fig. 4(b)","Eq. (5)","match","Differential-phase fluctuation before LPN compensation","NR","lt","2000","NR","NR","NR","NR","rad","link","NR","NR","source_reported_sensing_function","NR","600-kHz DBR; 10-kHz PZT; communication off; before LPN compensation.","NR","COND-SCR00008-10KHZ-COMM-OFF","Original phase drift above 50,000 rad.","laboratory_experiment","reported","CG-FTDVS-DIFFERENTIAL-PHASE-FLUCTUATION","analysis_pending","Source verification complete; comparison grouping is intentionally separated and recorded in the G6 analysis files.","analysis_pending","verified_as_reported","Independent analog source-PDF review completed. Source identity, locator, value, unit, condition, and comparator role were approved. Main-text use remains a separate author decision.","COMPLETE_LOCKED","ANONYMOUS_HUMAN_ATTESTATION_FULL-HR-01_2026-09-01"
"MET-SCR00008-007","STC-SINGLETON-SCR-00008","SCR-00008","COND-SCR00008-10KHZ-COMM-OFF","","sensing","other","LPN-compensated vibration-phase peak","link","laboratory_experiment","scalar","approx","40","","","NR","","rad","reported","reported","600-kHz DBR; 10-kHz PZT; communication off; after reference-phase LPN compensation.","Differential phase before LPN compensation.","CG-FTDVS-COMPENSATED-PHASE-PEAK","conditionally_comparable","conditionally_admissible","5","3. Experiments and Result Discussion","","Fig. 4(c)","Eq. (11)","eligible_quantitative","conditionally_admissible","yes_with_conditions","source_supported_scope_conditioned","not_documented","e0ea51c332483f0e7150b25ecfae9a1b1c19232a74b1f484d1277fd8a46da55c","conditionally_admissible","yes_with_conditions","not_documented","FULL-HR-01","2026-09-01","Enhanced single-fiber bi-directional FT-DVS using a 600-kHz linewidth DBR laser with LPN compensation for O-ISAC [Invited]","10.3788/col202624.030006","only_report_in_phase_g_source_set","36F3A5197EFA32B5E29E29C0A1989250321B1E03D0AF152C735F24DC8090BA06","yes","match","5","3. Experiments and Result Discussion","NR","Fig. 4(c)","Eq. (11)","match","LPN-compensated vibration-phase peak","NR","approx","40","NR","NR","NR","NR","rad","link","NR","NR","source_reported_sensing_function","NR","600-kHz DBR; 10-kHz PZT; communication off; after reference-phase LPN compensation.","NR","COND-SCR00008-10KHZ-COMM-OFF","Differential phase before LPN compensation.","laboratory_experiment","reported","CG-FTDVS-COMPENSATED-PHASE-PEAK","analysis_pending","Source verification complete; comparison grouping is intentionally separated and recorded in the G6 analysis files.","analysis_pending","verified_as_reported","Independent analog source-PDF review completed. Source identity, locator, value, unit, condition, and comparator role were approved. Main-text use remains a separate author decision.","COMPLETE_LOCKED","ANONYMOUS_HUMAN_ATTESTATION_FULL-HR-01_2026-09-01"
"MET-SCR00008-008","STC-SINGLETON-SCR-00008","SCR-00008","COND-SCR00008-10KHZ-COMM-OFF","","sensing","sensing_SNR","Signal-to-noise ratio (SNR)","link","laboratory_experiment","scalar","eq","45.4","","","NR","","dB","reported","reported","10-kHz PZT vibration; DBR with LPN compensation; communication signal absent.","Communication-on sensing SNR 44.6 dB; UNLL SNR 45.0 dB.","CG-FTDVS-SENSING-SNR","conditionally_comparable","conditionally_admissible","5","3. Experiments and Result Discussion","","Fig. 4(c)","","eligible_quantitative","conditionally_admissible","yes_with_conditions","source_supported_scope_conditioned","not_documented","e0ea51c332483f0e7150b25ecfae9a1b1c19232a74b1f484d1277fd8a46da55c","conditionally_admissible","yes_with_conditions","not_documented","FULL-HR-01","2026-09-01","Enhanced single-fiber bi-directional FT-DVS using a 600-kHz linewidth DBR laser with LPN compensation for O-ISAC [Invited]","10.3788/col202624.030006","only_report_in_phase_g_source_set","36F3A5197EFA32B5E29E29C0A1989250321B1E03D0AF152C735F24DC8090BA06","yes","match","5","3. Experiments and Result Discussion","NR","Fig. 4(c)","NR","match","Signal-to-noise ratio (SNR)","NR","eq","45.4","NR","NR","NR","NR","dB","link","NR","NR","source_reported_sensing_function","NR","10-kHz PZT vibration; DBR with LPN compensation; communication signal absent.","NR","COND-SCR00008-10KHZ-COMM-OFF","Communication-on sensing SNR 44.6 dB; UNLL SNR 45.0 dB.","laboratory_experiment","reported","CG-FTDVS-SENSING-SNR","analysis_pending","Source verification complete; comparison grouping is intentionally separated and recorded in the G6 analysis files.","analysis_pending","verified_as_reported","Independent analog source-PDF review completed. Source identity, locator, value, unit, condition, and comparator role were approved. Main-text use remains a separate author decision.","COMPLETE_LOCKED","ANONYMOUS_HUMAN_ATTESTATION_FULL-HR-01_2026-09-01"
"MET-SCR00008-009","STC-SINGLETON-SCR-00008","SCR-00008","COND-SCR00008-10KHZ-PSD-LT3KHZ","","sensing","other","Low-frequency background noise floor before LPN compensation","link","laboratory_experiment","scalar","eq","11.8","","","NR","","dB (ref rad^2/Hz)","reported","reported","10-kHz PZT vibration; PSD values below 3 kHz averaged.","After-compensation value -44.1 dB.","CG-FTDVS-PHASE-PSD-NOISE-FLOOR","conditionally_comparable","conditionally_admissible","5","3. Experiments and Result Discussion","","Fig. 5(a)","","eligible_quantitative","conditionally_admissible","yes_with_conditions","source_supported_scope_conditioned","not_documented","e0ea51c332483f0e7150b25ecfae9a1b1c19232a74b1f484d1277fd8a46da55c","conditionally_admissible","yes_with_conditions","not_documented","FULL-HR-01","2026-09-01","Enhanced single-fiber bi-directional FT-DVS using a 600-kHz linewidth DBR laser with LPN compensation for O-ISAC [Invited]","10.3788/col202624.030006","only_report_in_phase_g_source_set","36F3A5197EFA32B5E29E29C0A1989250321B1E03D0AF152C735F24DC8090BA06","yes","match","5","3. Experiments and Result Discussion","NR","Fig. 5(a)","NR","match","Low-frequency background noise floor before LPN compensation","NR","eq","11.8","NR","NR","NR","NR","dB (ref rad^2/Hz)","link","NR","NR","source_reported_sensing_function","NR","10-kHz PZT vibration; PSD values below 3 kHz averaged.","NR","COND-SCR00008-10KHZ-PSD-LT3KHZ","After-compensation value -44.1 dB.","laboratory_experiment","reported","CG-FTDVS-PHASE-PSD-NOISE-FLOOR","analysis_pending","Source verification complete; comparison grouping is intentionally separated and recorded in the G6 analysis files.","analysis_pending","verified_as_reported","Independent analog source-PDF review completed. Source identity, locator, value, unit, condition, and comparator role were approved. Main-text use remains a separate author decision.","COMPLETE_LOCKED","ANONYMOUS_HUMAN_ATTESTATION_FULL-HR-01_2026-09-01"
"MET-SCR00008-010","STC-SINGLETON-SCR-00008","SCR-00008","COND-SCR00008-10KHZ-PSD-LT3KHZ","","sensing","other","Low-frequency background noise floor after LPN compensation","link","laboratory_experiment","scalar","eq","-44.1","","","NR","","dB (ref rad^2/Hz)","reported","reported","10-kHz PZT vibration; PSD values below 3 kHz averaged.","Before-compensation value 11.8 dB.","CG-FTDVS-PHASE-PSD-NOISE-FLOOR","conditionally_comparable","conditionally_admissible","5","3. Experiments and Result Discussion","","Fig. 5(a)","","eligible_quantitative","conditionally_admissible","yes_with_conditions","source_supported_scope_conditioned","not_documented","e0ea51c332483f0e7150b25ecfae9a1b1c19232a74b1f484d1277fd8a46da55c","conditionally_admissible","yes_with_conditions","not_documented","FULL-HR-01","2026-09-01","Enhanced single-fiber bi-directional FT-DVS using a 600-kHz linewidth DBR laser with LPN compensation for O-ISAC [Invited]","10.3788/col202624.030006","only_report_in_phase_g_source_set","36F3A5197EFA32B5E29E29C0A1989250321B1E03D0AF152C735F24DC8090BA06","yes","match","5","3. Experiments and Result Discussion","NR","Fig. 5(a)","NR","match","Low-frequency background noise floor after LPN compensation","NR","eq","-44.1","NR","NR","NR","NR","dB (ref rad^2/Hz)","link","NR","NR","source_reported_sensing_function","NR","10-kHz PZT vibration; PSD values below 3 kHz averaged.","NR","COND-SCR00008-10KHZ-PSD-LT3KHZ","Before-compensation value 11.8 dB.","laboratory_experiment","reported","CG-FTDVS-PHASE-PSD-NOISE-FLOOR","analysis_pending","Source verification complete; comparison grouping is intentionally separated and recorded in the G6 analysis files.","analysis_pending","verified_as_reported","Independent analog source-PDF review completed. Source identity, locator, value, unit, condition, and comparator role were approved. Main-text use remains a separate author decision.","COMPLETE_LOCKED","ANONYMOUS_HUMAN_ATTESTATION_FULL-HR-01_2026-09-01"
"MET-SCR00008-011","STC-SINGLETON-SCR-00008","SCR-00008","COND-SCR00008-10KHZ-PSD-LT3KHZ","","sensing","other","Low-frequency noise-floor reduction","link","laboratory_experiment","scalar","eq","55.9","","","NR","","dB","reported","reported","10-kHz vibration; mean PSD below 3 kHz.","11.8 to -44.1 dB.","CG-FTDVS-NOISE-FLOOR-REDUCTION","conditionally_comparable","conditionally_admissible","5","3. Experiments and Result Discussion","","Fig. 5(a)","","eligible_quantitative","conditionally_admissible","yes_with_conditions","source_supported_scope_conditioned","not_documented","e0ea51c332483f0e7150b25ecfae9a1b1c19232a74b1f484d1277fd8a46da55c","conditionally_admissible","yes_with_conditions","not_documented","FULL-HR-01","2026-09-01","Enhanced single-fiber bi-directional FT-DVS using a 600-kHz linewidth DBR laser with LPN compensation for O-ISAC [Invited]","10.3788/col202624.030006","only_report_in_phase_g_source_set","36F3A5197EFA32B5E29E29C0A1989250321B1E03D0AF152C735F24DC8090BA06","yes","match","5","3. Experiments and Result Discussion","NR","Fig. 5(a)","NR","match","Low-frequency noise-floor reduction","NR","eq","55.9","NR","NR","NR","NR","dB","link","NR","NR","source_reported_sensing_function","NR","10-kHz vibration; mean PSD below 3 kHz.","NR","COND-SCR00008-10KHZ-PSD-LT3KHZ","11.8 to -44.1 dB.","laboratory_experiment","reported","CG-FTDVS-NOISE-FLOOR-REDUCTION","analysis_pending","Source verification complete; comparison grouping is intentionally separated and recorded in the G6 analysis files.","analysis_pending","verified_as_reported","Independent analog source-PDF review completed. Source identity, locator, value, unit, condition, and comparator role were approved. Main-text use remains a separate author decision.","COMPLETE_LOCKED","ANONYMOUS_HUMAN_ATTESTATION_FULL-HR-01_2026-09-01"
"MET-SCR00008-012","STC-SINGLETON-SCR-00008","SCR-00008","COND-SCR00008-PZT-OFF-PSD-100KHZ","","sensing","other","No-vibration mean noise floor before LPN compensation","link","laboratory_experiment","scalar","eq","-1.6","","","NR","","dB (ref rad^2/Hz)","reported","reported","PZT drive off; mean PSD up to 100 kHz.","After-compensation value -50.2 dB.","CG-FTDVS-PHASE-PSD-NOISE-FLOOR","conditionally_comparable","conditionally_admissible","5","3. Experiments and Result Discussion","","Fig. 5(b)","","eligible_quantitative","conditionally_admissible","yes_with_conditions","source_supported_scope_conditioned","not_documented","e0ea51c332483f0e7150b25ecfae9a1b1c19232a74b1f484d1277fd8a46da55c","conditionally_admissible","yes_with_conditions","not_documented","FULL-HR-01","2026-09-01","Enhanced single-fiber bi-directional FT-DVS using a 600-kHz linewidth DBR laser with LPN compensation for O-ISAC [Invited]","10.3788/col202624.030006","only_report_in_phase_g_source_set","36F3A5197EFA32B5E29E29C0A1989250321B1E03D0AF152C735F24DC8090BA06","yes","match","5","3. Experiments and Result Discussion","NR","Fig. 5(b)","NR","match","No-vibration mean noise floor before LPN compensation","NR","eq","-1.6","NR","NR","NR","NR","dB (ref rad^2/Hz)","link","NR","NR","source_reported_sensing_function","NR","PZT drive off; mean PSD up to 100 kHz.","NR","COND-SCR00008-PZT-OFF-PSD-100KHZ","After-compensation value -50.2 dB.","laboratory_experiment","reported","CG-FTDVS-PHASE-PSD-NOISE-FLOOR","analysis_pending","Source verification complete; comparison grouping is intentionally separated and recorded in the G6 analysis files.","analysis_pending","verified_as_reported","Independent analog source-PDF review completed. Source identity, locator, value, unit, condition, and comparator role were approved. Main-text use remains a separate author decision.","COMPLETE_LOCKED","ANONYMOUS_HUMAN_ATTESTATION_FULL-HR-01_2026-09-01"
"MET-SCR00008-013","STC-SINGLETON-SCR-00008","SCR-00008","COND-SCR00008-PZT-OFF-PSD-100KHZ","","sensing","other","No-vibration mean noise floor after LPN compensation","link","laboratory_experiment","scalar","eq","-50.2","","","NR","","dB (ref rad^2/Hz)","reported","reported","PZT drive off; mean PSD up to 100 kHz.","Before-compensation value -1.6 dB.","CG-FTDVS-PHASE-PSD-NOISE-FLOOR","conditionally_comparable","conditionally_admissible","5","3. Experiments and Result Discussion","","Fig. 5(b)","","eligible_quantitative","conditionally_admissible","yes_with_conditions","source_supported_scope_conditioned","not_documented","e0ea51c332483f0e7150b25ecfae9a1b1c19232a74b1f484d1277fd8a46da55c","conditionally_admissible","yes_with_conditions","not_documented","FULL-HR-01","2026-09-01","Enhanced single-fiber bi-directional FT-DVS using a 600-kHz linewidth DBR laser with LPN compensation for O-ISAC [Invited]","10.3788/col202624.030006","only_report_in_phase_g_source_set","36F3A5197EFA32B5E29E29C0A1989250321B1E03D0AF152C735F24DC8090BA06","yes","match","5","3. Experiments and Result Discussion","NR","Fig. 5(b)","NR","match","No-vibration mean noise floor after LPN compensation","NR","eq","-50.2","NR","NR","NR","NR","dB (ref rad^2/Hz)","link","NR","NR","source_reported_sensing_function","NR","PZT drive off; mean PSD up to 100 kHz.","NR","COND-SCR00008-PZT-OFF-PSD-100KHZ","Before-compensation value -1.6 dB.","laboratory_experiment","reported","CG-FTDVS-PHASE-PSD-NOISE-FLOOR","analysis_pending","Source verification complete; comparison grouping is intentionally separated and recorded in the G6 analysis files.","analysis_pending","verified_as_reported","Independent analog source-PDF review completed. Source identity, locator, value, unit, condition, and comparator role were approved. Main-text use remains a separate author decision.","COMPLETE_LOCKED","ANONYMOUS_HUMAN_ATTESTATION_FULL-HR-01_2026-09-01"
"MET-SCR00008-014","STC-SINGLETON-SCR-00008","SCR-00008","COND-SCR00008-PZT-OFF-PSD-100KHZ","","sensing","other","No-vibration noise-floor reduction","link","laboratory_experiment","scalar","eq","48.6","","","NR","","dB","reported","reported","PZT drive off; mean PSD up to 100 kHz.","-1.6 to -50.2 dB.","CG-FTDVS-NOISE-FLOOR-REDUCTION","conditionally_comparable","conditionally_admissible","5","3. Experiments and Result Discussion","","Fig. 5(b)","","eligible_quantitative","conditionally_admissible","yes_with_conditions","source_supported_scope_conditioned","not_documented","e0ea51c332483f0e7150b25ecfae9a1b1c19232a74b1f484d1277fd8a46da55c","conditionally_admissible","yes_with_conditions","not_documented","FULL-HR-01","2026-09-01","Enhanced single-fiber bi-directional FT-DVS using a 600-kHz linewidth DBR laser with LPN compensation for O-ISAC [Invited]","10.3788/col202624.030006","only_report_in_phase_g_source_set","36F3A5197EFA32B5E29E29C0A1989250321B1E03D0AF152C735F24DC8090BA06","yes","match","5","3. Experiments and Result Discussion","NR","Fig. 5(b)","NR","match","No-vibration noise-floor reduction","NR","eq","48.6","NR","NR","NR","NR","dB","link","NR","NR","source_reported_sensing_function","NR","PZT drive off; mean PSD up to 100 kHz.","NR","COND-SCR00008-PZT-OFF-PSD-100KHZ","-1.6 to -50.2 dB.","laboratory_experiment","reported","CG-FTDVS-NOISE-FLOOR-REDUCTION","analysis_pending","Source verification complete; comparison grouping is intentionally separated and recorded in the G6 analysis files.","analysis_pending","verified_as_reported","Independent analog source-PDF review completed. Source identity, locator, value, unit, condition, and comparator role were approved. Main-text use remains a separate author decision.","COMPLETE_LOCKED","ANONYMOUS_HUMAN_ATTESTATION_FULL-HR-01_2026-09-01"
"MET-SCR00008-015","STC-SINGLETON-SCR-00008","SCR-00008","COND-SCR00008-DBR-VS-UNLL","","sensing","other","Pearson correlation coefficient","link","laboratory_experiment","scalar","eq","0.995","","","NR","","unitless","reported","reported","Same vibration comparison; DBR uses LPN compensation and NKT X15 UNLL does not.","NKT X15 UNLL below 100 Hz.","CG-LPN-COMPENSATION-PSD-CORRELATION","conditionally_comparable","conditionally_admissible","5-6","3. Experiments and Result Discussion","","Fig. 5(c)","","eligible_quantitative","conditionally_admissible","yes_with_conditions","source_supported_scope_conditioned","not_documented","e0ea51c332483f0e7150b25ecfae9a1b1c19232a74b1f484d1277fd8a46da55c","conditionally_admissible","yes_with_conditions","not_documented","FULL-HR-01","2026-09-01","Enhanced single-fiber bi-directional FT-DVS using a 600-kHz linewidth DBR laser with LPN compensation for O-ISAC [Invited]","10.3788/col202624.030006","only_report_in_phase_g_source_set","36F3A5197EFA32B5E29E29C0A1989250321B1E03D0AF152C735F24DC8090BA06","yes","match","5-6","3. Experiments and Result Discussion","NR","Fig. 5(c)","NR","match","Pearson correlation coefficient","NR","eq","0.995","NR","NR","NR","NR","unitless","link","NR","NR","source_reported_sensing_function","NR","Same vibration comparison; DBR uses LPN compensation and NKT X15 UNLL does not.","NR","COND-SCR00008-DBR-VS-UNLL","NKT X15 UNLL below 100 Hz.","laboratory_experiment","reported","CG-LPN-COMPENSATION-PSD-CORRELATION","analysis_pending","Source verification complete; comparison grouping is intentionally separated and recorded in the G6 analysis files.","analysis_pending","verified_as_reported","Independent analog source-PDF review completed. Source identity, locator, value, unit, condition, and comparator role were approved. Main-text use remains a separate author decision.","COMPLETE_LOCKED","ANONYMOUS_HUMAN_ATTESTATION_FULL-HR-01_2026-09-01"
"MET-SCR00008-016","STC-SINGLETON-SCR-00008","SCR-00008","COND-SCR00008-DBR-VS-UNLL","","sensing","sensing_SNR","UNLL time-domain SNR","link","laboratory_experiment","scalar","eq","45","","","NR","","dB","reported","reported","NKT X15 UNLL; LPN compensation not applied.","DBR with LPN compensation: 45.4 dB.","CG-FTDVS-SENSING-SNR","conditionally_comparable","conditionally_admissible","6","3. Experiments and Result Discussion","","Fig. 5(c)","","eligible_quantitative","conditionally_admissible","yes_with_conditions","source_supported_scope_conditioned","not_documented","e0ea51c332483f0e7150b25ecfae9a1b1c19232a74b1f484d1277fd8a46da55c","conditionally_admissible","yes_with_conditions","not_documented","FULL-HR-01","2026-09-01","Enhanced single-fiber bi-directional FT-DVS using a 600-kHz linewidth DBR laser with LPN compensation for O-ISAC [Invited]","10.3788/col202624.030006","only_report_in_phase_g_source_set","36F3A5197EFA32B5E29E29C0A1989250321B1E03D0AF152C735F24DC8090BA06","yes","match","6","3. Experiments and Result Discussion","NR","Fig. 5(c)","NR","match","UNLL time-domain SNR","NR","eq","45","NR","NR","NR","NR","dB","link","NR","NR","source_reported_sensing_function","NR","NKT X15 UNLL; LPN compensation not applied.","NR","COND-SCR00008-DBR-VS-UNLL","DBR with LPN compensation: 45.4 dB.","laboratory_experiment","reported","CG-FTDVS-SENSING-SNR","analysis_pending","Source verification complete; comparison grouping is intentionally separated and recorded in the G6 analysis files.","analysis_pending","verified_as_reported","Independent analog source-PDF review completed. Source identity, locator, value, unit, condition, and comparator role were approved. Main-text use remains a separate author decision.","COMPLETE_LOCKED","ANONYMOUS_HUMAN_ATTESTATION_FULL-HR-01_2026-09-01"
"MET-SCR00008-017","STC-SINGLETON-SCR-00008","SCR-00008","COND-SCR00008-DBR-VS-UNLL","","sensing","sensing_SNR","DBR time-domain SNR","link","laboratory_experiment","scalar","eq","45.4","","","NR","","dB","reported","reported","TL5600AN DBR with reference-phase LPN compensation.","NKT X15 UNLL: 45.0 dB.","CG-FTDVS-SENSING-SNR","conditionally_comparable","conditionally_admissible","6","3. Experiments and Result Discussion","","Fig. 5(c)","","eligible_quantitative","conditionally_admissible","yes_with_conditions","source_supported_scope_conditioned","not_documented","e0ea51c332483f0e7150b25ecfae9a1b1c19232a74b1f484d1277fd8a46da55c","conditionally_admissible","yes_with_conditions","not_documented","FULL-HR-01","2026-09-01","Enhanced single-fiber bi-directional FT-DVS using a 600-kHz linewidth DBR laser with LPN compensation for O-ISAC [Invited]","10.3788/col202624.030006","only_report_in_phase_g_source_set","36F3A5197EFA32B5E29E29C0A1989250321B1E03D0AF152C735F24DC8090BA06","yes","match","6","3. Experiments and Result Discussion","NR","Fig. 5(c)","NR","match","DBR time-domain SNR","NR","eq","45.4","NR","NR","NR","NR","dB","link","NR","NR","source_reported_sensing_function","NR","TL5600AN DBR with reference-phase LPN compensation.","NR","COND-SCR00008-DBR-VS-UNLL","NKT X15 UNLL: 45.0 dB.","laboratory_experiment","reported","CG-FTDVS-SENSING-SNR","analysis_pending","Source verification complete; comparison grouping is intentionally separated and recorded in the G6 analysis files.","analysis_pending","verified_as_reported","Independent analog source-PDF review completed. Source identity, locator, value, unit, condition, and comparator role were approved. Main-text use remains a separate author decision.","COMPLETE_LOCKED","ANONYMOUS_HUMAN_ATTESTATION_FULL-HR-01_2026-09-01"
"MET-SCR00008-018","STC-SINGLETON-SCR-00008","SCR-00008","COND-SCR00008-DBR-VS-UNLL","","sensing","sensing_SNR","SNR discrepancy","link","laboratory_experiment","scalar","eq","0.4","","","NR","","dB","reported","reported","UNLL versus DBR with LPN compensation.","45.0 versus 45.4 dB.","CG-FTDVS-SENSING-SNR-DIFFERENCE","conditionally_comparable","conditionally_admissible","6","3. Experiments and Result Discussion","","Fig. 5(c)","","eligible_quantitative","conditionally_admissible","yes_with_conditions","source_supported_scope_conditioned","not_documented","e0ea51c332483f0e7150b25ecfae9a1b1c19232a74b1f484d1277fd8a46da55c","conditionally_admissible","yes_with_conditions","not_documented","FULL-HR-01","2026-09-01","Enhanced single-fiber bi-directional FT-DVS using a 600-kHz linewidth DBR laser with LPN compensation for O-ISAC [Invited]","10.3788/col202624.030006","only_report_in_phase_g_source_set","36F3A5197EFA32B5E29E29C0A1989250321B1E03D0AF152C735F24DC8090BA06","yes","match","6","3. Experiments and Result Discussion","NR","Fig. 5(c)","NR","match","SNR discrepancy","NR","eq","0.4","NR","NR","NR","NR","dB","link","NR","NR","source_reported_sensing_function","NR","UNLL versus DBR with LPN compensation.","NR","COND-SCR00008-DBR-VS-UNLL","45.0 versus 45.4 dB.","laboratory_experiment","reported","CG-FTDVS-SENSING-SNR-DIFFERENCE","analysis_pending","Source verification complete; comparison grouping is intentionally separated and recorded in the G6 analysis files.","analysis_pending","verified_as_reported","Independent analog source-PDF review completed. Source identity, locator, value, unit, condition, and comparator role were approved. Main-text use remains a separate author decision.","COMPLETE_LOCKED","ANONYMOUS_HUMAN_ATTESTATION_FULL-HR-01_2026-09-01"
"MET-SCR00008-019","STC-SINGLETON-SCR-00008","SCR-00008","COND-SCR00008-UNCOMPENSATED-CORRELATION","","sensing","other","Uncompensated negative cross-correlation-spike delay","link","laboratory_experiment","scalar","eq","0.88687","","","NR","","ms","reported","reported","Differential phases without LPN compensation.","Theoretical 2tT+tD delay 0.89057 ms.","CG-FTDVS-CROSS-CORRELATION-DELAY","conditionally_comparable","conditionally_admissible","6","3. Experiments and Result Discussion","","Fig. 6(a)","Eq. (7)","eligible_quantitative","conditionally_admissible","yes_with_conditions","source_supported_scope_conditioned","not_documented","e0ea51c332483f0e7150b25ecfae9a1b1c19232a74b1f484d1277fd8a46da55c","conditionally_admissible","yes_with_conditions","not_documented","FULL-HR-01","2026-09-01","Enhanced single-fiber bi-directional FT-DVS using a 600-kHz linewidth DBR laser with LPN compensation for O-ISAC [Invited]","10.3788/col202624.030006","only_report_in_phase_g_source_set","36F3A5197EFA32B5E29E29C0A1989250321B1E03D0AF152C735F24DC8090BA06","yes","match","6","3. Experiments and Result Discussion","NR","Fig. 6(a)","Eq. (7)","match","Uncompensated negative cross-correlation-spike delay","NR","eq","0.88687","NR","NR","NR","NR","ms","link","NR","NR","source_reported_sensing_function","NR","Differential phases without LPN compensation.","NR","COND-SCR00008-UNCOMPENSATED-CORRELATION","Theoretical 2tT+tD delay 0.89057 ms.","laboratory_experiment","reported","CG-FTDVS-CROSS-CORRELATION-DELAY","analysis_pending","Source verification complete; comparison grouping is intentionally separated and recorded in the G6 analysis files.","analysis_pending","verified_as_reported","Independent analog source-PDF review completed. Source identity, locator, value, unit, condition, and comparator role were approved. Main-text use remains a separate author decision.","COMPLETE_LOCKED","ANONYMOUS_HUMAN_ATTESTATION_FULL-HR-01_2026-09-01"
"MET-SCR00008-020","STC-SINGLETON-SCR-00008","SCR-00008","COND-SCR00008-UNCOMPENSATED-CORRELATION","","sensing","other","Theoretical LPN cross-correlation delay","link","analytical","scalar","eq","0.89057","","","NA","","ms","reported","reported","Analytical delay for the 90-km link and 2-km delay fiber.","Measured negative-spike delay 0.88687 ms.","CG-FTDVS-CROSS-CORRELATION-DELAY","conditionally_comparable","conditionally_admissible","6","3. Experiments and Result Discussion","","Fig. 6(a)","Eq. (7)","eligible_quantitative","conditionally_admissible","yes_with_conditions","source_supported_scope_conditioned","not_documented","e0ea51c332483f0e7150b25ecfae9a1b1c19232a74b1f484d1277fd8a46da55c","conditionally_admissible","yes_with_conditions","not_documented","FULL-HR-01","2026-09-01","Enhanced single-fiber bi-directional FT-DVS using a 600-kHz linewidth DBR laser with LPN compensation for O-ISAC [Invited]","10.3788/col202624.030006","only_report_in_phase_g_source_set","36F3A5197EFA32B5E29E29C0A1989250321B1E03D0AF152C735F24DC8090BA06","yes","match","6","3. Experiments and Result Discussion","NR","Fig. 6(a)","Eq. (7)","match","Theoretical LPN cross-correlation delay","NR","eq","0.89057","NR","NR","NA","NR","ms","link","NR","NR","source_reported_sensing_function","NR","Analytical delay for the 90-km link and 2-km delay fiber.","NR","COND-SCR00008-UNCOMPENSATED-CORRELATION","Measured negative-spike delay 0.88687 ms.","analytical","reported","CG-FTDVS-CROSS-CORRELATION-DELAY","analysis_pending","Source verification complete; comparison grouping is intentionally separated and recorded in the G6 analysis files.","analysis_pending","verified_as_reported","Independent analog source-PDF review completed. Source identity, locator, value, unit, condition, and comparator role were approved. Main-text use remains a separate author decision.","COMPLETE_LOCKED","ANONYMOUS_HUMAN_ATTESTATION_FULL-HR-01_2026-09-01"
"MET-SCR00008-021","STC-SINGLETON-SCR-00008","SCR-00008","COND-SCR00008-COMPENSATED-LOCATION","","sensing","other","Compensated vibration delay t2","link","laboratory_experiment","scalar","eq","0.40662","","","NR","","ms","reported","reported","DBR with LPN compensation; positive cross-correlation peak.","Uncompensated phases do not show the required positive peak.","CG-FTDVS-CROSS-CORRELATION-DELAY","conditionally_comparable","conditionally_admissible","6","3. Experiments and Result Discussion","","Fig. 6(a)","Eqs. (7) and (8)","eligible_quantitative","conditionally_admissible","yes_with_conditions","source_supported_scope_conditioned","not_documented","e0ea51c332483f0e7150b25ecfae9a1b1c19232a74b1f484d1277fd8a46da55c","conditionally_admissible","yes_with_conditions","not_documented","FULL-HR-01","2026-09-01","Enhanced single-fiber bi-directional FT-DVS using a 600-kHz linewidth DBR laser with LPN compensation for O-ISAC [Invited]","10.3788/col202624.030006","only_report_in_phase_g_source_set","36F3A5197EFA32B5E29E29C0A1989250321B1E03D0AF152C735F24DC8090BA06","yes","match","6","3. Experiments and Result Discussion","NR","Fig. 6(a)","Eqs. (7) and (8)","match","Compensated vibration delay t2","NR","eq","0.40662","NR","NR","NR","NR","ms","link","NR","NR","source_reported_sensing_function","NR","DBR with LPN compensation; positive cross-correlation peak.","NR","COND-SCR00008-COMPENSATED-LOCATION","Uncompensated phases do not show the required positive peak.","laboratory_experiment","reported","CG-FTDVS-CROSS-CORRELATION-DELAY","analysis_pending","Source verification complete; comparison grouping is intentionally separated and recorded in the G6 analysis files.","analysis_pending","verified_as_reported","Independent analog source-PDF review completed. Source identity, locator, value, unit, condition, and comparator role were approved. Main-text use remains a separate author decision.","COMPLETE_LOCKED","ANONYMOUS_HUMAN_ATTESTATION_FULL-HR-01_2026-09-01"
"MET-SCR00008-024","STC-SINGLETON-SCR-00008","SCR-00008","COND-SCR00008-1KHZ-30TRIALS","","sensing","other","Location fluctuation range at 1 kHz","link","laboratory_experiment","scalar","eq","38.8","","","NA","","m","reported","reported","1-kHz PZT; 30 acquisitions; communication off.","3-kHz range 18.2 m; 10-kHz range 9.4 m.","CG-FTDVS-LOCATION-FLUCTUATION-RANGE","conditionally_comparable","conditionally_admissible","6","3. Experiments and Result Discussion","","Fig. 6(b)","","eligible_quantitative","conditionally_admissible","yes_with_conditions","source_supported_scope_conditioned","not_documented","e0ea51c332483f0e7150b25ecfae9a1b1c19232a74b1f484d1277fd8a46da55c","conditionally_admissible","yes_with_conditions","not_documented","FULL-HR-01","2026-09-01","Enhanced single-fiber bi-directional FT-DVS using a 600-kHz linewidth DBR laser with LPN compensation for O-ISAC [Invited]","10.3788/col202624.030006","only_report_in_phase_g_source_set","36F3A5197EFA32B5E29E29C0A1989250321B1E03D0AF152C735F24DC8090BA06","yes","match","6","3. Experiments and Result Discussion","NR","Fig. 6(b)","NR","match","Location fluctuation range at 1 kHz","NR","eq","38.8","NR","NR","NA","NR","m","link","NR","NR","source_reported_sensing_function","NR","1-kHz PZT; 30 acquisitions; communication off.","NR","COND-SCR00008-1KHZ-30TRIALS","3-kHz range 18.2 m; 10-kHz range 9.4 m.","laboratory_experiment","reported","CG-FTDVS-LOCATION-FLUCTUATION-RANGE","analysis_pending","Source verification complete; comparison grouping is intentionally separated and recorded in the G6 analysis files.","analysis_pending","verified_as_reported","Independent analog source-PDF review completed. Source identity, locator, value, unit, condition, and comparator role were approved. Main-text use remains a separate author decision.","COMPLETE_LOCKED","ANONYMOUS_HUMAN_ATTESTATION_FULL-HR-01_2026-09-01"
"MET-SCR00008-026","STC-SINGLETON-SCR-00008","SCR-00008","COND-SCR00008-3KHZ-30TRIALS","","sensing","other","Location fluctuation range at 3 kHz","link","laboratory_experiment","scalar","eq","18.2","","","NA","","m","reported","reported","3-kHz PZT; 30 acquisitions; communication off.","1-kHz range 38.8 m; 10-kHz range 9.4 m.","CG-FTDVS-LOCATION-FLUCTUATION-RANGE","conditionally_comparable","conditionally_admissible","6","3. Experiments and Result Discussion","","Fig. 6(b)","","eligible_quantitative","conditionally_admissible","yes_with_conditions","source_supported_scope_conditioned","not_documented","e0ea51c332483f0e7150b25ecfae9a1b1c19232a74b1f484d1277fd8a46da55c","conditionally_admissible","yes_with_conditions","not_documented","FULL-HR-01","2026-09-01","Enhanced single-fiber bi-directional FT-DVS using a 600-kHz linewidth DBR laser with LPN compensation for O-ISAC [Invited]","10.3788/col202624.030006","only_report_in_phase_g_source_set","36F3A5197EFA32B5E29E29C0A1989250321B1E03D0AF152C735F24DC8090BA06","yes","match","6","3. Experiments and Result Discussion","NR","Fig. 6(b)","NR","match","Location fluctuation range at 3 kHz","NR","eq","18.2","NR","NR","NA","NR","m","link","NR","NR","source_reported_sensing_function","NR","3-kHz PZT; 30 acquisitions; communication off.","NR","COND-SCR00008-3KHZ-30TRIALS","1-kHz range 38.8 m; 10-kHz range 9.4 m.","laboratory_experiment","reported","CG-FTDVS-LOCATION-FLUCTUATION-RANGE","analysis_pending","Source verification complete; comparison grouping is intentionally separated and recorded in the G6 analysis files.","analysis_pending","verified_as_reported","Independent analog source-PDF review completed. Source identity, locator, value, unit, condition, and comparator role were approved. Main-text use remains a separate author decision.","COMPLETE_LOCKED","ANONYMOUS_HUMAN_ATTESTATION_FULL-HR-01_2026-09-01"
"MET-SCR00008-028","STC-SINGLETON-SCR-00008","SCR-00008","COND-SCR00008-10KHZ-30TRIALS","","sensing","other","Location fluctuation range at 10 kHz","link","laboratory_experiment","scalar","eq","9.4","","","NA","","m","reported","reported","10-kHz PZT; 30 acquisitions; communication off.","1-kHz range 38.8 m; 3-kHz range 18.2 m.","CG-FTDVS-LOCATION-FLUCTUATION-RANGE","conditionally_comparable","conditionally_admissible","6","3. Experiments and Result Discussion","","Fig. 6(b)","","eligible_quantitative","conditionally_admissible","yes_with_conditions","source_supported_scope_conditioned","not_documented","e0ea51c332483f0e7150b25ecfae9a1b1c19232a74b1f484d1277fd8a46da55c","conditionally_admissible","yes_with_conditions","not_documented","FULL-HR-01","2026-09-01","Enhanced single-fiber bi-directional FT-DVS using a 600-kHz linewidth DBR laser with LPN compensation for O-ISAC [Invited]","10.3788/col202624.030006","only_report_in_phase_g_source_set","36F3A5197EFA32B5E29E29C0A1989250321B1E03D0AF152C735F24DC8090BA06","yes","match","6","3. Experiments and Result Discussion","NR","Fig. 6(b)","NR","match","Location fluctuation range at 10 kHz","NR","eq","9.4","NR","NR","NA","NR","m","link","NR","NR","source_reported_sensing_function","NR","10-kHz PZT; 30 acquisitions; communication off.","NR","COND-SCR00008-10KHZ-30TRIALS","1-kHz range 38.8 m; 3-kHz range 18.2 m.","laboratory_experiment","reported","CG-FTDVS-LOCATION-FLUCTUATION-RANGE","analysis_pending","Source verification complete; comparison grouping is intentionally separated and recorded in the G6 analysis files.","analysis_pending","verified_as_reported","Independent analog source-PDF review completed. Source identity, locator, value, unit, condition, and comparator role were approved. Main-text use remains a separate author decision.","COMPLETE_LOCKED","ANONYMOUS_HUMAN_ATTESTATION_FULL-HR-01_2026-09-01"
"MET-SCR00036-G2-001","STC-SINGLETON-SCR-00036","SCR-00036","COND-SCR00036-CALIBRATED-ECHO","","sensing","sensing_SNR","Echo SNR enhancement after switch calibration","system","laboratory_experiment","scalar","eq","16.5","","","","","dB","reported","reported","Eight-channel PAPA echo after on-chip optical-switch calibration.","Before calibration.","CG-SCR00036-ECHO-CALIBRATION","conditionally_comparable","conditionally_admissible","5-6","2.2 Implementation of ISAC Based on the Phased-Array Chip","","Fig. 4(b)","","eligible_quantitative","conditionally_admissible","yes_with_conditions","source_supported_scope_conditioned","not_documented","e0ea51c332483f0e7150b25ecfae9a1b1c19232a74b1f484d1277fd8a46da55c","conditionally_admissible","yes_with_conditions","not_documented","FULL-HR-01","2026-09-01","Millimeter-Wave Integrated Sensing and Communication System Based on a Photonics-Assisted Phased Array","10.1002/lpor.202502350","only_report_in_phase_g_source_set","E20C735D16C6D25519FB3FE684B889EA6026F1FDA7DA62D12ED2562A7558075A","yes","match","5-6","2.2 Implementation of ISAC Based on the Phased-Array Chip","NR","Fig. 4(b)","NR","match","Echo SNR enhancement after switch calibration","NR","eq","16.5","NR","NR","NR","NR","dB","system","NR","NR","source_reported_sensing_function","NR","Eight-channel PAPA echo after on-chip optical-switch calibration.","NR","COND-SCR00036-CALIBRATED-ECHO","Before calibration.","laboratory_experiment","reported","CG-SCR00036-ECHO-CALIBRATION","analysis_pending","Source verification complete; comparison grouping is intentionally separated and recorded in the G6 analysis files.","analysis_pending","verified_as_reported","Independent analog source-PDF review completed. Source identity, locator, value, unit, condition, and comparator role were approved. Main-text use remains a separate author decision.","COMPLETE_LOCKED","ANONYMOUS_HUMAN_ATTESTATION_FULL-HR-01_2026-09-01"
"MET-SCR00036-G2-002","STC-SINGLETON-SCR-00036","SCR-00036","COND-SCR00036-SINGLE-TARGET","","sensing","ranging_error","Maximum ranging error","system","laboratory_experiment","threshold","lt","1","","","","","cm","reported","reported","Single-target anechoic-chamber ranging over 1.6-2.7 m.","","CG-SCR00036-RANGING-ERROR","conditionally_comparable","conditionally_admissible","6","2.2 Implementation of ISAC Based on the Phased-Array Chip","","Fig. 4(c)","","eligible_quantitative","conditionally_admissible","yes_with_conditions","source_supported_scope_conditioned","not_documented","e0ea51c332483f0e7150b25ecfae9a1b1c19232a74b1f484d1277fd8a46da55c","conditionally_admissible","yes_with_conditions","not_documented","FULL-HR-01","2026-09-01","Millimeter-Wave Integrated Sensing and Communication System Based on a Photonics-Assisted Phased Array","10.1002/lpor.202502350","only_report_in_phase_g_source_set","E20C735D16C6D25519FB3FE684B889EA6026F1FDA7DA62D12ED2562A7558075A","yes","match","6","2.2 Implementation of ISAC Based on the Phased-Array Chip","NR","Fig. 4(c)","NR","match","Maximum ranging error","NR","lt","1","NR","NR","NR","NR","cm","system","NR","NR","source_reported_sensing_function","NR","Single-target anechoic-chamber ranging over 1.6-2.7 m.","NR","COND-SCR00036-SINGLE-TARGET","NR","laboratory_experiment","reported","CG-SCR00036-RANGING-ERROR","analysis_pending","Source verification complete; comparison grouping is intentionally separated and recorded in the G6 analysis files.","analysis_pending","verified_as_reported","Independent analog source-PDF review completed. Source identity, locator, value, unit, condition, and comparator role were approved. Main-text use remains a separate author decision.","COMPLETE_LOCKED","ANONYMOUS_HUMAN_ATTESTATION_FULL-HR-01_2026-09-01"
"MET-SCR00036-G2-003","STC-SINGLETON-SCR-00036","SCR-00036","COND-SCR00036-SINGLE-TARGET","","sensing","ranging_error","Relative ranging error","system","laboratory_experiment","threshold","lt","0.4","","","","","%","reported","reported","Single-target ranging at 1.6-2.7 m.","","CG-SCR00036-RANGING-ERROR","conditionally_comparable","conditionally_admissible","6","2.2 Implementation of ISAC Based on the Phased-Array Chip","","Fig. 4(c)","","eligible_quantitative","conditionally_admissible","yes_with_conditions","source_supported_scope_conditioned","not_documented","e0ea51c332483f0e7150b25ecfae9a1b1c19232a74b1f484d1277fd8a46da55c","conditionally_admissible","yes_with_conditions","not_documented","FULL-HR-01","2026-09-01","Millimeter-Wave Integrated Sensing and Communication System Based on a Photonics-Assisted Phased Array","10.1002/lpor.202502350","only_report_in_phase_g_source_set","E20C735D16C6D25519FB3FE684B889EA6026F1FDA7DA62D12ED2562A7558075A","yes","match","6","2.2 Implementation of ISAC Based on the Phased-Array Chip","NR","Fig. 4(c)","NR","match","Relative ranging error","NR","lt","0.4","NR","NR","NR","NR","%","system","NR","NR","source_reported_sensing_function","NR","Single-target ranging at 1.6-2.7 m.","NR","COND-SCR00036-SINGLE-TARGET","NR","laboratory_experiment","reported","CG-SCR00036-RANGING-ERROR","analysis_pending","Source verification complete; comparison grouping is intentionally separated and recorded in the G6 analysis files.","analysis_pending","verified_as_reported","Independent analog source-PDF review completed. Source identity, locator, value, unit, condition, and comparator role were approved. Main-text use remains a separate author decision.","COMPLETE_LOCKED","ANONYMOUS_HUMAN_ATTESTATION_FULL-HR-01_2026-09-01"
"MET-SCR00036-G2-004","STC-SINGLETON-SCR-00036","SCR-00036","COND-SCR00036-TWO-TARGET","","sensing","range_resolution","Measured ranging resolution","system","laboratory_experiment","scalar","approx","3","","","","","cm","reported","reported","Two targets separated by 3 cm.","","CG-SCR00036-RANGE-RESOLUTION","conditionally_comparable","conditionally_admissible","6","2.2 Implementation of ISAC Based on the Phased-Array Chip","","Fig. 4(e)","Eq. (2)","eligible_quantitative","conditionally_admissible","yes_with_conditions","source_supported_scope_conditioned","not_documented","e0ea51c332483f0e7150b25ecfae9a1b1c19232a74b1f484d1277fd8a46da55c","conditionally_admissible","yes_with_conditions","not_documented","FULL-HR-01","2026-09-01","Millimeter-Wave Integrated Sensing and Communication System Based on a Photonics-Assisted Phased Array","10.1002/lpor.202502350","only_report_in_phase_g_source_set","E20C735D16C6D25519FB3FE684B889EA6026F1FDA7DA62D12ED2562A7558075A","yes","match","6","2.2 Implementation of ISAC Based on the Phased-Array Chip","NR","Fig. 4(e)","Eq. (2)","match","Measured ranging resolution","NR","approx","3","NR","NR","NR","NR","cm","system","NR","NR","source_reported_sensing_function","NR","Two targets separated by 3 cm.","NR","COND-SCR00036-TWO-TARGET","NR","laboratory_experiment","reported","CG-SCR00036-RANGE-RESOLUTION","analysis_pending","Source verification complete; comparison grouping is intentionally separated and recorded in the G6 analysis files.","analysis_pending","verified_as_reported","Independent analog source-PDF review completed. Source identity, locator, value, unit, condition, and comparator role were approved. Main-text use remains a separate author decision.","COMPLETE_LOCKED","ANONYMOUS_HUMAN_ATTESTATION_FULL-HR-01_2026-09-01"
"MET-SCR00036-G2-005","STC-SINGLETON-SCR-00036","SCR-00036","COND-SCR00036-20GBPS-16QAM","","communication","data_rate","Communication data rate","system","laboratory_experiment","scalar","eq","20","","","","","Gbps","reported","reported","5-GBaud integrated 21-26-GHz OFDM-FMCW signal.","","CG-SCR00036-DATA-RATE","conditionally_comparable","conditionally_admissible","6","2.2 Implementation of ISAC Based on the Phased-Array Chip","","Fig. 4(f)","","eligible_quantitative","conditionally_admissible","yes_with_conditions","source_supported_scope_conditioned","not_documented","e0ea51c332483f0e7150b25ecfae9a1b1c19232a74b1f484d1277fd8a46da55c","conditionally_admissible","yes_with_conditions","not_documented","FULL-HR-01","2026-09-01","Millimeter-Wave Integrated Sensing and Communication System Based on a Photonics-Assisted Phased Array","10.1002/lpor.202502350","only_report_in_phase_g_source_set","E20C735D16C6D25519FB3FE684B889EA6026F1FDA7DA62D12ED2562A7558075A","yes","match","6","2.2 Implementation of ISAC Based on the Phased-Array Chip","NR","Fig. 4(f)","NR","match","Communication data rate","NR","eq","20","NR","NR","NR","NR","Gbps","system","NR","source_reported_communication_function","NR","NR","5-GBaud integrated 21-26-GHz OFDM-FMCW signal.","NR","COND-SCR00036-20GBPS-16QAM","NR","laboratory_experiment","reported","CG-SCR00036-DATA-RATE","analysis_pending","Source verification complete; comparison grouping is intentionally separated and recorded in the G6 analysis files.","analysis_pending","verified_as_reported","Independent analog source-PDF review completed. Source identity, locator, value, unit, condition, and comparator role were approved. Main-text use remains a separate author decision.","COMPLETE_LOCKED","ANONYMOUS_HUMAN_ATTESTATION_FULL-HR-01_2026-09-01"
"MET-SCR00036-G2-006","STC-SINGLETON-SCR-00036","SCR-00036","COND-SCR00036-20GBPS-16QAM","","communication","BER","Best BER","system","laboratory_experiment","scalar","eq","0.000076","","","","","BER","reported","reported","20-Gbps 16-QAM; varying optical input power to the chip.","7% HD-FEC threshold.","CG-SCR00036-BER","conditionally_comparable","conditionally_admissible","6","2.2 Implementation of ISAC Based on the Phased-Array Chip","","Fig. 4(f)","","eligible_quantitative","conditionally_admissible","yes_with_conditions","source_supported_scope_conditioned","not_documented","e0ea51c332483f0e7150b25ecfae9a1b1c19232a74b1f484d1277fd8a46da55c","conditionally_admissible","yes_with_conditions","not_documented","FULL-HR-01","2026-09-01","Millimeter-Wave Integrated Sensing and Communication System Based on a Photonics-Assisted Phased Array","10.1002/lpor.202502350","only_report_in_phase_g_source_set","E20C735D16C6D25519FB3FE684B889EA6026F1FDA7DA62D12ED2562A7558075A","yes","match","6","2.2 Implementation of ISAC Based on the Phased-Array Chip","NR","Fig. 4(f)","NR","match","Best BER","NR","eq","0.000076","NR","NR","NR","NR","BER","system","NR","source_reported_communication_function","NR","NR","20-Gbps 16-QAM; varying optical input power to the chip.","NR","COND-SCR00036-20GBPS-16QAM","7% HD-FEC threshold.","laboratory_experiment","reported","CG-SCR00036-BER","analysis_pending","Source verification complete; comparison grouping is intentionally separated and recorded in the G6 analysis files.","analysis_pending","verified_as_reported","Independent analog source-PDF review completed. Source identity, locator, value, unit, condition, and comparator role were approved. Main-text use remains a separate author decision.","COMPLETE_LOCKED","ANONYMOUS_HUMAN_ATTESTATION_FULL-HR-01_2026-09-01"
"MET-SCR00036-G2-007","STC-SINGLETON-SCR-00036","SCR-00036","COND-SCR00036-BEAM-STEERING","","joint","other","Beam-steering switching time","device_component","laboratory_experiment","scalar","eq","23","","","","","us","reported","reported","Thermo-optic switch/time-delay network.","","CG-SCR00036-STEERING-SPEED","conditionally_comparable","conditionally_admissible","4;6","2.1 Design and Characterization; 3 Conclusion","Table 1","Fig. 3","","eligible_quantitative","conditionally_admissible","yes_with_conditions","source_supported_scope_conditioned","not_documented","e0ea51c332483f0e7150b25ecfae9a1b1c19232a74b1f484d1277fd8a46da55c","conditionally_admissible","yes_with_conditions","not_documented","FULL-HR-01","2026-09-01","Millimeter-Wave Integrated Sensing and Communication System Based on a Photonics-Assisted Phased Array","10.1002/lpor.202502350","only_report_in_phase_g_source_set","E20C735D16C6D25519FB3FE684B889EA6026F1FDA7DA62D12ED2562A7558075A","yes","match","4;6","2.1 Design and Characterization; 3 Conclusion","Table 1","Fig. 3","NR","match","Beam-steering switching time","NR","eq","23","NR","NR","NR","NR","us","device_component","NR","source_reported_communication_function","source_reported_sensing_function","NR","Thermo-optic switch/time-delay network.","NR","COND-SCR00036-BEAM-STEERING","NR","laboratory_experiment","reported","CG-SCR00036-STEERING-SPEED","analysis_pending","Source verification complete; comparison grouping is intentionally separated and recorded in the G6 analysis files.","analysis_pending","verified_as_reported","Independent analog source-PDF review completed. Source identity, locator, value, unit, condition, and comparator role were approved. Main-text use remains a separate author decision.","COMPLETE_LOCKED","ANONYMOUS_HUMAN_ATTESTATION_FULL-HR-01_2026-09-01"
"MET-SCR00038-G2-001","STC-SINGLETON-SCR-00038","SCR-00038","COND-SCR00038-COMM-2KM","","communication","other","64QAM symbol rate","device_component","laboratory_experiment","scalar","eq","10","","","","","GBaud","reported","reported","2-km coherent link; sensing probes embedded in the standard symbol stream.","","CG-SCR00038-COMM","conditionally_comparable","conditionally_admissible","2","Experimental Setup","","Fig. 2","","eligible_quantitative","conditionally_admissible","yes_with_conditions","source_supported_scope_conditioned","not_documented","e0ea51c332483f0e7150b25ecfae9a1b1c19232a74b1f484d1277fd8a46da55c","conditionally_admissible","yes_with_conditions","not_documented","FULL-HR-01","2026-09-01","Native and Reconfigurable Distributed Acoustic Sensing Integrated with Single-carrier 64QAM Transmission Signal","10.1364/ofc.2025.th2a.29","only_report_in_phase_g_source_set","CBD9BCA53301017984EDCA6E3F2E13FFE24E4A9DEAAE030CD7000B2ECE4CC7E1","yes","match","2","Experimental Setup","NR","Fig. 2","NR","match","64QAM symbol rate","NR","eq","10","NR","NR","NR","NR","GBaud","device_component","NR","source_reported_communication_function","NR","NR","2-km coherent link; sensing probes embedded in the standard symbol stream.","NR","COND-SCR00038-COMM-2KM","NR","laboratory_experiment","reported","CG-SCR00038-COMM","analysis_pending","Source verification complete; comparison grouping is intentionally separated and recorded in the G6 analysis files.","analysis_pending","verified_as_reported","Independent analog source-PDF review completed. Source identity, locator, value, unit, condition, and comparator role were approved. Main-text use remains a separate author decision.","COMPLETE_LOCKED","ANONYMOUS_HUMAN_ATTESTATION_FULL-HR-01_2026-09-01"
"MET-SCR00038-G2-002","STC-SINGLETON-SCR-00038","SCR-00038","COND-SCR00038-COMM-2KM","","communication","other","Required received optical power at SD-FEC threshold","system","laboratory_experiment","scalar","eq","-27","","","","","dBm","reported","reported","10-GBaud 64QAM after 2-km transmission.","Back-to-back curve is reported as almost unchanged.","CG-SCR00038-COMM","conditionally_comparable","conditionally_admissible","2","Experimental Results","","Fig. 3(a)","","eligible_quantitative","conditionally_admissible","yes_with_conditions","source_supported_scope_conditioned","not_documented","e0ea51c332483f0e7150b25ecfae9a1b1c19232a74b1f484d1277fd8a46da55c","conditionally_admissible","yes_with_conditions","not_documented","FULL-HR-01","2026-09-01","Native and Reconfigurable Distributed Acoustic Sensing Integrated with Single-carrier 64QAM Transmission Signal","10.1364/ofc.2025.th2a.29","only_report_in_phase_g_source_set","CBD9BCA53301017984EDCA6E3F2E13FFE24E4A9DEAAE030CD7000B2ECE4CC7E1","yes","match","2","Experimental Results","NR","Fig. 3(a)","NR","match","Required received optical power at SD-FEC threshold","NR","eq","-27","NR","NR","NR","NR","dBm","system","NR","source_reported_communication_function","NR","NR","10-GBaud 64QAM after 2-km transmission.","NR","COND-SCR00038-COMM-2KM","Back-to-back curve is reported as almost unchanged.","laboratory_experiment","reported","CG-SCR00038-COMM","analysis_pending","Source verification complete; comparison grouping is intentionally separated and recorded in the G6 analysis files.","analysis_pending","verified_as_reported","Independent analog source-PDF review completed. Source identity, locator, value, unit, condition, and comparator role were approved. Main-text use remains a separate author decision.","COMPLETE_LOCKED","ANONYMOUS_HUMAN_ATTESTATION_FULL-HR-01_2026-09-01"
"MET-SCR00038-G2-003","STC-SINGLETON-SCR-00038","SCR-00038","COND-SCR00038-COMM-2KM","","communication","link_budget","Power budget","link","laboratory_experiment","scalar","eq","31","","","","","dB","reported","reported","2-km link at the reported SD-FEC threshold.","","CG-SCR00038-COMM","conditionally_comparable","conditionally_admissible","2","Experimental Results","","Fig. 3(a)","","eligible_quantitative","conditionally_admissible","yes_with_conditions","source_supported_scope_conditioned","not_documented","e0ea51c332483f0e7150b25ecfae9a1b1c19232a74b1f484d1277fd8a46da55c","conditionally_admissible","yes_with_conditions","not_documented","FULL-HR-01","2026-09-01","Native and Reconfigurable Distributed Acoustic Sensing Integrated with Single-carrier 64QAM Transmission Signal","10.1364/ofc.2025.th2a.29","only_report_in_phase_g_source_set","CBD9BCA53301017984EDCA6E3F2E13FFE24E4A9DEAAE030CD7000B2ECE4CC7E1","yes","match","2","Experimental Results","NR","Fig. 3(a)","NR","match","Power budget","NR","eq","31","NR","NR","NR","NR","dB","link","NR","source_reported_communication_function","NR","NR","2-km link at the reported SD-FEC threshold.","NR","COND-SCR00038-COMM-2KM","NR","laboratory_experiment","reported","CG-SCR00038-COMM","analysis_pending","Source verification complete; comparison grouping is intentionally separated and recorded in the G6 analysis files.","analysis_pending","verified_as_reported","Independent analog source-PDF review completed. Source identity, locator, value, unit, condition, and comparator role were approved. Main-text use remains a separate author decision.","COMPLETE_LOCKED","ANONYMOUS_HUMAN_ATTESTATION_FULL-HR-01_2026-09-01"
"MET-SCR00038-G2-004","STC-SINGLETON-SCR-00038","SCR-00038","COND-SCR00038-K1","","sensing","resolution","Spatial resolution at probe interval k=1","system","laboratory_experiment","scalar","eq","1.6","","","","","m","reported","reported","1-kHz PZT vibration; native 64QAM probe interval k=1.","","CG-SCR00038-PROBE-INTERVAL","directly_comparable","conditionally_admissible","3","Experimental Results; Conclusion","","Fig. 3(b)-(f)","","eligible_quantitative","conditionally_admissible","yes_with_conditions","source_supported_scope_conditioned","not_documented","e0ea51c332483f0e7150b25ecfae9a1b1c19232a74b1f484d1277fd8a46da55c","conditionally_admissible","yes_with_conditions","not_documented","FULL-HR-01","2026-09-01","Native and Reconfigurable Distributed Acoustic Sensing Integrated with Single-carrier 64QAM Transmission Signal","10.1364/ofc.2025.th2a.29","only_report_in_phase_g_source_set","CBD9BCA53301017984EDCA6E3F2E13FFE24E4A9DEAAE030CD7000B2ECE4CC7E1","yes","match","3","Experimental Results; Conclusion","NR","Fig. 3(b)-(f)","NR","match","Spatial resolution at probe interval k=1","NR","eq","1.6","NR","NR","NR","NR","m","system","NR","NR","source_reported_sensing_function","NR","1-kHz PZT vibration; native 64QAM probe interval k=1.","NR","COND-SCR00038-K1","NR","laboratory_experiment","reported","CG-SCR00038-PROBE-INTERVAL","analysis_pending","Source verification complete; comparison grouping is intentionally separated and recorded in the G6 analysis files.","analysis_pending","verified_as_reported","Independent analog source-PDF review completed. Source identity, locator, value, unit, condition, and comparator role were approved. Main-text use remains a separate author decision.","COMPLETE_LOCKED","ANONYMOUS_HUMAN_ATTESTATION_FULL-HR-01_2026-09-01"
"MET-SCR00038-G2-005","STC-SINGLETON-SCR-00038","SCR-00038","COND-SCR00038-K2","","sensing","resolution","Spatial resolution at probe interval k=2","system","laboratory_experiment","scalar","eq","3.2","","","","","m","reported","reported","1-kHz PZT vibration; probe interval k=2.","","CG-SCR00038-PROBE-INTERVAL","directly_comparable","conditionally_admissible","3","Experimental Results; Conclusion","","Fig. 3(b)-(f)","","eligible_quantitative","conditionally_admissible","yes_with_conditions","source_supported_scope_conditioned","not_documented","e0ea51c332483f0e7150b25ecfae9a1b1c19232a74b1f484d1277fd8a46da55c","conditionally_admissible","yes_with_conditions","not_documented","FULL-HR-01","2026-09-01","Native and Reconfigurable Distributed Acoustic Sensing Integrated with Single-carrier 64QAM Transmission Signal","10.1364/ofc.2025.th2a.29","only_report_in_phase_g_source_set","CBD9BCA53301017984EDCA6E3F2E13FFE24E4A9DEAAE030CD7000B2ECE4CC7E1","yes","match","3","Experimental Results; Conclusion","NR","Fig. 3(b)-(f)","NR","match","Spatial resolution at probe interval k=2","NR","eq","3.2","NR","NR","NR","NR","m","system","NR","NR","source_reported_sensing_function","NR","1-kHz PZT vibration; probe interval k=2.","NR","COND-SCR00038-K2","NR","laboratory_experiment","reported","CG-SCR00038-PROBE-INTERVAL","analysis_pending","Source verification complete; comparison grouping is intentionally separated and recorded in the G6 analysis files.","analysis_pending","verified_as_reported","Independent analog source-PDF review completed. Source identity, locator, value, unit, condition, and comparator role were approved. Main-text use remains a separate author decision.","COMPLETE_LOCKED","ANONYMOUS_HUMAN_ATTESTATION_FULL-HR-01_2026-09-01"
"MET-SCR00038-G2-006","STC-SINGLETON-SCR-00038","SCR-00038","COND-SCR00038-K4","","sensing","resolution","Spatial resolution at probe interval k=4","system","laboratory_experiment","scalar","eq","6.4","","","","","m","reported","reported","1-kHz PZT vibration; probe interval k=4.","","CG-SCR00038-PROBE-INTERVAL","directly_comparable","conditionally_admissible","3","Experimental Results; Conclusion","","Fig. 3(b)-(f)","","eligible_quantitative","conditionally_admissible","yes_with_conditions","source_supported_scope_conditioned","not_documented","e0ea51c332483f0e7150b25ecfae9a1b1c19232a74b1f484d1277fd8a46da55c","conditionally_admissible","yes_with_conditions","not_documented","FULL-HR-01","2026-09-01","Native and Reconfigurable Distributed Acoustic Sensing Integrated with Single-carrier 64QAM Transmission Signal","10.1364/ofc.2025.th2a.29","only_report_in_phase_g_source_set","CBD9BCA53301017984EDCA6E3F2E13FFE24E4A9DEAAE030CD7000B2ECE4CC7E1","yes","match","3","Experimental Results; Conclusion","NR","Fig. 3(b)-(f)","NR","match","Spatial resolution at probe interval k=4","NR","eq","6.4","NR","NR","NR","NR","m","system","NR","NR","source_reported_sensing_function","NR","1-kHz PZT vibration; probe interval k=4.","NR","COND-SCR00038-K4","NR","laboratory_experiment","reported","CG-SCR00038-PROBE-INTERVAL","analysis_pending","Source verification complete; comparison grouping is intentionally separated and recorded in the G6 analysis files.","analysis_pending","verified_as_reported","Independent analog source-PDF review completed. Source identity, locator, value, unit, condition, and comparator role were approved. Main-text use remains a separate author decision.","COMPLETE_LOCKED","ANONYMOUS_HUMAN_ATTESTATION_FULL-HR-01_2026-09-01"
"MET-SCR00038-G2-007","STC-SINGLETON-SCR-00038","SCR-00038","COND-SCR00038-K5","","sensing","resolution","Spatial resolution at probe interval k=5","system","laboratory_experiment","scalar","eq","8","","","","","m","reported","reported","1-kHz PZT vibration; probe interval k=5.","","CG-SCR00038-PROBE-INTERVAL","directly_comparable","conditionally_admissible","3","Experimental Results; Conclusion","","Fig. 3(b)-(f)","","eligible_quantitative","conditionally_admissible","yes_with_conditions","source_supported_scope_conditioned","not_documented","e0ea51c332483f0e7150b25ecfae9a1b1c19232a74b1f484d1277fd8a46da55c","conditionally_admissible","yes_with_conditions","not_documented","FULL-HR-01","2026-09-01","Native and Reconfigurable Distributed Acoustic Sensing Integrated with Single-carrier 64QAM Transmission Signal","10.1364/ofc.2025.th2a.29","only_report_in_phase_g_source_set","CBD9BCA53301017984EDCA6E3F2E13FFE24E4A9DEAAE030CD7000B2ECE4CC7E1","yes","match","3","Experimental Results; Conclusion","NR","Fig. 3(b)-(f)","NR","match","Spatial resolution at probe interval k=5","NR","eq","8","NR","NR","NR","NR","m","system","NR","NR","source_reported_sensing_function","NR","1-kHz PZT vibration; probe interval k=5.","NR","COND-SCR00038-K5","NR","laboratory_experiment","reported","CG-SCR00038-PROBE-INTERVAL","analysis_pending","Source verification complete; comparison grouping is intentionally separated and recorded in the G6 analysis files.","analysis_pending","verified_as_reported","Independent analog source-PDF review completed. Source identity, locator, value, unit, condition, and comparator role were approved. Main-text use remains a separate author decision.","COMPLETE_LOCKED","ANONYMOUS_HUMAN_ATTESTATION_FULL-HR-01_2026-09-01"
"MET-SCR00038-G2-008","STC-SINGLETON-SCR-00038","SCR-00038","COND-SCR00038-K1","","sensing","other","Phase noise floor at k=1","system","laboratory_experiment","scalar","approx","-64.5","","","","","dB rad^2/Hz","reported","reported","PSD of recovered 1-kHz vibration.","","CG-SCR00038-PROBE-INTERVAL","directly_comparable","conditionally_admissible","3","Experimental Results; Conclusion","","Fig. 3","","eligible_quantitative","conditionally_admissible","yes_with_conditions","source_supported_scope_conditioned","not_documented","e0ea51c332483f0e7150b25ecfae9a1b1c19232a74b1f484d1277fd8a46da55c","conditionally_admissible","yes_with_conditions","not_documented","FULL-HR-01","2026-09-01","Native and Reconfigurable Distributed Acoustic Sensing Integrated with Single-carrier 64QAM Transmission Signal","10.1364/ofc.2025.th2a.29","only_report_in_phase_g_source_set","CBD9BCA53301017984EDCA6E3F2E13FFE24E4A9DEAAE030CD7000B2ECE4CC7E1","yes","match","3","Experimental Results; Conclusion","NR","Fig. 3","NR","match","Phase noise floor at k=1","NR","approx","-64.5","NR","NR","NR","NR","dB rad^2/Hz","system","NR","NR","source_reported_sensing_function","NR","PSD of recovered 1-kHz vibration.","NR","COND-SCR00038-K1","NR","laboratory_experiment","reported","CG-SCR00038-PROBE-INTERVAL","analysis_pending","Source verification complete; comparison grouping is intentionally separated and recorded in the G6 analysis files.","analysis_pending","verified_as_reported","Independent analog source-PDF review completed. Source identity, locator, value, unit, condition, and comparator role were approved. Main-text use remains a separate author decision.","COMPLETE_LOCKED","ANONYMOUS_HUMAN_ATTESTATION_FULL-HR-01_2026-09-01"
"MET-SCR00038-G2-009","STC-SINGLETON-SCR-00038","SCR-00038","COND-SCR00038-K2","","sensing","other","Phase noise floor at k=2","system","laboratory_experiment","scalar","approx","-59","","","","","dB rad^2/Hz","reported","reported","PSD of recovered 1-kHz vibration.","","CG-SCR00038-PROBE-INTERVAL","directly_comparable","conditionally_admissible","3","Experimental Results; Conclusion","","Fig. 3","","eligible_quantitative","conditionally_admissible","yes_with_conditions","source_supported_scope_conditioned","not_documented","e0ea51c332483f0e7150b25ecfae9a1b1c19232a74b1f484d1277fd8a46da55c","conditionally_admissible","yes_with_conditions","not_documented","FULL-HR-01","2026-09-01","Native and Reconfigurable Distributed Acoustic Sensing Integrated with Single-carrier 64QAM Transmission Signal","10.1364/ofc.2025.th2a.29","only_report_in_phase_g_source_set","CBD9BCA53301017984EDCA6E3F2E13FFE24E4A9DEAAE030CD7000B2ECE4CC7E1","yes","match","3","Experimental Results; Conclusion","NR","Fig. 3","NR","match","Phase noise floor at k=2","NR","approx","-59","NR","NR","NR","NR","dB rad^2/Hz","system","NR","NR","source_reported_sensing_function","NR","PSD of recovered 1-kHz vibration.","NR","COND-SCR00038-K2","NR","laboratory_experiment","reported","CG-SCR00038-PROBE-INTERVAL","analysis_pending","Source verification complete; comparison grouping is intentionally separated and recorded in the G6 analysis files.","analysis_pending","verified_as_reported","Independent analog source-PDF review completed. Source identity, locator, value, unit, condition, and comparator role were approved. Main-text use remains a separate author decision.","COMPLETE_LOCKED","ANONYMOUS_HUMAN_ATTESTATION_FULL-HR-01_2026-09-01"
"MET-SCR00038-G2-010","STC-SINGLETON-SCR-00038","SCR-00038","COND-SCR00038-K4","","sensing","other","Phase noise floor at k=4","system","laboratory_experiment","scalar","approx","-53.3","","","","","dB rad^2/Hz","reported","reported","PSD of recovered 1-kHz vibration.","","CG-SCR00038-PROBE-INTERVAL","directly_comparable","conditionally_admissible","3","Experimental Results; Conclusion","","Fig. 3","","eligible_quantitative","conditionally_admissible","yes_with_conditions","source_supported_scope_conditioned","not_documented","e0ea51c332483f0e7150b25ecfae9a1b1c19232a74b1f484d1277fd8a46da55c","conditionally_admissible","yes_with_conditions","not_documented","FULL-HR-01","2026-09-01","Native and Reconfigurable Distributed Acoustic Sensing Integrated with Single-carrier 64QAM Transmission Signal","10.1364/ofc.2025.th2a.29","only_report_in_phase_g_source_set","CBD9BCA53301017984EDCA6E3F2E13FFE24E4A9DEAAE030CD7000B2ECE4CC7E1","yes","match","3","Experimental Results; Conclusion","NR","Fig. 3","NR","match","Phase noise floor at k=4","NR","approx","-53.3","NR","NR","NR","NR","dB rad^2/Hz","system","NR","NR","source_reported_sensing_function","NR","PSD of recovered 1-kHz vibration.","NR","COND-SCR00038-K4","NR","laboratory_experiment","reported","CG-SCR00038-PROBE-INTERVAL","analysis_pending","Source verification complete; comparison grouping is intentionally separated and recorded in the G6 analysis files.","analysis_pending","verified_as_reported","Independent analog source-PDF review completed. Source identity, locator, value, unit, condition, and comparator role were approved. Main-text use remains a separate author decision.","COMPLETE_LOCKED","ANONYMOUS_HUMAN_ATTESTATION_FULL-HR-01_2026-09-01"
"MET-SCR00038-G2-011","STC-SINGLETON-SCR-00038","SCR-00038","COND-SCR00038-K5","","sensing","other","Phase noise floor at k=5","system","laboratory_experiment","scalar","approx","-48.9","","","","","dB rad^2/Hz","reported","reported","PSD of recovered 1-kHz vibration.","","CG-SCR00038-PROBE-INTERVAL","directly_comparable","conditionally_admissible","3","Experimental Results; Conclusion","","Fig. 3","","eligible_quantitative","conditionally_admissible","yes_with_conditions","source_supported_scope_conditioned","not_documented","e0ea51c332483f0e7150b25ecfae9a1b1c19232a74b1f484d1277fd8a46da55c","conditionally_admissible","yes_with_conditions","not_documented","FULL-HR-01","2026-09-01","Native and Reconfigurable Distributed Acoustic Sensing Integrated with Single-carrier 64QAM Transmission Signal","10.1364/ofc.2025.th2a.29","only_report_in_phase_g_source_set","CBD9BCA53301017984EDCA6E3F2E13FFE24E4A9DEAAE030CD7000B2ECE4CC7E1","yes","match","3","Experimental Results; Conclusion","NR","Fig. 3","NR","match","Phase noise floor at k=5","NR","approx","-48.9","NR","NR","NR","NR","dB rad^2/Hz","system","NR","NR","source_reported_sensing_function","NR","PSD of recovered 1-kHz vibration.","NR","COND-SCR00038-K5","NR","laboratory_experiment","reported","CG-SCR00038-PROBE-INTERVAL","analysis_pending","Source verification complete; comparison grouping is intentionally separated and recorded in the G6 analysis files.","analysis_pending","verified_as_reported","Independent analog source-PDF review completed. Source identity, locator, value, unit, condition, and comparator role were approved. Main-text use remains a separate author decision.","COMPLETE_LOCKED","ANONYMOUS_HUMAN_ATTESTATION_FULL-HR-01_2026-09-01"
"MET-SCR00052-G2-007","STC-SINGLETON-SCR-00052","SCR-00052","COND-SCR00052-QPSK-UNSHAPED","","communication","BER","High-OSNR BER floor","system","laboratory_experiment","scalar","eq","5.2e-8","","","","","BER","reported","reported","QPSK with conventional CC-OTDR on.","","CG-SCR00052-QPSK-BER","conditionally_comparable","conditionally_admissible","2","III Experimental Results","","Fig. 2","","eligible_quantitative","conditionally_admissible","yes_with_conditions","source_supported_scope_conditioned","not_documented","e0ea51c332483f0e7150b25ecfae9a1b1c19232a74b1f484d1277fd8a46da55c","conditionally_admissible","yes_with_conditions","not_documented","FULL-HR-01","2026-09-01","Cc-Otdr Sequence Shaping Enabling Joint Co-Directional Sensing and Communication","10.1109/ipc65510.2025.11282039","only_report_in_phase_g_source_set","9BDD344FD31AAA03D823BC7569E5BAF6997565F49994FB4609E3B61EC2129E69","yes","match","2","III Experimental Results","NR","Fig. 2","NR","match","High-OSNR BER floor","NR","eq","5.2e-8","NR","NR","NR","NR","BER","system","NR","source_reported_communication_function","NR","NR","QPSK with conventional CC-OTDR on.","NR","COND-SCR00052-QPSK-UNSHAPED","NR","laboratory_experiment","reported","CG-SCR00052-QPSK-BER","analysis_pending","Source verification complete; comparison grouping is intentionally separated and recorded in the G6 analysis files.","analysis_pending","verified_as_reported","Independent analog source-PDF review completed. Source identity, locator, value, unit, condition, and comparator role were approved. Main-text use remains a separate author decision.","COMPLETE_LOCKED","ANONYMOUS_HUMAN_ATTESTATION_FULL-HR-01_2026-09-01"
"MET-SCR00052-G2-008","STC-SINGLETON-SCR-00052","SCR-00052","COND-SCR00052-SENSING-SHAPED","TRD-SCR00052-G2-001","sensing","other","Recovered phase variation amplitude","system","laboratory_experiment","scalar","eq","3.9","","","","","rad peak-to-peak","reported","reported","115-Hz, 125-mV peak-to-peak PZT drive; shaped probe; co-propagating 16-QAM.","","CG-SCR00052-SENSING","conditionally_comparable","conditionally_admissible","2","III Experimental Results","","Fig. 3","","eligible_quantitative","conditionally_admissible","yes_with_conditions","source_supported_scope_conditioned","not_documented","e0ea51c332483f0e7150b25ecfae9a1b1c19232a74b1f484d1277fd8a46da55c","conditionally_admissible","yes_with_conditions","not_documented","FULL-HR-01","2026-09-01","Cc-Otdr Sequence Shaping Enabling Joint Co-Directional Sensing and Communication","10.1109/ipc65510.2025.11282039","only_report_in_phase_g_source_set","9BDD344FD31AAA03D823BC7569E5BAF6997565F49994FB4609E3B61EC2129E69","yes","match","2","III Experimental Results","NR","Fig. 3","NR","match","Recovered phase variation amplitude","NR","eq","3.9","NR","NR","NR","NR","rad peak-to-peak","system","NR","NR","source_reported_sensing_function","NR","115-Hz, 125-mV peak-to-peak PZT drive; shaped probe; co-propagating 16-QAM.","NR","COND-SCR00052-SENSING-SHAPED","NR","laboratory_experiment","reported","CG-SCR00052-SENSING","analysis_pending","Source verification complete; comparison grouping is intentionally separated and recorded in the G6 analysis files.","analysis_pending","verified_as_reported","Independent analog source-PDF review completed. Source identity, locator, value, unit, condition, and comparator role were approved. Main-text use remains a separate author decision.","COMPLETE_LOCKED","ANONYMOUS_HUMAN_ATTESTATION_FULL-HR-01_2026-09-01"
"MET-SCR00052-G2-009","STC-SINGLETON-SCR-00052","SCR-00052","COND-SCR00052-SENSING-SHAPED","","communication","data_rate","Co-propagating data rate","system","laboratory_experiment","scalar","eq","200","","","","","Gbps","reported","reported","Shaped CC-OTDR with 16-QAM over 50 km.","","CG-SCR00052-DATA-RATE","conditionally_comparable","conditionally_admissible","2","III Experimental Results; IV Conclusion","","Fig. 3","","eligible_quantitative","conditionally_admissible","yes_with_conditions","source_supported_scope_conditioned","not_documented","e0ea51c332483f0e7150b25ecfae9a1b1c19232a74b1f484d1277fd8a46da55c","conditionally_admissible","yes_with_conditions","not_documented","FULL-HR-01","2026-09-01","Cc-Otdr Sequence Shaping Enabling Joint Co-Directional Sensing and Communication","10.1109/ipc65510.2025.11282039","only_report_in_phase_g_source_set","9BDD344FD31AAA03D823BC7569E5BAF6997565F49994FB4609E3B61EC2129E69","yes","match","2","III Experimental Results; IV Conclusion","NR","Fig. 3","NR","match","Co-propagating data rate","NR","eq","200","NR","NR","NR","NR","Gbps","system","NR","source_reported_communication_function","NR","NR","Shaped CC-OTDR with 16-QAM over 50 km.","NR","COND-SCR00052-SENSING-SHAPED","NR","laboratory_experiment","reported","CG-SCR00052-DATA-RATE","analysis_pending","Source verification complete; comparison grouping is intentionally separated and recorded in the G6 analysis files.","analysis_pending","verified_as_reported","Independent analog source-PDF review completed. Source identity, locator, value, unit, condition, and comparator role were approved. Main-text use remains a separate author decision.","COMPLETE_LOCKED","ANONYMOUS_HUMAN_ATTESTATION_FULL-HR-01_2026-09-01"
"MET-SCR00056-G2-004","STC-SINGLETON-SCR-00056","SCR-00056","COND-SCR00056-EXP-SENSING","","sensing","laser_linewidth","Experimental DFB linewidth","device_component","laboratory_experiment","scalar","approx","2.448","","","","","MHz","reported","reported","Delay self-coherence measurement.","","CG-SCR00056-LINEWIDTH-RANGE","conditionally_comparable","conditionally_admissible","6","4.2 Sensing results","","Fig. 3(c)","","eligible_quantitative","conditionally_admissible","yes_with_conditions","source_supported_scope_conditioned","not_documented","e0ea51c332483f0e7150b25ecfae9a1b1c19232a74b1f484d1277fd8a46da55c","conditionally_admissible","yes_with_conditions","not_documented","FULL-HR-01","2026-09-01","Joint break-point localization sensing based on OFDR and non-disruptive communication fiber ISAC system","10.1016/j.optlastec.2025.113726","only_report_in_phase_g_source_set","615FC6045855836C387F1DDABE486335B762E1EC7F7FD02992B3D2E8E36A413D","yes","match","6","4.2 Sensing results","NR","Fig. 3(c)","NR","match","Experimental DFB linewidth","NR","approx","2.448","NR","NR","NR","NR","MHz","device_component","NR","NR","source_reported_sensing_function","NR","Delay self-coherence measurement.","NR","COND-SCR00056-EXP-SENSING","NR","laboratory_experiment","reported","CG-SCR00056-LINEWIDTH-RANGE","analysis_pending","Source verification complete; comparison grouping is intentionally separated and recorded in the G6 analysis files.","analysis_pending","verified_as_reported","Independent analog source-PDF review completed. Source identity, locator, value, unit, condition, and comparator role were approved. Main-text use remains a separate author decision.","COMPLETE_LOCKED","ANONYMOUS_HUMAN_ATTESTATION_FULL-HR-01_2026-09-01"
"MET-SCR00056-G2-005","STC-SINGLETON-SCR-00056","SCR-00056","COND-SCR00056-EXP-SENSING","","sensing","other","Theoretical maximum perceivable range","system","analytical","scalar","approx","41.88","","","","","m","reported","reported","Experimental 2.448-MHz DFB linewidth.","Actual stable sensing ends at about 38 m.","CG-SCR00056-LINEWIDTH-RANGE","conditionally_comparable","conditionally_admissible","6","4.2 Sensing results","","","Eq. (8)","eligible_quantitative","conditionally_admissible","yes_with_conditions","source_supported_scope_conditioned","not_documented","e0ea51c332483f0e7150b25ecfae9a1b1c19232a74b1f484d1277fd8a46da55c","conditionally_admissible","yes_with_conditions","not_documented","FULL-HR-01","2026-09-01","Joint break-point localization sensing based on OFDR and non-disruptive communication fiber ISAC system","10.1016/j.optlastec.2025.113726","only_report_in_phase_g_source_set","615FC6045855836C387F1DDABE486335B762E1EC7F7FD02992B3D2E8E36A413D","yes","match","6","4.2 Sensing results","NR","NR","Eq. (8)","match","Theoretical maximum perceivable range","NR","approx","41.88","NR","NR","NR","NR","m","system","NR","NR","source_reported_sensing_function","NR","Experimental 2.448-MHz DFB linewidth.","NR","COND-SCR00056-EXP-SENSING","Actual stable sensing ends at about 38 m.","analytical","reported","CG-SCR00056-LINEWIDTH-RANGE","analysis_pending","Source verification complete; comparison grouping is intentionally separated and recorded in the G6 analysis files.","analysis_pending","verified_as_reported","Independent analog source-PDF review completed. Source identity, locator, value, unit, condition, and comparator role were approved. Main-text use remains a separate author decision.","COMPLETE_LOCKED","ANONYMOUS_HUMAN_ATTESTATION_FULL-HR-01_2026-09-01"
"MET-SCR00056-G2-006","STC-SINGLETON-SCR-00056","SCR-00056","COND-SCR00056-EXP-SENSING-LE20M","TRD-SCR00056-G2-001","sensing","localization_error","Breakpoint localization error within 20 m","system","laboratory_experiment","range","","","-20","20","","","cm","reported","reported","Physical breakpoint experiment using short exposed-end fibers.","","CG-SCR00056-EXP-SENSING-ERROR","conditionally_comparable","conditionally_admissible","6","4.2 Sensing results","","Fig. 6(b)","","eligible_quantitative","conditionally_admissible","yes_with_conditions","source_supported_scope_conditioned","not_documented","e0ea51c332483f0e7150b25ecfae9a1b1c19232a74b1f484d1277fd8a46da55c","conditionally_admissible","yes_with_conditions","not_documented","FULL-HR-01","2026-09-01","Joint break-point localization sensing based on OFDR and non-disruptive communication fiber ISAC system","10.1016/j.optlastec.2025.113726","only_report_in_phase_g_source_set","615FC6045855836C387F1DDABE486335B762E1EC7F7FD02992B3D2E8E36A413D","yes","match","6","4.2 Sensing results","NR","Fig. 6(b)","NR","match","Breakpoint localization error within 20 m","NR","NR","NR","-20","20","NR","NR","cm","system","NR","NR","source_reported_sensing_function","NR","Physical breakpoint experiment using short exposed-end fibers.","NR","COND-SCR00056-EXP-SENSING-LE20M","NR","laboratory_experiment","reported","CG-SCR00056-EXP-SENSING-ERROR","analysis_pending","Source verification complete; comparison grouping is intentionally separated and recorded in the G6 analysis files.","analysis_pending","verified_as_reported","Independent analog source-PDF review completed. Source identity, locator, value, unit, condition, and comparator role were approved. Main-text use remains a separate author decision.","COMPLETE_LOCKED","ANONYMOUS_HUMAN_ATTESTATION_FULL-HR-01_2026-09-01"
"MET-SCR00056-G2-007","STC-SINGLETON-SCR-00056","SCR-00056","COND-SCR00056-EXP-SENSING-20TO38M","TRD-SCR00056-G2-001","sensing","localization_error","Breakpoint localization error from 20 to 38 m","system","laboratory_experiment","range","","","-40","40","","","cm","reported","reported","Physical breakpoint experiment using short exposed-end fibers.","","CG-SCR00056-EXP-SENSING-ERROR","conditionally_comparable","conditionally_admissible","6","4.2 Sensing results","","Fig. 6(b)","","eligible_quantitative","conditionally_admissible","yes_with_conditions","source_supported_scope_conditioned","not_documented","e0ea51c332483f0e7150b25ecfae9a1b1c19232a74b1f484d1277fd8a46da55c","conditionally_admissible","yes_with_conditions","not_documented","FULL-HR-01","2026-09-01","Joint break-point localization sensing based on OFDR and non-disruptive communication fiber ISAC system","10.1016/j.optlastec.2025.113726","only_report_in_phase_g_source_set","615FC6045855836C387F1DDABE486335B762E1EC7F7FD02992B3D2E8E36A413D","yes","match","6","4.2 Sensing results","NR","Fig. 6(b)","NR","match","Breakpoint localization error from 20 to 38 m","NR","NR","NR","-40","40","NR","NR","cm","system","NR","NR","source_reported_sensing_function","NR","Physical breakpoint experiment using short exposed-end fibers.","NR","COND-SCR00056-EXP-SENSING-20TO38M","NR","laboratory_experiment","reported","CG-SCR00056-EXP-SENSING-ERROR","analysis_pending","Source verification complete; comparison grouping is intentionally separated and recorded in the G6 analysis files.","analysis_pending","verified_as_reported","Independent analog source-PDF review completed. Source identity, locator, value, unit, condition, and comparator role were approved. Main-text use remains a separate author decision.","COMPLETE_LOCKED","ANONYMOUS_HUMAN_ATTESTATION_FULL-HR-01_2026-09-01"
"MET-SCR00056-G2-013","STC-SINGLETON-SCR-00056","SCR-00056","COND-SCR00056-SIM-ISAC","TRD-SCR00056-G2-002","sensing","localization_error","Simulated breakpoint localization error","system","simulation","range","","","-2","2","","","cm","reported","reported","1-kHz linewidth, 20-km simulation with communication.","","CG-SCR00056-SIM-SENSING","conditionally_comparable","conditionally_admissible","7","4.2 Sensing results","","Fig. 7(a)-(b)","","eligible_quantitative","conditionally_admissible","yes_with_conditions","source_supported_scope_conditioned","not_documented","e0ea51c332483f0e7150b25ecfae9a1b1c19232a74b1f484d1277fd8a46da55c","conditionally_admissible","yes_with_conditions","not_documented","FULL-HR-01","2026-09-01","Joint break-point localization sensing based on OFDR and non-disruptive communication fiber ISAC system","10.1016/j.optlastec.2025.113726","only_report_in_phase_g_source_set","615FC6045855836C387F1DDABE486335B762E1EC7F7FD02992B3D2E8E36A413D","yes","match","7","4.2 Sensing results","NR","Fig. 7(a)-(b)","NR","match","Simulated breakpoint localization error","NR","NR","NR","-2","2","NR","NR","cm","system","NR","NR","source_reported_sensing_function","NR","1-kHz linewidth, 20-km simulation with communication.","NR","COND-SCR00056-SIM-ISAC","NR","simulation","reported","CG-SCR00056-SIM-SENSING","analysis_pending","Source verification complete; comparison grouping is intentionally separated and recorded in the G6 analysis files.","analysis_pending","verified_as_reported","Independent analog source-PDF review completed. Source identity, locator, value, unit, condition, and comparator role were approved. Main-text use remains a separate author decision.","COMPLETE_LOCKED","ANONYMOUS_HUMAN_ATTESTATION_FULL-HR-01_2026-09-01"
"MET-SCR00057-G2-001","STC-SINGLETON-SCR-00057","SCR-00057","COND-SCR00057-COMM","TRD-SCR00057-G2-001","communication","data_rate","Communication data rate","system","laboratory_experiment","qualitative","","","","","","","Gbit/s","reported","reported","Two 30-GBaud digital subcarriers over 40-km fiber.","","CG-SCR00057-COMM","conditionally_comparable","conditionally_admissible","1-2","Abstract; Experimental Setup","","Fig. 2","","eligible_quantitative","conditionally_admissible","yes_with_conditions","source_supported_scope_conditioned","not_documented","e0ea51c332483f0e7150b25ecfae9a1b1c19232a74b1f484d1277fd8a46da55c","conditionally_admissible","yes_with_conditions","not_documented","FULL-HR-01","2026-09-01","Pre-Compensation of LFM Sensing Probe via Integrated Sensing and Communication over Fiber System","10.23919/oecc/psc62146.2025.11111272","only_report_in_phase_g_source_set","546B84FD64B0CC4A71910DFA717A0E4F8656C99818918119D4099FC432E03CB7","yes","match","1-2","Abstract; Experimental Setup","NR","Fig. 2","NR","match","Communication data rate","NR","NR","NR","NR","NR","NR","NR","Gbit/s","system","NR","source_reported_communication_function","NR","NR","Two 30-GBaud digital subcarriers over 40-km fiber.","NR","COND-SCR00057-COMM","NR","laboratory_experiment","reported","CG-SCR00057-COMM","analysis_pending","Source verification complete; comparison grouping is intentionally separated and recorded in the G6 analysis files.","analysis_pending","verified_as_reported","Independent analog source-PDF review completed. Source identity, locator, value, unit, condition, and comparator role were approved. Main-text use remains a separate author decision.","COMPLETE_LOCKED","ANONYMOUS_HUMAN_ATTESTATION_FULL-HR-01_2026-09-01"
"MET-SCR00057-G2-002","STC-SINGLETON-SCR-00057","SCR-00057","COND-SCR00057-LINK","","communication","propagation_distance","Fiber transmission distance","link","laboratory_experiment","scalar","eq","40","","","","","km","reported","reported","Co-propagating DSCM and LFM probe.","","CG-SCR00057-LINK","conditionally_comparable","conditionally_admissible","1-3","Abstract; Setup; Conclusion","","","","eligible_quantitative","conditionally_admissible","yes_with_conditions","source_supported_scope_conditioned","not_documented","e0ea51c332483f0e7150b25ecfae9a1b1c19232a74b1f484d1277fd8a46da55c","conditionally_admissible","yes_with_conditions","not_documented","FULL-HR-01","2026-09-01","Pre-Compensation of LFM Sensing Probe via Integrated Sensing and Communication over Fiber System","10.23919/oecc/psc62146.2025.11111272","only_report_in_phase_g_source_set","546B84FD64B0CC4A71910DFA717A0E4F8656C99818918119D4099FC432E03CB7","yes","match","1-3","Abstract; Setup; Conclusion","NR","NR","NR","match","Fiber transmission distance","NR","eq","40","NR","NR","NR","NR","km","link","NR","source_reported_communication_function","NR","NR","Co-propagating DSCM and LFM probe.","NR","COND-SCR00057-LINK","NR","laboratory_experiment","reported","CG-SCR00057-LINK","analysis_pending","Source verification complete; comparison grouping is intentionally separated and recorded in the G6 analysis files.","analysis_pending","verified_as_reported","Independent analog source-PDF review completed. Source identity, locator, value, unit, condition, and comparator role were approved. Main-text use remains a separate author decision.","COMPLETE_LOCKED","ANONYMOUS_HUMAN_ATTESTATION_FULL-HR-01_2026-09-01"
"MET-SCR00057-G2-003","STC-SINGLETON-SCR-00057","SCR-00057","COND-SCR00057-LFM","","sensing","FMCW_bandwidth","LFM swept bandwidth","device_component","laboratory_experiment","scalar","eq","500","","","","","MHz","reported","reported","Pre-compensated versus original probe.","","CG-SCR00057-LFM","conditionally_comparable","conditionally_admissible","2","Experimental Setup","","Fig. 2","","eligible_quantitative","conditionally_admissible","yes_with_conditions","source_supported_scope_conditioned","not_documented","e0ea51c332483f0e7150b25ecfae9a1b1c19232a74b1f484d1277fd8a46da55c","conditionally_admissible","yes_with_conditions","not_documented","FULL-HR-01","2026-09-01","Pre-Compensation of LFM Sensing Probe via Integrated Sensing and Communication over Fiber System","10.23919/oecc/psc62146.2025.11111272","only_report_in_phase_g_source_set","546B84FD64B0CC4A71910DFA717A0E4F8656C99818918119D4099FC432E03CB7","yes","match","2","Experimental Setup","NR","Fig. 2","NR","match","LFM swept bandwidth","NR","eq","500","NR","NR","NR","NR","MHz","device_component","NR","NR","source_reported_sensing_function","NR","Pre-compensated versus original probe.","NR","COND-SCR00057-LFM","NR","laboratory_experiment","reported","CG-SCR00057-LFM","analysis_pending","Source verification complete; comparison grouping is intentionally separated and recorded in the G6 analysis files.","analysis_pending","verified_as_reported","Independent analog source-PDF review completed. Source identity, locator, value, unit, condition, and comparator role were approved. Main-text use remains a separate author decision.","COMPLETE_LOCKED","ANONYMOUS_HUMAN_ATTESTATION_FULL-HR-01_2026-09-01"
"MET-SCR00057-G2-005","STC-SINGLETON-SCR-00057","SCR-00057","COND-SCR00057-SENSING","","sensing","resolution","Spatial resolution","system","laboratory_experiment","scalar","eq","1","","","","","m","reported","reported","500-MHz LFM probe over 40 km.","","CG-SCR00057-SPATIAL-RESOLUTION","conditionally_comparable","conditionally_admissible","1;3","Abstract; Conclusion","","","","eligible_quantitative","conditionally_admissible","yes_with_conditions","source_supported_scope_conditioned","not_documented","e0ea51c332483f0e7150b25ecfae9a1b1c19232a74b1f484d1277fd8a46da55c","conditionally_admissible","yes_with_conditions","not_documented","FULL-HR-01","2026-09-01","Pre-Compensation of LFM Sensing Probe via Integrated Sensing and Communication over Fiber System","10.23919/oecc/psc62146.2025.11111272","only_report_in_phase_g_source_set","546B84FD64B0CC4A71910DFA717A0E4F8656C99818918119D4099FC432E03CB7","yes","match","1;3","Abstract; Conclusion","NR","NR","NR","match","Spatial resolution","NR","eq","1","NR","NR","NR","NR","m","system","NR","NR","source_reported_sensing_function","NR","500-MHz LFM probe over 40 km.","NR","COND-SCR00057-SENSING","NR","laboratory_experiment","reported","CG-SCR00057-SPATIAL-RESOLUTION","analysis_pending","Source verification complete; comparison grouping is intentionally separated and recorded in the G6 analysis files.","analysis_pending","verified_as_reported","Independent analog source-PDF review completed. Source identity, locator, value, unit, condition, and comparator role were approved. Main-text use remains a separate author decision.","COMPLETE_LOCKED","ANONYMOUS_HUMAN_ATTESTATION_FULL-HR-01_2026-09-01"
"MET-STCENDOGENOUS-G2-001","STC-ENDOGENOUS-TS-FRFT-DAS-2025","SCR-00072","COND-ENDOGENOUS-DPQPSK","TRD-STCENDOGENOUS-G2-001","communication","data_rate","DP-QPSK data rate","system","laboratory_experiment","scalar","eq","200","","","","","Gbps","reported","reported","50-GBaud endogenous ISAC with telecom chirp TS.","","CG-ENDOGENOUS-DATA-RATE","conditionally_comparable","conditionally_admissible","1;13","Abstract; Conclusions","","","","eligible_quantitative","conditionally_admissible","yes_with_conditions","source_supported_scope_conditioned","not_documented","e0ea51c332483f0e7150b25ecfae9a1b1c19232a74b1f484d1277fd8a46da55c","conditionally_admissible","yes_with_conditions","not_documented","FULL-HR-01","2026-09-01","Endogenous integration of communication and interference fading free sensing using telecom pilots via joint polarization-fraction domain multiplexing","10.1364/oe.563557","only_report_in_phase_g_source_set","8B8C009C868DDCD36A7B2D23F1343D23BD1D351812903F4FC484575003657A66","yes","match","1;13","Abstract; Conclusions","NR","NR","NR","match","DP-QPSK data rate","NR","eq","200","NR","NR","NR","NR","Gbps","system","NR","source_reported_communication_function","NR","NR","50-GBaud endogenous ISAC with telecom chirp TS.","NR","COND-ENDOGENOUS-DPQPSK","NR","laboratory_experiment","reported","CG-ENDOGENOUS-DATA-RATE","analysis_pending","Source verification complete; comparison grouping is intentionally separated and recorded in the G6 analysis files.","analysis_pending","verified_as_reported","Independent analog source-PDF review completed. Source identity, locator, value, unit, condition, and comparator role were approved. Main-text use remains a separate author decision.","COMPLETE_LOCKED","ANONYMOUS_HUMAN_ATTESTATION_FULL-HR-01_2026-09-01"
"MET-STCENDOGENOUS-G2-002","STC-ENDOGENOUS-TS-FRFT-DAS-2025","SCR-00072","COND-ENDOGENOUS-DP16QAM","TRD-STCENDOGENOUS-G2-001","communication","data_rate","DP-16QAM data rate","system","laboratory_experiment","scalar","eq","400","","","","","Gbps","reported","reported","50-GBaud endogenous ISAC with telecom chirp TS.","","CG-ENDOGENOUS-DATA-RATE","conditionally_comparable","conditionally_admissible","1;13","Abstract; Conclusions","","","","eligible_quantitative","conditionally_admissible","yes_with_conditions","source_supported_scope_conditioned","not_documented","e0ea51c332483f0e7150b25ecfae9a1b1c19232a74b1f484d1277fd8a46da55c","conditionally_admissible","yes_with_conditions","not_documented","FULL-HR-01","2026-09-01","Endogenous integration of communication and interference fading free sensing using telecom pilots via joint polarization-fraction domain multiplexing","10.1364/oe.563557","only_report_in_phase_g_source_set","8B8C009C868DDCD36A7B2D23F1343D23BD1D351812903F4FC484575003657A66","yes","match","1;13","Abstract; Conclusions","NR","NR","NR","match","DP-16QAM data rate","NR","eq","400","NR","NR","NR","NR","Gbps","system","NR","source_reported_communication_function","NR","NR","50-GBaud endogenous ISAC with telecom chirp TS.","NR","COND-ENDOGENOUS-DP16QAM","NR","laboratory_experiment","reported","CG-ENDOGENOUS-DATA-RATE","analysis_pending","Source verification complete; comparison grouping is intentionally separated and recorded in the G6 analysis files.","analysis_pending","verified_as_reported","Independent analog source-PDF review completed. Source identity, locator, value, unit, condition, and comparator role were approved. Main-text use remains a separate author decision.","COMPLETE_LOCKED","ANONYMOUS_HUMAN_ATTESTATION_FULL-HR-01_2026-09-01"
"MET-STCENDOGENOUS-G2-003","STC-ENDOGENOUS-TS-FRFT-DAS-2025","SCR-00072","COND-ENDOGENOUS-LINK","","joint","propagation_distance","Fiber length","link","laboratory_experiment","scalar","eq","10.4","","","","","km","reported","reported","10-km span plus 400-m PZT section.","","CG-ENDOGENOUS-LINK","conditionally_comparable","conditionally_admissible","7-8;13","3 Experimental setup; Conclusions","","Fig. 4","","eligible_quantitative","conditionally_admissible","yes_with_conditions","source_supported_scope_conditioned","not_documented","e0ea51c332483f0e7150b25ecfae9a1b1c19232a74b1f484d1277fd8a46da55c","conditionally_admissible","yes_with_conditions","not_documented","FULL-HR-01","2026-09-01","Endogenous integration of communication and interference fading free sensing using telecom pilots via joint polarization-fraction domain multiplexing","10.1364/oe.563557","only_report_in_phase_g_source_set","8B8C009C868DDCD36A7B2D23F1343D23BD1D351812903F4FC484575003657A66","yes","match","7-8;13","3 Experimental setup; Conclusions","NR","Fig. 4","NR","match","Fiber length","NR","eq","10.4","NR","NR","NR","NR","km","link","NR","source_reported_communication_function","source_reported_sensing_function","NR","10-km span plus 400-m PZT section.","NR","COND-ENDOGENOUS-LINK","NR","laboratory_experiment","reported","CG-ENDOGENOUS-LINK","analysis_pending","Source verification complete; comparison grouping is intentionally separated and recorded in the G6 analysis files.","analysis_pending","verified_as_reported","Independent analog source-PDF review completed. Source identity, locator, value, unit, condition, and comparator role were approved. Main-text use remains a separate author decision.","COMPLETE_LOCKED","ANONYMOUS_HUMAN_ATTESTATION_FULL-HR-01_2026-09-01"
"MET-STCENDOGENOUS-G2-011","STC-ENDOGENOUS-TS-FRFT-DAS-2025","SCR-00072","COND-ENDOGENOUS-MRVA","TRD-STCENDOGENOUS-G2-003","sensing","resolution","Final spatial resolution","system","laboratory_experiment","scalar","approx","1","","","","","m","reported","reported","200-MHz sweep; 182-ns chirp; 1-GSa/s sensing acquisition.","","CG-ENDOGENOUS-SPATIAL-RESOLUTION","conditionally_comparable","conditionally_admissible","10;12","4 Results","","Figs. 7 and 9","","eligible_quantitative","conditionally_admissible","yes_with_conditions","source_supported_scope_conditioned","not_documented","e0ea51c332483f0e7150b25ecfae9a1b1c19232a74b1f484d1277fd8a46da55c","conditionally_admissible","yes_with_conditions","not_documented","FULL-HR-01","2026-09-01","Endogenous integration of communication and interference fading free sensing using telecom pilots via joint polarization-fraction domain multiplexing","10.1364/oe.563557","only_report_in_phase_g_source_set","8B8C009C868DDCD36A7B2D23F1343D23BD1D351812903F4FC484575003657A66","yes","match","10;12","4 Results","NR","Figs. 7 and 9","NR","match","Final spatial resolution","NR","approx","1","NR","NR","NR","NR","m","system","NR","NR","source_reported_sensing_function","NR","200-MHz sweep; 182-ns chirp; 1-GSa/s sensing acquisition.","NR","COND-ENDOGENOUS-MRVA","NR","laboratory_experiment","reported","CG-ENDOGENOUS-SPATIAL-RESOLUTION","analysis_pending","Source verification complete; comparison grouping is intentionally separated and recorded in the G6 analysis files.","analysis_pending","verified_as_reported","Independent analog source-PDF review completed. Source identity, locator, value, unit, condition, and comparator role were approved. Main-text use remains a separate author decision.","COMPLETE_LOCKED","ANONYMOUS_HUMAN_ATTESTATION_FULL-HR-01_2026-09-01"
"MET-STCENDOGENOUS-G2-016","STC-ENDOGENOUS-TS-FRFT-DAS-2025","SCR-00072","COND-ENDOGENOUS-VIBRATION-PRIMARY","","sensing","other","Maximum noise level","system","laboratory_experiment","scalar","eq","-43.5","","","","","rad^2/Hz","reported","reported","500-Hz vibration PSD.","","CG-ENDOGENOUS-NOISE","conditionally_comparable","conditionally_admissible","12","4 Results","","Fig. 9(d)","","eligible_quantitative","conditionally_admissible","yes_with_conditions","source_supported_scope_conditioned","not_documented","e0ea51c332483f0e7150b25ecfae9a1b1c19232a74b1f484d1277fd8a46da55c","conditionally_admissible","yes_with_conditions","not_documented","FULL-HR-01","2026-09-01","Endogenous integration of communication and interference fading free sensing using telecom pilots via joint polarization-fraction domain multiplexing","10.1364/oe.563557","only_report_in_phase_g_source_set","8B8C009C868DDCD36A7B2D23F1343D23BD1D351812903F4FC484575003657A66","yes","match","12","4 Results","NR","Fig. 9(d)","NR","match","Maximum noise level","NR","eq","-43.5","NR","NR","NR","NR","rad^2/Hz","system","NR","NR","source_reported_sensing_function","NR","500-Hz vibration PSD.","NR","COND-ENDOGENOUS-VIBRATION-PRIMARY","NR","laboratory_experiment","reported","CG-ENDOGENOUS-NOISE","analysis_pending","Source verification complete; comparison grouping is intentionally separated and recorded in the G6 analysis files.","analysis_pending","verified_as_reported","Independent analog source-PDF review completed. Source identity, locator, value, unit, condition, and comparator role were approved. Main-text use remains a separate author decision.","COMPLETE_LOCKED","ANONYMOUS_HUMAN_ATTESTATION_FULL-HR-01_2026-09-01"
"MET-STCENDOGENOUS-G2-017","STC-ENDOGENOUS-TS-FRFT-DAS-2025","SCR-00072","COND-ENDOGENOUS-VIBRATION-PRIMARY","","sensing","resolution","Strain resolution","system","laboratory_experiment","scalar","eq","0.73","","","","","nε/√Hz","reported","reported","500-Hz PZT vibration, 1-m spatial resolution.","","CG-ENDOGENOUS-STRAIN","conditionally_comparable","conditionally_admissible","12","4 Results","","Fig. 9(d)","","eligible_quantitative","conditionally_admissible","yes_with_conditions","source_supported_scope_conditioned","not_documented","e0ea51c332483f0e7150b25ecfae9a1b1c19232a74b1f484d1277fd8a46da55c","conditionally_admissible","yes_with_conditions","not_documented","FULL-HR-01","2026-09-01","Endogenous integration of communication and interference fading free sensing using telecom pilots via joint polarization-fraction domain multiplexing","10.1364/oe.563557","only_report_in_phase_g_source_set","8B8C009C868DDCD36A7B2D23F1343D23BD1D351812903F4FC484575003657A66","yes","match","12","4 Results","NR","Fig. 9(d)","NR","match","Strain resolution","NR","eq","0.73","NR","NR","NR","NR","nε/√Hz","system","NR","NR","source_reported_sensing_function","NR","500-Hz PZT vibration, 1-m spatial resolution.","NR","COND-ENDOGENOUS-VIBRATION-PRIMARY","NR","laboratory_experiment","reported","CG-ENDOGENOUS-STRAIN","analysis_pending","Source verification complete; comparison grouping is intentionally separated and recorded in the G6 analysis files.","analysis_pending","verified_as_reported","Independent analog source-PDF review completed. Source identity, locator, value, unit, condition, and comparator role were approved. Main-text use remains a separate author decision.","COMPLETE_LOCKED","ANONYMOUS_HUMAN_ATTESTATION_FULL-HR-01_2026-09-01"
"P03-M016","STC-TUNABLE-LASER-THZ-FMCW-2025-2026","SCR-00083","C-SCR00083-FD","","joint","waveform_period","Triangular control period","device_component","laboratory_experiment","scalar","eq","800","","","NR","","ns","reported","reported","2026 frequency division","","CG-THZ-FMCW-REPETITION-PERIOD-LAB","conditionally_comparable","conditionally_admissible","6","3.1 Experimental Setup","","","","eligible_quantitative","conditionally_admissible","yes_with_conditions","source_supported_scope_conditioned","not_documented","e0ea51c332483f0e7150b25ecfae9a1b1c19232a74b1f484d1277fd8a46da55c","conditionally_admissible","yes_with_conditions","not_documented","FULL-HR-01","2026-09-01","Terahertz ISAC with Simultaneous Fast-Swept FMCW Radar and High-Speed Wireless Link Using a Single UTC-PD","10.3390/electronics15081608","companion_reports_same_study_in_phase_g_source_set","3C807BD069B9DC67819529F4F9F21BCCC50224FA1AD4943797BA5E0A801DDC3D","yes","match","6","3.1 Experimental Setup","NR","NR","NR","match","Triangular control period","NR","eq","800","NR","NR","NR","NR","ns","device_component","NR","source_reported_communication_function","source_reported_sensing_function","NR","2026 frequency division","NR","C-SCR00083-FD","NR","laboratory_experiment","reported","CG-THZ-FMCW-REPETITION-PERIOD-LAB","analysis_pending","Source verification complete; comparison grouping is intentionally separated and recorded in the G6 analysis files.","analysis_pending","verified_as_reported","Independent analog source-PDF review completed. Source identity, locator, value, unit, condition, and comparator role were approved. Main-text use remains a separate author decision.","COMPLETE_LOCKED","ANONYMOUS_HUMAN_ATTESTATION_FULL-HR-01_2026-09-01"
"P03-M017","STC-TUNABLE-LASER-THZ-FMCW-2025-2026","SCR-00083","C-SCR00083-FD","","sensing","chirp_duration","Single-chirp sweep duration","link","laboratory_experiment","scalar","eq","400","","","NR","","ns","reported","reported","2026 frequency division","","CG-THZ-FMCW-CHIRP-DURATION-LAB","conditionally_comparable","conditionally_admissible","8","3.2 Results and Discussion","","Figure 7","","eligible_quantitative","conditionally_admissible","yes_with_conditions","source_supported_scope_conditioned","not_documented","e0ea51c332483f0e7150b25ecfae9a1b1c19232a74b1f484d1277fd8a46da55c","conditionally_admissible","yes_with_conditions","not_documented","FULL-HR-01","2026-09-01","Terahertz ISAC with Simultaneous Fast-Swept FMCW Radar and High-Speed Wireless Link Using a Single UTC-PD","10.3390/electronics15081608","companion_reports_same_study_in_phase_g_source_set","3C807BD069B9DC67819529F4F9F21BCCC50224FA1AD4943797BA5E0A801DDC3D","yes","match","8","3.2 Results and Discussion","NR","Figure 7","NR","match","Single-chirp sweep duration","NR","eq","400","NR","NR","NR","NR","ns","link","NR","NR","source_reported_sensing_function","NR","2026 frequency division","NR","C-SCR00083-FD","NR","laboratory_experiment","reported","CG-THZ-FMCW-CHIRP-DURATION-LAB","analysis_pending","Source verification complete; comparison grouping is intentionally separated and recorded in the G6 analysis files.","analysis_pending","verified_as_reported","Independent analog source-PDF review completed. Source identity, locator, value, unit, condition, and comparator role were approved. Main-text use remains a separate author decision.","COMPLETE_LOCKED","ANONYMOUS_HUMAN_ATTESTATION_FULL-HR-01_2026-09-01"
"P03-M034","STC-TUNABLE-LASER-THZ-FMCW-2025-2026","SCR-00083","C-SCR00083-JW","","joint","waveform_period","Triangular control period","device_component","laboratory_experiment","scalar","eq","800","","","NR","","ns","reported","reported","2026 joint waveform","","CG-THZ-FMCW-REPETITION-PERIOD-LAB","conditionally_comparable","conditionally_admissible","10","4.1 Experimental Setup","","","","eligible_quantitative","conditionally_admissible","yes_with_conditions","source_supported_scope_conditioned","not_documented","e0ea51c332483f0e7150b25ecfae9a1b1c19232a74b1f484d1277fd8a46da55c","conditionally_admissible","yes_with_conditions","not_documented","FULL-HR-01","2026-09-01","Terahertz ISAC with Simultaneous Fast-Swept FMCW Radar and High-Speed Wireless Link Using a Single UTC-PD","10.3390/electronics15081608","companion_reports_same_study_in_phase_g_source_set","3C807BD069B9DC67819529F4F9F21BCCC50224FA1AD4943797BA5E0A801DDC3D","yes","match","10","4.1 Experimental Setup","NR","NR","NR","match","Triangular control period","NR","eq","800","NR","NR","NR","NR","ns","device_component","NR","source_reported_communication_function","source_reported_sensing_function","NR","2026 joint waveform","NR","C-SCR00083-JW","NR","laboratory_experiment","reported","CG-THZ-FMCW-REPETITION-PERIOD-LAB","analysis_pending","Source verification complete; comparison grouping is intentionally separated and recorded in the G6 analysis files.","analysis_pending","verified_as_reported","Independent analog source-PDF review completed. Source identity, locator, value, unit, condition, and comparator role were approved. Main-text use remains a separate author decision.","COMPLETE_LOCKED","ANONYMOUS_HUMAN_ATTESTATION_FULL-HR-01_2026-09-01"
"P03-M035","STC-TUNABLE-LASER-THZ-FMCW-2025-2026","SCR-00083","C-SCR00083-JW","","sensing","chirp_duration","Single-chirp sweep duration","link","laboratory_experiment","scalar","eq","400","","","NR","","ns","reported","reported","2026 joint waveform","","CG-THZ-FMCW-CHIRP-DURATION-LAB","conditionally_comparable","conditionally_admissible","12","4.2 Results and Discussion","","Figure 11","","eligible_quantitative","conditionally_admissible","yes_with_conditions","source_supported_scope_conditioned","not_documented","e0ea51c332483f0e7150b25ecfae9a1b1c19232a74b1f484d1277fd8a46da55c","conditionally_admissible","yes_with_conditions","not_documented","FULL-HR-01","2026-09-01","Terahertz ISAC with Simultaneous Fast-Swept FMCW Radar and High-Speed Wireless Link Using a Single UTC-PD","10.3390/electronics15081608","companion_reports_same_study_in_phase_g_source_set","3C807BD069B9DC67819529F4F9F21BCCC50224FA1AD4943797BA5E0A801DDC3D","yes","match","12","4.2 Results and Discussion","NR","Figure 11","NR","match","Single-chirp sweep duration","NR","eq","400","NR","NR","NR","NR","ns","link","NR","NR","source_reported_sensing_function","NR","2026 joint waveform","NR","C-SCR00083-JW","NR","laboratory_experiment","reported","CG-THZ-FMCW-CHIRP-DURATION-LAB","analysis_pending","Source verification complete; comparison grouping is intentionally separated and recorded in the G6 analysis files.","analysis_pending","verified_as_reported","Independent analog source-PDF review completed. Source identity, locator, value, unit, condition, and comparator role were approved. Main-text use remains a separate author decision.","COMPLETE_LOCKED","ANONYMOUS_HUMAN_ATTESTATION_FULL-HR-01_2026-09-01"
"P03-M039","STC-TUNABLE-LASER-THZ-FMCW-2025-2026","SCR-00083","C-SCR00083-JW-R15","P03-T003","communication","occupied_bandwidth","ASK main-lobe bandwidth","link","laboratory_experiment","scalar","approx","30","","","NR","","GHz","reported","reported","2026 joint waveform","","CG-THZ-ASK-MAIN-LOBE-BANDWIDTH","conditionally_comparable","conditionally_admissible","11","4.2 Results and Discussion","","","","eligible_quantitative","conditionally_admissible","yes_with_conditions","source_supported_scope_conditioned","not_documented","e0ea51c332483f0e7150b25ecfae9a1b1c19232a74b1f484d1277fd8a46da55c","conditionally_admissible","yes_with_conditions","not_documented","FULL-HR-01","2026-09-01","Terahertz ISAC with Simultaneous Fast-Swept FMCW Radar and High-Speed Wireless Link Using a Single UTC-PD","10.3390/electronics15081608","companion_reports_same_study_in_phase_g_source_set","3C807BD069B9DC67819529F4F9F21BCCC50224FA1AD4943797BA5E0A801DDC3D","yes","match","11","4.2 Results and Discussion","NR","NR","NR","match","ASK main-lobe bandwidth","NR","approx","30","NR","NR","NR","NR","GHz","link","NR","source_reported_communication_function","NR","NR","2026 joint waveform","NR","C-SCR00083-JW-R15","NR","laboratory_experiment","reported","CG-THZ-ASK-MAIN-LOBE-BANDWIDTH","analysis_pending","Source verification complete; comparison grouping is intentionally separated and recorded in the G6 analysis files.","analysis_pending","verified_as_reported","Independent analog source-PDF review completed. Source identity, locator, value, unit, condition, and comparator role were approved. Main-text use remains a separate author decision.","COMPLETE_LOCKED","ANONYMOUS_HUMAN_ATTESTATION_FULL-HR-01_2026-09-01"
"P03-M040","STC-TUNABLE-LASER-THZ-FMCW-2025-2026","SCR-00083","C-SCR00083-JW-R15","P03-T003","joint","occupied_bandwidth","Total joint-waveform occupied bandwidth","link","mixed","scalar","approx","36.2","","","NR","","GHz","reported","reported","2026 joint waveform","time-division narrative comparison","CG-THZ-JOINT-TOTAL-OCCUPIED-BANDWIDTH","conditionally_comparable","conditionally_admissible","11","4.2 Results and Discussion","","","","eligible_quantitative","conditionally_admissible","yes_with_conditions","source_supported_scope_conditioned","not_documented","e0ea51c332483f0e7150b25ecfae9a1b1c19232a74b1f484d1277fd8a46da55c","conditionally_admissible","yes_with_conditions","not_documented","FULL-HR-01","2026-09-01","Terahertz ISAC with Simultaneous Fast-Swept FMCW Radar and High-Speed Wireless Link Using a Single UTC-PD","10.3390/electronics15081608","companion_reports_same_study_in_phase_g_source_set","3C807BD069B9DC67819529F4F9F21BCCC50224FA1AD4943797BA5E0A801DDC3D","yes","match","11","4.2 Results and Discussion","NR","NR","NR","match","Total joint-waveform occupied bandwidth","NR","approx","36.2","NR","NR","NR","NR","GHz","link","NR","source_reported_communication_function","source_reported_sensing_function","NR","2026 joint waveform","NR","C-SCR00083-JW-R15","time-division narrative comparison","mixed","reported","CG-THZ-JOINT-TOTAL-OCCUPIED-BANDWIDTH","analysis_pending","Source verification complete; comparison grouping is intentionally separated and recorded in the G6 analysis files.","analysis_pending","verified_as_reported","Independent analog source-PDF review completed. Source identity, locator, value, unit, condition, and comparator role were approved. Main-text use remains a separate author decision.","COMPLETE_LOCKED","ANONYMOUS_HUMAN_ATTESTATION_FULL-HR-01_2026-09-01"
"P03-M041","STC-TUNABLE-LASER-THZ-FMCW-2025-2026","SCR-00083","C-SCR00083-JW-R15","P03-T003","communication","spectral_efficiency","Joint-waveform spectral efficiency","link","mixed","scalar","approx","0.41","","","NR","","bit/s/Hz","reported","reported","2026 joint waveform","time-division narrative comparison","CG-THZ-JOINT-SPECTRAL-EFFICIENCY","conditionally_comparable","conditionally_admissible","11","4.2 Results and Discussion","","","15 Gbit/s / 36.2 GHz","eligible_quantitative","conditionally_admissible","yes_with_conditions","source_supported_scope_conditioned","not_documented","e0ea51c332483f0e7150b25ecfae9a1b1c19232a74b1f484d1277fd8a46da55c","conditionally_admissible","yes_with_conditions","not_documented","FULL-HR-01","2026-09-01","Terahertz ISAC with Simultaneous Fast-Swept FMCW Radar and High-Speed Wireless Link Using a Single UTC-PD","10.3390/electronics15081608","companion_reports_same_study_in_phase_g_source_set","3C807BD069B9DC67819529F4F9F21BCCC50224FA1AD4943797BA5E0A801DDC3D","yes","match","11","4.2 Results and Discussion","NR","NR","15 Gbit/s / 36.2 GHz","match","Joint-waveform spectral efficiency","NR","approx","0.41","NR","NR","NR","NR","bit/s/Hz","link","NR","source_reported_communication_function","NR","NR","2026 joint waveform","NR","C-SCR00083-JW-R15","time-division narrative comparison","mixed","reported","CG-THZ-JOINT-SPECTRAL-EFFICIENCY","analysis_pending","Source verification complete; comparison grouping is intentionally separated and recorded in the G6 analysis files.","analysis_pending","verified_as_reported","Independent analog source-PDF review completed. Source identity, locator, value, unit, condition, and comparator role were approved. Main-text use remains a separate author decision.","COMPLETE_LOCKED","ANONYMOUS_HUMAN_ATTESTATION_FULL-HR-01_2026-09-01"
"MET-SCR00086-G2-001","STC-SINGLETON-SCR-00086","SCR-00086","COND-SCR00086-LINK","","communication","data_rate","Communication data rate","system","laboratory_experiment","scalar","eq","20","","","","","Gbps","reported","reported","10-GBaud QPSK over 20-m 124-GHz multipath link.","","CG-SCR00086-COMM","conditionally_comparable","conditionally_admissible","1;3","Abstract; Conclusion","","","","eligible_quantitative","conditionally_admissible","yes_with_conditions","source_supported_scope_conditioned","not_documented","e0ea51c332483f0e7150b25ecfae9a1b1c19232a74b1f484d1277fd8a46da55c","conditionally_admissible","yes_with_conditions","not_documented","FULL-HR-01","2026-09-01","Photonic THz Sensing-assisted Multipath Channel Estimation for ISAC","10.1364/ofc.2025.th2a.23","only_report_in_phase_g_source_set","BB7E06A83D3F746A90D11E5A9C0178E56248C1D19BD1CFC5B3812A765A6D23B9","yes","match","1;3","Abstract; Conclusion","NR","NR","NR","match","Communication data rate","NR","eq","20","NR","NR","NR","NR","Gbps","system","NR","source_reported_communication_function","NR","NR","10-GBaud QPSK over 20-m 124-GHz multipath link.","NR","COND-SCR00086-LINK","NR","laboratory_experiment","reported","CG-SCR00086-COMM","analysis_pending","Source verification complete; comparison grouping is intentionally separated and recorded in the G6 analysis files.","analysis_pending","verified_as_reported","Independent analog source-PDF review completed. Source identity, locator, value, unit, condition, and comparator role were approved. Main-text use remains a separate author decision.","COMPLETE_LOCKED","ANONYMOUS_HUMAN_ATTESTATION_FULL-HR-01_2026-09-01"
"MET-SCR00086-G2-002","STC-SINGLETON-SCR-00086","SCR-00086","COND-SCR00086-LINK","","communication","propagation_distance","Wireless transmission distance","link","laboratory_experiment","scalar","eq","20","","","","","m","reported","reported","Three-reflector folded path at 124 GHz.","","CG-SCR00086-LINK","conditionally_comparable","conditionally_admissible","2-3","3 Experimental Setup and Results; Conclusion","","Fig. 1","","eligible_quantitative","conditionally_admissible","yes_with_conditions","source_supported_scope_conditioned","not_documented","e0ea51c332483f0e7150b25ecfae9a1b1c19232a74b1f484d1277fd8a46da55c","conditionally_admissible","yes_with_conditions","not_documented","FULL-HR-01","2026-09-01","Photonic THz Sensing-assisted Multipath Channel Estimation for ISAC","10.1364/ofc.2025.th2a.23","only_report_in_phase_g_source_set","BB7E06A83D3F746A90D11E5A9C0178E56248C1D19BD1CFC5B3812A765A6D23B9","yes","match","2-3","3 Experimental Setup and Results; Conclusion","NR","Fig. 1","NR","match","Wireless transmission distance","NR","eq","20","NR","NR","NR","NR","m","link","NR","source_reported_communication_function","NR","NR","Three-reflector folded path at 124 GHz.","NR","COND-SCR00086-LINK","NR","laboratory_experiment","reported","CG-SCR00086-LINK","analysis_pending","Source verification complete; comparison grouping is intentionally separated and recorded in the G6 analysis files.","analysis_pending","verified_as_reported","Independent analog source-PDF review completed. Source identity, locator, value, unit, condition, and comparator role were approved. Main-text use remains a separate author decision.","COMPLETE_LOCKED","ANONYMOUS_HUMAN_ATTESTATION_FULL-HR-01_2026-09-01"
"MET-SCR00086-G2-003","STC-SINGLETON-SCR-00086","SCR-00086","COND-SCR00086-WAVEFORM","TRD-SCR00086-G2-001","joint","other","Dual-chirp amplitude ratio","device_component","laboratory_experiment","scalar","eq","10","","","","","ratio","reported","reported","Up-chirp communication carrier versus down-chirp pilot.","","CG-SCR00086-POWER-RATIO","descriptive_only","conditionally_admissible","1","2 Operation Principles","","","Eq. (1)","eligible_quantitative","conditionally_admissible","yes_with_conditions","source_supported_scope_conditioned","not_documented","e0ea51c332483f0e7150b25ecfae9a1b1c19232a74b1f484d1277fd8a46da55c","conditionally_admissible","yes_with_conditions","not_documented","FULL-HR-01","2026-09-01","Photonic THz Sensing-assisted Multipath Channel Estimation for ISAC","10.1364/ofc.2025.th2a.23","only_report_in_phase_g_source_set","BB7E06A83D3F746A90D11E5A9C0178E56248C1D19BD1CFC5B3812A765A6D23B9","yes","match","1","2 Operation Principles","NR","NR","Eq. (1)","match","Dual-chirp amplitude ratio","NR","eq","10","NR","NR","NR","NR","ratio","device_component","NR","source_reported_communication_function","source_reported_sensing_function","NR","Up-chirp communication carrier versus down-chirp pilot.","NR","COND-SCR00086-WAVEFORM","NR","laboratory_experiment","reported","CG-SCR00086-POWER-RATIO","analysis_pending","Source verification complete; comparison grouping is intentionally separated and recorded in the G6 analysis files.","analysis_pending","verified_as_reported","Independent analog source-PDF review completed. Source identity, locator, value, unit, condition, and comparator role were approved. Main-text use remains a separate author decision.","COMPLETE_LOCKED","ANONYMOUS_HUMAN_ATTESTATION_FULL-HR-01_2026-09-01"
"MET-SCR00086-G2-004","STC-SINGLETON-SCR-00086","SCR-00086","COND-SCR00086-CHANNEL","","sensing","resolution","Theoretical time resolution","system","analytical","scalar","eq","0.1","","","","","ns","reported","reported","Dual-chirp channel estimation.","","CG-SCR00086-CHANNEL-RESPONSE","conditionally_comparable","conditionally_admissible","2","3 Experimental Setup and Results","","","","eligible_quantitative","conditionally_admissible","yes_with_conditions","source_supported_scope_conditioned","not_documented","e0ea51c332483f0e7150b25ecfae9a1b1c19232a74b1f484d1277fd8a46da55c","conditionally_admissible","yes_with_conditions","not_documented","FULL-HR-01","2026-09-01","Photonic THz Sensing-assisted Multipath Channel Estimation for ISAC","10.1364/ofc.2025.th2a.23","only_report_in_phase_g_source_set","BB7E06A83D3F746A90D11E5A9C0178E56248C1D19BD1CFC5B3812A765A6D23B9","yes","match","2","3 Experimental Setup and Results","NR","NR","NR","match","Theoretical time resolution","NR","eq","0.1","NR","NR","NR","NR","ns","system","NR","NR","source_reported_sensing_function","NR","Dual-chirp channel estimation.","NR","COND-SCR00086-CHANNEL","NR","analytical","reported","CG-SCR00086-CHANNEL-RESPONSE","analysis_pending","Source verification complete; comparison grouping is intentionally separated and recorded in the G6 analysis files.","analysis_pending","verified_as_reported","Independent analog source-PDF review completed. Source identity, locator, value, unit, condition, and comparator role were approved. Main-text use remains a separate author decision.","COMPLETE_LOCKED","ANONYMOUS_HUMAN_ATTESTATION_FULL-HR-01_2026-09-01"
"MET-SCR00086-G2-005","STC-SINGLETON-SCR-00086","SCR-00086","COND-SCR00086-CHANNEL","","sensing","resolution","Measured 3-dB pulse width","system","laboratory_experiment","scalar","approx","0.1","","","","","ns","reported","reported","Three estimated multipath peaks.","","CG-SCR00086-CHANNEL-RESPONSE","conditionally_comparable","conditionally_admissible","2-3","3 Experimental Setup and Results","","Fig. 2(c)","","eligible_quantitative","conditionally_admissible","yes_with_conditions","source_supported_scope_conditioned","not_documented","e0ea51c332483f0e7150b25ecfae9a1b1c19232a74b1f484d1277fd8a46da55c","conditionally_admissible","yes_with_conditions","not_documented","FULL-HR-01","2026-09-01","Photonic THz Sensing-assisted Multipath Channel Estimation for ISAC","10.1364/ofc.2025.th2a.23","only_report_in_phase_g_source_set","BB7E06A83D3F746A90D11E5A9C0178E56248C1D19BD1CFC5B3812A765A6D23B9","yes","match","2-3","3 Experimental Setup and Results","NR","Fig. 2(c)","NR","match","Measured 3-dB pulse width","NR","approx","0.1","NR","NR","NR","NR","ns","system","NR","NR","source_reported_sensing_function","NR","Three estimated multipath peaks.","NR","COND-SCR00086-CHANNEL","NR","laboratory_experiment","reported","CG-SCR00086-CHANNEL-RESPONSE","analysis_pending","Source verification complete; comparison grouping is intentionally separated and recorded in the G6 analysis files.","analysis_pending","verified_as_reported","Independent analog source-PDF review completed. Source identity, locator, value, unit, condition, and comparator role were approved. Main-text use remains a separate author decision.","COMPLETE_LOCKED","ANONYMOUS_HUMAN_ATTESTATION_FULL-HR-01_2026-09-01"
"MET-SCR00086-G2-007","STC-SINGLETON-SCR-00086","SCR-00086","COND-SCR00086-FDE","","communication","FEC_threshold","Optical power meeting 7% HD-FEC EVM threshold","device_component","laboratory_experiment","threshold","gt","4","","","","","dBm","reported","reported","UTC-PD input optical power sweep with FDE.","","CG-SCR00086-FDE","conditionally_comparable","conditionally_admissible","2-3","3 Experimental Setup and Results","","Fig. 2(d)","","eligible_quantitative","conditionally_admissible","yes_with_conditions","source_supported_scope_conditioned","not_documented","e0ea51c332483f0e7150b25ecfae9a1b1c19232a74b1f484d1277fd8a46da55c","conditionally_admissible","yes_with_conditions","not_documented","FULL-HR-01","2026-09-01","Photonic THz Sensing-assisted Multipath Channel Estimation for ISAC","10.1364/ofc.2025.th2a.23","only_report_in_phase_g_source_set","BB7E06A83D3F746A90D11E5A9C0178E56248C1D19BD1CFC5B3812A765A6D23B9","yes","match","2-3","3 Experimental Setup and Results","NR","Fig. 2(d)","NR","match","Optical power meeting 7% HD-FEC EVM threshold","NR","gt","4","NR","NR","NR","NR","dBm","device_component","NR","source_reported_communication_function","NR","NR","UTC-PD input optical power sweep with FDE.","NR","COND-SCR00086-FDE","NR","laboratory_experiment","reported","CG-SCR00086-FDE","analysis_pending","Source verification complete; comparison grouping is intentionally separated and recorded in the G6 analysis files.","analysis_pending","verified_as_reported","Independent analog source-PDF review completed. Source identity, locator, value, unit, condition, and comparator role were approved. Main-text use remains a separate author decision.","COMPLETE_LOCKED","ANONYMOUS_HUMAN_ATTESTATION_FULL-HR-01_2026-09-01"
"MET-SCR00086-G2-008","STC-SINGLETON-SCR-00086","SCR-00086","COND-SCR00086-FDE","","communication","FEC_threshold","Optical power meeting KP4-FEC EVM threshold","device_component","laboratory_experiment","threshold","eq","8","","","","","dBm","reported","reported","UTC-PD input optical power sweep with FDE.","","CG-SCR00086-FDE","conditionally_comparable","conditionally_admissible","2-3","3 Experimental Setup and Results","","Fig. 2(d)","","eligible_quantitative","conditionally_admissible","yes_with_conditions","source_supported_scope_conditioned","not_documented","e0ea51c332483f0e7150b25ecfae9a1b1c19232a74b1f484d1277fd8a46da55c","conditionally_admissible","yes_with_conditions","not_documented","FULL-HR-01","2026-09-01","Photonic THz Sensing-assisted Multipath Channel Estimation for ISAC","10.1364/ofc.2025.th2a.23","only_report_in_phase_g_source_set","BB7E06A83D3F746A90D11E5A9C0178E56248C1D19BD1CFC5B3812A765A6D23B9","yes","match","2-3","3 Experimental Setup and Results","NR","Fig. 2(d)","NR","match","Optical power meeting KP4-FEC EVM threshold","NR","eq","8","NR","NR","NR","NR","dBm","device_component","NR","source_reported_communication_function","NR","NR","UTC-PD input optical power sweep with FDE.","NR","COND-SCR00086-FDE","NR","laboratory_experiment","reported","CG-SCR00086-FDE","analysis_pending","Source verification complete; comparison grouping is intentionally separated and recorded in the G6 analysis files.","analysis_pending","verified_as_reported","Independent analog source-PDF review completed. Source identity, locator, value, unit, condition, and comparator role were approved. Main-text use remains a separate author decision.","COMPLETE_LOCKED","ANONYMOUS_HUMAN_ATTESTATION_FULL-HR-01_2026-09-01"
"MET-SCR00196-001","STC-SINGLETON-SCR-00196","SCR-00196","COND-SCR00196-INTEGRATED-2M","TRD-SCR00196-001","communication","data_rate","Simultaneous DMT data rate","link","laboratory_experiment","scalar","approx","3","","","NR","","Gbit/s","reported","reported","2 m VLC link; integrated structured illumination","","CG-VLC-DMT-INTEGRATED-LINK-DATA-RATE-LAB","conditionally_comparable","conditionally_admissible","2","Introduction","","","","eligible_quantitative","conditionally_admissible","yes_with_conditions","source_supported_scope_conditioned","not_documented","e0ea51c332483f0e7150b25ecfae9a1b1c19232a74b1f484d1277fd8a46da55c","conditionally_admissible","yes_with_conditions","not_documented","FULL-HR-01","2026-09-01","Adaptive visible light integrated sensing and communication for cable-free virtual reality","10.1364/prj.561888","only_report_in_phase_g_source_set","1A0C1D73FF9BE15089AE9480BC1E25E0B689787AA5778143F8EEBB72EE51C098","yes","match","2","Introduction","NR","NR","NR","match","Simultaneous DMT data rate","NR","approx","3","NR","NR","NR","NR","Gbit/s","link","NR","source_reported_communication_function","NR","NR","2 m VLC link; integrated structured illumination","NR","COND-SCR00196-INTEGRATED-2M","NR","laboratory_experiment","reported","CG-VLC-DMT-INTEGRATED-LINK-DATA-RATE-LAB","analysis_pending","Source verification complete; comparison grouping is intentionally separated and recorded in the G6 analysis files.","analysis_pending","verified_as_reported","Independent analog source-PDF review completed. Source identity, locator, value, unit, condition, and comparator role were approved. Main-text use remains a separate author decision.","COMPLETE_LOCKED","ANONYMOUS_HUMAN_ATTESTATION_FULL-HR-01_2026-09-01"
"MET-SCR00196-002","STC-SINGLETON-SCR-00196","SCR-00196","COND-SCR00196-CAP-2M","TRD-SCR00196-001","sensing","localization_error","Lateral localization error","system","laboratory_experiment","threshold","lt","1","","","NR","","mm","reported","reported","2 m; 0.6 m x 0.6 m field; 10 trials per subregion","","CG-VLC-CAP-LATERAL-LOCALIZATION-ERROR-LAB","conditionally_comparable","conditionally_admissible","3","2.B","","Fig. 3","","eligible_quantitative","conditionally_admissible","yes_with_conditions","source_supported_scope_conditioned","not_documented","e0ea51c332483f0e7150b25ecfae9a1b1c19232a74b1f484d1277fd8a46da55c","conditionally_admissible","yes_with_conditions","not_documented","FULL-HR-01","2026-09-01","Adaptive visible light integrated sensing and communication for cable-free virtual reality","10.1364/prj.561888","only_report_in_phase_g_source_set","1A0C1D73FF9BE15089AE9480BC1E25E0B689787AA5778143F8EEBB72EE51C098","yes","match","3","2.B","NR","Fig. 3","NR","match","Lateral localization error","NR","lt","1","NR","NR","NR","NR","mm","system","NR","NR","source_reported_sensing_function","NR","2 m; 0.6 m x 0.6 m field; 10 trials per subregion","NR","COND-SCR00196-CAP-2M","NR","laboratory_experiment","reported","CG-VLC-CAP-LATERAL-LOCALIZATION-ERROR-LAB","analysis_pending","Source verification complete; comparison grouping is intentionally separated and recorded in the G6 analysis files.","analysis_pending","verified_as_reported","Independent analog source-PDF review completed. Source identity, locator, value, unit, condition, and comparator role were approved. Main-text use remains a separate author decision.","COMPLETE_LOCKED","ANONYMOUS_HUMAN_ATTESTATION_FULL-HR-01_2026-09-01"
"MET-SCR00196-003","STC-SINGLETON-SCR-00196","SCR-00196","COND-SCR00196-CAP-2M","","sensing","localization_error","Worst-case lateral localization error","system","laboratory_experiment","threshold","le","2","","","NR","","mm","reported","reported","2 m; grid corners included","","CG-VLC-CAP-LATERAL-LOCALIZATION-ERROR-LAB","conditionally_comparable","conditionally_admissible","3","2.B","","Fig. 3","","eligible_quantitative","conditionally_admissible","yes_with_conditions","source_supported_scope_conditioned","not_documented","e0ea51c332483f0e7150b25ecfae9a1b1c19232a74b1f484d1277fd8a46da55c","conditionally_admissible","yes_with_conditions","not_documented","FULL-HR-01","2026-09-01","Adaptive visible light integrated sensing and communication for cable-free virtual reality","10.1364/prj.561888","only_report_in_phase_g_source_set","1A0C1D73FF9BE15089AE9480BC1E25E0B689787AA5778143F8EEBB72EE51C098","yes","match","3","2.B","NR","Fig. 3","NR","match","Worst-case lateral localization error","NR","le","2","NR","NR","NR","NR","mm","system","NR","NR","source_reported_sensing_function","NR","2 m; grid corners included","NR","COND-SCR00196-CAP-2M","NR","laboratory_experiment","reported","CG-VLC-CAP-LATERAL-LOCALIZATION-ERROR-LAB","analysis_pending","Source verification complete; comparison grouping is intentionally separated and recorded in the G6 analysis files.","analysis_pending","verified_as_reported","Independent analog source-PDF review completed. Source identity, locator, value, unit, condition, and comparator role were approved. Main-text use remains a separate author decision.","COMPLETE_LOCKED","ANONYMOUS_HUMAN_ATTESTATION_FULL-HR-01_2026-09-01"
"MET-SCR00196-004","STC-SINGLETON-SCR-00196","SCR-00196","COND-SCR00196-CAP-2M","TRD-SCR00196-003","sensing","resolution","Lateral localization resolution","system","laboratory_experiment","scalar","eq","1","","","NR","","mm","reported","reported","2 m; full-field CAP","","CG-VLC-CAP-LATERAL-RESOLUTION-FULLFIELD-LAB","conditionally_comparable","conditionally_admissible","1;4","Abstract; 2.B","","Fig. 3","","eligible_quantitative","conditionally_admissible","yes_with_conditions","source_supported_scope_conditioned","not_documented","e0ea51c332483f0e7150b25ecfae9a1b1c19232a74b1f484d1277fd8a46da55c","conditionally_admissible","yes_with_conditions","not_documented","FULL-HR-01","2026-09-01","Adaptive visible light integrated sensing and communication for cable-free virtual reality","10.1364/prj.561888","only_report_in_phase_g_source_set","1A0C1D73FF9BE15089AE9480BC1E25E0B689787AA5778143F8EEBB72EE51C098","yes","match","1;4","Abstract; 2.B","NR","Fig. 3","NR","match","Lateral localization resolution","NR","eq","1","NR","NR","NR","NR","mm","system","NR","NR","source_reported_sensing_function","NR","2 m; full-field CAP","NR","COND-SCR00196-CAP-2M","NR","laboratory_experiment","reported","CG-VLC-CAP-LATERAL-RESOLUTION-FULLFIELD-LAB","analysis_pending","Source verification complete; comparison grouping is intentionally separated and recorded in the G6 analysis files.","analysis_pending","verified_as_reported","Independent analog source-PDF review completed. Source identity, locator, value, unit, condition, and comparator role were approved. Main-text use remains a separate author decision.","COMPLETE_LOCKED","ANONYMOUS_HUMAN_ATTESTATION_FULL-HR-01_2026-09-01"
"MET-SCR00196-005","STC-SINGLETON-SCR-00196","SCR-00196","COND-SCR00196-CAP-DEPTH","TRD-SCR00196-003","sensing","resolution","Depth localization resolution","system","laboratory_experiment","scalar","eq","4","","","NR","","cm","reported","reported","1.6-2.2 m depth scan; 10 trials","","CG-VLC-CAP-DEPTH-RESOLUTION-FULLFIELD-LAB","conditionally_comparable","conditionally_admissible","1;4","Abstract; 2.B","","Fig. 3","","eligible_quantitative","conditionally_admissible","yes_with_conditions","source_supported_scope_conditioned","not_documented","e0ea51c332483f0e7150b25ecfae9a1b1c19232a74b1f484d1277fd8a46da55c","conditionally_admissible","yes_with_conditions","not_documented","FULL-HR-01","2026-09-01","Adaptive visible light integrated sensing and communication for cable-free virtual reality","10.1364/prj.561888","only_report_in_phase_g_source_set","1A0C1D73FF9BE15089AE9480BC1E25E0B689787AA5778143F8EEBB72EE51C098","yes","match","1;4","Abstract; 2.B","NR","Fig. 3","NR","match","Depth localization resolution","NR","eq","4","NR","NR","NR","NR","cm","system","NR","NR","source_reported_sensing_function","NR","1.6-2.2 m depth scan; 10 trials","NR","COND-SCR00196-CAP-DEPTH","NR","laboratory_experiment","reported","CG-VLC-CAP-DEPTH-RESOLUTION-FULLFIELD-LAB","analysis_pending","Source verification complete; comparison grouping is intentionally separated and recorded in the G6 analysis files.","analysis_pending","verified_as_reported","Independent analog source-PDF review completed. Source identity, locator, value, unit, condition, and comparator role were approved. Main-text use remains a separate author decision.","COMPLETE_LOCKED","ANONYMOUS_HUMAN_ATTESTATION_FULL-HR-01_2026-09-01"
"MET-SCR00196-006","STC-SINGLETON-SCR-00196","SCR-00196","COND-SCR00196-CAP-DYNAMIC","TRD-SCR00196-003","sensing","sensing_rate","3D localization frame rate","system","laboratory_experiment","scalar","eq","39","","","NR","","frames/s","reported","reported","Dynamic receiver in 0.6 m x 0.6 m x 0.6 m volume","","CG-VLC-CAP-LOCALIZATION-FRAME-RATE-LAB","conditionally_comparable","conditionally_admissible","4","2.B","","Fig. 3","","eligible_quantitative","conditionally_admissible","yes_with_conditions","source_supported_scope_conditioned","not_documented","e0ea51c332483f0e7150b25ecfae9a1b1c19232a74b1f484d1277fd8a46da55c","conditionally_admissible","yes_with_conditions","not_documented","FULL-HR-01","2026-09-01","Adaptive visible light integrated sensing and communication for cable-free virtual reality","10.1364/prj.561888","only_report_in_phase_g_source_set","1A0C1D73FF9BE15089AE9480BC1E25E0B689787AA5778143F8EEBB72EE51C098","yes","match","4","2.B","NR","Fig. 3","NR","match","3D localization frame rate","NR","eq","39","NR","NR","NR","NR","frames/s","system","NR","NR","source_reported_sensing_function","NR","Dynamic receiver in 0.6 m x 0.6 m x 0.6 m volume","NR","COND-SCR00196-CAP-DYNAMIC","NR","laboratory_experiment","reported","CG-VLC-CAP-LOCALIZATION-FRAME-RATE-LAB","analysis_pending","Source verification complete; comparison grouping is intentionally separated and recorded in the G6 analysis files.","analysis_pending","verified_as_reported","Independent analog source-PDF review completed. Source identity, locator, value, unit, condition, and comparator role were approved. Main-text use remains a separate author decision.","COMPLETE_LOCKED","ANONYMOUS_HUMAN_ATTESTATION_FULL-HR-01_2026-09-01"
"MET-SCR00196-008","STC-SINGLETON-SCR-00196","SCR-00196","COND-SCR00196-SI-2M","TRD-SCR00196-001","communication","data_rate","Data-rate range across structured illuminations","link","laboratory_experiment","range","range","","3.16","3.52","NR","","Gbit/s","reported","reported","2 m link; alpha=1/4","","CG-VLC-DMT-INTEGRATED-LINK-DATA-RATE-LAB","conditionally_comparable","conditionally_admissible","5","2.C","","Fig. 4","","eligible_quantitative","conditionally_admissible","yes_with_conditions","source_supported_scope_conditioned","not_documented","e0ea51c332483f0e7150b25ecfae9a1b1c19232a74b1f484d1277fd8a46da55c","conditionally_admissible","yes_with_conditions","not_documented","FULL-HR-01","2026-09-01","Adaptive visible light integrated sensing and communication for cable-free virtual reality","10.1364/prj.561888","only_report_in_phase_g_source_set","1A0C1D73FF9BE15089AE9480BC1E25E0B689787AA5778143F8EEBB72EE51C098","yes","match","5","2.C","NR","Fig. 4","NR","match","Data-rate range across structured illuminations","NR","range","NR","3.16","3.52","NR","NR","Gbit/s","link","NR","source_reported_communication_function","NR","NR","2 m link; alpha=1/4","NR","COND-SCR00196-SI-2M","NR","laboratory_experiment","reported","CG-VLC-DMT-INTEGRATED-LINK-DATA-RATE-LAB","analysis_pending","Source verification complete; comparison grouping is intentionally separated and recorded in the G6 analysis files.","analysis_pending","verified_as_reported","Independent analog source-PDF review completed. Source identity, locator, value, unit, condition, and comparator role were approved. Main-text use remains a separate author decision.","COMPLETE_LOCKED","ANONYMOUS_HUMAN_ATTESTATION_FULL-HR-01_2026-09-01"
"MET-SCR00196-009","STC-SINGLETON-SCR-00196","SCR-00196","COND-SCR00196-SI-2M","TRD-SCR00196-001","communication","data_rate","Average data rate with structured illumination","link","laboratory_experiment","scalar","eq","3.35","","","NR","","Gbit/s","reported","reported","2 m link; baseline without structured illumination 3.49 Gbit/s","3.49 Gbit/s without structured illumination","CG-VLC-DMT-INTEGRATED-LINK-DATA-RATE-LAB","conditionally_comparable","conditionally_admissible","5","2.C","","Fig. 4","","eligible_quantitative","conditionally_admissible","yes_with_conditions","source_supported_scope_conditioned","not_documented","e0ea51c332483f0e7150b25ecfae9a1b1c19232a74b1f484d1277fd8a46da55c","conditionally_admissible","yes_with_conditions","not_documented","FULL-HR-01","2026-09-01","Adaptive visible light integrated sensing and communication for cable-free virtual reality","10.1364/prj.561888","only_report_in_phase_g_source_set","1A0C1D73FF9BE15089AE9480BC1E25E0B689787AA5778143F8EEBB72EE51C098","yes","match","5","2.C","NR","Fig. 4","NR","match","Average data rate with structured illumination","NR","eq","3.35","NR","NR","NR","NR","Gbit/s","link","NR","source_reported_communication_function","NR","NR","2 m link; baseline without structured illumination 3.49 Gbit/s","NR","COND-SCR00196-SI-2M","3.49 Gbit/s without structured illumination","laboratory_experiment","reported","CG-VLC-DMT-INTEGRATED-LINK-DATA-RATE-LAB","analysis_pending","Source verification complete; comparison grouping is intentionally separated and recorded in the G6 analysis files.","analysis_pending","verified_as_reported","Independent analog source-PDF review completed. Source identity, locator, value, unit, condition, and comparator role were approved. Main-text use remains a separate author decision.","COMPLETE_LOCKED","ANONYMOUS_HUMAN_ATTESTATION_FULL-HR-01_2026-09-01"
"MET-SCR00196-010","STC-SINGLETON-SCR-00196","SCR-00196","COND-SCR00196-RATE-2M","","communication","data_rate","Maximum data rate at 2 m","link","laboratory_experiment","scalar","eq","3.4","","","NR","","Gbit/s","reported","reported","2 m; selected position","","CG-VLC-DMT-INTEGRATED-LINK-DATA-RATE-LAB","conditionally_comparable","conditionally_admissible","6","2.C","","Fig. 4","","eligible_quantitative","conditionally_admissible","yes_with_conditions","source_supported_scope_conditioned","not_documented","e0ea51c332483f0e7150b25ecfae9a1b1c19232a74b1f484d1277fd8a46da55c","conditionally_admissible","yes_with_conditions","not_documented","FULL-HR-01","2026-09-01","Adaptive visible light integrated sensing and communication for cable-free virtual reality","10.1364/prj.561888","only_report_in_phase_g_source_set","1A0C1D73FF9BE15089AE9480BC1E25E0B689787AA5778143F8EEBB72EE51C098","yes","match","6","2.C","NR","Fig. 4","NR","match","Maximum data rate at 2 m","NR","eq","3.4","NR","NR","NR","NR","Gbit/s","link","NR","source_reported_communication_function","NR","NR","2 m; selected position","NR","COND-SCR00196-RATE-2M","NR","laboratory_experiment","reported","CG-VLC-DMT-INTEGRATED-LINK-DATA-RATE-LAB","analysis_pending","Source verification complete; comparison grouping is intentionally separated and recorded in the G6 analysis files.","analysis_pending","verified_as_reported","Independent analog source-PDF review completed. Source identity, locator, value, unit, condition, and comparator role were approved. Main-text use remains a separate author decision.","COMPLETE_LOCKED","ANONYMOUS_HUMAN_ATTESTATION_FULL-HR-01_2026-09-01"
"MET-SCR00196-011","STC-SINGLETON-SCR-00196","SCR-00196","COND-SCR00196-RATE-1P8M","","communication","data_rate","Maximum data rate at 1.8 m","link","laboratory_experiment","scalar","eq","3.63","","","NR","","Gbit/s","reported","reported","1.8 m; selected position","","CG-VLC-DMT-INTEGRATED-LINK-DATA-RATE-LAB","conditionally_comparable","conditionally_admissible","6","2.C","","Fig. 4","","eligible_quantitative","conditionally_admissible","yes_with_conditions","source_supported_scope_conditioned","not_documented","e0ea51c332483f0e7150b25ecfae9a1b1c19232a74b1f484d1277fd8a46da55c","conditionally_admissible","yes_with_conditions","not_documented","FULL-HR-01","2026-09-01","Adaptive visible light integrated sensing and communication for cable-free virtual reality","10.1364/prj.561888","only_report_in_phase_g_source_set","1A0C1D73FF9BE15089AE9480BC1E25E0B689787AA5778143F8EEBB72EE51C098","yes","match","6","2.C","NR","Fig. 4","NR","match","Maximum data rate at 1.8 m","NR","eq","3.63","NR","NR","NR","NR","Gbit/s","link","NR","source_reported_communication_function","NR","NR","1.8 m; selected position","NR","COND-SCR00196-RATE-1P8M","NR","laboratory_experiment","reported","CG-VLC-DMT-INTEGRATED-LINK-DATA-RATE-LAB","analysis_pending","Source verification complete; comparison grouping is intentionally separated and recorded in the G6 analysis files.","analysis_pending","verified_as_reported","Independent analog source-PDF review completed. Source identity, locator, value, unit, condition, and comparator role were approved. Main-text use remains a separate author decision.","COMPLETE_LOCKED","ANONYMOUS_HUMAN_ATTESTATION_FULL-HR-01_2026-09-01"
"MET-SCR00196-012","STC-SINGLETON-SCR-00196","SCR-00196","COND-SCR00196-DYNAMIC-RATE","","communication","data_rate","Dynamic-motion data-rate range","system","laboratory_experiment","range","range","","3.2","3.8","NR","","Gbit/s","reported","reported","Moving receiver in integrated 3D volume","","CG-VLC-DMT-DYNAMIC-TRACKING-DATA-RATE-LAB","conditionally_comparable","conditionally_admissible","6","2.C","","Fig. 4","","eligible_quantitative","conditionally_admissible","yes_with_conditions","source_supported_scope_conditioned","not_documented","e0ea51c332483f0e7150b25ecfae9a1b1c19232a74b1f484d1277fd8a46da55c","conditionally_admissible","yes_with_conditions","not_documented","FULL-HR-01","2026-09-01","Adaptive visible light integrated sensing and communication for cable-free virtual reality","10.1364/prj.561888","only_report_in_phase_g_source_set","1A0C1D73FF9BE15089AE9480BC1E25E0B689787AA5778143F8EEBB72EE51C098","yes","match","6","2.C","NR","Fig. 4","NR","match","Dynamic-motion data-rate range","NR","range","NR","3.2","3.8","NR","NR","Gbit/s","system","NR","source_reported_communication_function","NR","NR","Moving receiver in integrated 3D volume","NR","COND-SCR00196-DYNAMIC-RATE","NR","laboratory_experiment","reported","CG-VLC-DMT-DYNAMIC-TRACKING-DATA-RATE-LAB","analysis_pending","Source verification complete; comparison grouping is intentionally separated and recorded in the G6 analysis files.","analysis_pending","verified_as_reported","Independent analog source-PDF review completed. Source identity, locator, value, unit, condition, and comparator role were approved. Main-text use remains a separate author decision.","COMPLETE_LOCKED","ANONYMOUS_HUMAN_ATTESTATION_FULL-HR-01_2026-09-01"
"MET-SCR00196-013","STC-SINGLETON-SCR-00196","SCR-00196","COND-SCR00196-BF-2M","TRD-SCR00196-002","communication","data_rate","Maximum beamforming data-rate improvement at 2 m","system","laboratory_experiment","scalar","eq","122","","","NR","","%","reported","reported","2 m; weak-irradiance positions","wide-field illumination without beamforming","CG-VLC-BEAMFORMING-RELATIVE-DATA-RATE-GAIN-LAB","conditionally_comparable","conditionally_admissible","7","2.D","","Fig. 5","","eligible_quantitative","conditionally_admissible","yes_with_conditions","source_supported_scope_conditioned","not_documented","e0ea51c332483f0e7150b25ecfae9a1b1c19232a74b1f484d1277fd8a46da55c","conditionally_admissible","yes_with_conditions","not_documented","FULL-HR-01","2026-09-01","Adaptive visible light integrated sensing and communication for cable-free virtual reality","10.1364/prj.561888","only_report_in_phase_g_source_set","1A0C1D73FF9BE15089AE9480BC1E25E0B689787AA5778143F8EEBB72EE51C098","yes","match","7","2.D","NR","Fig. 5","NR","match","Maximum beamforming data-rate improvement at 2 m","NR","eq","122","NR","NR","NR","NR","%","system","NR","source_reported_communication_function","NR","NR","2 m; weak-irradiance positions","NR","COND-SCR00196-BF-2M","wide-field illumination without beamforming","laboratory_experiment","reported","CG-VLC-BEAMFORMING-RELATIVE-DATA-RATE-GAIN-LAB","analysis_pending","Source verification complete; comparison grouping is intentionally separated and recorded in the G6 analysis files.","analysis_pending","verified_as_reported","Independent analog source-PDF review completed. Source identity, locator, value, unit, condition, and comparator role were approved. Main-text use remains a separate author decision.","COMPLETE_LOCKED","ANONYMOUS_HUMAN_ATTESTATION_FULL-HR-01_2026-09-01"
"MET-SCR00196-014","STC-SINGLETON-SCR-00196","SCR-00196","COND-SCR00196-BF-2M","","communication","data_rate","Maximum beamformed data rate","system","laboratory_experiment","threshold","gt","6","","","NR","","Gbit/s","reported","reported","2 m adaptive beamforming","","CG-VLC-DMT-BEAMFORMED-DATA-RATE-LAB","conditionally_comparable","conditionally_admissible","7","2.D","","Fig. 5","","eligible_quantitative","conditionally_admissible","yes_with_conditions","source_supported_scope_conditioned","not_documented","e0ea51c332483f0e7150b25ecfae9a1b1c19232a74b1f484d1277fd8a46da55c","conditionally_admissible","yes_with_conditions","not_documented","FULL-HR-01","2026-09-01","Adaptive visible light integrated sensing and communication for cable-free virtual reality","10.1364/prj.561888","only_report_in_phase_g_source_set","1A0C1D73FF9BE15089AE9480BC1E25E0B689787AA5778143F8EEBB72EE51C098","yes","match","7","2.D","NR","Fig. 5","NR","match","Maximum beamformed data rate","NR","gt","6","NR","NR","NR","NR","Gbit/s","system","NR","source_reported_communication_function","NR","NR","2 m adaptive beamforming","NR","COND-SCR00196-BF-2M","NR","laboratory_experiment","reported","CG-VLC-DMT-BEAMFORMED-DATA-RATE-LAB","analysis_pending","Source verification complete; comparison grouping is intentionally separated and recorded in the G6 analysis files.","analysis_pending","verified_as_reported","Independent analog source-PDF review completed. Source identity, locator, value, unit, condition, and comparator role were approved. Main-text use remains a separate author decision.","COMPLETE_LOCKED","ANONYMOUS_HUMAN_ATTESTATION_FULL-HR-01_2026-09-01"
"MET-SCR00196-015","STC-SINGLETON-SCR-00196","SCR-00196","COND-SCR00196-BF-FIRSTPOS","","communication","SNR","Average SNR after beamforming","link","laboratory_experiment","scalar","eq","18.79","","","NR","","dB","reported","reported","2 m first test position","12.30 dB without beamforming","CG-VLC-DMT-BEAMFORMED-EVM-SNR-LAB","conditionally_comparable","conditionally_admissible","7","2.D","","Fig. 5","","eligible_quantitative","conditionally_admissible","yes_with_conditions","source_supported_scope_conditioned","not_documented","e0ea51c332483f0e7150b25ecfae9a1b1c19232a74b1f484d1277fd8a46da55c","conditionally_admissible","yes_with_conditions","not_documented","FULL-HR-01","2026-09-01","Adaptive visible light integrated sensing and communication for cable-free virtual reality","10.1364/prj.561888","only_report_in_phase_g_source_set","1A0C1D73FF9BE15089AE9480BC1E25E0B689787AA5778143F8EEBB72EE51C098","yes","match","7","2.D","NR","Fig. 5","NR","match","Average SNR after beamforming","NR","eq","18.79","NR","NR","NR","NR","dB","link","NR","source_reported_communication_function","NR","NR","2 m first test position","NR","COND-SCR00196-BF-FIRSTPOS","12.30 dB without beamforming","laboratory_experiment","reported","CG-VLC-DMT-BEAMFORMED-EVM-SNR-LAB","analysis_pending","Source verification complete; comparison grouping is intentionally separated and recorded in the G6 analysis files.","analysis_pending","verified_as_reported","Independent analog source-PDF review completed. Source identity, locator, value, unit, condition, and comparator role were approved. Main-text use remains a separate author decision.","COMPLETE_LOCKED","ANONYMOUS_HUMAN_ATTESTATION_FULL-HR-01_2026-09-01"
"MET-SCR00196-016","STC-SINGLETON-SCR-00196","SCR-00196","COND-SCR00196-BF-FIRSTPOS","","communication","other","Highest bit allocation after beamforming","link","laboratory_experiment","scalar","eq","7","","","NR","","bit/(s Hz)","reported","reported","2 m first test position","4 bit/(s Hz) without beamforming","CG-VLC-DMT-BEAMFORMED-BIT-LOADING-LAB","conditionally_comparable","conditionally_admissible","7","2.D","","Fig. 5","","eligible_quantitative","conditionally_admissible","yes_with_conditions","source_supported_scope_conditioned","not_documented","e0ea51c332483f0e7150b25ecfae9a1b1c19232a74b1f484d1277fd8a46da55c","conditionally_admissible","yes_with_conditions","not_documented","FULL-HR-01","2026-09-01","Adaptive visible light integrated sensing and communication for cable-free virtual reality","10.1364/prj.561888","only_report_in_phase_g_source_set","1A0C1D73FF9BE15089AE9480BC1E25E0B689787AA5778143F8EEBB72EE51C098","yes","match","7","2.D","NR","Fig. 5","NR","match","Highest bit allocation after beamforming","NR","eq","7","NR","NR","NR","NR","bit/(s Hz)","link","NR","source_reported_communication_function","NR","NR","2 m first test position","NR","COND-SCR00196-BF-FIRSTPOS","4 bit/(s Hz) without beamforming","laboratory_experiment","reported","CG-VLC-DMT-BEAMFORMED-BIT-LOADING-LAB","analysis_pending","Source verification complete; comparison grouping is intentionally separated and recorded in the G6 analysis files.","analysis_pending","verified_as_reported","Independent analog source-PDF review completed. Source identity, locator, value, unit, condition, and comparator role were approved. Main-text use remains a separate author decision.","COMPLETE_LOCKED","ANONYMOUS_HUMAN_ATTESTATION_FULL-HR-01_2026-09-01"
"MET-SCR00196-017","STC-SINGLETON-SCR-00196","SCR-00196","COND-SCR00196-BF-3M","TRD-SCR00196-002","communication","data_rate","Beamformed data rate at 3 m field periphery","system","laboratory_experiment","scalar","eq","5.93","","","NR","","Gbit/s","reported","reported","3 m; 0.9 m x 0.9 m field periphery","2.09 Gbit/s without beamforming","CG-VLC-DMT-BEAMFORMED-DATA-RATE-LAB","conditionally_comparable","conditionally_admissible","7","2.D","","Fig. 5","","eligible_quantitative","conditionally_admissible","yes_with_conditions","source_supported_scope_conditioned","not_documented","e0ea51c332483f0e7150b25ecfae9a1b1c19232a74b1f484d1277fd8a46da55c","conditionally_admissible","yes_with_conditions","not_documented","FULL-HR-01","2026-09-01","Adaptive visible light integrated sensing and communication for cable-free virtual reality","10.1364/prj.561888","only_report_in_phase_g_source_set","1A0C1D73FF9BE15089AE9480BC1E25E0B689787AA5778143F8EEBB72EE51C098","yes","match","7","2.D","NR","Fig. 5","NR","match","Beamformed data rate at 3 m field periphery","NR","eq","5.93","NR","NR","NR","NR","Gbit/s","system","NR","source_reported_communication_function","NR","NR","3 m; 0.9 m x 0.9 m field periphery","NR","COND-SCR00196-BF-3M","2.09 Gbit/s without beamforming","laboratory_experiment","reported","CG-VLC-DMT-BEAMFORMED-DATA-RATE-LAB","analysis_pending","Source verification complete; comparison grouping is intentionally separated and recorded in the G6 analysis files.","analysis_pending","verified_as_reported","Independent analog source-PDF review completed. Source identity, locator, value, unit, condition, and comparator role were approved. Main-text use remains a separate author decision.","COMPLETE_LOCKED","ANONYMOUS_HUMAN_ATTESTATION_FULL-HR-01_2026-09-01"
"MET-SCR00196-018","STC-SINGLETON-SCR-00196","SCR-00196","COND-SCR00196-BF-3M","TRD-SCR00196-002","communication","data_rate","Beamforming data-rate improvement at 3 m","system","laboratory_experiment","scalar","eq","184","","","NR","","%","reported","reported","3 m; field periphery","wide-field illumination without beamforming","CG-VLC-BEAMFORMING-RELATIVE-DATA-RATE-GAIN-LAB","conditionally_comparable","conditionally_admissible","7","2.D","","Fig. 5","","eligible_quantitative","conditionally_admissible","yes_with_conditions","source_supported_scope_conditioned","not_documented","e0ea51c332483f0e7150b25ecfae9a1b1c19232a74b1f484d1277fd8a46da55c","conditionally_admissible","yes_with_conditions","not_documented","FULL-HR-01","2026-09-01","Adaptive visible light integrated sensing and communication for cable-free virtual reality","10.1364/prj.561888","only_report_in_phase_g_source_set","1A0C1D73FF9BE15089AE9480BC1E25E0B689787AA5778143F8EEBB72EE51C098","yes","match","7","2.D","NR","Fig. 5","NR","match","Beamforming data-rate improvement at 3 m","NR","eq","184","NR","NR","NR","NR","%","system","NR","source_reported_communication_function","NR","NR","3 m; field periphery","NR","COND-SCR00196-BF-3M","wide-field illumination without beamforming","laboratory_experiment","reported","CG-VLC-BEAMFORMING-RELATIVE-DATA-RATE-GAIN-LAB","analysis_pending","Source verification complete; comparison grouping is intentionally separated and recorded in the G6 analysis files.","analysis_pending","verified_as_reported","Independent analog source-PDF review completed. Source identity, locator, value, unit, condition, and comparator role were approved. Main-text use remains a separate author decision.","COMPLETE_LOCKED","ANONYMOUS_HUMAN_ATTESTATION_FULL-HR-01_2026-09-01"
"MET-SCR00196-019","STC-SINGLETON-SCR-00196","SCR-00196","COND-SCR00196-VR1-WIDE","","communication","other","Packet-loss rate, VR video 1","application","prototype_testbed","scalar","approx","38.5","","","NR","","%","reported","reported","7680 x 3840, 120 Hz VR video; no beamforming","","CG-VLC-VR-PACKET-LOSS-PROTOTYPE","conditionally_comparable","conditionally_admissible","8","2.D","","","","eligible_quantitative","conditionally_admissible","yes_with_conditions","source_supported_scope_conditioned","not_documented","e0ea51c332483f0e7150b25ecfae9a1b1c19232a74b1f484d1277fd8a46da55c","conditionally_admissible","yes_with_conditions","not_documented","FULL-HR-01","2026-09-01","Adaptive visible light integrated sensing and communication for cable-free virtual reality","10.1364/prj.561888","only_report_in_phase_g_source_set","1A0C1D73FF9BE15089AE9480BC1E25E0B689787AA5778143F8EEBB72EE51C098","yes","match","8","2.D","NR","NR","NR","match","Packet-loss rate, VR video 1","NR","approx","38.5","NR","NR","NR","NR","%","application","NR","source_reported_communication_function","NR","NR","7680 x 3840, 120 Hz VR video; no beamforming","NR","COND-SCR00196-VR1-WIDE","NR","prototype_testbed","reported","CG-VLC-VR-PACKET-LOSS-PROTOTYPE","analysis_pending","Source verification complete; comparison grouping is intentionally separated and recorded in the G6 analysis files.","analysis_pending","verified_as_reported","Independent analog source-PDF review completed. Source identity, locator, value, unit, condition, and comparator role were approved. Main-text use remains a separate author decision.","COMPLETE_LOCKED","ANONYMOUS_HUMAN_ATTESTATION_FULL-HR-01_2026-09-01"
"MET-SCR00196-020","STC-SINGLETON-SCR-00196","SCR-00196","COND-SCR00196-VR2-WIDE","","communication","other","Packet-loss rate, VR video 2","application","prototype_testbed","scalar","approx","34.4","","","NR","","%","reported","reported","7200 x 3840, 120 Hz VR video; no beamforming","","CG-VLC-VR-PACKET-LOSS-PROTOTYPE","conditionally_comparable","conditionally_admissible","8","2.D","","","","eligible_quantitative","conditionally_admissible","yes_with_conditions","source_supported_scope_conditioned","not_documented","e0ea51c332483f0e7150b25ecfae9a1b1c19232a74b1f484d1277fd8a46da55c","conditionally_admissible","yes_with_conditions","not_documented","FULL-HR-01","2026-09-01","Adaptive visible light integrated sensing and communication for cable-free virtual reality","10.1364/prj.561888","only_report_in_phase_g_source_set","1A0C1D73FF9BE15089AE9480BC1E25E0B689787AA5778143F8EEBB72EE51C098","yes","match","8","2.D","NR","NR","NR","match","Packet-loss rate, VR video 2","NR","approx","34.4","NR","NR","NR","NR","%","application","NR","source_reported_communication_function","NR","NR","7200 x 3840, 120 Hz VR video; no beamforming","NR","COND-SCR00196-VR2-WIDE","NR","prototype_testbed","reported","CG-VLC-VR-PACKET-LOSS-PROTOTYPE","analysis_pending","Source verification complete; comparison grouping is intentionally separated and recorded in the G6 analysis files.","analysis_pending","verified_as_reported","Independent analog source-PDF review completed. Source identity, locator, value, unit, condition, and comparator role were approved. Main-text use remains a separate author decision.","COMPLETE_LOCKED","ANONYMOUS_HUMAN_ATTESTATION_FULL-HR-01_2026-09-01"
"MET-SCR00196-021","STC-SINGLETON-SCR-00196","SCR-00196","COND-SCR00196-REFINED-XNEG","TRD-SCR00196-002","sensing","estimation_error","Estimated negative X displacement","system","laboratory_experiment","mean_SD","eq","-0.491","","","SD","0.006","mm","reported","reported","ROI-refined localization after beamforming","","CG-VLC-ROI-LATERAL-DISPLACEMENT-ESTIMATE-LAB","conditionally_comparable","conditionally_admissible","8","2.D","","Fig. 6","","eligible_quantitative","conditionally_admissible","yes_with_conditions","source_supported_scope_conditioned","not_documented","e0ea51c332483f0e7150b25ecfae9a1b1c19232a74b1f484d1277fd8a46da55c","conditionally_admissible","yes_with_conditions","not_documented","FULL-HR-01","2026-09-01","Adaptive visible light integrated sensing and communication for cable-free virtual reality","10.1364/prj.561888","only_report_in_phase_g_source_set","1A0C1D73FF9BE15089AE9480BC1E25E0B689787AA5778143F8EEBB72EE51C098","yes","match","8","2.D","NR","Fig. 6","NR","match","Estimated negative X displacement","NR","eq","-0.491","NR","NR","SD","0.006","mm","system","NR","NR","source_reported_sensing_function","NR","ROI-refined localization after beamforming","NR","COND-SCR00196-REFINED-XNEG","NR","laboratory_experiment","reported","CG-VLC-ROI-LATERAL-DISPLACEMENT-ESTIMATE-LAB","analysis_pending","Source verification complete; comparison grouping is intentionally separated and recorded in the G6 analysis files.","analysis_pending","verified_as_reported","Independent analog source-PDF review completed. Source identity, locator, value, unit, condition, and comparator role were approved. Main-text use remains a separate author decision.","COMPLETE_LOCKED","ANONYMOUS_HUMAN_ATTESTATION_FULL-HR-01_2026-09-01"
"MET-SCR00196-022","STC-SINGLETON-SCR-00196","SCR-00196","COND-SCR00196-REFINED-XPOS","","sensing","estimation_error","Estimated positive X displacement","system","laboratory_experiment","mean_SD","eq","0.494","","","SD","0.008","mm","reported","reported","ROI-refined localization after beamforming","","CG-VLC-ROI-LATERAL-DISPLACEMENT-ESTIMATE-LAB","conditionally_comparable","conditionally_admissible","8","2.D","","Fig. 6","","eligible_quantitative","conditionally_admissible","yes_with_conditions","source_supported_scope_conditioned","not_documented","e0ea51c332483f0e7150b25ecfae9a1b1c19232a74b1f484d1277fd8a46da55c","conditionally_admissible","yes_with_conditions","not_documented","FULL-HR-01","2026-09-01","Adaptive visible light integrated sensing and communication for cable-free virtual reality","10.1364/prj.561888","only_report_in_phase_g_source_set","1A0C1D73FF9BE15089AE9480BC1E25E0B689787AA5778143F8EEBB72EE51C098","yes","match","8","2.D","NR","Fig. 6","NR","match","Estimated positive X displacement","NR","eq","0.494","NR","NR","SD","0.008","mm","system","NR","NR","source_reported_sensing_function","NR","ROI-refined localization after beamforming","NR","COND-SCR00196-REFINED-XPOS","NR","laboratory_experiment","reported","CG-VLC-ROI-LATERAL-DISPLACEMENT-ESTIMATE-LAB","analysis_pending","Source verification complete; comparison grouping is intentionally separated and recorded in the G6 analysis files.","analysis_pending","verified_as_reported","Independent analog source-PDF review completed. Source identity, locator, value, unit, condition, and comparator role were approved. Main-text use remains a separate author decision.","COMPLETE_LOCKED","ANONYMOUS_HUMAN_ATTESTATION_FULL-HR-01_2026-09-01"
"MET-SCR00196-023","STC-SINGLETON-SCR-00196","SCR-00196","COND-SCR00196-REFINED-YNEG","","sensing","estimation_error","Estimated negative Y displacement","system","laboratory_experiment","mean_SD","eq","-0.482","","","SD","0.003","mm","reported","reported","ROI-refined localization after beamforming","","CG-VLC-ROI-LATERAL-DISPLACEMENT-ESTIMATE-LAB","conditionally_comparable","conditionally_admissible","8","2.D","","Fig. 6","","eligible_quantitative","conditionally_admissible","yes_with_conditions","source_supported_scope_conditioned","not_documented","e0ea51c332483f0e7150b25ecfae9a1b1c19232a74b1f484d1277fd8a46da55c","conditionally_admissible","yes_with_conditions","not_documented","FULL-HR-01","2026-09-01","Adaptive visible light integrated sensing and communication for cable-free virtual reality","10.1364/prj.561888","only_report_in_phase_g_source_set","1A0C1D73FF9BE15089AE9480BC1E25E0B689787AA5778143F8EEBB72EE51C098","yes","match","8","2.D","NR","Fig. 6","NR","match","Estimated negative Y displacement","NR","eq","-0.482","NR","NR","SD","0.003","mm","system","NR","NR","source_reported_sensing_function","NR","ROI-refined localization after beamforming","NR","COND-SCR00196-REFINED-YNEG","NR","laboratory_experiment","reported","CG-VLC-ROI-LATERAL-DISPLACEMENT-ESTIMATE-LAB","analysis_pending","Source verification complete; comparison grouping is intentionally separated and recorded in the G6 analysis files.","analysis_pending","verified_as_reported","Independent analog source-PDF review completed. Source identity, locator, value, unit, condition, and comparator role were approved. Main-text use remains a separate author decision.","COMPLETE_LOCKED","ANONYMOUS_HUMAN_ATTESTATION_FULL-HR-01_2026-09-01"
"MET-SCR00196-024","STC-SINGLETON-SCR-00196","SCR-00196","COND-SCR00196-REFINED-YPOS","","sensing","estimation_error","Estimated positive Y displacement","system","laboratory_experiment","mean_SD","eq","0.473","","","SD","0.004","mm","reported","reported","ROI-refined localization after beamforming","","CG-VLC-ROI-LATERAL-DISPLACEMENT-ESTIMATE-LAB","conditionally_comparable","conditionally_admissible","8","2.D","","Fig. 6","","eligible_quantitative","conditionally_admissible","yes_with_conditions","source_supported_scope_conditioned","not_documented","e0ea51c332483f0e7150b25ecfae9a1b1c19232a74b1f484d1277fd8a46da55c","conditionally_admissible","yes_with_conditions","not_documented","FULL-HR-01","2026-09-01","Adaptive visible light integrated sensing and communication for cable-free virtual reality","10.1364/prj.561888","only_report_in_phase_g_source_set","1A0C1D73FF9BE15089AE9480BC1E25E0B689787AA5778143F8EEBB72EE51C098","yes","match","8","2.D","NR","Fig. 6","NR","match","Estimated positive Y displacement","NR","eq","0.473","NR","NR","SD","0.004","mm","system","NR","NR","source_reported_sensing_function","NR","ROI-refined localization after beamforming","NR","COND-SCR00196-REFINED-YPOS","NR","laboratory_experiment","reported","CG-VLC-ROI-LATERAL-DISPLACEMENT-ESTIMATE-LAB","analysis_pending","Source verification complete; comparison grouping is intentionally separated and recorded in the G6 analysis files.","analysis_pending","verified_as_reported","Independent analog source-PDF review completed. Source identity, locator, value, unit, condition, and comparator role were approved. Main-text use remains a separate author decision.","COMPLETE_LOCKED","ANONYMOUS_HUMAN_ATTESTATION_FULL-HR-01_2026-09-01"
"MET-SCR00196-025","STC-SINGLETON-SCR-00196","SCR-00196","COND-SCR00196-REFINED-ZNEG","","sensing","estimation_error","Estimated negative depth displacement","system","laboratory_experiment","mean_SD","eq","-4.01","","","SD","3.69","mm","reported","reported","ROI-refined localization after beamforming","","CG-VLC-ROI-DEPTH-DISPLACEMENT-ESTIMATE-LAB","conditionally_comparable","conditionally_admissible","8","2.D","","Fig. 6","","eligible_quantitative","conditionally_admissible","yes_with_conditions","source_supported_scope_conditioned","not_documented","e0ea51c332483f0e7150b25ecfae9a1b1c19232a74b1f484d1277fd8a46da55c","conditionally_admissible","yes_with_conditions","not_documented","FULL-HR-01","2026-09-01","Adaptive visible light integrated sensing and communication for cable-free virtual reality","10.1364/prj.561888","only_report_in_phase_g_source_set","1A0C1D73FF9BE15089AE9480BC1E25E0B689787AA5778143F8EEBB72EE51C098","yes","match","8","2.D","NR","Fig. 6","NR","match","Estimated negative depth displacement","NR","eq","-4.01","NR","NR","SD","3.69","mm","system","NR","NR","source_reported_sensing_function","NR","ROI-refined localization after beamforming","NR","COND-SCR00196-REFINED-ZNEG","NR","laboratory_experiment","reported","CG-VLC-ROI-DEPTH-DISPLACEMENT-ESTIMATE-LAB","analysis_pending","Source verification complete; comparison grouping is intentionally separated and recorded in the G6 analysis files.","analysis_pending","verified_as_reported","Independent analog source-PDF review completed. Source identity, locator, value, unit, condition, and comparator role were approved. Main-text use remains a separate author decision.","COMPLETE_LOCKED","ANONYMOUS_HUMAN_ATTESTATION_FULL-HR-01_2026-09-01"
"MET-SCR00196-026","STC-SINGLETON-SCR-00196","SCR-00196","COND-SCR00196-REFINED-ZPOS","","sensing","estimation_error","Estimated positive depth displacement","system","laboratory_experiment","mean_SD","eq","4.55","","","SD","5.48","mm","reported","reported","ROI-refined localization after beamforming","","CG-VLC-ROI-DEPTH-DISPLACEMENT-ESTIMATE-LAB","conditionally_comparable","conditionally_admissible","8","2.D","","Fig. 6","","eligible_quantitative","conditionally_admissible","yes_with_conditions","source_supported_scope_conditioned","not_documented","e0ea51c332483f0e7150b25ecfae9a1b1c19232a74b1f484d1277fd8a46da55c","conditionally_admissible","yes_with_conditions","not_documented","FULL-HR-01","2026-09-01","Adaptive visible light integrated sensing and communication for cable-free virtual reality","10.1364/prj.561888","only_report_in_phase_g_source_set","1A0C1D73FF9BE15089AE9480BC1E25E0B689787AA5778143F8EEBB72EE51C098","yes","match","8","2.D","NR","Fig. 6","NR","match","Estimated positive depth displacement","NR","eq","4.55","NR","NR","SD","5.48","mm","system","NR","NR","source_reported_sensing_function","NR","ROI-refined localization after beamforming","NR","COND-SCR00196-REFINED-ZPOS","NR","laboratory_experiment","reported","CG-VLC-ROI-DEPTH-DISPLACEMENT-ESTIMATE-LAB","analysis_pending","Source verification complete; comparison grouping is intentionally separated and recorded in the G6 analysis files.","analysis_pending","verified_as_reported","Independent analog source-PDF review completed. Source identity, locator, value, unit, condition, and comparator role were approved. Main-text use remains a separate author decision.","COMPLETE_LOCKED","ANONYMOUS_HUMAN_ATTESTATION_FULL-HR-01_2026-09-01"
"MET-SCR00196-027","STC-SINGLETON-SCR-00196","SCR-00196","COND-SCR00196-REFINED-Z","TRD-SCR00196-002","sensing","resolution","Refined depth separation","system","laboratory_experiment","scalar","eq","10","","","NR","","mm","reported","reported","ROI-focused structured illumination after beamforming","","CG-VLC-ROI-DEPTH-SEPARATION-RESOLUTION-LAB","conditionally_comparable","conditionally_admissible","8","2.D","","Fig. 6","","eligible_quantitative","conditionally_admissible","yes_with_conditions","source_supported_scope_conditioned","not_documented","e0ea51c332483f0e7150b25ecfae9a1b1c19232a74b1f484d1277fd8a46da55c","conditionally_admissible","yes_with_conditions","not_documented","FULL-HR-01","2026-09-01","Adaptive visible light integrated sensing and communication for cable-free virtual reality","10.1364/prj.561888","only_report_in_phase_g_source_set","1A0C1D73FF9BE15089AE9480BC1E25E0B689787AA5778143F8EEBB72EE51C098","yes","match","8","2.D","NR","Fig. 6","NR","match","Refined depth separation","NR","eq","10","NR","NR","NR","NR","mm","system","NR","NR","source_reported_sensing_function","NR","ROI-focused structured illumination after beamforming","NR","COND-SCR00196-REFINED-Z","NR","laboratory_experiment","reported","CG-VLC-ROI-DEPTH-SEPARATION-RESOLUTION-LAB","analysis_pending","Source verification complete; comparison grouping is intentionally separated and recorded in the G6 analysis files.","analysis_pending","verified_as_reported","Independent analog source-PDF review completed. Source identity, locator, value, unit, condition, and comparator role were approved. Main-text use remains a separate author decision.","COMPLETE_LOCKED","ANONYMOUS_HUMAN_ATTESTATION_FULL-HR-01_2026-09-01"
"MET-R01-SCR00220-001","STC-FRDM-POLARIZATION-SENSING-2025-2026","SCR-00220","COND-SCR00220-LINK","","communication","data_rate","Aggregate DP-16QAM transmission rate","system","laboratory_experiment","scalar","eq","480","","","","","Gb/s","reported","reported","60-GBaud DP-16QAM FD-NOMA coherent experiment","","CG-SCR00220-LINK","conditionally_comparable","conditionally_admissible","1-2;10","Abstract; Conclusion","","","","eligible_quantitative","conditionally_admissible","yes_with_conditions","source_supported_scope_conditioned","not_documented","e0ea51c332483f0e7150b25ecfae9a1b1c19232a74b1f484d1277fd8a46da55c","conditionally_admissible","yes_with_conditions","not_documented","FULL-HR-01","2026-09-01","Integrated Communication and In-Band Spectrum Polarization-Based Sensing via Fraction-Division Non-Orthogonal Multiple Access","10.1109/jlt.2025.3625373","only_report_in_phase_g_source_set","AD358AD633D42CB6C744DF3F9F9C8774A0B58E902EEF2E8C52616FCA1D8A2DD0","yes","match","1-2;10","Abstract; Conclusion","NR","NR","NR","match","Aggregate DP-16QAM transmission rate","NR","eq","480","NR","NR","NR","NR","Gb/s","system","NR","source_reported_communication_function","NR","NR","60-GBaud DP-16QAM FD-NOMA coherent experiment","NR","COND-SCR00220-LINK","NR","laboratory_experiment","reported","CG-SCR00220-LINK","analysis_pending","Source verification complete; comparison grouping is intentionally separated and recorded in the G6 analysis files.","analysis_pending","verified_as_reported","Independent analog source-PDF review completed. Source identity, locator, value, unit, condition, and comparator role were approved. Main-text use remains a separate author decision.","COMPLETE_LOCKED","ANONYMOUS_HUMAN_ATTESTATION_FULL-HR-01_2026-09-01"
"MET-R01-SCR00220-014","STC-FRDM-POLARIZATION-SENSING-2025-2026","SCR-00220","COND-SCR00220-STRAIN-LINEARITY","","sensing","other","Strain-response linearity","system","laboratory_experiment","scalar","eq","0.9927","","","","","R-squared","reported","reported","PZT strain-response sweep","","CG-SCR00220-STRAIN","conditionally_comparable","conditionally_admissible","9","IV. Experimental Results and Discussions","","Fig. 8(c)","","eligible_quantitative","conditionally_admissible","yes_with_conditions","source_supported_scope_conditioned","not_documented","e0ea51c332483f0e7150b25ecfae9a1b1c19232a74b1f484d1277fd8a46da55c","conditionally_admissible","yes_with_conditions","not_documented","FULL-HR-01","2026-09-01","Integrated Communication and In-Band Spectrum Polarization-Based Sensing via Fraction-Division Non-Orthogonal Multiple Access","10.1109/jlt.2025.3625373","only_report_in_phase_g_source_set","AD358AD633D42CB6C744DF3F9F9C8774A0B58E902EEF2E8C52616FCA1D8A2DD0","yes","match","9","IV. Experimental Results and Discussions","NR","Fig. 8(c)","NR","match","Strain-response linearity","NR","eq","0.9927","NR","NR","NR","NR","R-squared","system","NR","NR","source_reported_sensing_function","NR","PZT strain-response sweep","NR","COND-SCR00220-STRAIN-LINEARITY","NR","laboratory_experiment","reported","CG-SCR00220-STRAIN","analysis_pending","Source verification complete; comparison grouping is intentionally separated and recorded in the G6 analysis files.","analysis_pending","verified_as_reported","Independent analog source-PDF review completed. Source identity, locator, value, unit, condition, and comparator role were approved. Main-text use remains a separate author decision.","COMPLETE_LOCKED","ANONYMOUS_HUMAN_ATTESTATION_FULL-HR-01_2026-09-01"
"MET-R01-SCR00220-015","STC-FRDM-POLARIZATION-SENSING-2025-2026","SCR-00220","COND-SCR00220-STRAIN-LINEARITY","","sensing","other","Polarization-sensing sensitivity","system","laboratory_experiment","scalar","eq","0.0053","","","","","rad/microstrain","reported","reported","Average gradient of the strain-response linear fit","","CG-SCR00220-STRAIN","conditionally_comparable","conditionally_admissible","9-10","IV. Experimental Results and Discussions; V. Conclusion","","Fig. 8(c)","","eligible_quantitative","conditionally_admissible","yes_with_conditions","source_supported_scope_conditioned","not_documented","e0ea51c332483f0e7150b25ecfae9a1b1c19232a74b1f484d1277fd8a46da55c","conditionally_admissible","yes_with_conditions","not_documented","FULL-HR-01","2026-09-01","Integrated Communication and In-Band Spectrum Polarization-Based Sensing via Fraction-Division Non-Orthogonal Multiple Access","10.1109/jlt.2025.3625373","only_report_in_phase_g_source_set","AD358AD633D42CB6C744DF3F9F9C8774A0B58E902EEF2E8C52616FCA1D8A2DD0","yes","match","9-10","IV. Experimental Results and Discussions; V. Conclusion","NR","Fig. 8(c)","NR","match","Polarization-sensing sensitivity","NR","eq","0.0053","NR","NR","NR","NR","rad/microstrain","system","NR","NR","source_reported_sensing_function","NR","Average gradient of the strain-response linear fit","NR","COND-SCR00220-STRAIN-LINEARITY","NR","laboratory_experiment","reported","CG-SCR00220-STRAIN","analysis_pending","Source verification complete; comparison grouping is intentionally separated and recorded in the G6 analysis files.","analysis_pending","verified_as_reported","Independent analog source-PDF review completed. Source identity, locator, value, unit, condition, and comparator role were approved. Main-text use remains a separate author decision.","COMPLETE_LOCKED","ANONYMOUS_HUMAN_ATTESTATION_FULL-HR-01_2026-09-01"
"MET-R01-SCR00220-016","STC-FRDM-POLARIZATION-SENSING-2025-2026","SCR-00220","COND-SCR00220-LOD","","sensing","other","Limit of detection","system","laboratory_experiment","scalar","approx","70.7","","","","","nstrain/sqrt(Hz)","reported","reported","FD-NOMA polarization sensing","","CG-SCR00220-STRAIN","conditionally_comparable","conditionally_admissible","9-10","IV. Experimental Results and Discussions; V. Conclusion","","","","eligible_quantitative","conditionally_admissible","yes_with_conditions","source_supported_scope_conditioned","not_documented","e0ea51c332483f0e7150b25ecfae9a1b1c19232a74b1f484d1277fd8a46da55c","conditionally_admissible","yes_with_conditions","not_documented","FULL-HR-01","2026-09-01","Integrated Communication and In-Band Spectrum Polarization-Based Sensing via Fraction-Division Non-Orthogonal Multiple Access","10.1109/jlt.2025.3625373","only_report_in_phase_g_source_set","AD358AD633D42CB6C744DF3F9F9C8774A0B58E902EEF2E8C52616FCA1D8A2DD0","yes","match","9-10","IV. Experimental Results and Discussions; V. Conclusion","NR","NR","NR","match","Limit of detection","NR","approx","70.7","NR","NR","NR","NR","nstrain/sqrt(Hz)","system","NR","NR","source_reported_sensing_function","NR","FD-NOMA polarization sensing","NR","COND-SCR00220-LOD","NR","laboratory_experiment","reported","CG-SCR00220-STRAIN","analysis_pending","Source verification complete; comparison grouping is intentionally separated and recorded in the G6 analysis files.","analysis_pending","verified_as_reported","Independent analog source-PDF review completed. Source identity, locator, value, unit, condition, and comparator role were approved. Main-text use remains a separate author decision.","COMPLETE_LOCKED","ANONYMOUS_HUMAN_ATTESTATION_FULL-HR-01_2026-09-01"
"MET-R01-SCR00220-017","STC-FRDM-POLARIZATION-SENSING-2025-2026","SCR-00220","COND-SCR00220-LOCALIZATION","","sensing","localization_error","Vibration localization error","system","laboratory_experiment","scalar","eq","8","","","","","m","reported","reported","Bidirectional cross-correlation over total calibrated fiber length 32.550 km","","CG-SCR00220-LOCALIZATION","conditionally_comparable","conditionally_admissible","9","IV. Experimental Results and Discussions","","Fig. 9","","eligible_quantitative","conditionally_admissible","yes_with_conditions","source_supported_scope_conditioned","not_documented","e0ea51c332483f0e7150b25ecfae9a1b1c19232a74b1f484d1277fd8a46da55c","conditionally_admissible","yes_with_conditions","not_documented","FULL-HR-01","2026-09-01","Integrated Communication and In-Band Spectrum Polarization-Based Sensing via Fraction-Division Non-Orthogonal Multiple Access","10.1109/jlt.2025.3625373","only_report_in_phase_g_source_set","AD358AD633D42CB6C744DF3F9F9C8774A0B58E902EEF2E8C52616FCA1D8A2DD0","yes","match","9","IV. Experimental Results and Discussions","NR","Fig. 9","NR","match","Vibration localization error","NR","eq","8","NR","NR","NR","NR","m","system","NR","NR","source_reported_sensing_function","NR","Bidirectional cross-correlation over total calibrated fiber length 32.550 km","NR","COND-SCR00220-LOCALIZATION","NR","laboratory_experiment","reported","CG-SCR00220-LOCALIZATION","analysis_pending","Source verification complete; comparison grouping is intentionally separated and recorded in the G6 analysis files.","analysis_pending","verified_as_reported","Independent analog source-PDF review completed. Source identity, locator, value, unit, condition, and comparator role were approved. Main-text use remains a separate author decision.","COMPLETE_LOCKED","ANONYMOUS_HUMAN_ATTESTATION_FULL-HR-01_2026-09-01"
"MET-R01-SCR00233-003","STC-SINGLETON-SCR-00233","SCR-00233","COND-SCR00233-ACO4QAM-LCT","","communication","SNR","SNR gain versus LCT detector","system","simulation","scalar","approx","1.6","","","","","dB gain","reported","reported","Hybrid receiver versus cited LCT-based ISAC detector","LCT-based detection algorithm [23]","CG-SCR00233-FIG3-BER","conditionally_comparable","conditionally_admissible","5","4.1 BER performance","","Fig. 3","","eligible_quantitative","conditionally_admissible","yes_with_conditions","source_supported_scope_conditioned","not_documented","e0ea51c332483f0e7150b25ecfae9a1b1c19232a74b1f484d1277fd8a46da55c","conditionally_admissible","yes_with_conditions","not_documented","FULL-HR-01","2026-09-01","Bi-LSTM-Transformer hybrid network for V2V optical wireless ISAC systems","10.1016/j.icte.2026.04.001","only_report_in_phase_g_source_set","6158B05C55166F69CA933894D976E00BE3B8168A3C8C5A2F1065F5AE4AFC858D","yes","match","5","4.1 BER performance","NR","Fig. 3","NR","match","SNR gain versus LCT detector","NR","approx","1.6","NR","NR","NR","NR","dB gain","system","NR","source_reported_communication_function","NR","NR","Hybrid receiver versus cited LCT-based ISAC detector","NR","COND-SCR00233-ACO4QAM-LCT","LCT-based detection algorithm [23]","simulation","reported","CG-SCR00233-FIG3-BER","analysis_pending","Source verification complete; comparison grouping is intentionally separated and recorded in the G6 analysis files.","analysis_pending","verified_as_reported","Independent analog source-PDF review completed. Source identity, locator, value, unit, condition, and comparator role were approved. Main-text use remains a separate author decision.","COMPLETE_LOCKED","ANONYMOUS_HUMAN_ATTESTATION_FULL-HR-01_2026-09-01"
"MET-R01-SCR00233-019","STC-SINGLETON-SCR-00233","SCR-00233","COND-SCR00233-COMPLEXITY","","joint","other","Inference complexity per OFDM frame","system","analytical","scalar","approx","8500000","","","","","MACs/frame","reported","reported","One 128-unit bidirectional LSTM plus two Transformer layers","Conventional 2D-FFT approximately 5 x 10^5 MACs","CG-SCR00233-COMPLEXITY","conditionally_comparable","conditionally_admissible","8","4.5 Complexity analysis","Table 3","","","eligible_quantitative","conditionally_admissible","yes_with_conditions","source_supported_scope_conditioned","not_documented","e0ea51c332483f0e7150b25ecfae9a1b1c19232a74b1f484d1277fd8a46da55c","conditionally_admissible","yes_with_conditions","not_documented","FULL-HR-01","2026-09-01","Bi-LSTM-Transformer hybrid network for V2V optical wireless ISAC systems","10.1016/j.icte.2026.04.001","only_report_in_phase_g_source_set","6158B05C55166F69CA933894D976E00BE3B8168A3C8C5A2F1065F5AE4AFC858D","yes","match","8","4.5 Complexity analysis","Table 3","NR","NR","match","Inference complexity per OFDM frame","NR","approx","8500000","NR","NR","NR","NR","MACs/frame","system","NR","source_reported_communication_function","source_reported_sensing_function","NR","One 128-unit bidirectional LSTM plus two Transformer layers","NR","COND-SCR00233-COMPLEXITY","Conventional 2D-FFT approximately 5 x 10^5 MACs","analytical","reported","CG-SCR00233-COMPLEXITY","analysis_pending","Source verification complete; comparison grouping is intentionally separated and recorded in the G6 analysis files.","analysis_pending","verified_as_reported","Independent analog source-PDF review completed. Source identity, locator, value, unit, condition, and comparator role were approved. Main-text use remains a separate author decision.","COMPLETE_LOCKED","ANONYMOUS_HUMAN_ATTESTATION_FULL-HR-01_2026-09-01"
"MET-R01-SCR00238-003","STC-SINGLETON-SCR-00238","SCR-00238","COND-SCR00238-PDM16QAM","","communication","link_budget","Received optical power at FEC threshold","link","laboratory_experiment","scalar","approx","-28","","","","","dBm","reported","reported","20-GBaud coherent PDM 16-QAM over 12-km SSMF","","CG-SCR00238-COMM-FORMAT","conditionally_comparable","conditionally_admissible","5","3.2 Measurement of transmission performance","","Fig. 4","","eligible_quantitative","conditionally_admissible","yes_with_conditions","source_supported_scope_conditioned","not_documented","e0ea51c332483f0e7150b25ecfae9a1b1c19232a74b1f484d1277fd8a46da55c","conditionally_admissible","yes_with_conditions","not_documented","FULL-HR-01","2026-09-01","Multi-service integrated sensing and communication system for industrial internet-of-things","10.1016/j.optlaseng.2025.109470","only_report_in_phase_g_source_set","68DDDE0ECF5B94A57723DD573AAFDFF2CEF5FE2E19DBD216F3BDA57110978DF9","yes","match","5","3.2 Measurement of transmission performance","NR","Fig. 4","NR","match","Received optical power at FEC threshold","NR","approx","-28","NR","NR","NR","NR","dBm","link","NR","source_reported_communication_function","NR","NR","20-GBaud coherent PDM 16-QAM over 12-km SSMF","NR","COND-SCR00238-PDM16QAM","NR","laboratory_experiment","reported","CG-SCR00238-COMM-FORMAT","analysis_pending","Source verification complete; comparison grouping is intentionally separated and recorded in the G6 analysis files.","analysis_pending","verified_as_reported","Independent analog source-PDF review completed. Source identity, locator, value, unit, condition, and comparator role were approved. Main-text use remains a separate author decision.","COMPLETE_LOCKED","ANONYMOUS_HUMAN_ATTESTATION_FULL-HR-01_2026-09-01"
"MET-R01-SCR00238-010","STC-SINGLETON-SCR-00238","SCR-00238","COND-SCR00238-LOCALIZATION","","sensing","resolution","Localization peak width","system","laboratory_experiment","scalar","eq","4.9","","","","","m","reported","reported","30-ns pulse, 8-kHz repetition, WLL localization mode","","CG-SCR00238-LOCALIZATION","conditionally_comparable","conditionally_admissible","8","3.4 Measurement of vibration location","","Fig. 10","","eligible_quantitative","conditionally_admissible","yes_with_conditions","source_supported_scope_conditioned","not_documented","e0ea51c332483f0e7150b25ecfae9a1b1c19232a74b1f484d1277fd8a46da55c","conditionally_admissible","yes_with_conditions","not_documented","FULL-HR-01","2026-09-01","Multi-service integrated sensing and communication system for industrial internet-of-things","10.1016/j.optlaseng.2025.109470","only_report_in_phase_g_source_set","68DDDE0ECF5B94A57723DD573AAFDFF2CEF5FE2E19DBD216F3BDA57110978DF9","yes","match","8","3.4 Measurement of vibration location","NR","Fig. 10","NR","match","Localization peak width","NR","eq","4.9","NR","NR","NR","NR","m","system","NR","NR","source_reported_sensing_function","NR","30-ns pulse, 8-kHz repetition, WLL localization mode","NR","COND-SCR00238-LOCALIZATION","NR","laboratory_experiment","reported","CG-SCR00238-LOCALIZATION","analysis_pending","Source verification complete; comparison grouping is intentionally separated and recorded in the G6 analysis files.","analysis_pending","verified_as_reported","Independent analog source-PDF review completed. Source identity, locator, value, unit, condition, and comparator role were approved. Main-text use remains a separate author decision.","COMPLETE_LOCKED","ANONYMOUS_HUMAN_ATTESTATION_FULL-HR-01_2026-09-01"
"MET-R01-SCR00238-014","STC-SINGLETON-SCR-00238","SCR-00238","COND-SCR00238-LINK","","joint","propagation_distance","Fiber transmission distance","link","laboratory_experiment","scalar","eq","12","","","","","km","reported","reported","Communication and continuous-RBS sensing shared link","","CG-SCR00238-LINK","conditionally_comparable","conditionally_admissible","1-5;9","Abstract; Experimental setup; Conclusion","","","","eligible_quantitative","conditionally_admissible","yes_with_conditions","source_supported_scope_conditioned","not_documented","e0ea51c332483f0e7150b25ecfae9a1b1c19232a74b1f484d1277fd8a46da55c","conditionally_admissible","yes_with_conditions","not_documented","FULL-HR-01","2026-09-01","Multi-service integrated sensing and communication system for industrial internet-of-things","10.1016/j.optlaseng.2025.109470","only_report_in_phase_g_source_set","68DDDE0ECF5B94A57723DD573AAFDFF2CEF5FE2E19DBD216F3BDA57110978DF9","yes","match","1-5;9","Abstract; Experimental setup; Conclusion","NR","NR","NR","match","Fiber transmission distance","NR","eq","12","NR","NR","NR","NR","km","link","NR","source_reported_communication_function","source_reported_sensing_function","NR","Communication and continuous-RBS sensing shared link","NR","COND-SCR00238-LINK","NR","laboratory_experiment","reported","CG-SCR00238-LINK","analysis_pending","Source verification complete; comparison grouping is intentionally separated and recorded in the G6 analysis files.","analysis_pending","verified_as_reported","Independent analog source-PDF review completed. Source identity, locator, value, unit, condition, and comparator role were approved. Main-text use remains a separate author decision.","COMPLETE_LOCKED","ANONYMOUS_HUMAN_ATTESTATION_FULL-HR-01_2026-09-01"
"P03-M004","STC-TUNABLE-LASER-THZ-FMCW-2025-2026","SCR-00553","C-SCR00553-JW","","joint","waveform_period","Triangular repetition period","device_component","laboratory_experiment","scalar","eq","800","","","NR","","ns","reported","reported","2025 joint waveform","","CG-THZ-FMCW-REPETITION-PERIOD-LAB","conditionally_comparable","conditionally_admissible","1-2","Experiment; Results","","Figure 2","","eligible_quantitative","conditionally_admissible","yes_with_conditions","source_supported_scope_conditioned","not_documented","e0ea51c332483f0e7150b25ecfae9a1b1c19232a74b1f484d1277fd8a46da55c","conditionally_admissible","yes_with_conditions","not_documented","FULL-HR-01","2026-09-01","Integrated Sensing and Communication in the Terahertz Band Enabled by Photomixing Using a High-Speed Wavelength Tunable Laser","10.23919/isap63122.2025.11361979","companion_reports_same_study_in_phase_g_source_set","157FABE1725FE1CF99014486A9E61E917D792D1D75CA2A95605A60C217AE1C27","yes","match","1-2","Experiment; Results","NR","Figure 2","NR","match","Triangular repetition period","NR","eq","800","NR","NR","NR","NR","ns","device_component","NR","source_reported_communication_function","source_reported_sensing_function","NR","2025 joint waveform","NR","C-SCR00553-JW","NR","laboratory_experiment","reported","CG-THZ-FMCW-REPETITION-PERIOD-LAB","analysis_pending","Source verification complete; comparison grouping is intentionally separated and recorded in the G6 analysis files.","analysis_pending","verified_as_reported","Independent analog source-PDF review completed. Source identity, locator, value, unit, condition, and comparator role were approved. Main-text use remains a separate author decision.","COMPLETE_LOCKED","ANONYMOUS_HUMAN_ATTESTATION_FULL-HR-01_2026-09-01"
"MET-SCR00941-001","STC-SINGLETON-SCR-00941","SCR-00941","COND-SCR00941-ANALYTICAL-SNR","TRD-SCR00941-001","communication","SNR","Electrical communication SNR","link","analytical","qualitative","","","","","NR","","dimensionless","reported","reported","Communication link model","","CG-COMM-ELECTRICAL-SNR-ANALYTICAL-OPTICAL-OFDM","conditionally_comparable","conditionally_admissible","6","Communication Receiver","","","Eq. (26)","eligible_quantitative","conditionally_admissible","yes_with_conditions","source_supported_scope_conditioned","not_documented","e0ea51c332483f0e7150b25ecfae9a1b1c19232a74b1f484d1277fd8a46da55c","conditionally_admissible","yes_with_conditions","not_documented","FULL-HR-01","2026-09-01","Joint Design of Optical Phased Array Beamforming and OFDM Waveform in Optical Wireless Integrated Sensing and Communication","10.1109/twc.2025.3647104","only_report_in_phase_g_source_set","C2A63B79DEC200ADFF096CD7EC7F51417F4F16628E0E81208A2CFDB8994A0D2E","yes","match","6","Communication Receiver","NR","NR","Eq. (26)","match","Electrical communication SNR","NR","NR","NR","NR","NR","NR","NR","dimensionless","link","NR","source_reported_communication_function","NR","NR","Communication link model","NR","COND-SCR00941-ANALYTICAL-SNR","NR","analytical","reported","CG-COMM-ELECTRICAL-SNR-ANALYTICAL-OPTICAL-OFDM","analysis_pending","Source verification complete; comparison grouping is intentionally separated and recorded in the G6 analysis files.","analysis_pending","verified_as_reported","Independent analog source-PDF review completed. Source identity, locator, value, unit, condition, and comparator role were approved. Main-text use remains a separate author decision.","COMPLETE_LOCKED","ANONYMOUS_HUMAN_ATTESTATION_FULL-HR-01_2026-09-01"
"MET-SCR00941-002","STC-SINGLETON-SCR-00941","SCR-00941","COND-SCR00941-ANALYTICAL-MSE","TRD-SCR00941-001","sensing","estimation_error","Normalized CFR-estimation MSE","system","analytical","qualitative","","","","","NR","","dimensionless","reported","reported","Joint M-round target-profile estimation","","CG-SENSING-NORMALIZED-CFR-MSE-ANALYTICAL-ISAC","conditionally_comparable","conditionally_admissible","7","Sensing metric derivation","","","Eqs. (38)-(40)","eligible_quantitative","conditionally_admissible","yes_with_conditions","source_supported_scope_conditioned","not_documented","e0ea51c332483f0e7150b25ecfae9a1b1c19232a74b1f484d1277fd8a46da55c","conditionally_admissible","yes_with_conditions","not_documented","FULL-HR-01","2026-09-01","Joint Design of Optical Phased Array Beamforming and OFDM Waveform in Optical Wireless Integrated Sensing and Communication","10.1109/twc.2025.3647104","only_report_in_phase_g_source_set","C2A63B79DEC200ADFF096CD7EC7F51417F4F16628E0E81208A2CFDB8994A0D2E","yes","match","7","Sensing metric derivation","NR","NR","Eqs. (38)-(40)","match","Normalized CFR-estimation MSE","NR","NR","NR","NR","NR","NR","NR","dimensionless","system","NR","NR","source_reported_sensing_function","NR","Joint M-round target-profile estimation","NR","COND-SCR00941-ANALYTICAL-MSE","NR","analytical","reported","CG-SENSING-NORMALIZED-CFR-MSE-ANALYTICAL-ISAC","analysis_pending","Source verification complete; comparison grouping is intentionally separated and recorded in the G6 analysis files.","analysis_pending","verified_as_reported","Independent analog source-PDF review completed. Source identity, locator, value, unit, condition, and comparator role were approved. Main-text use remains a separate author decision.","COMPLETE_LOCKED","ANONYMOUS_HUMAN_ATTESTATION_FULL-HR-01_2026-09-01"
"MET-SCR00941-004","STC-SINGLETON-SCR-00941","SCR-00941","COND-SCR00941-ANALYTICAL-CRB","TRD-SCR00941-002","sensing","CRB","Profile-estimation CRB","system","analytical","curve","","","","","NR","","cm","reported","reported","Optimized OPA and waveform; Fig. 5(b)","","CG-SENSING-RANGE-PROFILE-CRB-CM-ANALYTICAL","conditionally_comparable","conditionally_admissible","6;12","Metric derivation; Numerical Results","","Fig. 5(b)","Eqs. (35)-(37)","eligible_quantitative","conditionally_admissible","yes_with_conditions","source_supported_scope_conditioned","not_documented","e0ea51c332483f0e7150b25ecfae9a1b1c19232a74b1f484d1277fd8a46da55c","conditionally_admissible","yes_with_conditions","not_documented","FULL-HR-01","2026-09-01","Joint Design of Optical Phased Array Beamforming and OFDM Waveform in Optical Wireless Integrated Sensing and Communication","10.1109/twc.2025.3647104","only_report_in_phase_g_source_set","C2A63B79DEC200ADFF096CD7EC7F51417F4F16628E0E81208A2CFDB8994A0D2E","yes","match","6;12","Metric derivation; Numerical Results","NR","Fig. 5(b)","Eqs. (35)-(37)","match","Profile-estimation CRB","NR","NR","NR","NR","NR","NR","NR","cm","system","NR","NR","source_reported_sensing_function","NR","Optimized OPA and waveform; Fig. 5(b)","NR","COND-SCR00941-ANALYTICAL-CRB","NR","analytical","reported","CG-SENSING-RANGE-PROFILE-CRB-CM-ANALYTICAL","analysis_pending","Source verification complete; comparison grouping is intentionally separated and recorded in the G6 analysis files.","analysis_pending","verified_as_reported","Independent analog source-PDF review completed. Source identity, locator, value, unit, condition, and comparator role were approved. Main-text use remains a separate author decision.","COMPLETE_LOCKED","ANONYMOUS_HUMAN_ATTESTATION_FULL-HR-01_2026-09-01"
"MET-SCR00941-005","STC-SINGLETON-SCR-00941","SCR-00941","COND-SCR00941-BER-CURVE","","communication","BER","BER versus transmitted power","link","simulation","curve","","","","","NR","","dimensionless","reported","reported","Gamma_nu=0.90; Gamma_w=0.10, 0.30 or 0.50 Pt","","CG-COMM-BER-VS-TX-POWER-ADO-OFDM-SIMULATION","conditionally_comparable","conditionally_admissible","12","Numerical Results","","Fig. 6(a)","","eligible_quantitative","conditionally_admissible","yes_with_conditions","source_supported_scope_conditioned","not_documented","e0ea51c332483f0e7150b25ecfae9a1b1c19232a74b1f484d1277fd8a46da55c","conditionally_admissible","yes_with_conditions","not_documented","FULL-HR-01","2026-09-01","Joint Design of Optical Phased Array Beamforming and OFDM Waveform in Optical Wireless Integrated Sensing and Communication","10.1109/twc.2025.3647104","only_report_in_phase_g_source_set","C2A63B79DEC200ADFF096CD7EC7F51417F4F16628E0E81208A2CFDB8994A0D2E","yes","match","12","Numerical Results","NR","Fig. 6(a)","NR","match","BER versus transmitted power","NR","NR","NR","NR","NR","NR","NR","dimensionless","link","NR","source_reported_communication_function","NR","NR","Gamma_nu=0.90; Gamma_w=0.10, 0.30 or 0.50 Pt","NR","COND-SCR00941-BER-CURVE","NR","simulation","reported","CG-COMM-BER-VS-TX-POWER-ADO-OFDM-SIMULATION","analysis_pending","Source verification complete; comparison grouping is intentionally separated and recorded in the G6 analysis files.","analysis_pending","verified_as_reported","Independent analog source-PDF review completed. Source identity, locator, value, unit, condition, and comparator role were approved. Main-text use remains a separate author decision.","COMPLETE_LOCKED","ANONYMOUS_HUMAN_ATTESTATION_FULL-HR-01_2026-09-01"
"MET-SCR00941-006","STC-SINGLETON-SCR-00941","SCR-00941","COND-SCR00941-NOISE-COMP","","communication","other","Equivalent-AWGN required-power difference","link","simulation","scalar","approx","0.5","","","NR","","dB","reported","reported","Conditions of Fig. 6(a)","original time-varying shot-noise model","CG-COMM-EQUIVALENT-AWGN-POWER-PENALTY-BER","conditionally_comparable","conditionally_admissible","12","Numerical Results","","Fig. 6(a)","","eligible_quantitative","conditionally_admissible","yes_with_conditions","source_supported_scope_conditioned","not_documented","e0ea51c332483f0e7150b25ecfae9a1b1c19232a74b1f484d1277fd8a46da55c","conditionally_admissible","yes_with_conditions","not_documented","FULL-HR-01","2026-09-01","Joint Design of Optical Phased Array Beamforming and OFDM Waveform in Optical Wireless Integrated Sensing and Communication","10.1109/twc.2025.3647104","only_report_in_phase_g_source_set","C2A63B79DEC200ADFF096CD7EC7F51417F4F16628E0E81208A2CFDB8994A0D2E","yes","match","12","Numerical Results","NR","Fig. 6(a)","NR","match","Equivalent-AWGN required-power difference","NR","approx","0.5","NR","NR","NR","NR","dB","link","NR","source_reported_communication_function","NR","NR","Conditions of Fig. 6(a)","NR","COND-SCR00941-NOISE-COMP","original time-varying shot-noise model","simulation","reported","CG-COMM-EQUIVALENT-AWGN-POWER-PENALTY-BER","analysis_pending","Source verification complete; comparison grouping is intentionally separated and recorded in the G6 analysis files.","analysis_pending","verified_as_reported","Independent analog source-PDF review completed. Source identity, locator, value, unit, condition, and comparator role were approved. Main-text use remains a separate author decision.","COMPLETE_LOCKED","ANONYMOUS_HUMAN_ATTESTATION_FULL-HR-01_2026-09-01"
"MET-SCR00941-007","STC-SINGLETON-SCR-00941","SCR-00941","COND-SCR00941-MSE-CURVE","TRD-SCR00941-001","sensing","estimation_error","CFR-estimation MSE versus transmitted power","system","simulation","curve","","","","","NR","","dimensionless","reported","reported","Multiple Gamma_w/Gamma_nu and waveform baselines","","CG-SENSING-NORMALIZED-CFR-MSE-VS-TX-POWER-SIMULATION","conditionally_comparable","conditionally_admissible","13","Numerical Results","","Fig. 7","","eligible_quantitative","conditionally_admissible","yes_with_conditions","source_supported_scope_conditioned","not_documented","e0ea51c332483f0e7150b25ecfae9a1b1c19232a74b1f484d1277fd8a46da55c","conditionally_admissible","yes_with_conditions","not_documented","FULL-HR-01","2026-09-01","Joint Design of Optical Phased Array Beamforming and OFDM Waveform in Optical Wireless Integrated Sensing and Communication","10.1109/twc.2025.3647104","only_report_in_phase_g_source_set","C2A63B79DEC200ADFF096CD7EC7F51417F4F16628E0E81208A2CFDB8994A0D2E","yes","match","13","Numerical Results","NR","Fig. 7","NR","match","CFR-estimation MSE versus transmitted power","NR","NR","NR","NR","NR","NR","NR","dimensionless","system","NR","NR","source_reported_sensing_function","NR","Multiple Gamma_w/Gamma_nu and waveform baselines","NR","COND-SCR00941-MSE-CURVE","NR","simulation","reported","CG-SENSING-NORMALIZED-CFR-MSE-VS-TX-POWER-SIMULATION","analysis_pending","Source verification complete; comparison grouping is intentionally separated and recorded in the G6 analysis files.","analysis_pending","verified_as_reported","Independent analog source-PDF review completed. Source identity, locator, value, unit, condition, and comparator role were approved. Main-text use remains a separate author decision.","COMPLETE_LOCKED","ANONYMOUS_HUMAN_ATTESTATION_FULL-HR-01_2026-09-01"
"MET-SCR00941-008","STC-SINGLETON-SCR-00941","SCR-00941","COND-SCR00941-THRESHOLD-SENSING","TRD-SCR00941-004","sensing","estimation_error","Required-power change for same CFR MSE","system","simulation","scalar","eq","4","","","NR","","dB","reported","reported","Gamma_w=0.30 Pt","Gamma_nu=0.90","CG-SENSING-CFR-MSE-THRESHOLD-POWER-PENALTY","conditionally_comparable","conditionally_admissible","13","Numerical Results","","Fig. 7(b)","","eligible_quantitative","conditionally_admissible","yes_with_conditions","source_supported_scope_conditioned","not_documented","e0ea51c332483f0e7150b25ecfae9a1b1c19232a74b1f484d1277fd8a46da55c","conditionally_admissible","yes_with_conditions","not_documented","FULL-HR-01","2026-09-01","Joint Design of Optical Phased Array Beamforming and OFDM Waveform in Optical Wireless Integrated Sensing and Communication","10.1109/twc.2025.3647104","only_report_in_phase_g_source_set","C2A63B79DEC200ADFF096CD7EC7F51417F4F16628E0E81208A2CFDB8994A0D2E","yes","match","13","Numerical Results","NR","Fig. 7(b)","NR","match","Required-power change for same CFR MSE","NR","eq","4","NR","NR","NR","NR","dB","system","NR","NR","source_reported_sensing_function","NR","Gamma_w=0.30 Pt","NR","COND-SCR00941-THRESHOLD-SENSING","Gamma_nu=0.90","simulation","reported","CG-SENSING-CFR-MSE-THRESHOLD-POWER-PENALTY","analysis_pending","Source verification complete; comparison grouping is intentionally separated and recorded in the G6 analysis files.","analysis_pending","verified_as_reported","Independent analog source-PDF review completed. Source identity, locator, value, unit, condition, and comparator role were approved. Main-text use remains a separate author decision.","COMPLETE_LOCKED","ANONYMOUS_HUMAN_ATTESTATION_FULL-HR-01_2026-09-01"
"MET-SCR00941-009","STC-SINGLETON-SCR-00941","SCR-00941","COND-SCR00941-THRESHOLD-COMM","TRD-SCR00941-004","communication","BER","Required-power change for same BER","link","simulation","scalar","eq","1","","","NR","","dB","reported","reported","Gamma_w=0.30 Pt","Gamma_nu=1.00","CG-COMM-BER-THRESHOLD-POWER-PENALTY","conditionally_comparable","conditionally_admissible","13","Numerical Results","","Fig. 6(b)","","eligible_quantitative","conditionally_admissible","yes_with_conditions","source_supported_scope_conditioned","not_documented","e0ea51c332483f0e7150b25ecfae9a1b1c19232a74b1f484d1277fd8a46da55c","conditionally_admissible","yes_with_conditions","not_documented","FULL-HR-01","2026-09-01","Joint Design of Optical Phased Array Beamforming and OFDM Waveform in Optical Wireless Integrated Sensing and Communication","10.1109/twc.2025.3647104","only_report_in_phase_g_source_set","C2A63B79DEC200ADFF096CD7EC7F51417F4F16628E0E81208A2CFDB8994A0D2E","yes","match","13","Numerical Results","NR","Fig. 6(b)","NR","match","Required-power change for same BER","NR","eq","1","NR","NR","NR","NR","dB","link","NR","source_reported_communication_function","NR","NR","Gamma_w=0.30 Pt","NR","COND-SCR00941-THRESHOLD-COMM","Gamma_nu=1.00","simulation","reported","CG-COMM-BER-THRESHOLD-POWER-PENALTY","analysis_pending","Source verification complete; comparison grouping is intentionally separated and recorded in the G6 analysis files.","analysis_pending","verified_as_reported","Independent analog source-PDF review completed. Source identity, locator, value, unit, condition, and comparator role were approved. Main-text use remains a separate author decision.","COMPLETE_LOCKED","ANONYMOUS_HUMAN_ATTESTATION_FULL-HR-01_2026-09-01"
"MET-SCR00941-010","STC-SINGLETON-SCR-00941","SCR-00941","COND-SCR00941-RMSE-CURVE","TRD-SCR00941-002","sensing","range_accuracy","Target-profile RMSE","system","simulation","curve","","","","","NR","","cm","reported","reported","OPA/noise and waveform comparator groups","","CG-SENSING-EXTENDED-TARGET-PROFILE-RMSE-CM-SIMULATION","conditionally_comparable","conditionally_admissible","13","Numerical Results","","Fig. 8","","eligible_quantitative","conditionally_admissible","yes_with_conditions","source_supported_scope_conditioned","not_documented","e0ea51c332483f0e7150b25ecfae9a1b1c19232a74b1f484d1277fd8a46da55c","conditionally_admissible","yes_with_conditions","not_documented","FULL-HR-01","2026-09-01","Joint Design of Optical Phased Array Beamforming and OFDM Waveform in Optical Wireless Integrated Sensing and Communication","10.1109/twc.2025.3647104","only_report_in_phase_g_source_set","C2A63B79DEC200ADFF096CD7EC7F51417F4F16628E0E81208A2CFDB8994A0D2E","yes","match","13","Numerical Results","NR","Fig. 8","NR","match","Target-profile RMSE","NR","NR","NR","NR","NR","NR","NR","cm","system","NR","NR","source_reported_sensing_function","NR","OPA/noise and waveform comparator groups","NR","COND-SCR00941-RMSE-CURVE","NR","simulation","reported","CG-SENSING-EXTENDED-TARGET-PROFILE-RMSE-CM-SIMULATION","analysis_pending","Source verification complete; comparison grouping is intentionally separated and recorded in the G6 analysis files.","analysis_pending","verified_as_reported","Independent analog source-PDF review completed. Source identity, locator, value, unit, condition, and comparator role were approved. Main-text use remains a separate author decision.","COMPLETE_LOCKED","ANONYMOUS_HUMAN_ATTESTATION_FULL-HR-01_2026-09-01"
