paper_id,coupling_family,axis_x,axis_y,method,evidence,full_reasoning
O_ISAC_029,waveform_coupling,NONE detected,NONE detected,NONE detected,No explicit trade-off formulation is presented in the provided text.,"The authors propose a photonic-based THz ISAC system with full-photonic direct LFM reception and de-chirping for fiber-wireless networks. The system achieves a range resolution of 6 mm and a peak data rate of 116 Gbit/s. However, no explicit trade-off formulation is presented in the provided text."
O_ISAC_029,waveform_coupling,NONE detected,NONE detected,NONE detected,No explicit trade-off formulation is presented in the provided text.,"The authors propose a photonic-based THz ISAC system with full-photonic direct LFM reception and de-chirping for fiber-wireless networks. The system achieves a range resolution of 6 mm and a peak data rate of 116 Gbit/s. However, no explicit trade-off formulation is presented in the provided text."
O_ISAC_001,waveform_coupling,modulation_index,EVM,NONE,"The results reveal a trade-off between modulation index and system performance. At low modulation indices, the CE-OFDM signal exhibits higher sensitivity to noise, resulting in increased EVM.","The authors discuss the trade-off between modulation index and system performance in terms of EVM, but do not explicitly formulate a trade-off between communication and sensing metrics."
O_ISAC_001,waveform_coupling,modulation index,EVM,NONE,"The results reveal a trade-off between modulation index and system performance. At low modulation indices, the CE-OFDM signal exhibits higher sensitivity to noise, resulting in increased EVM.","The authors discuss the trade-off between modulation index and system performance in terms of EVM, but do not explicitly formulate a trade-off between communication and sensing metrics."
O_ISAC_002,waveform_coupling,NONE detected,NONE detected,NONE detected,"The photonic THz-ISAC system needs to effectively balance target sensing and information transmission, each imposing distinct requirements on waveform modulation, transmission power, and bandwidth.","The authors discuss the integration of sensing and communication in photonic terahertz systems, but do not explicitly formulate a trade-off between communication and sensing metrics. However, they mention the need to balance target sensing and information transmission, each imposing distinct requirements on waveform modulation, transmission power, and bandwidth."
O_ISAC_002,resource_coupling,NONE detected,NONE detected,NONE detected,Waveform design must integrate these considerations.,"The authors discuss the integration of sensing and communication in photonic terahertz systems, but do not explicitly formulate a trade-off between communication and sensing metrics. However, they mention the need to balance target sensing and information transmission, each imposing distinct requirements on waveform modulation, transmission power, and bandwidth."
O_ISAC_002,waveform_coupling,NONE detected,NONE detected,NONE detected,"The paper focuses on integrated waveform design, optical coherent fusion processing, and algorithms to enhance communication capabilities and sensing performance, but does not provide an explicit trade-off formulation.","The authors discuss the integration of sensing and communication in photonic terahertz systems, but do not explicitly formulate a trade-off between communication and sensing metrics."
O_ISAC_003,NONE detected,NONE detected,NONE detected,NONE detected,No explicit trade-off formulation is found in the provided text.,"The authors analyze the visible light-based integrated sensing and communication channel characteristics in a vehicle-to-vehicle scenario, focusing on monostatic sensing and bi-static sensing modes. However, no explicit trade-off formulation is detected between communication and sensing metrics."
O_ISAC_003,NONE detected,NONE detected,NONE detected,NONE detected,No explicit trade-off formulation is found in the provided text.,"The authors analyze the channel characteristics of visible light-based ISAC in a V2V scenario, focusing on mono-static and bi-static sensing modes. They investigate the channel impulse response, path loss, and RMS delay spread, but do not formulate an explicit trade-off between communication and sensing metrics."
O_ISAC_004,hardware_coupling,NONE detected,NONE detected,NONE detected,"The system integrates optical fiber sensing and telecommunication using the same optical fiber infrastructure, but no explicit trade-off is formulated.","The authors demonstrate an adiabatic-tapered few-mode-fiber-based system for integrating sensing and telecommunication. However, no explicit trade-off formulation is provided between communication and sensing metrics."
O_ISAC_004,hardware_coupling,NONE detected,NONE detected,NONE detected,The system integrates optical fiber sensing and telecommunication using the same optical fiber infrastructure.,"The authors propose an adiabatic-tapered few-mode-fiber-based system for integrating sensing and telecommunication functions. However, no explicit trade-off formulation is presented, and the performance metrics of sensing (salinity sensitivity) and telecommunication (transmission rate) are reported separately without a direct comparison or optimization."
O_ISAC_005,resource_coupling,UAV's sum-throughput,FSO backhaul capacity,reinforcement learning,"The optimization problem is formulated to enhance the edge users' total network capacity as follows (P0): maxΛm,Ωm Φm(Ωm, Λm) + ΦgE(Λm)","The authors formulate a joint optimization in Section III, trading off the UAV's sum-throughput against the FSO backhaul capacity using reinforcement learning."
O_ISAC_005,algorithmic_coupling,UAV's directional antenna beamwidth,bandwidth allocation,reinforcement learning,"The UAV agent uses this method to iteratively adjust its beamwidth and bandwidth allocation by updating the Q values using Q(s_t, a_t) ← Q(s_t, a_t) + α [r_t+1 + ν max_a Q(s_t', a_t') - Q(s_t, a_t)]","The authors formulate a joint optimization in Section III, trading off the UAV's sum-throughput against the FSO backhaul capacity using reinforcement learning."
O_ISAC_005,resource_coupling,UAV's sum-throughput,FSO backhaul capacity,reinforcement_learning,"The optimization problem is formulated to enhance the edge users' total network capacity as follows (P0): max_{Λ_m,Ω_m} Φ_m(Ω_m,Λ_m) + Φ_gE(Λ_m)","The authors formulate a joint optimization in Section III, trading off the UAV's sum-throughput against the FSO backhaul capacity using reinforcement learning."
O_ISAC_005,algorithmic_coupling,UAV's directional antenna beamwidth,bandwidth allocation,reinforcement_learning,"The UAV agent uses this method to iteratively adjust its beamwidth and bandwidth allocation by updating the Q values using Q(s_{t+1}, a_{t+1}) ← Q(s_t, a_t) + α [r_{t+1} + ν max_a Q(s'_t, a'_t)]","The authors formulate a joint optimization in Section III, trading off the UAV's sum-throughput against the FSO backhaul capacity using reinforcement learning."
O_ISAC_022,waveform_coupling,NONE detected,NONE detected,NONE detected,"The authors propose a joint visible light communication and sensing system, but do not provide an explicit trade-off formulation.","The authors propose a joint visible light communication and sensing system using m-CAP modulation and RSS-based trilateration. However, they do not explicitly formulate a trade-off between communication and sensing metrics."
O_ISAC_022,waveform_coupling,NONE detected,NONE detected,NONE detected,"The authors propose a joint visible light communication and sensing system, but no explicit trade-off formulation is provided.","The authors propose a joint visible light communication and sensing system using m-CAP modulation and RSS-based trilateration. However, no explicit trade-off formulation is provided in the given text."
O_ISAC_025,resource_coupling,NONE detected,NONE detected,NONE detected,"The paper discusses the optimization of the optical transport network for ISAC services, but does not provide an explicit trade-off formulation between communication and sensing metrics.","The authors propose an architecture for Integrated Sensing and Communication (ISAC) services using an optical transport network. They formulate an optimization problem to minimize network links and identify optimal routing and capacity allocation policies under communication and sensing traffic requests. However, no explicit trade-off formulation between communication and sensing metrics is provided."
O_ISAC_025,resource_coupling,NONE detected,NONE detected,NONE detected,"The authors optimize network utilization and sensing accuracy, but do not explicitly formulate a trade-off between communication and sensing metrics.","The authors propose an architecture for Integrated Sensing and Communication (ISAC) services using an optical transport network. They formulate an optimization problem to minimize network links and identify optimal routing and capacity allocation policies under communication and sensing traffic requests. However, no explicit trade-off formulation is provided."
O_ISAC_048,resource_coupling,spectral_efficiency,Fisher_information,iterative_algorithm,"The optimization problem is formulated as (P1): max_{b,\tilde{P}(k)} C(b,\tilde{P}(k)) s.t. I(b,\tilde{P}(k)) \ge \varsigma^2","The authors formulate a joint optimization in Section III, trading off spectral efficiency against Fisher information using an iterative algorithm. The optimization problem is decomposed into two sub-problems to obtain a concise solution."
O_ISAC_048,multi_objective,spectral_efficiency,Fisher_information,weighted_sum,"The objective of (P1-2) is a concave function of \tilde{P}(k), while the constraints are affine functions of \tilde{P}(k)","The authors formulate a joint optimization in Section III, trading off spectral efficiency against Fisher information using an iterative algorithm. The optimization problem is decomposed into two sub-problems to obtain a concise solution."
O_ISAC_048,multi_objective,spectral_efficiency,Fisher_information,iterative_algorithm,"The optimization problem (P1) is formulated as a maximization of spectral efficiency and a minimization of the negative Fisher information, which is solved using an iterative algorithm.","The authors formulate a joint optimization in Section III, trading off spectral efficiency against Fisher information using an iterative algorithm. The optimization problem (P1) is decomposed into two sub-problems (P1-1) and (P1-2) to obtain a concise solution."
O_ISAC_023,algorithmic_coupling,spectral_efficiency,sensing_precision,block_coordinate_descent,"To solve the complicated problem of (P1), we adopt a BCD algorithm as follows.","The authors formulate a joint optimization in Section III, trading off spectral efficiency against sensing precision using a block coordinate descent algorithm. However, the explicit trade-off formulation between communication and sensing metrics is not provided. Instead, the optimization problem (P1) is defined with a communication-centric objective and a sensing-centric constraint."
O_ISAC_023,multi_objective,spectral_efficiency,Fisher_information,block_coordinate_descent,"We adopt a BCD algorithm to solve the joint power allocation problem, which alternately solves the subproblems for DC bias and power allocation on subcarriers.","The authors formulate a joint optimization in Section III, trading off spectral efficiency against Fisher information using a block coordinate descent algorithm."
O_ISAC_024,resource_coupling,NONE detected,NONE detected,NONE detected,No explicit trade-off formulation is presented in the paper.,"The authors propose an ISAC scheme that leverages forward communication to capture probe distortion, followed by precompensation at the sensing transmission end. However, no explicit trade-off formulation is presented, and the impact of sensing on communication is only discussed in terms of the sensing-to-telecom power ratio (STPR) on the sensing and communication performance."
O_ISAC_024,resource_coupling,NONE detected,NONE detected,NONE detected,No explicit trade-off formulation is presented in the paper.,"The authors propose an ISAC scheme that leverages forward communication to capture probe distortion, followed by pre-compensation at the sensing transmission end. However, no explicit trade-off formulation is presented, and the impact of sensing on communication is only discussed in terms of bit error rate (BER) and signal-to-noise ratio (SNR) improvements."
O_ISAC_012,waveform_coupling,NONE detected,NONE detected,NONE detected,"The scheme uses phase-coded FMCW for both sensing and communication, but no explicit trade-off is formulated.","The authors propose a phase-coded FMCW scheme for optical integrated sensing and communication. However, there is no explicit trade-off formulation between communication and sensing metrics."
O_ISAC_012,waveform_coupling,NONE detected,NONE detected,NONE detected,"The scheme uses phase-coded FMCW for both sensing and communication, but no explicit trade-off is formulated.","The authors propose a phase-coded FMCW scheme for optical integrated sensing and communication. However, there is no explicit trade-off formulation between communication and sensing metrics."
O_ISAC_015,multi_objective,sum_rate,mutual_information,weighted_sum,Figure 5 shows the trade-off between MI and sum rate for different user priorities.,"The authors formulate a joint optimization in Section III, trading off aggregate sum rate against sensing mutual information using a weighted sum approach implicitly through the maximization of the sum of data rate and MI. The trade-off is explicitly shown in Figure 5, where the priority of communication users is varied, and the performance of sensing (MI) and communication (sum rate) is evaluated."
O_ISAC_015,multi_objective,sum_rate,mutual_information,weighted_sum,Fig. 5 shows the trade-off between MI and sum rate for different user priorities.,"The authors formulate a joint optimization in Section III, trading off aggregate sum rate against sensing mutual information using a weighted sum approach implicitly through the priority of communication users."
O_ISAC_030,waveform_coupling,NONE detected,NONE detected,NONE detected,"The system uses a multi-carrier design to embed spatial information into the VLC data stream, but no explicit trade-off formulation is presented.","The authors propose ReflexGest, a system that integrates hand gesture recognition (HGR) and visible light communication (VLC) using a VLC-capable lamp. The system uses a photodiode (PD) to capture the reflected light intensity and a multi-carrier design to embed spatial information into the VLC data stream. Two HGR algorithm designs are proposed: bReflexGest, which uses a hardware trick with a dark pad to avoid the cross-scene problem, and cReflexGest, which uses an adversarial domain adaptation scheme to handle the cross-scene problem. However, no explicit trade-off formulation is presented in the provided text."
O_ISAC_030,waveform_coupling,NONE detected,NONE detected,NONE detected,"The authors propose a multi-carrier design to embed spatial information into VLC data stream, but do not explicitly formulate a trade-off between communication and sensing metrics.","The authors propose ReflexGest, a system that integrates hand gesture recognition (HGR) with visible light communication (VLC) using a VLC-capable lamp. The system uses a photodiode (PD) to capture the reflected light intensity, which is then processed to extract hand gesture features. The authors evaluate the performance of ReflexGest under different experiment setups and demonstrate its ability to recognize hand gestures accurately. However, the text does not explicitly formulate a trade-off between communication and sensing metrics, such as rate vs CRB or BER vs Pd."
O_ISAC_008,waveform_coupling,NONE detected,NONE detected,NONE detected,"The authors propose a QPSK-FMCW joint waveform design, but do not formulate an explicit trade-off between communication and sensing metrics.","The authors propose a joint waveform design and a thinned ring antenna array for an integrated sensing and communication Lidar system. However, no explicit trade-off formulation is presented in the provided text."
O_ISAC_008,hardware_coupling,NONE detected,NONE detected,NONE detected,"The authors propose a thinned ring antenna array design, but do not formulate an explicit trade-off between communication and sensing metrics.","The authors propose a joint waveform design and a thinned ring antenna array for an integrated sensing and communication Lidar system. However, no explicit trade-off formulation is presented in the provided text."
O_ISAC_008,waveform_coupling,NONE detected,NONE detected,NONE detected,The QPSK-FMCW joint waveform design is proposed to implement simultaneous sensing and communication.,"The authors propose a joint waveform design for ISAC, but do not explicitly formulate a trade-off between communication and sensing metrics. However, the design of the QPSK-FMCW joint waveform and the thinned ring antenna array can be seen as a form of implicit trade-off between communication rate, sensing accuracy, and steering range."
O_ISAC_008,hardware_coupling,NONE detected,NONE detected,NONE detected,The thinned ring antenna array with blazed grating structure is adopted to improve the steering range of the OPA-based Lidar system.,"The authors propose a joint waveform design for ISAC, but do not explicitly formulate a trade-off between communication and sensing metrics. However, the design of the QPSK-FMCW joint waveform and the thinned ring antenna array can be seen as a form of implicit trade-off between communication rate, sensing accuracy, and steering range."
O_ISAC_006,NONE detected,NONE detected,NONE detected,NONE detected,No explicit trade-off formulation found in the text.,"The authors discuss various integrated sensing and communication (ISAC) schemes in optical fiber, including those based on forward transmitted light and backscattered light. However, they do not explicitly formulate trade-offs between communication and sensing metrics."
O_ISAC_006,NONE detected,NONE detected,NONE detected,NONE detected,No explicit trade-off formulation is found in the provided text.,"The authors discuss various integrated sensing and communication (ISAC) schemes in optical fiber, including those based on forward transmitted light and backscattered light. However, they do not explicitly formulate trade-offs between communication and sensing metrics."
O_ISAC_009,waveform_coupling,NONE detected,NONE detected,NONE detected,"The paper proposes a joint design of Visible Light Positioning and Communication (VLPC) using DCO-OFDM, but does not formulate an explicit trade-off between communication and sensing metrics.","The authors propose a new VLPC scheme using DCO-OFDM, where OFDM radar is applied to improve the resolution and quality of estimated Channel Impulse Response (CIRs). However, there is no explicit trade-off formulation between communication and sensing metrics."
O_ISAC_009,waveform_coupling,NONE detected,NONE detected,NONE detected,"The authors propose a joint design of Visible Light Positioning and Communication (VLPC) using DCO-OFDM, but do not formulate an explicit trade-off between communication and sensing metrics.","The authors propose a new VLPC scheme using DCO-OFDM, where OFDM radar is applied to improve the resolution and quality of estimated Channel Impulse Response (CIRs). However, there is no explicit trade-off formulation between communication and sensing metrics."
O_ISAC_010,hardware_coupling,NONE detected,NONE detected,NONE detected,"The paper focuses on the experimental demonstration of high-speed DMT signal and power-over-fiber simultaneous transmission, without explicitly formulating trade-offs between communication and sensing metrics.","The authors demonstrate the simultaneous transmission of 60 W PoF signal with 117 Gbit/s and 140 Gbit/s high-speed DMT signal in an IM-DD system over 1 km 7-core multicore fiber. However, no explicit trade-off formulation is provided between communication and sensing metrics."
O_ISAC_010,hardware_coupling,NONE detected,NONE detected,NONE detected,"The paper focuses on the experimental demonstration of high-speed signal light and high-power energy light co-transmission system using a 1-km 7-core MCF, but does not formulate an explicit trade-off between communication and sensing metrics.","The authors demonstrate the simultaneous transmission of 60 W PoF signal with 117 Gbit/s and 140 Gbit/s high-speed DMT signal in an IM-DD system over 1 km 7-core multicore fiber. However, no explicit trade-off formulation is provided between communication and sensing metrics."
O_ISAC_028,algorithmic_coupling,BER,OSNR,NONE,"The authors demonstrate an OSNR gain of 1.5 dB at the 7% HD-FEC threshold compared to the conventional method, but do not explicitly formulate a trade-off between BER and OSNR.",The authors propose a pairwise coding (PWC) scheme to improve the sensitivity of a symmetric carrier-assisted differential detection (S-CADD) receiver. The PWC scheme pairs subcarriers with different SNRs to alleviate the color SNR effect caused by the intrinsic transfer function of the S-CADD receiver. The authors simulate the transmission of a 256 Gb/s 64 Gbaud 16-ary quadrature amplitude modulation (16-QAM) orthogonal frequency division multiplexing (OFDM) signal over 80 km standard single mode fiber (SSMF) and demonstrate an OSNR gain of 1.5 dB at the 7% HD-FEC threshold compared to the conventional method.
O_ISAC_028,algorithmic_coupling,BER,OSNR,pairwise_coding,The PWC scheme can achieve a lower BER and an OSNR gain of 1.5 dB at the 7% HD-FEC threshold compared to the conventional method.,The authors propose a pairwise coding (PWC) scheme to improve the sensitivity of a symmetric carrier-assisted differential detection (S-CADD) receiver. The PWC scheme pairs subcarriers with different SNRs to alleviate the color SNR effect caused by the intrinsic transfer function of the S-CADD receiver. The authors simulate the transmission of a 256 Gb/s 64 Gbaud 16-ary quadrature amplitude modulation (16-QAM) orthogonal frequency division multiplexing (OFDM) signal over 80 km standard single mode fiber (SSMF) and demonstrate an OSNR gain of 1.5 dB at the 7% HD-FEC threshold compared to the conventional method.
O_ISAC_021,resource_coupling,DC bias,power allocation for subcarriers,NONE detected,A trade-off exists between the DC bias and the power on other subcarriers under the total power constraint.,"The authors discuss the trade-off between communication and sensing performances in the context of O-ISAC, but do not provide an explicit trade-off formulation. However, they mention the trade-off between DC bias and power allocation for subcarriers in DCO-OFDM, and the trade-off between communication and sensing functionalities in the power allocation for subcarriers."
O_ISAC_021,resource_coupling,communication,sensing,NONE detected,The power allocation on other subcarriers also embodies the trade-off between communication and sensing functionalities.,"The authors discuss the trade-off between communication and sensing performances in the context of O-ISAC, but do not provide an explicit trade-off formulation. However, they mention the trade-off between DC bias and power allocation for subcarriers in DCO-OFDM, and the trade-off between communication and sensing functionalities in the power allocation for subcarriers."
O_ISAC_021,waveform_coupling,BER,RMSE for target distance,NONE detected,"Figure 4 indicates that the BER is affected by both the DC bias and the noise at the receiver, while the RMSE can converge to an asymptotic region.","The authors discuss the trade-off between communication and sensing performances in the context of O-ISAC, but do not provide an explicit trade-off formulation. However, they mention the trade-off between DC bias and power allocation for subcarriers in DCO-OFDM, and the trade-off between communication and sensing functionalities in the power allocation for subcarriers."
O_ISAC_021,resource_coupling,communication_rate,sensing_precision,trade-off_formulation,"The optical band provides even narrower beams than the millimeter-wave with the same aperture, and therefore different user devices and access points can be separated finely in the spatial domain.",The authors discuss the trade-off between communication and sensing in the context of Optical Integrated Sensing and Communication (O-ISAC). They highlight the importance of waveform design and resource allocation in achieving a balance between communication rate and sensing precision. The trade-off is formulated in terms of the bit error rate (BER) and the root mean square error (RMSE) for target distance estimation.
O_ISAC_021,waveform_coupling,BER,RMSE,joint_optimization,A joint optimization problem can be formulated to optimize the DC bias and the power allocation for subcarriers simultaneously.,The authors discuss the trade-off between communication and sensing in the context of Optical Integrated Sensing and Communication (O-ISAC). They highlight the importance of waveform design and resource allocation in achieving a balance between communication rate and sensing precision. The trade-off is formulated in terms of the bit error rate (BER) and the root mean square error (RMSE) for target distance estimation.
O_ISAC_021,multi_objective,communication_performance,sensing_performance,Pareto_optimization,"The optimal values of chirp rate and modulation index are restricted on an ellipse determined by the sensing constraint, and an elliptical search algorithm is proposed to obtain these optimal values.",The authors discuss the trade-off between communication and sensing in the context of Optical Integrated Sensing and Communication (O-ISAC). They highlight the importance of waveform design and resource allocation in achieving a balance between communication rate and sensing precision. The trade-off is formulated in terms of the bit error rate (BER) and the root mean square error (RMSE) for target distance estimation.
O_ISAC_019,waveform_coupling,NONE detected,NONE detected,NONE detected,The system employs phase modulation for downlink transmission and intensity modulation for uplink transmission.,"The authors propose a full-duplex ISAC system based on microwave photonics, but do not explicitly formulate a trade-off between communication and sensing metrics."
O_ISAC_019,hardware_coupling,NONE detected,NONE detected,NONE detected,The system uses a shared optical carrier for both downlink and uplink transmissions.,"The authors propose a full-duplex ISAC system based on microwave photonics, but do not explicitly formulate a trade-off between communication and sensing metrics."
O_ISAC_019,waveform_coupling,NONE detected,NONE detected,NONE detected,No explicit trade-off formulation is mentioned in the text.,"The authors propose a microwave photonics-based full-duplex ISAC system architecture. However, no explicit trade-off formulation is detected in the provided text."
O_ISAC_027,NONE detected,NONE detected,NONE detected,NONE detected,No explicit trade-off formulation between communication and sensing metrics is found in the paper.,"The authors propose an all-optical fiber sensor for seawater salinity monitoring, but do not explicitly formulate a trade-off between communication and sensing metrics. However, the paper discusses the sensor's performance in terms of refractive index sensitivity and salinity sensitivity, which could be related to communication metrics such as signal-to-noise ratio or bandwidth."
O_ISAC_027,NONE detected,NONE detected,NONE detected,NONE detected,No explicit trade-off formulation between communication and sensing metrics is found in the provided text.,"The authors propose an all-optical fiber sensor for seawater salinity monitoring, but do not explicitly formulate a trade-off between communication and sensing metrics. However, they do mention the potential for further development to enable the mixture of communication and sensing."
O_ISAC_026,waveform_coupling,NONE detected,NONE detected,NONE detected,"The system combines SCM and LFM signals by frequency division multiplexing, but does not explicitly trade off communication and sensing performance.","The authors propose a photonic-based MMW fiber-wireless ISAC system at W-band with an integrated waveform, but do not explicitly formulate a trade-off between communication and sensing metrics."
O_ISAC_026,waveform_coupling,NONE detected,NONE detected,NONE detected,"The system combines SCM and LFM signals using frequency division multiplexing, but does not explicitly formulate a trade-off between communication and sensing metrics.","The authors propose a photonic-based ISAC system with an integrated waveform, but do not explicitly formulate a trade-off between communication and sensing metrics. However, they mention the possibility of adapting a flexible waveform to realize the trade-off between sensing and communication in future work."
O_ISAC_018,waveform_coupling,NONE detected,NONE detected,NONE detected,"The system integrates distributed sensing and RoF communication using a continuous low-frequency LFM carrier, but no explicit trade-off is formulated.","The authors propose an ultra-simple RoF system that achieves the coexistence of distributed sensing and telecommunication. However, there is no explicit trade-off formulation between communication and sensing metrics in the provided text."
O_ISAC_018,waveform_coupling,NONE detected,NONE detected,NONE detected,The system integrates distributed sensing and RoF communication using a single laser and a commercially available coherent driver module (CDM).,"The authors propose an ultra-simple RoF system that integrates distributed sensing and RoF communication. However, there is no explicit trade-off formulation between communication and sensing metrics in the provided text."
O_ISAC_016,waveform_coupling,NONE detected,NONE detected,NONE detected,The system integrates high-speed real-time communication and high-resolution offline sensing using a photonic sub-THz ISAC transmitter and separate receivers for communication and radar.,"The authors demonstrate a photonic sub-THz ISAC system with real-time 251.03-Gbps communication rate and offline 2.5-cm sensing resolution. However, no explicit trade-off formulation is provided between communication and sensing metrics."
O_ISAC_016,resource_coupling,NONE detected,NONE detected,NONE detected,No explicit trade-off formulation is provided in the text.,"The authors demonstrate a photonic sub-THz ISAC system with real-time 251.03-Gbps communication rate and offline 2.5-cm sensing resolution. However, no explicit trade-off formulation is provided between communication and sensing metrics."
O_ISAC_011,waveform_coupling,NONE detected,NONE detected,NONE detected,"The system uses OFDM waveform for both data transmission and positioning, but no explicit trade-off is formulated.","The authors propose a retroreflective optical ISAC system and analyze its performance through simulations. However, they do not explicitly formulate a trade-off between communication and sensing metrics."
O_ISAC_011,waveform_coupling,NONE detected,NONE detected,NONE detected,The system uses OFDM waveform for both data transmission and positioning.,"The authors propose a retroreflective optical ISAC system supporting 3D positioning in indoor environments. The system uses OFDM waveform for data transmission and positioning, and the cross-correlation calculation between the transmitted signal and the reflected signal to measure the distance. However, there is no explicit trade-off formulation between communication and sensing metrics."
O_ISAC_060,waveform_coupling,NONE detected,NONE detected,NONE detected,"The authors propose a unified waveform for optical wireless integrated sensing and communication, but do not explicitly formulate a trade-off between communication and sensing metrics.","The authors propose a unified waveform for optical wireless integrated sensing and communication, but do not explicitly formulate a trade-off between communication and sensing metrics."
O_ISAC_060,waveform_coupling,NONE detected,NONE detected,NONE detected,"The authors propose a unified waveform for optical wireless integrated sensing and communication, but do not explicitly formulate a trade-off between communication and sensing metrics.","The authors propose a unified waveform for optical wireless integrated sensing and communication, but do not explicitly formulate a trade-off between communication and sensing metrics."
O_ISAC_031,waveform_coupling,NONE detected,NONE detected,NONE detected,"The paper focuses on the design and performance of the proposed CCFD ISAC system, but does not explicitly formulate trade-offs between communication and sensing metrics.","The authors propose a photonics-enabled full-duplex millimeter-wave integrated sensing and communication system. However, no explicit trade-off formulation is detected between communication and sensing metrics."
O_ISAC_031,waveform_coupling,NONE detected,NONE detected,NONE detected,"The system utilizes optical-domain millimeter-wave self-interference cancellation (SIC), but no explicit trade-off is formulated.","The authors propose a photonics-enabled full-duplex millimeter-wave integrated sensing and communication system. However, no explicit trade-off formulation is detected in the provided text."
O_ISAC_032,NONE detected,NONE detected,NONE detected,NONE detected,No explicit trade-off formulation between communication and sensing metrics is found in the provided text.,"The authors propose a piecewise uniform compensation method to address the nonlinear issue of temperature response in fiber-optic vibration sensing units (FOVSUs). The method involves dividing the temperature interval into smaller steps to reduce the impact of nonlinearity on temperature compensation. However, there is no explicit trade-off formulation between communication and sensing metrics in the provided text."
O_ISAC_032,algorithmic_coupling,NONE detected,NONE detected,NONE detected,The paper focuses on temperature compensation in FOVSUs and does not explicitly formulate a trade-off between communication and sensing metrics.,"The authors propose a piecewise uniform compensation method to address the nonlinear issue of temperature response in fiber-optic vibration sensing units (FOVSUs). The method involves dividing the temperature interval into smaller steps to reduce the impact of nonlinearity on temperature compensation. However, there is no explicit trade-off formulation between communication and sensing metrics."
O_ISAC_033,NONE detected,NONE detected,NONE detected,NONE detected,No explicit trade-off formulation is presented in the provided text.,"The authors explore two fiber sensing methods that enable coexistence with data transmission on DWDM fiber networks. However, no explicit trade-off formulation is presented, and the focus is on demonstrating the feasibility of these methods."
O_ISAC_033,hardware_coupling,NONE detected,NONE detected,NONE detected,No explicit trade-off formulation is presented in the provided text.,"The authors explore two fiber sensing methods that enable coexistence with data transmission on DWDM fiber networks. However, no explicit trade-off formulation is presented in the provided text."
O_ISAC_034,waveform_coupling,NONE detected,NONE detected,NONE detected,No explicit trade-off formulation is presented in the provided text.,"The authors propose a pulse sequence sensing and pulse position modulation (PSS-PPM) method for optical ISAC, which provides sensing and communication abilities for a laser radar simultaneously. However, no explicit trade-off formulation is presented in the provided text."
O_ISAC_034,waveform_coupling,NONE detected,NONE detected,NONE detected,"The authors propose a joint waveform design for ISAC, but do not formulate an explicit trade-off between communication and sensing metrics.","The authors propose a pulse sequence sensing and pulse position modulation (PSS-PPM) method for optical integrated sensing and communication (ISAC). They derive performance metrics for both communication and sensing, including achievable rate, bit error rate (BER), mean square error (MSE), and resolution. However, no explicit trade-off formulation between communication and sensing metrics is provided."
O_ISAC_035,waveform_coupling,spectral_efficiency,ranging_accuracy,NONE,"Although this does introduce a trade-off in spectral efficiency, it allows us to decouple the sensing and communication functions, enabling more reliable and flexible performance adaptability.","The authors propose an OCDM-based FMCW waveform design for FSO-ISAC, where one OCDM subcarrier is selected for FMCW ranging and the remaining subcarriers are for communications. The design introduces a trade-off in spectral efficiency but allows for more reliable and flexible performance adaptability."
O_ISAC_035,waveform_coupling,spectral_efficiency,ranging_accuracy,NONE,"Although this does introduce a trade-off in spectral efficiency, it allows us to decouple the sensing and communication functions, enabling more reliable and flexible performance adaptability.","The authors propose an OCDM-based FMCW waveform design for FSO-ISAC, where one OCDM subcarrier is dedicated for FMCW ranging and the remaining subcarriers are used for communication. The design introduces a trade-off in spectral efficiency but allows for decoupling of sensing and communication functions."
O_ISAC_036,hardware_coupling,optical power,electro-optics bandwidth,NONE detected,"a compact, cost-efficient and fullyintegrated solution with a good trade-off between optical power, electro-optics bandwidth and driving voltage","The authors present a heterogeneous fully integrated photonics transmitter with a III-V-on-SOI laser and EAM, achieving a compact, cost-efficient, and fully-integrated solution with a good trade-off between optical power, electro-optics bandwidth, and driving voltage."
O_ISAC_036,waveform_coupling,16-QAM communication signal,LFMCW sensing signal,frequency division multiplexing,a sensing and a communication FR3 mmWave signal were multiplexed in the frequency domain and simultaneously modulated by the PIC and transmitted over the FSO link,"The authors present a heterogeneous fully integrated photonics transmitter with a III-V-on-SOI laser and EAM, achieving a compact, cost-efficient, and fully-integrated solution with a good trade-off between optical power, electro-optics bandwidth, and driving voltage."
O_ISAC_036,hardware_coupling,optical power,electro-optics bandwidth,NONE detected,"a compact, cost-efficient and fully-integrated solution with a good trade-off between optical power, electro-optics bandwidth and driving voltage","The authors present a heterogeneous fully integrated photonics transmitter with a III-V-on-SOI laser and EAM, achieving a compact, cost-efficient, and fully-integrated solution with a good trade-off between optical power, electro-optics bandwidth, and driving voltage."
O_ISAC_036,resource_coupling,data rate,sensing resolution,NONE detected,"at least 24 data rate using a 16-QAM, as well as a sensing resolution as low as 0.03 at a range up to 384","The authors present a heterogeneous fully integrated photonics transmitter with a III-V-on-SOI laser and EAM, achieving a compact, cost-efficient, and fully-integrated solution with a good trade-off between optical power, electro-optics bandwidth, and driving voltage."
O_ISAC_013,NONE detected,NONE detected,NONE detected,NONE detected,No explicit trade-off formulation is found in the text.,"The authors do not formulate an explicit trade-off between communication and sensing metrics. However, they do discuss the limitations and challenges of their proposed system, such as the measurable range of strain being influenced by the length of the strain area caused by the vibration event."
O_ISAC_013,NONE detected,NONE detected,NONE detected,NONE detected,No explicit trade-off formulation or coupling mechanism is mentioned in the text.,"The authors do not explicitly formulate a trade-off between communication and sensing metrics. However, they do discuss the limitations and challenges of their proposed system, such as the need for a high-speed data acquisition card and the impact of noise on the system's performance."
O_ISAC_037,NONE detected,NONE detected,NONE detected,NONE detected,No explicit trade-off formulation is found in the provided text.,"The authors propose a linearly polarized mode demultiplexing hybrid (MDH) for mode division multiplexing (MDM) coherent communication systems. The MDH is designed to simplify the complex optical front ends of coherent receivers. However, there is no explicit trade-off formulation between communication and sensing metrics in the provided text."
O_ISAC_038,waveform_coupling,NONE detected,NONE detected,NONE detected,"The authors use a joint waveform for communication and sensing, but do not formulate an explicit trade-off between communication and sensing metrics.","The authors propose a NOMA-based scheme for integrating distributed acoustic sensing and coherent communication. They demonstrate the simultaneous transmission of 60 GBaud 16-QAM and 10 m resolution DAS over a 10 km fiber. However, no explicit trade-off formulation is presented."
O_ISAC_038,waveform_coupling,communication_signal_power,sensing_signal_power,NONE detected,"The power ratio between the communication and sensing signals is used to evaluate transmission performance, but no explicit trade-off formulation is provided.",The authors propose a NOMA-based scheme for integrating distributed acoustic sensing (DAS) and coherent communication. They demonstrate the simultaneous transmission of 60 GBaud 16-QAM and 10 m resolution DAS over a 10 km fiber. The power ratio between the communication and sensing signals is used to evaluate transmission performance.
O_ISAC_039,algorithmic_coupling,positioning_accuracy,channel_estimation_accuracy,multi_task_learning,"The proposed MTL-based network architecture is utilized to extract the shared sparse features between the two tasks, and meanwhile to obtain a coarse estimation of the CIR.","The authors propose a multi-task learning (MTL) framework for integrated sensing and communication, where the positioning task for the sensing service and the channel estimation task for the communication service are integrated into a unified architecture. The MTL-based network architecture is composed of a sparsity-aware shared network and two task-oriented sub-networks, which are jointly trained to achieve mutual benefits between the two tasks."
O_ISAC_039,resource_coupling,spectrum_efficiency,positioning_accuracy,weighted_sum,"The pilot subcarriers are also shared to implement the two tasks simultaneously, which greatly saves the spectrum resources and improves spectral efficiency.","The authors propose a multi-task learning (MTL) framework for integrated sensing and communication, where the positioning task for the sensing service and the channel estimation task for the communication service are integrated into a unified architecture. The MTL-based network architecture is composed of a sparsity-aware shared network and two task-oriented sub-networks, which are jointly trained to achieve mutual benefits between the two tasks."
O_ISAC_039,algorithmic_coupling,positioning_accuracy,channel_estimation_accuracy,multi_task_learning,"The MTL-based network architecture is composed of a sparsity-aware shared network and two task-oriented sub-networks, which are jointly trained to achieve the best mutual benefits between the two tasks.","The authors propose a multi-task learning (MTL) framework for integrated sensing and communication, where the positioning task for the sensing service and the channel estimation task for the communication service are integrated into a unified architecture. The MTL-based network architecture is composed of a sparsity-aware shared network and two task-oriented sub-networks, which are jointly trained to achieve the best mutual benefits between the two tasks."
O_ISAC_039,resource_coupling,spectral_efficiency,positioning_accuracy,weighted_sum,"The pilot subcarriers are also shared to implement the two tasks simultaneously, which greatly saves the spectrum resources and improves spectral efficiency.","The authors propose a multi-task learning (MTL) framework for integrated sensing and communication, where the positioning task for the sensing service and the channel estimation task for the communication service are integrated into a unified architecture. The MTL-based network architecture is composed of a sparsity-aware shared network and two task-oriented sub-networks, which are jointly trained to achieve the best mutual benefits between the two tasks."
O_ISAC_040,waveform_coupling,NONE detected,NONE detected,NONE detected,"The paper discusses the use of OFDM as the waveform for the RO-ISAC system, but does not explicitly formulate a trade-off between communication and sensing metrics.","The authors propose a UAV-aided flying RO-ISAC system with angle diversity transmitters (ADTs) and evaluate its performance in terms of communication BER and 3D positioning RMSE. While the paper presents simulation results showing the impact of various parameters on system performance, it does not explicitly formulate a trade-off between communication and sensing metrics."
O_ISAC_040,resource_coupling,NONE,NONE,NONE,"The system uses ADTs to enhance the light distribution at the receiving plane of the target, but no explicit trade-off is formulated.","The authors propose a UAV-aided flying RO-ISAC system with angle diversity transmitters (ADTs) and evaluate its performance in terms of communication BER and 3D positioning RMSE. While the paper discusses the trade-off between the number of LED transmitters in the ADT and the system's performance, it does not explicitly formulate a trade-off between communication and sensing metrics."
O_ISAC_041,NONE detected,NONE detected,NONE detected,NONE detected,No explicit trade-off formulation or optimization method is mentioned in the provided text.,"The authors propose an integrated sensing and communication (ISAC) architecture for transport networks, focusing on co-route fiber identification and fiber vibration event recognition. They extract features from optical fiber signals using time-frequency domain analysis and employ machine learning models for recognition tasks. However, no explicit trade-off formulation or optimization method is mentioned in the provided text."
O_ISAC_041,NONE detected,NONE detected,NONE detected,NONE detected,No explicit trade-off formulation or optimization method is mentioned in the text.,"The authors propose an integrated sensing and communication (ISAC) architecture for transport networks, focusing on co-route fiber identification and real-time warning of fiber status. However, there is no explicit trade-off formulation or optimization method mentioned in the provided text."
O_ISAC_042,resource_coupling,sensing power,telecom performance,NONE detected,higher STPR means lower telecomm signal power which in turn requires a higher EDFA gain to keep the telecomm signal power to 3 dBm and hence degrade the telecom performance.,"The authors propose an ISAC scheme where LFM sensing probes are inserted into the training sequence of communication data frames, sharing the transmitter and spectrum with communication signals. The influence of sensing on communication is negligible when the sensing power is set to a relatively low level. However, there is a trade-off between the sensing-to-telecom power ratio (STPR) and the performance of both sensing and telecom."
O_ISAC_042,waveform_coupling,sensing resolution,telecom signal power,NONE detected,The use of LFM pilots helps to reduce the peak power of sensing pulses and enhance the spatial resolution of DAS.,"The authors propose an ISAC scheme where LFM sensing probes are inserted into the training sequence of communication data frames, sharing the transmitter and spectrum with communication signals. The influence of sensing on communication is negligible when the sensing power is set to a relatively low level. However, there is a trade-off between the sensing-to-telecom power ratio (STPR) and the performance of both sensing and telecom."
O_ISAC_042,resource_coupling,sensing_power,telecom_performance,NONE,higher STPR means lower telecom signal power which in turn requires a higher EDFA gain to keep the telecom signal power to 3 dBm and hence degrade the telecom performance.,"The authors propose an ISAC scheme where sensing and communication share the transmitter and spectrum, with LFM sensing probes inserted into the training sequence of communication data frames. The influence of sensing on communication is negligible when the sensing power is set to a relatively low level. A trade-off is observed between the sensing-to-telecom power ratio (STPR) and the performance of both sensing and telecom."
O_ISAC_042,resource_coupling,STPR,sensing_PSD_SNR,NONE,Fig. 3(c) shows that when STPR = 8dB both sides achieve a favorable result.,"The authors propose an ISAC scheme where sensing and communication share the transmitter and spectrum, with LFM sensing probes inserted into the training sequence of communication data frames. The influence of sensing on communication is negligible when the sensing power is set to a relatively low level. A trade-off is observed between the sensing-to-telecom power ratio (STPR) and the performance of both sensing and telecom."
O_ISAC_043,waveform_coupling,range_resolution,data_rate,NONE detected,The trade-off between resolution and data rate can be realized by adjusting $B_r$ and $B_c$.,The authors formulate a trade-off between range resolution and data rate by adjusting the bandwidths of LFM and SCM signals.
O_ISAC_043,waveform_coupling,range_resolution,data_rate,NONE detected,The trade-off between resolution and data rate can be realized by adjusting Br and Bc.,"The authors formulate a trade-off between range resolution and data rate by adjusting the bandwidth of LFM and SCM signals. The range resolution can be expressed as δr = c/2Br, where c is the velocity of light, and Br is the bandwidth of LFM. The data rate is directly related to the SCM bandwidth Bc."
O_ISAC_044,waveform_coupling,data_rate,range_resolution,flexible_time-frequency_division_multiplexing,"designed integrated waveforms for time-frequency-division multiplexing (TFDM), allowing for flexible tradeoffs between data rate, range resolution, and detection distance","The authors propose a photonic-based W-band integrated sensing and communication system with flexible time-frequency division multiplexed waveforms, allowing for tradeoffs between data rate, range resolution, and detection distance. The system uses a direct laser heterodyning method to generate broadband 96.5 GHz W-band signals and incorporates long-distance optical fiber transmission."
O_ISAC_044,waveform_coupling,range_resolution,detection_distance,adjusting_bandwidth_and_duration,adjusting the bandwidth (Bc and Br) and duration (TLFM) to adjust the detection distance,"The authors propose a photonic-based W-band integrated sensing and communication system with flexible time-frequency division multiplexed waveforms, allowing for tradeoffs between data rate, range resolution, and detection distance. The system uses a direct laser heterodyning method to generate broadband 96.5 GHz W-band signals and incorporates long-distance optical fiber transmission."
O_ISAC_044,hardware_coupling,None,None,shared_transceiver,using a shared transceiver for both sensing and communication,"The authors propose a photonic-based W-band integrated sensing and communication system with flexible time-frequency division multiplexed waveforms, allowing for tradeoffs between data rate, range resolution, and detection distance. The system uses a direct laser heterodyning method to generate broadband 96.5 GHz W-band signals and incorporates long-distance optical fiber transmission."
O_ISAC_044,waveform_coupling,data_rate,range_resolution,NONE,designed integrated waveforms that can be flexibly adjusted to meet the requirements of complex and ever-changing scenarios,"The authors propose a photonic-based W-band integrated sensing and communication system with flexible time-frequency division multiplexed waveforms for fiber-wireless networks. They design 10 cases of waveforms to achieve tradeoffs between data rate, range resolution, and detection distance according to application scenario requirements."
O_ISAC_044,waveform_coupling,data_rate,detection_distance,NONE,"achieve tradeoffs between data rate, range resolution, and detection distance according to application scenario requirements","The authors propose a photonic-based W-band integrated sensing and communication system with flexible time-frequency division multiplexed waveforms for fiber-wireless networks. They design 10 cases of waveforms to achieve tradeoffs between data rate, range resolution, and detection distance according to application scenario requirements."
O_ISAC_044,resource_coupling,time_resources,bandwidth_resources,NONE,time and spectrum resources can be allocated more reasonably and the data rate can be increased as much as possible while still satisfying the sensing performance,"The authors propose a photonic-based W-band integrated sensing and communication system with flexible time-frequency division multiplexed waveforms for fiber-wireless networks. They design 10 cases of waveforms to achieve tradeoffs between data rate, range resolution, and detection distance according to application scenario requirements."
O_ISAC_046,waveform_coupling,Q-factor,SNR,NONE detected,"With the growing PI bandwidth, the achieved Q-factor gradually decreases, due to the bandwidth constraint of optoelectronics devices. Additionally, when the DAS signal is co-propagated with the DSM signal, we observe a significant Q-factor penalty, because of the detrimental interaction between DAS and DSM signals.",The authors experimentally demonstrate the co-wavelength-channel integration of ultra-lowfrequency distributed-acoustic-sensing and high-capacity communication. They study the interaction between the DAS and DSM signals and observe a trade-off between the Q-factor of the DSM signal and the distributed signal-to-noise ratio (SNR) of the DAS signal with respect to the protection interval (PI) bandwidth.
O_ISAC_046,resource_coupling,transmission capacity,sensing sensitivity,NONE detected,"To secure both higher transmission capacity and better sensitivity for sensing ultra-lowfrequency acoustic wave, the PI bandwidth is set as 8 GHz.",The authors experimentally demonstrate the co-wavelength-channel integration of ultra-lowfrequency distributed-acoustic-sensing and high-capacity communication. They study the interaction between the DAS and DSM signals and observe a trade-off between the Q-factor of the DSM signal and the distributed signal-to-noise ratio (SNR) of the DAS signal with respect to the protection interval (PI) bandwidth.
O_ISAC_046,waveform_coupling,NONE detected,NONE detected,NONE detected,"The authors demonstrate the co-wavelength-channel integration of ultra-lowfrequency DAS and high-capacity communication, but do not formulate an explicit trade-off between communication and sensing metrics.","The authors experimentally demonstrate the co-wavelength-channel integration of ultra-lowfrequency DAS and high-capacity communication. They study the interaction between the DAS and DSM signals and characterize the impact of the protection interval (PI) bandwidth on both communication and sensing performance. However, no explicit trade-off formulation is provided."
O_ISAC_047,NONE detected,NONE detected,NONE detected,NONE detected,No explicit trade-off formulation is found in the text.,"The authors propose a photonics-assisted W-band fiber-wireless ISAC system based on a single OTFS waveform and a ZP-2D-DFT scheme. However, there is no explicit trade-off formulation between communication and sensing metrics in the provided text."
O_ISAC_047,waveform_coupling,NONE detected,NONE detected,NONE detected,No explicit trade-off formulation is found in the text.,"The authors propose a photonics-assisted W-band fiber-wireless ISAC system based on a single OTFS waveform and a ZP-2D-DFT scheme. However, there is no explicit trade-off formulation between communication and sensing metrics in the provided text."
O_ISAC_049,resource_coupling,total_transmitted_power,ENR,CMA and SCA,We formulate a joint slot selection and power allocation problem by minimizing the total transmitted power under the ENR constraint...,"The authors formulate a joint optimization in Section III, trading off total transmitted power against echo-to-noise ratio (ENR) and communication sum rate (CSR) using a cyclic minimization algorithm (CMA) and successive convex approximation (SCA) method."
O_ISAC_049,resource_coupling,total_transmitted_power,CSR,CMA and SCA,We formulate a joint slot selection and power allocation problem by minimizing the total transmitted power under the CSR constraint...,"The authors formulate a joint optimization in Section III, trading off total transmitted power against echo-to-noise ratio (ENR) and communication sum rate (CSR) using a cyclic minimization algorithm (CMA) and successive convex approximation (SCA) method."
O_ISAC_049,resource_coupling,total_transmitted_power,ENR,weighted_sum,We formulate a joint slot selection and power allocation problem by minimizing the total transmitted power under the ENR constraint...,"The authors formulate a joint optimization of slot selection and power allocation in an integrated visible light communication and sensing system, trading off the total transmitted power against the echo-to-noise ratio (ENR) and communication sum rate (CSR) constraints."
O_ISAC_049,resource_coupling,total_transmitted_power,CSR,weighted_sum,We formulate a joint slot selection and power allocation problem by minimizing the total transmitted power under the CSR constraint...,"The authors formulate a joint optimization of slot selection and power allocation in an integrated visible light communication and sensing system, trading off the total transmitted power against the echo-to-noise ratio (ENR) and communication sum rate (CSR) constraints."
O_ISAC_050,algorithmic_coupling,NONE detected,NONE detected,NONE detected,No explicit trade-off formulation is found in the text.,"The authors propose a joint SPAO approach for VLC-based systems, which considers the impact of diffuse scattering and random fading. However, there is no explicit trade-off formulation between communication and sensing metrics in the provided text."
O_ISAC_050,algorithmic_coupling,NONE detected,NONE detected,NONE detected,"The authors propose a joint SPAO approach, but do not formulate an explicit trade-off between communication and sensing metrics.","The authors propose a joint SPAO approach for VLC-based systems, which considers the impact of diffuse scattering and random fading. However, there is no explicit trade-off formulation between communication and sensing metrics in the provided text."
O_ISAC_051,waveform_coupling,ranging_precision,communication_capability,NONE,The system uses a direct sequence spread spectrum technique and phase-coded subcarrier modulation to modulate the communication data into the phase of the subcarrier.,"The authors propose a phase-shift laser ranging with communication (PLRC) system, which enables integrated sensing and communication. The system uses a direct sequence spread spectrum technique and phase-coded subcarrier modulation to modulate the communication data into the phase of the subcarrier. The ranging process is immune to interference, and the system can achieve a range precision of $3.54 \times 10^{-3}$ m and a communication capability of 1.43 Mbit/s. The optimal light ratio for ranging and communication is derived, and the system's performance is evaluated through experiments."
O_ISAC_051,resource_coupling,transmitted_power,ranging_precision,weighted_sum,"The optimal light ratio for ranging and communication is derived, and the system's performance is evaluated through experiments.","The authors propose a phase-shift laser ranging with communication (PLRC) system, which enables integrated sensing and communication. The system uses a direct sequence spread spectrum technique and phase-coded subcarrier modulation to modulate the communication data into the phase of the subcarrier. The ranging process is immune to interference, and the system can achieve a range precision of $3.54 \times 10^{-3}$ m and a communication capability of 1.43 Mbit/s. The optimal light ratio for ranging and communication is derived, and the system's performance is evaluated through experiments."
O_ISAC_051,waveform_coupling,ranging_precision,BER,weighted_sum,"The authors derive an optimal light ratio for ranging and communication to meet the requirements of BER and ranging precision, which is a trade-off between the two metrics.","The authors propose a phase-shift laser ranging with communication (PLRC) system, which enables both ranging and communication using the same transmitted signal. The system uses a direct sequence spread spectrum technique and phase-coded subcarrier modulation to modulate the communication data into the phase of the subcarrier. The ranging process involves waveform recovery, correlation operation, and phase-shift measurement to derive the distance. The communication process involves carrier recovery, synchronous demodulation, and despreading to extract the message. The authors also derive an optimal light ratio for ranging and communication to meet the requirements of bit error rate (BER) and ranging precision."
O_ISAC_051,resource_coupling,transmitted_power,ranging_precision,optimization,The authors optimize the transmitted power allocation to meet the requirements of ranging precision and BER.,"The authors propose a phase-shift laser ranging with communication (PLRC) system, which enables both ranging and communication using the same transmitted signal. The system uses a direct sequence spread spectrum technique and phase-coded subcarrier modulation to modulate the communication data into the phase of the subcarrier. The ranging process involves waveform recovery, correlation operation, and phase-shift measurement to derive the distance. The communication process involves carrier recovery, synchronous demodulation, and despreading to extract the message. The authors also derive an optimal light ratio for ranging and communication to meet the requirements of bit error rate (BER) and ranging precision."
O_ISAC_052,multi_objective,spectral_efficiency,Fisher_information,weighted_sum,"The joint optimization problem is formulated as a weighted sum of spectral efficiency and Fisher information, as shown in Eq. (20a).","The authors formulate a joint optimization in Section IV, trading off spectral efficiency against Fisher information using a weighted sum method."
O_ISAC_052,multi_objective,spectral_efficiency,Fisher_information,weighted_sum,"The joint optimization problem is formulated as a weighted sum of spectral efficiency and Fisher information, with a weight factor \rho.","The authors formulate a joint optimization in Section IV, trading off spectral efficiency against Fisher information using a weighted sum method."
O_ISAC_053,waveform_coupling,NONE detected,NONE detected,NONE detected,"The authors discuss the system's architecture and control loop, but do not explicitly formulate a trade-off between communication and sensing metrics.","The authors propose a novel ISAC system based on visible light, combining VLC and VLS to perform sensing and communication tasks. The system utilizes a closed-loop controller to sense the rotational position of a cylinder and communicate commands to a servomotor. The authors discuss the system's architecture, control loop, and experimental setup, but do not explicitly formulate a trade-off between communication and sensing metrics."
O_ISAC_053,waveform_coupling,NONE detected,NONE detected,NONE detected,"The authors propose a VLC-VLS ISAC system, but do not formulate an explicit trade-off between communication and sensing metrics.","The authors propose a VLC-VLS ISAC system that combines the tasks of sensing the rotational position of a cylinder and communicating commands to a servomotor. The system utilizes a time division scheme to separate the tasks of VLS and VLC, ensuring that the two tasks do not interfere with each other. However, no explicit trade-off formulation is presented in the text."
O_ISAC_054,resource_coupling,communication_bit_error_rate_(BER),sensing_mean-squared_error_(MSE),NONE,"The source layout optimization in the first phase yields a remarkable improvement in both communication BER and sensing MSE—the gains are up to 3.47 and 3.14 dB, respectively.","The authors propose a new O-ISAC framework tailored for cost-effective commercial LEDs, which integrates optical communication and optical sensing. The framework involves a two-phase operational mechanism, where the first phase utilizes directionless light rays to broadcast control signals to all devices within the coverage, while multiple distributed sensors collect reflected light and estimate the device positions. In the second phase, a refined operation unfolds, and each device is individually served in a time-division multiple access (TDMA) fashion. The light intensities are significantly enhanced by optical beamforming, leading to more reliable communication and accurate device sensing and tracking."
O_ISAC_054,waveform_coupling,light_intensity,communication_BER,NONE,"The introduction of optical beamforming further optimizes the radiation patterns of LEDs, yielding substantial performance gains over the separate communication and sensing system. The light intensity falling on the target object is increased by 65.45%, the communication BER is improved by 63.35 dB, and the sensing MSE is improved by 40.42 dB.","The authors propose a new O-ISAC framework tailored for cost-effective commercial LEDs, which integrates optical communication and optical sensing. The framework involves a two-phase operational mechanism, where the first phase utilizes directionless light rays to broadcast control signals to all devices within the coverage, while multiple distributed sensors collect reflected light and estimate the device positions. In the second phase, a refined operation unfolds, and each device is individually served in a time-division multiple access (TDMA) fashion. The light intensities are significantly enhanced by optical beamforming, leading to more reliable communication and accurate device sensing and tracking."
O_ISAC_054,algorithmic_coupling,received_light_intensity,device_position,NONE,"The pinhole imaging principle is used to map all reflected light onto a film plane for sensing, and the relationships between the coordinates of the target device in different coordinate systems are established.","The authors propose a new O-ISAC framework tailored for cost-effective commercial LEDs, which integrates optical communication and optical sensing. The framework involves a two-phase operational mechanism, where the first phase utilizes directionless light rays to broadcast control signals to all devices within the coverage, while multiple distributed sensors collect reflected light and estimate the device positions. In the second phase, a refined operation unfolds, and each device is individually served in a time-division multiple access (TDMA) fashion. The light intensities are significantly enhanced by optical beamforming, leading to more reliable communication and accurate device sensing and tracking."
O_ISAC_054,resource_coupling,communication_bit_error_rate,sensing_mean_squared_error,two-phase_optimization,The source layout optimization in the first phase yields a remarkable improvement in both communication BER and sensing MSE...,"The authors formulate a joint optimization in Section III, trading off communication bit error rate (BER) against sensing mean-squared error (MSE) using a two-phase operational mechanism."
O_ISAC_054,waveform_coupling,light_intensity,received_signal_strength,optical_beamforming,"The introduction of optical beamforming further optimizes the radiation patterns of LEDs, yielding substantial performance gains...","The authors formulate a joint optimization in Section III, trading off communication bit error rate (BER) against sensing mean-squared error (MSE) using a two-phase operational mechanism."
O_ISAC_055,multi_objective,achievable data rate,CRB for sensing,elliptical search algorithm,"The optimization problem can be solved by an elliptical search algorithm, as the bandwidth constraint gives a finite feasible region for the variables, i.e., (h,μ)∈[0,hm]×[0,B/Tp]","The authors formulate a joint optimization in Section III, trading off the achievable data rate against the Cramér-Rao Bound (CRB) for sensing and the bit error rate (BER) for communication using an elliptical search algorithm."
O_ISAC_055,multi_objective,achievable data rate,BER for communication,elliptical search algorithm,"The optimization problem can be solved by an elliptical search algorithm, as the bandwidth constraint gives a finite feasible region for the variables, i.e., (h,μ)∈[0,hm]×[0,B/Tp]","The authors formulate a joint optimization in Section III, trading off the achievable data rate against the Cramér-Rao Bound (CRB) for sensing and the bit error rate (BER) for communication using an elliptical search algorithm."
O_ISAC_055,multi_objective,achievable data rate,CRB for sensing,elliptical search algorithm,"The optimization problem can be solved by an elliptical search algorithm, as the bandwidth constraint gives a finite feasible region for the variables, i.e., (h,μ)∈[0,hm]×[0,B/Tp]","The authors formulate a joint optimization in Section III, trading off the achievable data rate against the Cramér-Rao Bound (CRB) for sensing and the bit error rate (BER) for communication using an elliptical search algorithm."
O_ISAC_055,multi_objective,achievable data rate,BER for communication,elliptical search algorithm,"The optimization problem is formulated as maximizing R with constraints on Pe and ετ0, which formulates the optimization problem as maxh,μ R, s.t. Pe≤Pe,th, ετ0≤2Dth/c","The authors formulate a joint optimization in Section III, trading off the achievable data rate against the Cramér-Rao Bound (CRB) for sensing and the bit error rate (BER) for communication using an elliptical search algorithm."
O_ISAC_056,multi_objective,communication_rate,sensing_distortion,weighted_sum,"We introduce practical, asymptotically optimal maximum a posteriori (MAP) and maximum likelihood estimators (MLE) for target distance, addressing nonlinear measurement-to-state relationships and non-conjugate priors.","The authors formulate a joint optimization in Section III, trading off communication rate against sensing distortion using a weighted sum approach. They also establish the Bayesian Cramer-Rao bound (BCRB) as an outer bound for the optimal capacity-distortion region."
O_ISAC_056,multi_objective,rate,Cramér-Rao_bound,Pareto,"The achievable rate-Cramér-Rao bound (R-CRB) serves as an outer bound (OB) for the optimal C-D region, valid for both unbiased estimators and asymptotically large numbers of receive antennas.","The authors formulate a joint optimization in Section III, trading off communication rate against sensing distortion using a weighted sum approach. They also establish the Bayesian Cramer-Rao bound (BCRB) as an outer bound for the optimal capacity-distortion region."
O_ISAC_056,multi_objective,communication_rate,sensing_distortion,weighted_sum,We characterize the optimal Pareto boundary of the rate-distortion (R-D) and C-D regions for O-ISAC systems... We propose two algorithms to determine the optimal input distribution for the Pareto boundary of the C-D region.,"The authors formulate a joint optimization in Section III, trading off communication rate against sensing distortion using a weighted sum, and establish the R-CRB as an outer bound for the optimal C-D region."
O_ISAC_056,resource_coupling,optical_power,sensing_accuracy,trade-off,"The input signal is constrained to be nonnegative due to the optical nature of the system, and its average power must satisfy a given optical power budget.","The authors formulate a joint optimization in Section III, trading off communication rate against sensing distortion using a weighted sum, and establish the R-CRB as an outer bound for the optimal C-D region."
O_ISAC_057,waveform_coupling,NONE detected,NONE detected,NONE detected,"The system uses a joint radar-communication waveform, but no explicit trade-off formulation is provided.","The authors propose a joint radar-communication system but do not explicitly formulate a trade-off between communication and sensing metrics. However, they do demonstrate the system's capability for high-resolution radar detection and high-capacity wireless communication."
O_ISAC_057,waveform_coupling,NONE detected,NONE detected,NONE detected,"The system uses a joint radar-communication waveform, but does not explicitly trade off communication and sensing performance.","The authors propose a joint radar-communication system using photonic techniques, but do not explicitly formulate a trade-off between communication and sensing metrics."
O_ISAC_058,resource_coupling,bandwidth,range resolution,tradeoff,we can balance radar and communication performance by adjusting the bandwidth ratio between the LFM and SCM signals,"The authors propose a photonic-based W-band ISAC system that integrates radar sensing and communication functions. They discuss the potential for false target generation in multitarget detection scenarios and propose solutions to address this issue. The system's performance is evaluated through simulations and experiments, demonstrating its capability for multitarget detection and high range resolution."
O_ISAC_058,waveform_coupling,communication data rate,sensing range resolution,tradeoff,the tradeoff between range resolution and DR can be achieved by allocating the bandwidth,"The authors propose a photonic-based W-band ISAC system that integrates radar sensing and communication functions. They discuss the potential for false target generation in multitarget detection scenarios and propose solutions to address this issue. The system's performance is evaluated through simulations and experiments, demonstrating its capability for multitarget detection and high range resolution."
O_ISAC_058,waveform_coupling,range resolution,data rate,bandwidth allocation,we can balance radar and communication performance by adjusting the bandwidth ratio between the LFM and SCM signals,The authors propose a photonic-based W-band ISAC system that integrates radar sensing and communication functions. They discuss the potential causes of false target generation in multitarget detection scenarios and propose solutions to address these issues. The system achieves a tradeoff between range resolution and data rate by allocating bandwidth.
O_ISAC_059,NONE detected,NONE detected,NONE detected,NONE detected,No explicit trade-off formulation found in the text.,"The authors discuss the integration of Terrestrial Networks and Non-Terrestrial Networks for Integrated Sensing and Communication, but do not explicitly formulate a trade-off between communication and sensing metrics."
O_ISAC_059,NONE detected,NONE detected,NONE detected,NONE detected,No explicit trade-off formulation found in the text.,"The authors discuss the integration of Terrestrial and Non-Terrestrial Networks for Integrated Sensing and Communication, but do not explicitly formulate a trade-off between communication and sensing metrics."
O_ISAC_061,hardware_coupling,NONE detected,NONE detected,NONE detected,"The paper focuses on the system model, beamforming, and performance metrics of OPA-based OW-ISAC, but does not formulate an explicit trade-off between communication and sensing metrics.","The authors propose an OPA-based OW-ISAC framework and derive dedicated performance metrics for communication and sensing sub-systems. However, no explicit trade-off formulation between communication and sensing metrics is provided."
O_ISAC_061,hardware_coupling,NONE detected,NONE detected,NONE detected,"The paper focuses on the system model, beamforming, and performance metrics of OPA-based OW-ISAC, but does not explicitly discuss trade-offs between communication and sensing metrics.","The authors propose an OPA-based OW-ISAC framework and derive dedicated performance metrics for communication and sensing sub-systems. However, they do not explicitly formulate a trade-off between communication and sensing metrics."
O_ISAC_062,algorithmic_coupling,NONE detected,NONE detected,NONE detected,"The paper discusses the system model, channel model, and received signal model, but does not provide an explicit trade-off formulation between communication and sensing metrics.","The authors formulate a joint optimization in Section IV, but the provided text does not explicitly mention a trade-off formulation between communication and sensing metrics. However, the paper does discuss the impact of various parameters such as SNR, bandwidth, and the number of LEDs and PDs on the VLC-based SLAP detection performance."
O_ISAC_062,NONE detected,NONE detected,NONE detected,NONE detected,No explicit trade-off formulation is found in the provided text.,"The authors propose a novel VLC-enabled anti-disturbance mechanism for 6-DoF SLAP detection. However, there is no explicit trade-off formulation between communication and sensing metrics in the provided text."
O_ISAC_063,algorithmic_coupling,AFR,PFR,NONE,"The authors propose a new scheme to characterize the full-field frequency response of a coherent TOSA, including both AFR and PFR, using a single low-bandwidth PD.","The authors propose a new scheme to characterize the full-field frequency response of a coherent TOSA, including both AFR and PFR, using a single low-bandwidth PD. The scheme involves multiple dual-tone signals with specially designed frequency positions, which allows for the extraction of AFR and PFR from the beat signals after direct detection. The authors also demonstrate the capability of their proposed scheme to precisely estimate the IQ skew."
O_ISAC_063,algorithmic_coupling,IQ skew,PFR,NONE,The authors also demonstrate the capability of their proposed scheme to precisely estimate the IQ skew.,"The authors propose a new scheme to characterize the full-field frequency response of a coherent TOSA, including both AFR and PFR, using a single low-bandwidth PD. The scheme involves multiple dual-tone signals with specially designed frequency positions, which allows for the extraction of AFR and PFR from the beat signals after direct detection. The authors also demonstrate the capability of their proposed scheme to precisely estimate the IQ skew."
O_ISAC_063,algorithmic_coupling,AFR,PFR,None,The authors use a single photodetector with narrow bandwidth to characterize the full-field frequency response of a coherent TOSA.,"The authors propose a new scheme to characterize the full-field frequency response of a coherent TOSA, including both amplitude frequency response (AFR) and phase frequency response (PFR), using a single photodetector (PD) with narrow bandwidth. The scheme involves using multiple dual-tone signals with specially designed frequency positions to generate beat signals after direct detection, which can be used to extract the AFR and PFR. The in-phase and quadrature (IQ) skew can be obtained by comparing the PFRs between the I and Q tributaries."
O_ISAC_063,multi_objective,BER,IQ skew,None,The authors calibrate the coherent TOSA using the characterized full-field frequency response and demonstrate improved BER performance in a 64 GBaud 16-QAM back-to-back transmission experiment.,"The authors propose a new scheme to characterize the full-field frequency response of a coherent TOSA, including both amplitude frequency response (AFR) and phase frequency response (PFR), using a single photodetector (PD) with narrow bandwidth. The scheme involves using multiple dual-tone signals with specially designed frequency positions to generate beat signals after direct detection, which can be used to extract the AFR and PFR. The in-phase and quadrature (IQ) skew can be obtained by comparing the PFRs between the I and Q tributaries."
O_ISAC_065,waveform_coupling,NONE detected,NONE detected,NONE detected,No explicit trade-off formulation is found in the text.,"The authors propose an OCDM waveform-based ToF system for ISAC applications and experimentally demonstrate its performance. However, there is no explicit trade-off formulation between communication and sensing metrics in the provided text."
O_ISAC_065,waveform_coupling,NONE detected,NONE detected,NONE detected,No explicit trade-off formulation is found in the text.,"The authors propose an OCDM waveform-based ToF system for ISAC applications and experimentally demonstrate its performance. However, there is no explicit trade-off formulation between communication and sensing metrics in the provided text."
O_ISAC_066,algorithmic_coupling,NONE,NONE,NONE,"The authors propose a pre-distortion scheme to mitigate the collision distortion on the soliton quantities in the IT signal, but no explicit trade-off is formulated.","The authors propose a pre-distortion scheme to mitigate the collision distortion on the soliton quantities in the IT signal. The scheme involves modifying the encoded quantities using the derived formula for collision distortion. However, there is no explicit trade-off formulation or optimization method mentioned in the provided text."
O_ISAC_066,waveform_coupling,NONE,NONE,NONE,No explicit trade-off formulation is found in the text.,"The authors propose a pre-distortion scheme to mitigate the collision distortion on the soliton quantities in the IT signal. The scheme modifies the encoded quantities based on the formula derived from the asymptotic solution of the two-soliton model in the Manakov equation. However, there is no explicit trade-off formulation between communication and sensing metrics in the provided text."
O_ISAC_068,NONE detected,NONE detected,NONE detected,NONE detected,No explicit trade-off formulation found in the provided text.,"The authors discuss the integration of communication and sensing systems, but do not formulate explicit trade-offs between communication and sensing metrics. The paper focuses on the potential benefits and challenges of Joint Communication and Sensing (JCS) in both Radio Frequency (RF) and Visible Light (VL) domains."
O_ISAC_068,NONE detected,NONE detected,NONE detected,NONE detected,The authors do not provide explicit evidence of a trade-off formulation between communication and sensing metrics.,"The authors discuss the integration of communication and sensing systems, highlighting the potential benefits and challenges of Joint Communication and Sensing (JCS) in both Radio Frequency (RF) and Visible Light (VL) domains. However, they do not explicitly formulate a trade-off between communication and sensing metrics."
O_ISAC_069,NONE detected,NONE detected,NONE detected,NONE detected,No explicit trade-off formulation or coupling mechanism between communication and sensing is mentioned in the text.,The authors do not formulate any explicit trade-offs between communication and sensing metrics in the provided text. The paper focuses on advanced signal processing techniques for distributed acoustic sensing using submarine cables for seismology applications.
O_ISAC_070,multi_objective,communication data information rate,radar mutual information,weighted_sum,"The weighted sum of communication and radar metrics can be calculated, which is formulated as follows: $\arg\max_{R_b, P_t, \dots} w_c M_c + w_r M_r$","The authors formulate a joint optimization in Section IV, trading off communication data information rate against radar mutual information using a weighted sum, with the weights representing the relative importance of communication and radar sensing."
O_ISAC_070,waveform_coupling,None,None,None,"The authors propose and experimentally demonstrate various integrated waveforms, including OFDM, OCDM, and chirp-based waveforms, which enable joint communication and radar sensing.","The authors formulate a joint optimization in Section IV, trading off communication data information rate against radar mutual information using a weighted sum, with the weights representing the relative importance of communication and radar sensing."
O_ISAC_070,resource_coupling,None,None,None,"The authors discuss the optimization of subcarrier power allocation to balance communication and radar performance, which implies a sharing of resources between the two functions.","The authors formulate a joint optimization in Section IV, trading off communication data information rate against radar mutual information using a weighted sum, with the weights representing the relative importance of communication and radar sensing."
O_ISAC_070,multi_objective,communication data information rate (DIR),radar mutual information (MI),weighted_sum,"The weighted sum of communication and radar metrics can be calculated, which is formulated as follows: argmax_{R_b, P_t, ...} w_c M_c + w_r M_r","The authors formulate a joint optimization in Section IV, trading off communication data information rate (DIR) against radar mutual information (MI) using a weighted sum. The optimization problem is defined to balance both communication and radar sensing metrics."
O_ISAC_070,waveform_coupling,OCDM waveform,OFDM waveform,comparison,"Fig. 3(d) and (e) show both performance metrics versus the communication weight for the OFDM and OCDM waveforms, respectively.","The authors formulate a joint optimization in Section IV, trading off communication data information rate (DIR) against radar mutual information (MI) using a weighted sum. The optimization problem is defined to balance both communication and radar sensing metrics."
O_ISAC_070,resource_coupling,subcarrier power allocation,total transmitted power,optimization,"By solving the corresponding convex function optimization problem, the optimized subcarrier power distribution can be obtained.","The authors formulate a joint optimization in Section IV, trading off communication data information rate (DIR) against radar mutual information (MI) using a weighted sum. The optimization problem is defined to balance both communication and radar sensing metrics."
O_ISAC_071,waveform_coupling,communication_performance,sensing_performance,weighted_sum,"To achieve flexible performance trade-off between communication and sensing, we design a HSM waveform for the full-duplex RO-ISAC system.","The authors propose a full-duplex RO-ISAC system with a hybrid single-carrier and multi-carrier (HSM) waveform, which enables flexible performance trade-off between communication and sensing by adaptively adjusting the proportions of the PAM/OFDM parts in the HSM waveform."
O_ISAC_071,resource_coupling,BER,ranging_RMSE,trade-off_formulation,"Fig. 4(a) shows the downlink communication bit error ratio (BER) versus HSM ratio α for different distances, and Fig. 4(c) shows the ranging root mean square error (RMSE) versus HSM ratio α for different distances with filter.","The authors propose a full-duplex RO-ISAC system with a hybrid single-carrier and multi-carrier (HSM) waveform, which enables flexible performance trade-off between communication and sensing by adaptively adjusting the proportions of the PAM/OFDM parts in the HSM waveform."
O_ISAC_071,waveform_coupling,communication_performance,sensing_performance,adaptive_adjustment,flexible performance trade-off between communication and sensing can be achieved by adaptively selecting an appropriate HSM ratio α,"The authors propose a full-duplex RO-ISAC system with a hybrid single-carrier and multi-carrier (HSM) waveform, which enables flexible performance trade-off between communication and sensing by adaptively adjusting the proportions of the PAM/OFDM parts in the HSM waveform."
O_ISAC_071,resource_coupling,BER,ranging_RMSE,trade-off,"Fig. 4 shows the downlink BER vs. HSM ratio and the ranging RMSE vs. HSM ratio, indicating a trade-off between communication and sensing performance","The authors propose a full-duplex RO-ISAC system with a hybrid single-carrier and multi-carrier (HSM) waveform, which enables flexible performance trade-off between communication and sensing by adaptively adjusting the proportions of the PAM/OFDM parts in the HSM waveform."
O_ISAC_072,algorithmic_coupling,NONE detected,NONE detected,NONE detected,"The paper focuses on vibration-induced phase extraction using ANN and digital twin technology, but does not formulate an explicit trade-off between communication and sensing metrics.","The authors propose a vibration-induced phase extraction method based on artificial neural networks (ANN) and digital twin technology. However, there is no explicit trade-off formulation between communication and sensing metrics."
O_ISAC_073,hardware_coupling,NONE detected,NONE detected,NONE detected,"The system combines clock and data signals using Wavelength Division Multiplexing (WDM) and transmits them over a Single-Mode Fiber (SMF), but does not explicitly discuss trade-offs.","The authors propose a novel method for achieving clock and carrier synchronization using optical frequency combs, but do not explicitly formulate a trade-off between communication and sensing metrics."
O_ISAC_073,hardware_coupling,NONE detected,NONE detected,NONE detected,"The system combines clock and data signals using Wavelength Division Multiplexing (WDM) and transmits them over a Single-Mode Fiber (SMF), but does not explicitly discuss trade-offs.","The authors propose a novel method for achieving clock and carrier synchronization using optical frequency combs, but do not explicitly formulate a trade-off between communication and sensing metrics."
O_ISAC_074,resource_coupling,NONE detected,NONE detected,NONE detected,"The paper discusses the use of telecom training sequences for sensing, but does not provide an explicit trade-off formulation.","The authors propose using telecom training sequences for interference-fading free sensing, but do not explicitly formulate a trade-off between communication and sensing metrics."
O_ISAC_074,resource_coupling,NONE detected,NONE detected,NONE detected,The paper discusses the use of telecom training sequences for both sensing and communication but does not formulate an explicit trade-off between communication and sensing metrics.,"The authors propose using telecom training sequences for endogenous ISAC, enabling cooperative function of sensing and communication. However, no explicit trade-off formulation is presented, and optimization methods are not discussed in the context of trade-offs."
O_ISAC_075,waveform_coupling,communication performance (BER),sensing performance (ranging RMSE),adaptive power allocation,flexible performance trade-off between communication and sensing can be efficiently achieved by adaptively adjusting the power allocation ratio between the MLS signal and the OFDM signal,"The authors propose a flexible OFDM-MLS waveform design for RO-ISAC systems, which enables a trade-off between communication and sensing performance by adjusting the power allocation ratio between the MLS signal and the OFDM signal."
O_ISAC_075,waveform_coupling,communication performance,sensing performance,adaptive power allocation,flexible performance trade-off between communication and sensing can be efficiently achieved by adaptively adjusting the power allocation ratio between the MLS signal and the OFDM signal,"The authors propose a flexible OFDM-MLS waveform design for RO-ISAC systems, which enables a trade-off between communication and sensing performance by adjusting the power allocation ratio between the MLS signal and the OFDM signal."
O_ISAC_075,multi_objective,BER,ranging RMSE,trade-off formulation,"Figs. 7(a) and (b) show the ranging RMSE and BER versus β with n = 4 and 8, respectively, at a distance of 72 cm","The authors propose a flexible OFDM-MLS waveform design for RO-ISAC systems, which enables a trade-off between communication and sensing performance by adjusting the power allocation ratio between the MLS signal and the OFDM signal."
O_ISAC_076,waveform_coupling,block_size,sensing_background_noise,dynamic_FOE,"Fig. 4(b) and (c) show the sensing background noise under different block sizes using dynamic FOE based on FPTs and Max-FFT, respectively.","The authors propose an integrated communication and sensing scheme based on frequency-domain pilot tones (FPTs) in digital subcarrier multiplexing (DSCM) systems. The scheme uses FPTs for dynamic frequency offset estimation (FOE), carrier phase estimation (CPE), and polarization demultiplexing. The authors formulate a trade-off between the block size of the dynamic FOE and the sensing background noise, and they identify the optimal block size that minimizes the background noise."
O_ISAC_076,multi_objective,frequency,sensing_signal-to-noise_ratio_(SSNR),FPTs-based_dynamic_FOE,Fig. 10(d) shows that the scheme with FPTs provides a 10 dB improvement in SSNR compared to the scheme without FPTs in the spectra.,"The authors propose an integrated communication and sensing scheme based on frequency-domain pilot tones (FPTs) in digital subcarrier multiplexing (DSCM) systems. The scheme uses FPTs for dynamic frequency offset estimation (FOE), carrier phase estimation (CPE), and polarization demultiplexing. The authors formulate a trade-off between the block size of the dynamic FOE and the sensing background noise, and they identify the optimal block size that minimizes the background noise."
O_ISAC_076,waveform_coupling,sensing_signal-to-noise_ratio (SSNR),communication_bit_error_rate (BER),weighted_sum,"The scheme with FPTs provides a 10 dB improvement in sensing signal-to-noise ratio (SSNR) compared to the scheme without FPTs in the spectra, while maintaining a low BER.","The authors propose an integrated communication and sensing scheme based on frequency-domain pilot tones (FPTs) in digital subcarrier multiplexing (DSCM) systems using commercial 100 kHz external cavity lasers (ECLs). The scheme achieves dynamic frequency offset estimation (FOE), carrier phase estimation (CPE), and polarization demultiplexing simultaneously. The FPTs-based dynamic FOE provides a suppression effect on the sensing background noise, enabling detectable vibration frequency down to 10 kHz."
O_ISAC_076,resource_coupling,frequency_offset_estimation_accuracy,vibration_sensing_accuracy,alternating_optimization,"The FPTs-based dynamic FOE provides good robustness against amplified spontaneous emission (ASE) noise and bandwidth limitations, which significantly enhances the low-frequency vibration detection capability.","The authors propose an integrated communication and sensing scheme based on frequency-domain pilot tones (FPTs) in digital subcarrier multiplexing (DSCM) systems using commercial 100 kHz external cavity lasers (ECLs). The scheme achieves dynamic frequency offset estimation (FOE), carrier phase estimation (CPE), and polarization demultiplexing simultaneously. The FPTs-based dynamic FOE provides a suppression effect on the sensing background noise, enabling detectable vibration frequency down to 10 kHz."
O_ISAC_077,hardware_coupling,,,,The authors mention that ISAC techniques are expected to save hardware resources and improve system efficiency greatly by sharing the transceiver and system architectures.,"The authors propose and experimentally demonstrate an OCDM waveform-based ToF system for ISAC applications, achieving 32 Gbit/s data rate and 1.875 cm range resolution. However, no explicit trade-off formulation is detected in the provided text."
O_ISAC_077,waveform_coupling,,,,The authors propose and experimentally demonstrate an OCDM waveform-based ToF system for ISAC applications.,"The authors propose and experimentally demonstrate an OCDM waveform-based ToF system for ISAC applications, achieving 32 Gbit/s data rate and 1.875 cm range resolution. However, no explicit trade-off formulation is detected in the provided text."
O_ISAC_077,waveform_coupling,NONE detected,NONE detected,NONE detected,No explicit trade-off formulation is found in the text.,"The authors propose and experimentally demonstrate an OCDM waveform-based ToF system for ISAC applications, achieving 32 Gbit/s data rate and 1.875 cm range resolution. However, no explicit trade-off formulation is detected between communication and sensing metrics."
O_ISAC_078,NONE detected,NONE detected,NONE detected,NONE detected,No explicit trade-off formulation is found in the text.,"The authors propose a weighted decision aided recurrent neural network (WD-RNN) nonlinear equalizer for DML enabled photonic interconnection and experimentally verify its function. However, there is no explicit trade-off formulation between communication and sensing metrics in the provided text."
O_ISAC_078,NONE detected,NONE detected,NONE detected,NONE detected,No explicit trade-off formulation is found in the text.,"The authors propose a weighted decision aided recurrent neural network (WD-RNN) nonlinear equalizer for DML enabled photonic interconnection and experimentally verify its effective function. However, there is no explicit trade-off formulation between communication and sensing metrics in the provided text."
O_ISAC_079,waveform_coupling,NONE detected,NONE detected,NONE detected,"The proposed system uses LFM carriers for both communication and sensing, but no explicit trade-off is formulated.","The authors propose a linear frequency-modulated (LFM) carrier-enabled SHCD architecture to integrate high-fidelity communication and optical frequency-domain reflectometry (OFDR)-based sensing without additional spectrum occupation. However, no explicit trade-off formulation is detected between communication and sensing metrics."
O_ISAC_079,waveform_coupling,NONE detected,NONE detected,NONE detected,"The authors use a joint LFM carrier for both communication and sensing, but do not formulate an explicit trade-off between communication and sensing metrics.","The authors propose a linear frequency-modulated (LFM) carrier-enabled self-homodyne coherent detection (SHCD) architecture for integrated sensing and communication (ISAC). The system achieves high-fidelity communication and optical frequency-domain reflectometry (OFDR)-based sensing without additional spectrum occupation. However, no explicit trade-off formulation is detected between communication and sensing metrics."
O_ISAC_080,resource_coupling,SCPR,OSNR penalty,trade-off analysis,"Fig. 5(b) illustrates the OSNR penalty of telecom payload versus SCPR, revealing a critical trade-off: although higher SCPR values enhance the accuracy of SOP estimation, this improvement incurs progressively higher OSNR costs.","The authors formulate a trade-off between sensing precision and communication efficacy, with the sensing-to-communication power ratio (SCPR) as the key parameter. They identify that higher SCPR values enhance the accuracy of SOP estimation but incur higher OSNR costs."
O_ISAC_080,resource_coupling,SCPR,RMSE of estimated SOP,trade-off analysis,"Fig. 4(a) depicts the dependence of SOP rotation estimation performance on the SCPR, showing that RMSE improves as SCPR increases.","The authors formulate a trade-off between sensing precision and communication efficacy, with the sensing-to-communication power ratio (SCPR) as the key parameter. They identify that higher SCPR values enhance the accuracy of SOP estimation but incur higher OSNR costs."
O_ISAC_080,waveform_coupling,vibration frequency,SNR of retrieved vibration waveform,experimental results,"Fig. 6(b) compares the power spectral density of vibration waveforms recovered via FD-NOMA and MIMO adaptive equalization, with the FD-NOMA method achieving a higher SNR.","The authors formulate a trade-off between sensing precision and communication efficacy, with the sensing-to-communication power ratio (SCPR) as the key parameter. They identify that higher SCPR values enhance the accuracy of SOP estimation but incur higher OSNR costs."
O_ISAC_080,resource_coupling,sensing performance,OSNR penalty,trade-off formulation,"Fig. 5(b) and Fig. 4(a) reveal a critical trade-off: although higher SCPR values enhance the accuracy of SOP estimation, this improvement incurs progressively higher OSNR costs.","The authors formulate a joint optimization in Section IV, trading off sensing performance against communication efficacy using the sensing-to-communication power ratio (SCPR). The SCPR is used to balance the accuracy of SOP estimation and the OSNR penalty of the telecom payload."
O_ISAC_080,waveform_coupling,SCPR,BER,weighted sum,"Fig. 5(a) illustrates the impact of SCPRs corresponding to -16dB, -18dB and -20dB on telecom payload.","The authors formulate a joint optimization in Section IV, trading off sensing performance against communication efficacy using the sensing-to-communication power ratio (SCPR). The SCPR is used to balance the accuracy of SOP estimation and the OSNR penalty of the telecom payload."
O_ISAC_080,multi_objective,sensing precision,communication efficacy,Pareto optimization,The authors determine an optimal balance between sensing precision and communication efficacy by selecting an SCPR value of -18 dB.,"The authors formulate a joint optimization in Section IV, trading off sensing performance against communication efficacy using the sensing-to-communication power ratio (SCPR). The SCPR is used to balance the accuracy of SOP estimation and the OSNR penalty of the telecom payload."
O_ISAC_081,hardware_coupling,NONE detected,NONE detected,NONE detected,"The paper focuses on the design and implementation of a TWAoD for ISAC systems, but does not explicitly formulate trade-offs between communication and sensing metrics.","The authors propose a traveling wave antenna-on-display (TWAoD) for integrated sensing and communication (ISAC) systems, featuring simultaneous 2-D phase and frequency beam scanning. However, no explicit trade-off formulation is presented in the provided text."
O_ISAC_081,waveform_coupling,NONE detected,NONE detected,NONE detected,"The paper discusses the design and implementation of a TWAoD for ISAC systems, but does not formulate an explicit trade-off between communication and sensing metrics.","The authors propose a traveling wave antenna-on-display (TWAoD) for integrated sensing and communication (ISAC) systems, featuring simultaneous 2-D phase and frequency beam scanning. However, no explicit trade-off formulation is presented in the provided text."
O_ISAC_082,waveform_coupling,resolution,bandwidth,nonlinear_matched_filtering,The NMF significantly enhances the sensing metrics in terms of the resolution and the PSLR.,"The authors propose a nonlinear matched filtering (NMF) technique to extract sensing information from signal-signal beat interference (SSBI) in a self-coherent terahertz (THz) integrated sensing and communication (ISAC) system. The NMF enhances the sensing metrics, including resolution and peak-sidelobe ratio (PSLR), by reusing the energy from the constructive SSBI. The system uses a virtual carrier to reduce the peak-to-average power ratio (PAPR) of the integrated signal."
O_ISAC_082,resource_coupling,PAPR,CSPR,weighted_sum,"The virtual carrier reduces the PAPR of the integrated signal, and the optimal CSPR is lowered by using the RCF algorithm to reduce the PAPR of the information signal.","The authors propose a nonlinear matched filtering (NMF) technique to extract sensing information from signal-signal beat interference (SSBI) in a self-coherent terahertz (THz) integrated sensing and communication (ISAC) system. The NMF enhances the sensing metrics, including resolution and peak-sidelobe ratio (PSLR), by reusing the energy from the constructive SSBI. The system uses a virtual carrier to reduce the peak-to-average power ratio (PAPR) of the integrated signal."
O_ISAC_082,algorithmic_coupling,BER,CSPR,KK_algorithm,"The KK algorithm is used to mitigate SSBI and decrease the system's bit error rate (BER), and the optimal CSPR is found to be between 5 to 14 dB in the simulation and from 3 to 12 dB in the experiment.","The authors propose a nonlinear matched filtering (NMF) technique to extract sensing information from signal-signal beat interference (SSBI) in a self-coherent terahertz (THz) integrated sensing and communication (ISAC) system. The NMF enhances the sensing metrics, including resolution and peak-sidelobe ratio (PSLR), by reusing the energy from the constructive SSBI. The system uses a virtual carrier to reduce the peak-to-average power ratio (PAPR) of the integrated signal."
O_ISAC_082,waveform_coupling,3-dB resolution,peak-sidelobe ratio (PSLR),nonlinear matched filtering,The NMF significantly enhances the sensing metrics in terms of the resolution and the peak-sidelobe ratio (PSLR).,"The authors propose a nonlinear matched filtering (NMF) technique to extract sensing information from signal-signal beat interference (SSBI) in a self-coherent terahertz (THz) integrated sensing and communication (ISAC) system. The system uses a virtual carrier to reduce the peak-to-average power ratio (PAPR) of the integrated signal. The NMF technique creates a heterogeneous sensing channel in the digital domain, allowing SSBI to function alongside the original matched filter and enhance overall sensing performance."
O_ISAC_082,resource_coupling,bandwidth,ranging resolution,NONE,"Using NMF can attain higher resolution with limited bandwidth; the larger the bandwidth, the better the effect.","The authors propose a nonlinear matched filtering (NMF) technique to extract sensing information from signal-signal beat interference (SSBI) in a self-coherent terahertz (THz) integrated sensing and communication (ISAC) system. The system uses a virtual carrier to reduce the peak-to-average power ratio (PAPR) of the integrated signal. The NMF technique creates a heterogeneous sensing channel in the digital domain, allowing SSBI to function alongside the original matched filter and enhance overall sensing performance."
O_ISAC_082,algorithmic_coupling,BER,CSPR,weighted sum,The BER is highly sensitive to the CSPR of the integrated signal. The optimal CSPR for achieving the lowest BER is between 5 to 14 dB in the simulation and from 3 to 12 dB in the experiment.,"The authors propose a nonlinear matched filtering (NMF) technique to extract sensing information from signal-signal beat interference (SSBI) in a self-coherent terahertz (THz) integrated sensing and communication (ISAC) system. The system uses a virtual carrier to reduce the peak-to-average power ratio (PAPR) of the integrated signal. The NMF technique creates a heterogeneous sensing channel in the digital domain, allowing SSBI to function alongside the original matched filter and enhance overall sensing performance."
O_ISAC_083,resource_coupling,NONE detected,NONE detected,NONE detected,No explicit trade-off formulation or optimization method is mentioned in the text.,"The authors discuss the concept of confluent networking, which involves the integration of radio fixed wireless (RFW), free space optical (FSO), and flex-grid wavelength division multiplexed (Flex-WDM) fibre optics. However, there is no explicit trade-off formulation or optimization method mentioned in the text."
O_ISAC_083,NONE detected,NONE detected,NONE detected,NONE detected,No explicit trade-off formulation found in the text.,"The authors discuss the concept of confluent networking, which combines radio fixed wireless (RFW), free space optical (FSO), and flex-grid wavelength division multiplexed (Flex-WDM) fibre optics. However, they do not explicitly formulate a trade-off between communication and sensing metrics."
O_ISAC_084,waveform_coupling,NONE detected,NONE detected,NONE detected,"The system combines gesture sensing with ambient light communication, but no explicit trade-off is formulated.","The authors propose LumiPane, an ISAC system integrating gesture sensing with ambient light communication. However, no explicit trade-off formulation is provided in the text."
O_ISAC_084,waveform_coupling,NONE detected,NONE detected,NONE detected,"The system combines gesture sensing with ambient light communication, but no explicit trade-off is formulated.","The authors propose LumiPane, an ISAC system integrating gesture sensing and ambient light communication. However, there is no explicit trade-off formulation between communication and sensing metrics."
O_ISAC_085,algorithmic_coupling,NONE detected,NONE detected,NONE detected,"The paper focuses on vibration-induced phase extraction using a three-pass Kalman smoother, but does not formulate an explicit trade-off between communication and sensing metrics.","The authors propose a flexible vibration-induced phase extraction scheme based on a three-pass Kalman smoother (KS) with scalar linear time-invariant model for integrated communication and sensing systems. However, there is no explicit trade-off formulation between communication and sensing metrics."
O_ISAC_085,algorithmic_coupling,NONE detected,NONE detected,NONE detected,"The paper focuses on vibration-induced phase extraction using a three-pass Kalman smoother, but does not formulate an explicit trade-off between communication and sensing metrics.","The authors propose a flexible vibration-induced phase extraction scheme based on a three-pass Kalman smoother (KS) with scalar linear time-invariant model for integrated communication and sensing systems. However, there is no explicit trade-off formulation between communication and sensing metrics."
O_ISAC_086,hardware_coupling,NONE detected,NONE detected,NONE detected,No explicit trade-off formulation is presented in the provided text.,"The authors propose a photonics-assisted MMW multiband ISAC system, which achieves large-capacity wireless communication and high-resolution sensing capabilities. However, no explicit trade-off formulation is presented in the provided text."
O_ISAC_086,waveform_coupling,NONE detected,NONE detected,NONE detected,"The authors propose a photonics-assisted millimeter-wave multiband integrated sensing and communication system, but no explicit trade-off formulation is provided.","The authors propose a photonics-assisted millimeter-wave multiband integrated sensing and communication system. The system uses a single photonic MMW frequency upconverter to generate MMW multiband ISAC signals, which enables large-capacity wireless communication and high-resolution sensing capabilities. The system achieves a communication data rate of 16 Gbit/s and a two-dimension radar imaging with a range resolution below 3.75 cm. Furthermore, an 8.6 mm level ultra-high resolution radar ranging and imaging is successfully realized through multiband data fusion processing. However, no explicit trade-off formulation is provided in the text."
O_ISAC_088,hardware_coupling,NONE detected,NONE detected,NONE detected,The proposed architecture adopts an optoelectronic transport network to interconnect the Radio Access Network (RAN) with the core functions located at edge and central cloud compute resources.,"The authors propose a system architecture for 6G ISAC services using optical transport networks, but do not explicitly formulate a trade-off between communication and sensing metrics."
O_ISAC_089,NONE detected,NONE detected,NONE detected,NONE detected,No explicit trade-off formulation is found in the text.,"The authors discuss the benefits of laser ISLs in extending communication distance, enhancing communication rate, and ensuring communication security. However, there is no explicit trade-off formulation between communication and sensing metrics."
O_ISAC_089,algorithmic_coupling,communication_rate,sensing_accuracy,NONE,the trade-off between communication rate and sensing accuracy can be achieved by flexible waveform design.,The authors discuss the trade-off between communication rate and sensing accuracy in the context of Integrated Sensing and Communication (ISAC) using space-borne laser terminals.
O_ISAC_090,NONE detected,NONE detected,NONE detected,NONE detected,No explicit trade-off formulation is presented in the text.,"The authors demonstrate a method for mitigating the effects of laser phase noise on the detection and localization of vibrations in a bidirectional coherent optical fiber transmission system. However, there is no explicit trade-off formulation between communication and sensing metrics."
O_ISAC_090,waveform_coupling,NONE detected,NONE detected,NONE detected,"The authors propose a method for retrieving the carrier laser phase noise, but do not formulate an explicit trade-off between communication and sensing metrics.","The authors demonstrate a method for mitigating the effects of laser phase noise on the detection and localization of vibrations in a bidirectional coherent optical fiber transmission system. However, there is no explicit trade-off formulation between communication and sensing metrics."
O_ISAC_091,algorithmic_coupling,SINR,ISLR,semidefinite relaxation,The optimization problem (P0) is non-convex and can be solved by the semidefinite relaxation (SDR) approach.,"The authors formulate a joint optimization in Section III, trading off the sensing performance metric (ISLR) against the communication quality of service (QoS) constraint (SINR threshold). The optimization problem (P0) is non-convex and can be solved by the semidefinite relaxation (SDR) approach or a simplified linear programming (LP) problem (P2)."
O_ISAC_091,algorithmic_coupling,SINR,ISLR,linear programming,A simplified optimization problem (P2) is formulated as a linear programming problem.,"The authors formulate a joint optimization in Section III, trading off the sensing performance metric (ISLR) against the communication quality of service (QoS) constraint (SINR threshold). The optimization problem (P0) is non-convex and can be solved by the semidefinite relaxation (SDR) approach or a simplified linear programming (LP) problem (P2)."
O_ISAC_091,waveform_coupling,SINR,ISLR,semidefinite relaxation,"The optimization problem is formulated as (P0) and relaxed as (P1), which is a semidefinite programming (SDP) problem.","The authors formulate a joint optimization in Section III, trading off the contrast metric (sensing performance) against the SINR (communication performance) using semidefinite relaxation (SDR) and linear programming (LP) methods."
O_ISAC_091,waveform_coupling,SINR,ISLR,linear programming,The simplified optimization problem (P2) is an linear programming (LP) problem and can be solved by the simplex method or IPM with lower complexity than that of SDP.,"The authors formulate a joint optimization in Section III, trading off the contrast metric (sensing performance) against the SINR (communication performance) using semidefinite relaxation (SDR) and linear programming (LP) methods."
O_ISAC_092,waveform_coupling,achievable transmission rate,KL divergence,parameter optimization,We provide an optimization criterion with respect to parameter of the integrated waveform under peak power constraint to balance the communication performance and the sensing performance.,"The authors formulate a trade-off between communication performance and sensing performance using the parameter α, which controls the amplitude difference and mean power of the transmitted symbols. The trade-off is analyzed using the achievable transmission rate and KL divergence as metrics."
O_ISAC_092,waveform_coupling,symbol error rate (SER),miss detection probability (Pmd),parameter optimization,"The detection rule for communication link shows that larger amplitude difference between symbols can improve the communication performance, while for sensing link, higher mean power of symbols can improve the sensing performance.","The authors formulate a trade-off between communication performance and sensing performance using the parameter α, which controls the amplitude difference and mean power of the transmitted symbols. The trade-off is analyzed using the achievable transmission rate and KL divergence as metrics."
O_ISAC_092,waveform_coupling,achievable transmission rate,KL divergence,constrained optimization,"We provide the modulation design criterion based on achievable transmission rate and KL divergence. The optimization problem can be formulated as max_alpha D(p_{s0}(y_s)||p_{s1}(y_s)) s.t. I(alpha) = I_{th}, alpha in (0, 1]","The authors formulate a joint optimization in Section III, trading off achievable transmission rate against KL divergence using a constrained optimization problem. The optimization problem is defined as maximizing the KL divergence subject to a constraint on the achievable transmission rate."
O_ISAC_093,NONE detected,NONE detected,NONE detected,NONE detected,No explicit trade-off formulation found in the text.,"The authors discuss the challenges of LLM-enhanced M-ISAC systems, including the lack of high-quality multi-modal data, rigorous training requirements, and performance-power trade-offs. However, they do not explicitly formulate a trade-off between communication and sensing metrics."
O_ISAC_093,NONE detected,NONE detected,NONE detected,NONE detected,No explicit trade-off formulation found in the text.,"The authors discuss the challenges of LLM-enhanced M-ISAC systems, including the lack of high-quality multi-modal data, rigorous training requirements, and performance-power trade-offs. However, they do not explicitly formulate a trade-off between communication and sensing metrics."
O_ISAC_094,multi_objective,target classification accuracy,data reconstruction quality,weighted_sum,"The system objective is: max_{ψ,φ,ω} A(C_N^{fin}, C_N^{true}) s.t. NMSE(D_N^{mod}, \hat{D}_N^{mod}) ≤ β","The authors formulate a joint optimization in (10a) and (10b), trading off target classification accuracy against data reconstruction quality using a weighted sum, with the goal of maximizing the accuracy of target classification while ensuring the quality of data reconstruction."
O_ISAC_095,waveform_coupling,NONE detected,NONE detected,NONE detected,"The authors propose a novel spectrum-efficient MoF architecture for joint sensing and communication, but do not formulate an explicit trade-off.","The authors propose a joint sensing and communication system using a spectrum-efficient MoF architecture. However, no explicit trade-off formulation is presented, and the optimization method is not clearly stated."
O_ISAC_096,hardware_coupling,NONE detected,NONE detected,NONE detected,"nanoantennas as the main building blocks of Nano-scale Radar (NR) systems, sharing the same frequency band and hardware for high-performance sensing and resolution","The authors discuss the integration of nanoantennas and nanoradars for ISAC systems, highlighting the potential of nanoantennas in 6G wireless communications and other applications. However, no explicit trade-off formulation is presented in the provided text."
O_ISAC_097,waveform_coupling,NONE detected,NONE detected,NONE detected,"The system uses a joint radar and communication signal, but no trade-off formulation is provided.","The authors propose a microwave photonic system integrating radar, wireless communications, and transverse load sensing. However, no explicit trade-off formulation is presented in the provided text."
O_ISAC_098,hardware_coupling,NONE detected,NONE detected,NONE detected,"The system uses a shared hardware infrastructure (OIRS and PD array) for both sensing and communication, but no explicit trade-off is formulated.","The authors propose an optical integrated sensing and communication system based on the combination of OIRS and PD array. The system enables the integration of sensing and communication functionalities with a single transmission, a single device, and ultimately a single network infrastructure. However, there is no explicit trade-off formulation between communication and sensing metrics in the provided text."
O_ISAC_099,waveform_coupling,communication_BER,ranging_RMSE,NONE,"Hence, the trade-off between communication and sensing using OFDM can be realized by adaptively adjusting the clipping ratio.","The authors formulate a trade-off between communication and sensing performance using clipped OFDM, where the clipping ratio affects both the communication BER and the ranging RMSE."
O_ISAC_099,resource_coupling,data_rate,ranging_distance,NONE,"To enhance time utilization, we further propose an adaptive GI with a time period of $T_{\rm AGI} = \hat{d}/c + T_0$.","The authors formulate a trade-off between communication and sensing performance using clipped OFDM, where the clipping ratio affects both the communication BER and the ranging RMSE."
O_ISAC_100,resource_coupling,spectral_efficiency,sensing_performance,block_coordinate_descent,A joint optimization problem of resource allocation for EADO-OFDM is formulated to strike a trade-off between C&S functionalities.,"The authors formulate a joint optimization in Section IV, trading off spectral efficiency against sensing performance metrics using the block coordinate descent algorithm."
O_ISAC_101,NONE detected,NONE detected,NONE detected,NONE detected,No explicit trade-off formulation is mentioned in the text.,"The authors discuss the ICON concept, which integrates fibre sensing into optical transmission systems. While they mention the need for balancing sensing and performance requirements, no explicit trade-off formulation is provided."
O_ISAC_102,NONE detected,NONE detected,NONE detected,NONE detected,No explicit trade-off formulation is presented in the provided text.,"The authors propose a machine learning-enhanced multi-pump RFA method for high-performance optical backbone in low-altitude sensing and communication scenarios. They use a back propagation neural network (BPNN) to model the nonlinear relationship between pump parameters and Raman gain, and an artificial bee colony (ABC) algorithm to optimize pump wavelengths and power configurations. However, no explicit trade-off formulation is presented in the provided text."
O_ISAC_103,hardware_coupling,NONE detected,NONE detected,NONE detected,The system uses interconnected dual counter-propagating recirculating fibre loops with HLLBs for joint communication and sensing.,"The authors propose a joint communication and sensing system using interconnected dual counter-propagating recirculating fibre loops with HLLBs. However, no explicit trade-off formulation is detected between communication and sensing metrics."
O_ISAC_105,waveform_coupling,NONE detected,NONE detected,NONE detected,"The authors propose a joint LFM-QAM waveform for communication and sensing, but do not formulate an explicit trade-off between the two.","The authors propose a multi-channel photonic THz-ISAC system based on an integrated LFM-QAM waveform, achieving a communication data rate of up to 120 Gbps and a range resolution as high as 2.5 mm. However, no explicit trade-off formulation is provided between communication and sensing metrics."
O_ISAC_106,NONE detected,NONE detected,NONE detected,NONE detected,No explicit trade-off or coupling mechanism is mentioned in the given text.,The provided text does not contain any explicit trade-off formulations or coupling mechanisms between communication and sensing.
O_ISAC_107,NONE detected,NONE detected,NONE detected,NONE detected,No explicit trade-off formulation is provided in the given text.,"The authors propose an OWC-based ISAC system that relies on multi-band carrierless amplitude and phase (m-CAP) modulation associated with received signal strength (RSS)-based positioning. However, no explicit trade-off formulation is provided in the given text."
O_ISAC_108,resource_coupling,communication BER,sensing MSE,received light intensity maximization,"We can work towards optimizing the O-ISAC system with a shared objective, i.e., ∑μm=1​Im,k​rx, without sacrificing the performance of either the optical communication or optical sensing aspects.","The authors formulate a joint optimization in Section IV, trading off communication BER against sensing MSE using the received light intensity maximization problem. The optimization goal lies in enabling acceptable light intensity from a broader range of regions."
O_ISAC_108,waveform_coupling,optical communication performance,optical sensing performance,optical beamforming,"In phase 2, our optimization objective is to improve the radiation pattern R(φm​) of the light sources to achieve the convergence of optical intensity and concentrate it on the target object.","The authors formulate a joint optimization in Section IV, trading off communication BER against sensing MSE using the received light intensity maximization problem. The optimization goal lies in enabling acceptable light intensity from a broader range of regions."
O_ISAC_109,NONE detected,NONE detected,NONE detected,NONE detected,No explicit trade-off formulation is found in the provided text.,"The authors propose a simulation pipeline for dynamic vehicular traffic scenarios, incorporating a LiDAR-based system to reduce wireless communication overhead. However, no explicit trade-off formulation is detected between communication and sensing metrics."
O_ISAC_111,resource_coupling,NONE detected,NONE detected,NONE detected,"The system integrates high-speed communication and high-precision sensing in the sub-THz band, but no explicit trade-off is formulated.","The authors demonstrate a photonic sub-THz ISAC system with simultaneous real-time 125.516-Gbps communication rate and offline 10-mm sensing resolution. However, no explicit trade-off formulation is provided between communication and sensing metrics."
O_ISAC_112,NONE detected,NONE detected,NONE detected,NONE detected,No explicit trade-off formulation between communication and sensing metrics is presented in the text.,"The authors propose a fingerprint-based localization technique that employs optical Intelligent Reflecting Surfaces (IRS). The technique utilizes a fingerprint matrix database and a fingerprint tensor database to determine the precise location of a user by measuring and analyzing the characteristics of received optical signals. Two algorithms, Weighted K-Nearest Neighbor (WKNN) and Differential Evolution Based on Weight Issue (DE-WI), are employed to compute localization weight vectors. However, there is no explicit trade-off formulation between communication and sensing metrics."
O_ISAC_113,waveform_coupling,NONE detected,NONE detected,NONE detected,"The authors propose a joint modulation scheme for sensing and communication, but do not formulate an explicit trade-off between the two.","The authors propose a novel ISAC configuration using frequency modulation (FM) and optical single-sideband (SSB) modulation for sensing information. However, there is no explicit trade-off formulation between communication and sensing metrics."
O_ISAC_114,resource_coupling,communication performance,EH performance,trade-off formulation,"By adjusting μ, a flexible trade-off between communication-sensing performance and EH performance can be achieved.","The authors propose a novel O-ICSPT system framework, where communication and sensing are achieved through a reflected light-based orthogonal frequency division multiplexing (OFDM) system. The system facilitates a flexible trade-off between communication-sensing performance and EH performance by adjusting the optical power splitting factor μ."
O_ISAC_114,waveform_coupling,spectral efficiency,ranging accuracy,joint optimization,"The system employs a passive sensing method based on reflected light for ranging, and the time-domain cross-correlation method is used to perform ranging.","The authors propose a novel O-ICSPT system framework, where communication and sensing are achieved through a reflected light-based orthogonal frequency division multiplexing (OFDM) system. The system facilitates a flexible trade-off between communication-sensing performance and EH performance by adjusting the optical power splitting factor μ."
O_ISAC_114,multi_objective,BER,RMSE,Pareto optimization,"Fig. 2 illustrates the BER and RMSE performance across different SNRs, showing a trade-off between communication and sensing performance.","The authors propose a novel O-ICSPT system framework, where communication and sensing are achieved through a reflected light-based orthogonal frequency division multiplexing (OFDM) system. The system facilitates a flexible trade-off between communication-sensing performance and EH performance by adjusting the optical power splitting factor μ."
O_ISAC_115,NONE detected,NONE detected,NONE detected,NONE detected,No explicit trade-off formulation is presented in the text.,"The authors discuss the challenges of ISAC channel modeling and introduce deterministic channel modeling approaches, including GO, PO, and IE methods. However, no explicit trade-off formulation is presented, and the focus is on the comparison of different channel modeling methods for sensing applications."
O_ISAC_116,algorithmic_coupling,NONE detected,NONE detected,NONE detected,"The system integrates communication and sensing capabilities, but no explicit trade-off formulation is provided.","The authors demonstrate a joint UV communication and sensing system, but do not explicitly formulate a trade-off between communication and sensing metrics."
O_ISAC_117,waveform_coupling,BER,ranging_accuracy,NONE,The proposed integrated system outperforms the standalone LFM system in terms of BER and ranging accuracy.,"The authors propose an integrated ACO-OFDM-LFM system, but do not explicitly formulate a trade-off between communication and sensing metrics. However, they do compare the performance of the proposed system with a standalone LFM system in terms of BER and ranging accuracy."
O_ISAC_118,waveform_coupling,angular_resolution,estimation_accuracy,Capon_beamforming,"Capon beamformer is one of the methods used for target AoA estimation, known for its high resolution and intuitive design of optimization.","The authors propose a MIMO radar-based cyclist detection method for long-range scenarios, leveraging Capon and APES beamforming techniques to estimate the angle of arrival (AoA) of the target. The detection method is evaluated through Monte-Carlo simulations, demonstrating the effectiveness of the proposed approach in single-target scenarios. However, the authors note that each approach has limitations, with Capon suffering from reduced angular resolution under low SNR and APES exhibiting bias in the estimated angles."
O_ISAC_118,waveform_coupling,angular_resolution,estimation_bias,APES_beamforming,"APES estimates the target's angle by optimization of the complex coefficient β resulting from RCS and path loss, providing higher angular resolution than Capon but exhibiting bias in the estimated angles.","The authors propose a MIMO radar-based cyclist detection method for long-range scenarios, leveraging Capon and APES beamforming techniques to estimate the angle of arrival (AoA) of the target. The detection method is evaluated through Monte-Carlo simulations, demonstrating the effectiveness of the proposed approach in single-target scenarios. However, the authors note that each approach has limitations, with Capon suffering from reduced angular resolution under low SNR and APES exhibiting bias in the estimated angles."
O_ISAC_119,waveform_coupling,sensing_bandwidth,communication_bandwidth,NONE,The authors propose an integrated sensing and communication (ISAC) system in a W-band fiber-wireless link enabled by electromagnetic polarization multiplexing.,"The authors propose an integrated sensing and communication (ISAC) system in a W-band fiber-wireless link enabled by electromagnetic polarization multiplexing. The system operates in a co-time and co-frequency (CTCF) mode, allowing for simultaneous sensing and communication without time-frequency competition. The authors define a capacity-resolution quotient (CRQ) to characterize the overall performance of the ISAC system, which is proportional to both the sensing and communication bandwidths."
O_ISAC_119,multi_objective,sensing_resolution,communication_capacity,NONE,"The authors define a capacity-resolution quotient (CRQ) to characterize the overall performance of the ISAC system, which is proportional to both the sensing and communication bandwidths.","The authors propose an integrated sensing and communication (ISAC) system in a W-band fiber-wireless link enabled by electromagnetic polarization multiplexing. The system operates in a co-time and co-frequency (CTCF) mode, allowing for simultaneous sensing and communication without time-frequency competition. The authors define a capacity-resolution quotient (CRQ) to characterize the overall performance of the ISAC system, which is proportional to both the sensing and communication bandwidths."
O_ISAC_120,waveform_coupling,NONE detected,NONE detected,NONE detected,No explicit trade-off formulation is provided in the given text.,"The authors propose a reconfigurable phase-time array (PTA) technique for joint communication and sensing, which achieves fast multi-RX localization and wireless physical layer security. The PTA technique combines a reconfigurable time delay and phase shift in each array element to create a prism-like spectral-to-spatial mapping property. However, no explicit trade-off formulation is provided in the given text."
O_ISAC_122,algorithmic_coupling,NONE detected,NONE detected,NONE detected,"The authors propose an S-DNN for DOA estimation, but do not formulate an explicit trade-off between communication and sensing metrics.","The authors propose a super-resolution diffractive neural network (S-DNN) for all-optical direction of arrival (DOA) estimation, which can be applied to integrated sensing and communication systems. However, there is no explicit trade-off formulation between communication and sensing metrics in the provided text."
O_ISAC_123,waveform_coupling,NONE detected,NONE detected,NONE detected,"We note that trade-offs exist between screen size and OISAC performance, as well as between sensing performance and communication performance.","The authors mention trade-offs between screen size and OISAC performance, as well as between sensing performance and communication performance, but do not provide an explicit trade-off formulation."
O_ISAC_124,hardware_coupling,impedance matching,radiation performance,NONE detected,"increasing the bending angle beyond 115° (e.g., 135°) introduces a trade-off by significantly reducing the gain at higher frequencies","The authors present a leaky-wave antenna-on-display (LWAoD) for integrated sensing and communication (ISAC) applications, but do not explicitly formulate a trade-off between communication and sensing metrics. However, they discuss the trade-off between impedance matching and radiation performance when optimizing the bending angle of the unit cell."
O_ISAC_125,hardware_coupling,NONE detected,NONE detected,NONE detected,The proposed system integrates the transmitting and receiving antennas into a single dual-polarized antenna for feed.,"The authors propose a low-profile broadband 1-bit randomly encoded folded reflectarray co-aperture transceiver for frequency-diverse imaging. The system's sensing capacity is determined by the number of independent modes provided by the measurement matrix H. Increasing the bandwidth enhances the system's imaging capability. However, no explicit trade-off formulation between communication and sensing metrics is provided."
O_ISAC_126,NONE detected,NONE detected,NONE detected,NONE detected,No explicit trade-off formulation between communication and sensing metrics is found in the provided text.,"The authors propose a 6G general large-scale fading channel model (6GLSFCM) for multiple frequency bands and scenarios, but do not explicitly formulate a trade-off between communication and sensing metrics."
O_ISAC_127,multi_objective,secrecy_rate,BER,NSGA-II,"The NSGA-II-based optimization balances trade-offs between secrecy rate, energy efficiency, and reliability...","The authors formulate a multi-objective optimization in Section III, trading off secrecy rate, BER, and power consumption using NSGA-II."
O_ISAC_127,multi_objective,secrecy_rate,power_consumption,NSGA-II,"The NSGA-II-based optimization balances trade-offs between secrecy rate, energy efficiency, and reliability...","The authors formulate a multi-objective optimization in Section III, trading off secrecy rate, BER, and power consumption using NSGA-II."
O_ISAC_127,multi_objective,BER,power_consumption,NSGA-II,"The NSGA-II-based optimization balances trade-offs between secrecy rate, energy efficiency, and reliability...","The authors formulate a multi-objective optimization in Section III, trading off secrecy rate, BER, and power consumption using NSGA-II."
O_ISAC_128,waveform_coupling,NONE detected,NONE detected,NONE detected,"The paper discusses the use of dual-comb-enabled ISAC, but does not formulate an explicit trade-off between communication and sensing metrics.","The authors propose a dual-comb-enabled ISAC method for fiber access networks, demonstrating a 0.5 m sensing resolution without communication penalty. However, no explicit trade-off formulation is presented, and the focus is on the technical implementation and experimental results."
O_ISAC_129,waveform_coupling,NONE detected,NONE detected,NONE detected,"The paper proposes a joint communication and sensing system, but does not formulate an explicit trade-off between communication and sensing metrics.","The authors propose VehicleTalk, a lightweight V2V communication and sensing framework, which reuses the head/tail LED lights of the vehicles to construct communication/sensing channels. However, there is no explicit trade-off formulation between communication and sensing metrics."
O_ISAC_130,algorithmic_coupling,microalgae_density,bit_error_rate,linear_fitting,"A linear equation with a single variable of $X_D$ is selected for the fitting process, where $F_B$ represents the dependent variable of BER and $X_D$ indicates the variable of microalgae density.","The authors propose a visible-light sensing and communication system for microalgae density measurement, utilizing quantum dots for color conversion. The system's bit error rate (BER) serves as an indicator of microalgae density, and a linear equation is used to fit the BER values under various microalgae densities."
O_ISAC_131,algorithmic_coupling,localization_error,LEM_error,alternating_optimization,"The JCAP problem is partitioned into three subproblems, and the authors use an MM-based method to address the non-convexity. The parameters are updated alternately, and the localization error is reduced via joint LEM calibration.","The authors propose a joint Lambertian model calibration and positioning (JCAP) scheme for integrated optical wireless communication and sensing. They formulate a non-convex optimization problem and use a majorization minimization (MM)-based method to address the challenge. The problem is partitioned into three subproblems: response gain estimate, LEM calibration, and UD localization. The authors use an alternating optimization method to iteratively update the parameters."
O_ISAC_131,algorithmic_coupling,SNR,localization_error,alternating_optimization,The authors plot the achieved localization error of various VLP methods under different SNR conditions and show that the proposed MM-based JCAP method outperforms the baseline methods.,"The authors propose a joint Lambertian model calibration and positioning (JCAP) scheme for integrated optical wireless communication and sensing. They formulate a non-convex optimization problem and use a majorization minimization (MM)-based method to address the challenge. The problem is partitioned into three subproblems: response gain estimate, LEM calibration, and UD localization. The authors use an alternating optimization method to iteratively update the parameters."
O_ISAC_132,NONE detected,NONE detected,NONE detected,NONE detected,No explicit trade-off formulation is presented in the provided text.,"The authors discuss various techniques for large capacity terahertz transmission, including antenna polarization diversity multiplexing, multiple-input multiple-output transmission links, and multi-carrier modulation. However, no explicit trade-off formulation between communication and sensing metrics is presented."
O_ISAC_133,waveform_coupling,BER,TDOA error,NONE,"The authors evaluate the system's performance in terms of BER and TDOA error, but do not formulate an explicit trade-off between the two metrics.",The authors propose a passive sensing technique using the cyclic prefix in a CEO-OFDM system for integrated sensing and communication. The technique utilizes the autocorrelation property of the cyclic prefix to estimate the time difference of arrival (TDOA). The system's performance is evaluated in terms of bit error rate (BER) and TDOA error. The results show that the proposed technique outperforms conventional DCO-OFDM and ACO-OFDM systems in terms of sensing performance and BER.
O_ISAC_133,resource_coupling,bandwidth,sensing accuracy,NONE,"The authors mention that the CEO-OFDM system occupies a wider bandwidth, resulting in reduced spectral efficiency, but do not formulate an explicit trade-off between bandwidth utilization and sensing accuracy.",The authors propose a passive sensing technique using the cyclic prefix in a CEO-OFDM system for integrated sensing and communication. The technique utilizes the autocorrelation property of the cyclic prefix to estimate the time difference of arrival (TDOA). The system's performance is evaluated in terms of bit error rate (BER) and TDOA error. The results show that the proposed technique outperforms conventional DCO-OFDM and ACO-OFDM systems in terms of sensing performance and BER.
O_ISAC_134,algorithmic_coupling,beam_prediction_accuracy,pilot_symbol_overhead,multimodal_fusion,The proposed scheme integrates the radar inferred parameters of the user mobility with the semantic of LiDAR generated cloud points.,"The authors propose a multimodal fusion of radar and LiDAR data to aid RF beamforming in vehicular networks. They formulate a two-step fusion process, where the first step extracts mobility parameters from radar data and the second step uses a multimodal transformer (MMT) to fuse the radar and LiDAR data. The MMT is designed to capture global features and long-range dependencies. The authors also propose a beam-pruning technique to improve the accuracy of beam prediction."
O_ISAC_134,resource_coupling,communication_efficiency,sensing_accuracy,beam_pruning,"The accuracy of beam prediction is further improved by beam pruning, which exploits the frequency of occurrence of the optimal beam indices as prior knowledge.","The authors propose a multimodal fusion of radar and LiDAR data to aid RF beamforming in vehicular networks. They formulate a two-step fusion process, where the first step extracts mobility parameters from radar data and the second step uses a multimodal transformer (MMT) to fuse the radar and LiDAR data. The MMT is designed to capture global features and long-range dependencies. The authors also propose a beam-pruning technique to improve the accuracy of beam prediction."
O_ISAC_135,waveform_coupling,NONE,NONE,NONE,"The authors discuss the use of TIR and MW radiometric observations, but do not formulate a trade-off between communication and sensing metrics.","The authors do not formulate a joint optimization or explicitly trade off communication and sensing metrics. However, they do discuss the complementary nature of TIR and MW radiometric observations for detecting and estimating near-source volcanic plume parameters."
O_ISAC_136,waveform_coupling,communication_performance,sensing_performance,trade-off,"The performance of a system is inherently subject to several tradeoffs. The instantaneous bandwidth is limited by the atomic linewidth and coherent detection mechanism. Narrow EIT linewidths are required for high sensitivity, which conflicts with the need for broadband detection.","The authors propose a RYDAR-based ISAC framework, highlighting trade-offs between communication and sensing performance. They discuss the limitations of traditional RYDAR architecture and propose solutions to overcome them, including frequency-modulated waveforms and array-based configurations."
O_ISAC_136,resource_coupling,bandwidth,sensitivity,trade-off,"Sensitivity is also constrained by acquisition speed, and detection of weak signals requires longer integration times, which limits the real-time performance of the system.","The authors propose a RYDAR-based ISAC framework, highlighting trade-offs between communication and sensing performance. They discuss the limitations of traditional RYDAR architecture and propose solutions to overcome them, including frequency-modulated waveforms and array-based configurations."
O_ISAC_136,multi_objective,spectral_efficiency,ranging_accuracy,weighted_sum,"The proposed framework invokes small-scale frequency modulation onto the coupling laser rather than mandatory wideband frequency sweeping, whose optical output is filtered by LIA for sensitivity enhancement.","The authors propose a RYDAR-based ISAC framework, highlighting trade-offs between communication and sensing performance. They discuss the limitations of traditional RYDAR architecture and propose solutions to overcome them, including frequency-modulated waveforms and array-based configurations."
O_ISAC_137,waveform_coupling,NONE detected,NONE detected,NONE detected,"The paper discusses the use of pulse position modulation (PPM) for encoding information in laser ranging signals, but does not formulate an explicit trade-off.","The authors discuss the integration of laser ranging and optical communication, but do not explicitly formulate a trade-off between communication and sensing metrics."
O_ISAC_138,algorithmic_coupling,NONE detected,NONE detected,NONE detected,No explicit trade-off formulation is presented between communication and sensing metrics.,"The authors propose a multi-modal perception-aided beam prediction framework for U2U mmWave communication, leveraging heterogeneous onboard sensing data. However, no explicit trade-off formulation is presented between communication and sensing metrics."
O_ISAC_139,NONE detected,NONE detected,NONE detected,NONE detected,No explicit trade-off formulation is presented in the provided text.,"The authors propose an end-to-end localization framework utilizing COTS IoT devices and advanced RSSI processing techniques. However, no explicit trade-off formulation is presented in the provided text."
O_ISAC_140,algorithmic_coupling,NONE detected,NONE detected,NONE detected,"The paper proposes a method for estimating depth maps using MIMO RF channel, but does not formulate an explicit trade-off between communication and sensing metrics.","The authors propose a method RF2LiDAR for estimating depth maps using MIMO RF channel. However, there is no explicit trade-off formulation between communication and sensing metrics."
O_ISAC_141,resource_coupling,EMF exposure,Spectral efficiency,Weighted Sum,"The optimization problem is formulated to minimize the total EMF exposure while ensuring that each user meets the QoS requirements, which is a trade-off between EMF exposure and spectral efficiency.",The authors formulate an optimization problem to minimize the total EMF exposure in an ISAC-enabled ambient backscatter communication (ABC) network using power-domain nonorthogonal multiple access (PD-NOMA). The problem is solved using a two-step approach: intelligent subcarrier allocation using k-medoids clustering and power allocation using a water-filling algorithm.
O_ISAC_141,waveform_coupling,EMF exposure,Interference,Alternating Optimization,"The power allocation is done using a water-filling algorithm, which is an alternating optimization method that takes into account the interference between users.",The authors formulate an optimization problem to minimize the total EMF exposure in an ISAC-enabled ambient backscatter communication (ABC) network using power-domain nonorthogonal multiple access (PD-NOMA). The problem is solved using a two-step approach: intelligent subcarrier allocation using k-medoids clustering and power allocation using a water-filling algorithm.
O_ISAC_143,waveform_coupling,NONE detected,NONE detected,NONE detected,"The paper focuses on the design and implementation of PoseFly, without explicitly discussing trade-offs between communication and sensing metrics.","The authors propose PoseFly, a 4-in-1 optical camera communication approach for swarming drones, but do not explicitly formulate trade-offs between communication and sensing metrics."
O_ISAC_144,NONE detected,NONE detected,NONE detected,NONE detected,No explicit trade-off formulation or optimization method is mentioned in the text.,"The authors propose a multichannel wind-signal driven digital twin (WSDT) framework for a 50 m^2 heliostat, integrating sensing, communication, and computing. However, no explicit trade-off formulation between communication and sensing metrics is provided."
O_ISAC_145,multi_objective,secrecy_rate,energy_consumption,weighted_sum,"The SEE metric is defined as the ratio of the system's secrecy capacity to the total consumed power, which reflects the trade-off between secure, reliable communication and minimal energy consumption.","The authors formulate a joint optimization in Section 5, trading off secrecy rate against energy consumption using the Secrecy Energy Efficiency (SEE) metric, which is defined as the ratio of the system's secrecy capacity to the total consumed power."
O_ISAC_150,NONE detected,NONE detected,NONE detected,NONE detected,No explicit trade-off formulation found in the text.,"The authors discuss various requirements and technologies for 6G wireless communication systems, including high data rates, low latency, and high reliability. However, they do not formulate explicit trade-offs between communication and sensing metrics."
O_ISAC_151,multi_objective,latency,accuracy,weighted_sum,"The optimization objective is to calculate a composite score that captures the efficiency and effectiveness of resource allocation tailored to the unique requirements of each application, as given by the equation: $\max Score_{\text{all}} = \sum_{n=1}^{N} Score(A_n)V_n$","The authors propose a multi-objective optimization problem to allocate network resources efficiently, considering the trade-off between latency, accuracy, and reliability. The optimization objective is to calculate a composite score that captures the efficiency and effectiveness of resource allocation tailored to the unique requirements of each application."
O_ISAC_151,multi_objective,latency,reliability,weighted_sum,"The optimization objective is to calculate a composite score that captures the efficiency and effectiveness of resource allocation tailored to the unique requirements of each application, as given by the equation: $\max Score_{\text{all}} = \sum_{n=1}^{N} Score(A_n)V_n$","The authors propose a multi-objective optimization problem to allocate network resources efficiently, considering the trade-off between latency, accuracy, and reliability. The optimization objective is to calculate a composite score that captures the efficiency and effectiveness of resource allocation tailored to the unique requirements of each application."
O_ISAC_151,multi_objective,accuracy,reliability,weighted_sum,"The optimization objective is to calculate a composite score that captures the efficiency and effectiveness of resource allocation tailored to the unique requirements of each application, as given by the equation: $\max Score_{\text{all}} = \sum_{n=1}^{N} Score(A_n)V_n$","The authors propose a multi-objective optimization problem to allocate network resources efficiently, considering the trade-off between latency, accuracy, and reliability. The optimization objective is to calculate a composite score that captures the efficiency and effectiveness of resource allocation tailored to the unique requirements of each application."
O_ISAC_152,waveform_coupling,NONE detected,NONE detected,NONE detected,"The system utilizes a single photonics-generated signal to enable all three functionalities, but no explicit trade-off is formulated.","The authors propose a photonics-assisted system for joint radar ranging, wireless communications, and spectrum sensing. The system utilizes a single photonics-generated signal to enable all three functionalities. However, no explicit trade-off formulation is presented in the provided text."
O_ISAC_153,algorithmic_coupling,oscillation period,SNR,trade-off,"a longer optical path will reduce the SNR, consequently decreasing the Q value of the measurement transmission.","The authors discuss the trade-off between the oscillation period of the photocurrent and the SNR, which affects the Q value of the measurement transmission. This trade-off problem must be taken into account in practical applications."
O_ISAC_155,NONE detected,NONE detected,NONE detected,NONE detected,No explicit trade-off formulation between communication and sensing metrics is found in the provided text.,"The authors discuss the trade-offs between energy efficiency, latency, and network usage in the context of robotic process orchestration. However, they do not explicitly formulate a trade-off between communication and sensing metrics."
O_ISAC_157,NONE detected,NONE detected,NONE detected,NONE detected,No explicit trade-off formulation is found in the provided text.,"The authors propose a deep-learning-based DOA estimation method named SDOA-Net, which takes raw sampled data as input and utilizes convolution layers to extract features. The network's output is a vector that can be used to estimate the spatial spectrum, and the DOAs can be obtained by finding the peak values of this spectrum. However, there is no explicit trade-off formulation between communication and sensing metrics in the provided text."
O_ISAC_159,waveform_coupling,communication_rate,sensing_resolution,NONE,"The proposed SCIE method can fully utilize the idle time-frequency dimensions of the LFMCW while preserving its large TBP, thereby enabling simultaneous ultra-high communication and high-performance sensing.","The authors propose a photonics-aided THz ISAC system based on a subcarrier-chirp inter-embedded (SCIE) waveform, which embeds subcarrier communication signals in the idle time-frequency dimension of a linear frequency-modulated continuous wave (LFMCW). The system achieves a high time-frequency efficiency, enabling simultaneous ultra-high communication and high-performance sensing. The authors formulate the capacity-resolution quotient (CRQ) and density of information-resolution quotient (DIRQ) to characterize the time-frequency efficiency of the ISAC waveform."
O_ISAC_159,multi_objective,information_content,range_resolution,weighted_sum,"The authors introduce the IRQ and DIRQ to characterize the time-frequency efficiency of the ISAC waveform, which is a weighted sum of information content and range resolution.","The authors propose a photonics-aided THz ISAC system based on a subcarrier-chirp inter-embedded (SCIE) waveform, which embeds subcarrier communication signals in the idle time-frequency dimension of a linear frequency-modulated continuous wave (LFMCW). The system achieves a high time-frequency efficiency, enabling simultaneous ultra-high communication and high-performance sensing. The authors formulate the capacity-resolution quotient (CRQ) and density of information-resolution quotient (DIRQ) to characterize the time-frequency efficiency of the ISAC waveform."
O_ISAC_160,NONE detected,NONE detected,NONE detected,NONE detected,No explicit trade-off formulation or optimization method is mentioned in the provided text.,"The authors propose an Integrated Sensing and Communication System (ISAC) based path loss prediction approach, utilizing multi-modal data collected by millimeter-wave (mmWave) radars, laser radars, and cameras to forecast the end-to-end path loss distribution. However, there is no explicit trade-off formulation or optimization method mentioned in the provided text."
O_ISAC_161,hardware_coupling,NONE detected,NONE detected,NONE detected,"The authors emphasize the importance of shared hardware components, such as antennas, RF front-ends, and IF stages, but do not provide a specific trade-off formulation.","The authors discuss the integration of sensing and communication functions in ISAC systems, highlighting the need for shared hardware resources and unified signal processing chains. However, they do not formulate an explicit trade-off between communication and sensing metrics."
O_ISAC_162,NONE detected,NONE detected,NONE detected,NONE detected,No explicit trade-off formulation found in the text.,"The authors discuss various aspects of Integrated Sensing and Communication (ISAC) systems, including channel models, link budget analysis, waveform design, and beamforming strategies. However, they do not explicitly formulate a trade-off between communication and sensing metrics."
O_ISAC_163,NONE detected,NONE detected,NONE detected,NONE detected,No explicit trade-off formulation is found in the provided text.,"The authors discuss the concept of Reconfigurable Intelligent Surfaces (RIS) and their potential applications in 6G networks, including integrated sensing and communications (ISAC). However, they do not formulate an explicit trade-off between communication and sensing metrics."
O_ISAC_164,algorithmic_coupling,communication_performance,sensing_quality,weighted_sum,The objective of OC-ISAC performance optimization is to determine an appropriate camera exposure time Te such that the average performance of both communication and sensing is maximized: ... Y(Te) = Gc + Ge.,"The authors formulate a joint optimization in Section 4, trading off communication performance against sensing quality using a weighted sum. The optimization problem is to determine an appropriate camera exposure time Te such that the average performance of both communication and sensing is maximized."
O_ISAC_165,hardware_coupling,NONE detected,NONE detected,NONE detected,"The paper discusses the design and modelling of an InAs detection system on SOI via monolithic integration for mid-infrared integrated sensing and communication, but does not provide explicit trade-off formulations or optimization methods.","The authors propose an InAs detection system on an SOI platform using heteroepitaxial integration, but do not explicitly formulate a trade-off between communication and sensing metrics."
O_ISAC_167,waveform_coupling,NONE detected,NONE detected,NONE detected,No explicit trade-off formulation is presented in the provided text.,"The authors propose a multi-service integrated sensing and communication (ISAC) system that supports various modulation formats without performance loss. The system operates in dual-mode configuration, using a narrow-linewidth laser (NLL) for continuous signal transmission and a wide-linewidth laser (WLL) for pulse-mode fiber optic distributed sensing (FODS). The system achieves a spatial resolution of 2.4 m, a 28-dB signal-to-noise ratio (SNR) of Rayleigh backscattering (RBS) frequency shift, and a 20-dB SNR of vibration frequency identification. However, no explicit trade-off formulation is presented in the provided text."
O_ISAC_171,waveform_coupling,NONE detected,NONE detected,NONE detected,No explicit trade-off formulation or optimization method is mentioned in the text.,"The authors propose a frequency-comb-steered photonic quasi-TTD beamforming approach that eliminates delay lines, decreasing complexity and enhancing scalability. However, no explicit trade-off formulation is presented, and optimization methods are not discussed in the context of a multi-objective problem."
O_ISAC_172,waveform_coupling,NONE detected,NONE detected,NONE detected,The system uses a single LFM optical signal as both the communication carrier and the sensing probe.,"The authors propose a novel joint nondisruptive communication and fiber breakpoints localization ISAC-OF system scheme. The system integrates high-precision fiber sensing with high-speed fiber-optic communication by modulating the communication information onto the intensity of the OFDR sensing probe. However, no explicit trade-off formulation is presented between communication and sensing metrics."
O_ISAC_185,waveform_coupling,data_transmission_rate,localization_accuracy,joint_optimization,"We developed a compressive angular projection imaging scheme to achieve rapid three-dimensional localization with high resolution, and a jointly optimized waveform design ensures slight sacrifice in the transmission data rate on the integrated system.","The authors formulate a joint optimization in their integrated system, trading off data transmission performance against 3D localization accuracy. They achieve high-speed data transmission and precise localization using a compressive angular projection imaging scheme and a jointly optimized waveform design."
O_ISAC_185,algorithmic_coupling,communication_signals,sensing_signals,integrated_waveform_design,"To address this issue, we developed an integrated waveform design to jointly minimize the illumination power degradation and to preserve high-resolution localization.","The authors formulate a joint optimization in their integrated system, trading off data transmission performance against 3D localization accuracy. They achieve high-speed data transmission and precise localization using a compressive angular projection imaging scheme and a jointly optimized waveform design."
O_ISAC_186,waveform_coupling,NONE detected,NONE detected,NONE detected,"The system uses a unified waveform for both radar and communication functions, but no explicit trade-off is formulated.","The authors propose a dual-function radar-communication system based on chaotic optoelectronic oscillators. While the system achieves a communication rate of up to 250 Mbps and a detection probability of 0.95 in a dual-target scenario, there is no explicit trade-off formulation between communication and radar metrics. However, the system's performance is evaluated under various conditions, including different signal-to-noise ratios and data rates."
O_ISAC_187,waveform_coupling,NONE detected,NONE detected,NONE detected,"The paper discusses the design of an IM-LFM waveform for ISAC purposes, but does not provide an explicit trade-off formulation between communication and sensing metrics.","The authors propose a photonic-aided Doppler-robust ISAC system based on index modulation and chirp multiplexing, but do not explicitly formulate a trade-off between communication and sensing metrics."
O_ISAC_188,waveform_coupling,NONE detected,NONE detected,NONE detected,"The paper proposes a joint polarization-fraction domain multiplexing approach for endogenous ISAC, but does not explicitly formulate a trade-off between communication and sensing metrics.","The authors propose an endogenous integration of communication and interference fading-free sensing using telecom pilots via joint polarization-fraction domain multiplexing. They demonstrate the feasibility of this approach through an experiment, achieving a spatial resolution of 1 m and reducing intensity fluctuation from over 50 dB to 18 dB. However, the paper does not explicitly formulate a trade-off between communication and sensing metrics."
O_ISAC_189,waveform_coupling,NONE detected,NONE detected,NONE detected,"The authors propose a joint optical-wireless communication experiment, transmitting the designed orthogonal frequency division multiplexing (OFDM) frame to the MMW phased array over a long-distance fiber while simultaneously sensing perturbations around the fiber.","The authors propose a novel ISACoF system that integrates large dynamic vibration sensing with fronthaul analog radio-over-fiber transmission. They utilize LFM pilots to facilitate both communication signal demodulation and vibration sensing. The power ratio between the communication payload and the LFM pilots is optimized to balance communication and sensing performance. However, the paper does not explicitly formulate a trade-off between communication and sensing metrics."
O_ISAC_190,waveform_coupling,NONE detected,NONE detected,NONE detected,"The authors propose a CB-DSCM scheme that combines LFM and ACO-OFDM signals, but no explicit trade-off formulation is presented.","The authors propose a common bias-digital subcarrier multiplexing (CB-DSCM) scheme for integrated sensing and communication (ISAC) in short-reach optical transmission systems. The scheme combines linear frequency modulation (LFM) signals for distributed acoustic sensing (DAS) with asymmetrically clipped optical orthogonal frequency division multiplexing (ACO-OFDM) signals for communication. However, no explicit trade-off formulation is presented in the provided text."
O_ISAC_195,hardware_coupling,NONE detected,NONE detected,NONE detected,"The paper discusses the design and experimental results of the ISAC system, but does not formulate an explicit trade-off between communication and sensing metrics.","The authors propose an integrated sensing and communication (ISAC) system based on a photonic integrated broadband multi-beamformer. The system enables simultaneous radar sensing and wireless communication. However, there is no explicit trade-off formulation between communication and sensing metrics."
O_ISAC_199,hardware_coupling,NONE detected,NONE detected,NONE detected,"The system integrates a MIMO FSO link with an FBG sensor, but no explicit trade-off formulation or optimization method is presented.","The authors propose a system that integrates a MIMO FSO link with an FBG sensor to mitigate signal losses due to atmospheric turbulence, temperature, and strain. The system's performance is analyzed under various atmospheric conditions, and the results show that the MIMO technique improves the system's reliability and reduces atmospheric turbulence effects. However, no explicit trade-off formulation is presented, and the optimization method is not clearly stated."
O_ISAC_200,algorithmic_coupling,communication_performance,sensing_performance,weighted_sum,we propose to combine the regression vectors of the LMS and ZF algorithms to form a weighted regression vector,"The authors formulate a trade-off between communication and sensing performance using adaptive zero-forcing (ZF) equalization and weighted regression vectors, allowing for flexible trade-offs between the two."
O_ISAC_202,waveform_coupling,NONE detected,NONE detected,NONE detected,The authors do not explicitly formulate a trade-off between communication and sensing metrics.,"The authors propose an integrated optical covert sensing and communication method, demonstrating its feasibility through a proof-of-concept experiment. The method utilizes amplified spontaneous emission (ASE) light as the optical carrier for both sensing and communication. The experimental results show that covert sensing has a negligible impact on covert communication, and the bit error rate (BER) performance verifies the feasibility of the integration of optical covert sensing and communication."
O_ISAC_203,hardware_coupling,NONE detected,NONE detected,NONE detected,"The authors integrate semitransparent and regular OPDs on one flexible substrate, but do not explicitly discuss trade-offs between communication and sensing metrics.","The authors propose a flexible self-powered O-ISAC based on high-speed NIR OPDs, but do not explicitly formulate a trade-off between communication and sensing metrics. However, they do discuss the balanced trade-off between sensitivity and transparency in the context of the semitransparent OPD."
O_ISAC_206,resource_coupling,sensing beampattern MSE,symbol MSE,weighted_sum,We formulate an optimization problem to minimize sensing beampattern MSE with symbol MSE constraint...,"The authors formulate a joint optimization problem in Section III, trading off sensing beampattern mean squared error (MSE) against symbol MSE, with a constraint on the relative MSE threshold. The optimization problem is solved by sequentially optimizing the analog and digital parts."
O_ISAC_206,waveform_coupling,communication SE,sensing performance,alternating_optimization,The communication and sensing performance are theoretically analyzed... and the optimization problem is solved by sequentially optimizing the analog and digital parts.,"The authors formulate a joint optimization problem in Section III, trading off sensing beampattern mean squared error (MSE) against symbol MSE, with a constraint on the relative MSE threshold. The optimization problem is solved by sequentially optimizing the analog and digital parts."
O_ISAC_218,hardware_coupling,NONE detected,NONE detected,NONE detected,"The system co-designs a hybrid optical front-end with a signal processing framework, but does not explicitly formulate a trade-off.","The authors formulate a system that achieves spatial division multiple access (SDMA) by co-designing a hybrid retro-reflector architecture with a successive interference cancellation (SIC)-based signal processing framework. However, the text does not explicitly formulate a trade-off between communication and sensing metrics."
O_ISAC_219,waveform_coupling,communication_performance,sensing_performance,weighted_sum,"According to (2), it can be found that the OFDM-MLS-CIM signal becomes a pure OFDM signal when α = 0, while it becomes a pure MLS signal when α = 1.","The authors propose a novel ISAC waveform named OFDM-MLS-CIM, which enables flexible performance trade-off between communication and sensing. The trade-off is achieved by adjusting the VPP allocation ratio α, which determines the proportion of the total VPP allocated to the MLS signal. A higher α leads to better sensing performance but worse communication performance, and vice versa."
O_ISAC_219,resource_coupling,VPP_allocation_ratio,BER,trade-off_formulation,"Fig. 6 shows the BER versus the VPP of the AWG output signal for two users with two bit allocation modes, where the distances of User 1 and User 2 are fixed at 60 and 108 cm, respectively.","The authors propose a novel ISAC waveform named OFDM-MLS-CIM, which enables flexible performance trade-off between communication and sensing. The trade-off is achieved by adjusting the VPP allocation ratio α, which determines the proportion of the total VPP allocated to the MLS signal. A higher α leads to better sensing performance but worse communication performance, and vice versa."
O_ISAC_220,waveform_coupling,communication_signals,sensing_information,joint_electrical_frequency_modulation_and_optical_SSB_modulation,"The frequency blanks of DSCM can be used to allocate sensing information, achieving dense ISAC.","The authors propose a joint electrical frequency modulation (FM) and optical single-sideband (SSB) modulation to allocate sensing information into the frequency blanks of digital subcarrier modulation (DSCM) communication signals. The frequency blanks are created by the root raised cosine (RRC) filtering during DSCM. The sensing information is modulated onto the frequency blanks using FM, and the optical SSB modulation is used to adaptively allocate the sensing information. The authors also employ space-time coding to equalize the imbalanced performance of DSCM subcarriers."
O_ISAC_220,resource_coupling,spectral_efficiency,sensing_resolution,DSCM_with_RRC_filtering,"The spectral magnitude of the RRC shaped signal strictly vanishes when |f| > (1+α)/(2D), indicating the effective separation from communication signals in optical fibers.","The authors propose a joint electrical frequency modulation (FM) and optical single-sideband (SSB) modulation to allocate sensing information into the frequency blanks of digital subcarrier modulation (DSCM) communication signals. The frequency blanks are created by the root raised cosine (RRC) filtering during DSCM. The sensing information is modulated onto the frequency blanks using FM, and the optical SSB modulation is used to adaptively allocate the sensing information. The authors also employ space-time coding to equalize the imbalanced performance of DSCM subcarriers."
O_ISAC_220,multi_objective,Q_factor,temperature_resolution,space-time_coding_equalization,"Space-time coding equalization improves the Q factor by 0.2 dB over traditional DSCM signaling, and the temperature resolution of 0.0625°C is achieved using the same coherent receiver for communications.","The authors propose a joint electrical frequency modulation (FM) and optical single-sideband (SSB) modulation to allocate sensing information into the frequency blanks of digital subcarrier modulation (DSCM) communication signals. The frequency blanks are created by the root raised cosine (RRC) filtering during DSCM. The sensing information is modulated onto the frequency blanks using FM, and the optical SSB modulation is used to adaptively allocate the sensing information. The authors also employ space-time coding to equalize the imbalanced performance of DSCM subcarriers."
O_ISAC_237,waveform_coupling,NONE detected,NONE detected,NONE detected,"The authors propose a coordinated FMCW and OFDM system for ISAC, but do not explicitly formulate a trade-off between communication and sensing metrics.","The authors propose a coordinated FMCW and OFDM system for integrated sensing and communication (ISAC), where the FMCW signal is superimposed on the OFDM signal. They formulate a joint processing approach for sensing and channel estimation, but do not explicitly formulate a trade-off between communication and sensing metrics."
O_ISAC_241,multi_objective,PAPR,Doppler resolution,NONE,"As illustrated in Fig. 6, the 5 Gbaud OTFS waveform carrying 16-QAM signal is simulated to analyze the impact of subcarrier numbers on communication and radar performance.","The authors formulate a trade-off between communication and radar performance in the ISAC system, discussing the impact of the number of subcarriers on the complementary cumulative distribution function (CCDF) of the peak-to-average power ratio (PAPR) and Doppler resolution."
O_ISAC_242,waveform_coupling,NONE detected,NONE detected,NONE detected,A single PAM-4 waveform is employed to realize the dual functionalities of communication and radar detection.,"The authors propose a sliding window-based LSTM network and a correlation-based ranging scheme for a PAM-4 photonics-assisted W-band ISAC system. However, there is no explicit trade-off formulation between communication and sensing metrics."
O_ISAC_245,algorithmic_coupling,NONE detected,NONE detected,MCMC-based SBL,The proposed MCMC-based SBL algorithm treats unknown parameters as random variables to achieve super-resolution and high precision in ISAC systems.,"The authors propose an MCMC-based SBL algorithm for joint target detection and parameter estimation in ISAC systems, which treats unknown parameters as random variables to achieve super-resolution and high precision. However, no explicit trade-off formulation is presented in the provided text."
O_ISAC_248,waveform_coupling,NONE detected,NONE detected,NONE detected,The higher-order modes are excited for free in the FMF by the IMXT introduced by the use of a pair of non-ideal mode multiplexer/demultiplexer (MUX/DEMUX).,"The authors propose a solution to make sensitive the FMF by analyzing the higher-order modes directly excited by the fundamental mode transporting the TLC data. However, no explicit trade-off formulation is detected between communication and sensing metrics."
O_ISAC_252,algorithmic_coupling,NONE detected,NONE detected,NONE detected,"The authors use a dynamic graph convolutional neural network to identify turbulence intensity levels and implement a fine-grained adaptive control strategy, but do not explicitly formulate a trade-off between communication and sensing metrics.","The authors propose an adaptive control system for satellite-ground laser communication based on integrated sensing and communication. They use a dynamic graph convolutional neural network to identify turbulence intensity levels and implement a fine-grained adaptive control strategy. The strategy adjusts the communication modulation format and output power to achieve low bit error rate and high network throughput. However, the paper does not explicitly formulate a trade-off between communication and sensing metrics."
O_ISAC_259,waveform_coupling,PAPR,sensing_performance,ADMM,"The optimization problem $P_0$ is formulated to minimize PAPR while maintaining sensing performance, and an ADMM-based algorithm is proposed to solve it.","The authors formulate a joint optimization in Section III, trading off PAPR against sensing performance using an ADMM-based approach. The optimization problem is defined with constraints on PAPR, phase difference, and unimodularity."
O_ISAC_272,waveform_coupling,NONE detected,NONE detected,NONE detected,"The paper focuses on a super-resolution estimation framework for OCDM-based ISAC systems, but does not explicitly formulate a trade-off between communication and sensing metrics.","The authors propose a three-stage super-resolution framework for OCDM-based ISAC systems, which integrates subspace projection-based parameter estimation with an innovative ambiguity resolution scheme. However, there is no explicit trade-off formulation between communication and sensing metrics in the provided text."
O_ISAC_276,hardware_coupling,NONE detected,NONE detected,NONE detected,The method leverages on legacy OTDR equipment and a remote node to convert a PtMP OTDR trace to a PtP-like trace.,"The authors present a method for supervision of fiber PtMP access networks, which converts a PtMP OTDR trace to a PtP-like trace. This method avoids the impact of parallel-path effect and allows direct measurement of reflective events or localized sensor reactions. However, no explicit trade-off formulation is provided in the text."
O_ISAC_280,resource_coupling,NONE detected,NONE detected,NONE detected,No explicit trade-off formulation is provided in the text.,"The authors propose a high-resolution, communication-compatible ISAC method based on photonics-enabled cellular BS networks with a spectrum fusion algorithm. However, there is no explicit trade-off formulation between communication and sensing metrics."
O_ISAC_283,waveform_coupling,NONE detected,NONE detected,NONE detected,No explicit trade-off formulation is presented in the provided text.,"The authors propose a photonic-assisted self-interference cancellation scheme for an in-band full-duplex integrated sensing and communication transceiver. The scheme utilizes wavelength division multiplexing and counter-biased Mach-Zehnder modulators to cancel self-interference. However, no explicit trade-off formulation is presented in the provided text."
O_ISAC_286,waveform_coupling,NONE detected,NONE detected,NONE detected,"The authors use OFDM waveforms for both communication and radar sensing, but do not formulate an explicit trade-off between the two.","The authors propose a photonics-assisted integrated sensing and communication system using OFDM waveforms. They experimentally demonstrate the system's performance in terms of communication and radar sensing. However, there is no explicit trade-off formulation between communication and sensing metrics."
O_ISAC_288,waveform_coupling,NONE detected,NONE detected,NONE detected,"The authors propose using the same DSSS signal for both communication and sensing, but do not formulate an explicit trade-off between communication and sensing metrics.","The authors propose an ISAC system based on direct sequence spread spectrum (DSSS) technology, integrating communication and sensing functions using a spread spectrum-binary phase-shift keying waveform. The system's performance is evaluated in terms of the peak-to-sidelobe ratio of the radar correlator output and the bit error rate for the communication system. However, no explicit trade-off formulation is presented, and optimization methods are not discussed."
O_ISAC_291,waveform_coupling,NONE detected,NONE detected,NONE detected,No explicit trade-off formulation is found in the text.,"The authors introduce HoloCube, a software-defined OWC system enabling omnidirectional IoT connections via holographic optical tags. However, there is no explicit trade-off formulation between communication and sensing metrics."
O_ISAC_300,waveform_coupling,amplitude_ratio,achievable_rate,weighted_sum,"According to (9), the maximum achievable rate of the communication user is as follows: $C = log_2 left( 1 + 	ext{SINR}_{com} ight)$.","The authors formulate a trade-off between communication demodulation and synchronization in Section II, and experimentally analyze this trade-off in Section IV. The trade-off is induced by the amplitude ratio, which affects both the achievable rate and the SNR for synchronization."
O_ISAC_300,waveform_coupling,amplitude_ratio,SNR_sync,weighted_sum,"Therefore, the amplitude ratio results in the trade-off between communication demodulation and synchronization, which will be experimentally analyzed in Section IV.","The authors formulate a trade-off between communication demodulation and synchronization in Section II, and experimentally analyze this trade-off in Section IV. The trade-off is induced by the amplitude ratio, which affects both the achievable rate and the SNR for synchronization."
O_ISAC_300,multi_objective,data_rate,PSLR,Pareto,Fig. 15 illustrates how the data rate causes a trade-off between the communication EVM and sensing PSLR performance.,"The authors formulate a trade-off between communication demodulation and synchronization in Section II, and experimentally analyze this trade-off in Section IV. The trade-off is induced by the amplitude ratio, which affects both the achievable rate and the SNR for synchronization."
O_ISAC_300,multi_objective,amplitude_ratio,SINR,Pareto,Fig. 16 provides the trade-off between the estimated communication SINR and the sync pilot SNR by the amplitude ratio...,"The authors formulate a trade-off between communication demodulation and synchronization in Section II, and experimentally analyze this trade-off in Section IV. The trade-off is induced by the amplitude ratio, which affects both the achievable rate and the SNR for synchronization."
O_ISAC_301,resource_coupling,SNR,distance,NONE detected,The authors estimate the SNR using the error vector magnitude (EVM) of the received signal and use it to determine the distance of the target.,"The authors demonstrate a photonics-based W-band ISAC system, but do not explicitly formulate a trade-off between communication and sensing metrics. However, they do discuss the relationship between signal-to-noise ratio (SNR) estimation and distance measurement, which is used for both communication and sensing."
O_ISAC_303,NONE detected,NONE detected,NONE detected,NONE detected,No explicit trade-off formulation or optimization method is mentioned in the provided text.,"The authors introduce the concept of LiSAC, which integrates lighting, sensing, and communication into one system based on VLC. However, there is no explicit trade-off formulation or optimization method mentioned in the provided text."
O_ISAC_304,waveform_coupling,NONE detected,NONE detected,NONE detected,"The authors propose a shared waveform for both radar and communication functions, but do not formulate an explicit trade-off between communication and sensing metrics.","The authors propose a photonic joint radar and communication system using a chirp-polarity coded LFM waveform. The system uses a shared waveform for both radar and communication functions, and optical de-chirping is used for both radar detection and communication demodulation. However, there is no explicit trade-off formulation between communication and sensing metrics."
O_ISAC_310,waveform_coupling,NONE detected,NONE detected,NONE detected,"The system uses a joint waveform for communication and sensing, but no explicit trade-off is formulated.","The authors propose a photonics CE THz ISAC system with 2D positioning function. The system achieves a communication data rate of up to 18.448 Gbit/s and a radar range resolution of 1.78 cm. However, there is no explicit trade-off formulation between communication and sensing metrics."
O_ISAC_324,waveform_coupling,NONE detected,NONE detected,NONE detected,"The authors propose a joint sensing and communication scheme, but do not explicitly formulate a trade-off between communication and sensing metrics.","The authors propose an integrated sensing and quantum communication network (ISAQN) scheme, which achieves simultaneous quantum communication and distributed sensing in a multipoint network. The scheme utilizes both quantum signals and pilot signals for transmission, with quantum signals used for continuous variables QKD (CV-QKD) and pilot signals used for sensing. The authors formulate a method for sensing vibration events by demodulating the phase change of the quantum signal, but do not explicitly formulate a trade-off between communication and sensing metrics."
O_ISAC_327,NONE detected,NONE detected,NONE detected,NONE detected,No explicit trade-off formulation is found in the provided text.,"The authors discuss various VLC channel modeling methods, including deterministic and statistical models, but do not explicitly formulate a trade-off between communication and sensing metrics. Therefore, no explicit trade-off is detected."
O_ISAC_340,NONE detected,NONE detected,NONE detected,NONE detected,No explicit trade-off formulation is presented in the provided text.,"The authors propose a 6G-EWOC project that integrates Optical Wireless Communication (OWC) technologies with existing C-V2X systems to support advanced use cases for Fully Autonomous Vehicles (FAVs). The project aims to develop a high-speed 6G-V2X network that combines fiber-optic and wireless technologies, as well as AI, to support advanced network and CAM services. However, no explicit trade-off formulation is presented in the provided text."
O_ISAC_347,waveform_coupling,NONE detected,NONE detected,NONE detected,No explicit trade-off formulation is presented between communication and sensing metrics.,"The authors propose a learned digital back-propagation (LDBP) algorithm for compensating nonlinear impairments in an integrated sensing and communication (ISAC) system. However, no explicit trade-off formulation is presented between communication and sensing metrics."
O_ISAC_348,waveform_coupling,NONE detected,NONE detected,NONE detected,"The authors use a joint/dual-function waveform for both communication and sensing, but do not formulate an explicit trade-off.","The authors demonstrate a scheme for integrated sensing and communication in an optical fibre (ISAC-OF) using the same wavelength channel for simultaneous data transmission and distributed vibration sensing. The scheme achieves better transmission performance and a larger launching power compared to conventional PAM4 signal transmission. However, no explicit trade-off formulation is presented, and the optimization method is not clearly stated."
O_ISAC_349,waveform_coupling,PSLR,range resolution,weighted_sum,"R_{b,opt} = \arg \max_{R_b} \text{PSLR} + \sigma_R","The authors formulate a joint optimization in Section II, trading off PSLR against range resolution using an objective function that maximizes the performance gain induced by the BPSK communication symbols."
O_ISAC_349,waveform_coupling,data rate,range resolution,NONE,"As the data rate increases, the range resolution stays very stable in the back-to-back and exhibits slight variations after 1 m wireless transmission.","The authors formulate a joint optimization in Section II, trading off PSLR against range resolution using an objective function that maximizes the performance gain induced by the BPSK communication symbols."
O_ISAC_349,waveform_coupling,data rate,PSLR,NONE,The PSLR of the generated LFM-BPSK signals can increase by more than 5 dB in both the back-to-back and the wireless cases as the data rate increases.,"The authors formulate a joint optimization in Section II, trading off PSLR against range resolution using an objective function that maximizes the performance gain induced by the BPSK communication symbols."
O_ISAC_349,waveform_coupling,BER,data rate,NONE,The BER performance becomes worse as the data rate increases in both cases of a back-to-back and 1 m wireless transmission.,"The authors formulate a joint optimization in Section II, trading off PSLR against range resolution using an objective function that maximizes the performance gain induced by the BPSK communication symbols."
O_ISAC_350,waveform_coupling,motion_detection,visible_light_communication,integrated_optoelectronic_chip,"The diode on the optoelectronic chip works in transmitter mode when a forward bias voltage is applied, transmitting a visible light signal in the blue band with a central wavelength of 462 nm. The diode on the optoelectronic chip works in receiver mode when a negative bias voltage is applied, detecting visible light signals in the same band.","The authors propose an integrated optoelectronic chip based on epitaxially grown multi-quantum wells GaN material on sapphire substrate, which has motion detection and visible light communication functions. The chip can detect the motion of a target object by analyzing the change in photocurrent, and it can also transmit and receive visible light signals in the blue band."
O_ISAC_350,resource_coupling,power_consumption,motion_detection_accuracy,adjusting_transmitter_bias_voltage,"The effect of the transmitter bias voltage on the magnitude of the receiver photocurrent change is also investigated for a constant rotation speed. The change of the receiver photocurrent increases from 6 nA to 10 nA. It indicates that within the linear bias dynamic operating range of the transmitter, the larger the bias voltage, i.e., the greater the intensity of the transmitted visible light signal, the greater change in the excited receiver photocurrent pulse, and the better the corresponding motion detection effect.","The authors propose an integrated optoelectronic chip based on epitaxially grown multi-quantum wells GaN material on sapphire substrate, which has motion detection and visible light communication functions. The chip can detect the motion of a target object by analyzing the change in photocurrent, and it can also transmit and receive visible light signals in the blue band."
O_ISAC_351,waveform_coupling,depth_error,communication_bit_error_rate,multi_frequency_fusion,The adoption of the Hamiltonian waveform instead of conventional sinusoid waveform provides a higher measurement accuracy of millimeter scale and extends significantly the maximum unambiguous range.,"The authors propose an integrated architecture for time-of-flight (ToF) depth sensing and optical communication based on Hamiltonian coding. They formulate a system that achieves a trade-off between depth measurement accuracy and communication performance. The system uses a single waveform for both sensing and communication, and the authors develop a multi-frequency fusion algorithm to remove phase ambiguity and improve measurement precision."
O_ISAC_351,resource_coupling,information_bits,depth_measurement_accuracy,weighted_sum,The system can carry three times the information bits of single-frequency modulation while maintaining a high depth measurement accuracy.,"The authors propose an integrated architecture for time-of-flight (ToF) depth sensing and optical communication based on Hamiltonian coding. They formulate a system that achieves a trade-off between depth measurement accuracy and communication performance. The system uses a single waveform for both sensing and communication, and the authors develop a multi-frequency fusion algorithm to remove phase ambiguity and improve measurement precision."
O_ISAC_354,waveform_coupling,NONE detected,NONE detected,NONE detected,No explicit trade-off formulation is provided in the text.,"The authors propose an ISAC chip for motion detection and VLC based on the coexistence of luminescence and detection properties of III-nitride multiple quantum wells. However, there is no explicit trade-off formulation between communication and sensing metrics."
O_ISAC_356,waveform_coupling,NONE detected,NONE detected,NONE detected,"The authors propose a dual-chirp-based integrated waveform for simultaneous communication and sensing, but do not formulate an explicit trade-off between communication and sensing metrics.","The authors demonstrate a photonic THz-ISAC system with a dual-chirp-based integrated waveform, achieving a record-high 120 Gbit/s data rate and 2.5 mm range sensing resolution. However, no explicit trade-off formulation is provided in the text."
O_ISAC_368,NONE detected,NONE detected,NONE detected,NONE detected,No explicit trade-off formulation or optimization method is presented in the text.,"The authors discuss various integrated sensing and communication (ISAC) schemes in optical transmission systems, including photonics-assisted techniques, distributed optical fiber sensing (DOFS), and channel characteristics-based methods. However, no explicit trade-off formulation is presented, and optimization methods are only mentioned in the context of improving system performance."
O_ISAC_371,NONE detected,NONE detected,NONE detected,NONE detected,The paper does not provide an explicit trade-off formulation between communication and sensing metrics.,"The authors formulate a system design and analysis for VLC-OCC-CDMA Rake system, but do not explicitly formulate a trade-off between communication and sensing metrics. However, the system performance is analyzed with respect to different combination criteria (selective, maximum ratio, and equal gain combining) and the number of users."
O_ISAC_377,waveform_coupling,NONE detected,NONE detected,NONE detected,"The authors propose a joint waveform that encodes a DC-offset QPSK signal on a LFMCW, but do not explicitly formulate a trade-off between communication and sensing metrics.","The authors propose a photonics-aided ISAC system with a joint waveform that encodes a DC-offset QPSK signal on a LFMCW, but do not explicitly formulate a trade-off between communication and sensing metrics."
O_ISAC_379,waveform_coupling,communication_data_rate,radar_sensing_resolution,adaptive_waveform_adjustment,"By designing communication to sense the bandwidth ratio of the integrated signal, we can realize the trade-off and adjustment of communication and sensing performance according to different application requirements.","The authors formulate a trade-off between communication and radar sensing performance by adjusting the bandwidth ratio of the integrated signal. They demonstrate a flexible W-band photonics-based ISAC system with adaptive waveforms for a fiber-wireless integrated network, achieving adaptive access rates from 5.98 to 41.48 Gbps and adaptive sensing resolutions from 1.53 to 6.94 cm."
O_ISAC_379,resource_coupling,communication_bandwidth,radar_sensing_bandwidth,frequency-division_multiplexing,"The total bandwidth of the integrated waveform can be written as B_s = B_com + B_radar. We can maintain T_LFM unchanged, and control the LFM signal bandwidth by changing slope k.","The authors formulate a trade-off between communication and radar sensing performance by adjusting the bandwidth ratio of the integrated signal. They demonstrate a flexible W-band photonics-based ISAC system with adaptive waveforms for a fiber-wireless integrated network, achieving adaptive access rates from 5.98 to 41.48 Gbps and adaptive sensing resolutions from 1.53 to 6.94 cm."
O_ISAC_381,resource_coupling,data_transmission_distance,BER,NONE,"The proposed LED-DCC system can reach a maximum transmission distance of 7 m under a BER of 0.5, which is about 9 times that of the previous LED-DCC system.","The authors propose a long-distance, real-time DCC system based on LED point clustering and lightweight image processing. The system achieves a trade-off between data transmission distance and BER, as well as data decoding latency."
O_ISAC_381,resource_coupling,data_transmission_distance,data_decoding_latency,NONE,"The data decoding latency caused by extracting information from each video frame is only 13.26 ms, which guarantees real-time data reception.","The authors propose a long-distance, real-time DCC system based on LED point clustering and lightweight image processing. The system achieves a trade-off between data transmission distance and BER, as well as data decoding latency."
O_ISAC_386,hardware_coupling,NONE detected,NONE detected,NONE detected,"The system uses a CMOS camera as the receiver and a mobile phone flash as the transmitter, but no explicit trade-off is formulated.","The authors present a visible light communication system based on smart terminals, but do not explicitly formulate a trade-off between communication and sensing metrics."
O_ISAC_388,NONE detected,NONE detected,NONE detected,NONE detected,No explicit trade-off formulation or optimization method is mentioned in the text.,"The authors propose a VLC-CDMA system based on optical complementary codes (OCCs) and discuss its implementation. However, there is no explicit trade-off formulation or optimization method mentioned in the text."
