Paper_ID,step_0_visual_inspection,step_1_concept_analysis,step_2_benchmark_verification,step_3_strategic_critique
O_ISAC_001,"The provided figures show the performance evaluation of the VLC CE-OFDM system. Figure 1 presents the measured EVM as a function of modulation index for OFDM and CE-OFDM signals. Figure 2 shows the power spectral density (PSD) of CE-OFDM signals centered at 300 MHz, evaluated for different modulation indices.","The system mechanism is based on CE-OFDM, which is a waveform that mitigates nonlinearities and enhances performance under noise. The ISAC coupling mode is achieved through the use of CE-OFDM, which can serve both communication and localization purposes.","The reported metrics, such as EVM and PSD, are physically consistent with the hardware and system parameters described in the paper.","The solved problems include the mitigation of nonlinearities and the enhancement of performance under noise. The remaining open challenges include the optimization of the trade-off between modulation index and system performance, and the development of more efficient algorithms for phase demodulation and correction."
O_ISAC_002,"The provided images include diagrams of different types of waveforms, a process of producing a new product, and plots of different types of light. Figure 1 shows the principles of typical ISAC waveform implementation. Figure 2 depicts the schematic of the proposed multi-channel coherent fusion ISAC system architecture. Figure 3 presents experimental results of photonic THz sensing-enhanced communications on time-synchronization, frequency-synchronization, and multipath channel compensation.","The system mechanism involves photonic terahertz integrated sensing and communication (ISAC) systems, focusing on integrated waveform design, optical processing, and algorithms to enhance communication capabilities and sensing performance. The ISAC coupling mode is based on the integration of sensing and communication waveforms, using techniques such as linear frequency modulation (LFM) with phase shift keying (PSK) and optical wavelength division multiplexing (WDM).","The reported metrics include a data transmission rate of 6 Gbit/s over a 1-meter wireless link, a range resolution of 1.3 cm, and a peak sidelobe ratio (PSLR) of 20.9 dB. These metrics are physically consistent with the system's capabilities and the experimental setup.","The solved problems include the development of a radar-centric photonic terahertz integrated sensing and communication system based on LFM-PSK waveform, achieving a high communication data rate and precise range resolution. The remaining open challenges include further improving the system's performance, reducing hardware costs, and exploring new waveform and system design research to enhance ISAC system performance."
O_ISAC_003,"The paper includes several diagrams and charts, including a car with a target and a target on the road, a car driving on a street with two different lanes, and various plots showing the results of simulations, such as the channel impulse response (CIR) at different distances for mono-static sensing and bi-static sensing.","The system mechanism involves the use of visible light communication (VLC) for integrated sensing and communication (ISAC) in a vehicle-to-vehicle (V2V) scenario. The ISAC coupling mode is divided into two parts: the target channel and the background channel. The target channel models the interaction of a deterministic target on the received signal, while the background channel models the interaction of the environment other than the target on the received signal.","The paper reports on the simulation results of the channel characteristics, including the path loss, root mean square (RMS) delay spread, and received power ratio of the target channel and background channel for mono-static sensing and bi-static sensing. The results show that the received power of the target channel of mono-static sensing fades faster than that of bi-static sensing with distance increases, and the RMS DS of mono-static sensing is larger than that of bi-static sensing.","The paper solves the problem of characterizing the visible light-based ISAC channel in a V2V scenario, providing insights into the channel characteristics and performance of mono-static sensing and bi-static sensing. However, the paper also highlights the need for further research on the sensing channel, especially in outdoor environments, and the importance of considering key factors such as large-scale fading, Doppler effects, and multipath effects in the characterization of ISAC channels."
O_ISAC_004,"The paper includes several figures, including a diagram of the proposed system for integrated optical sensing and signal transmission (Fig. 1), a plot of the transmission loss of the adiabatic-tapered taper for the LP11 mode in the C-band (Fig. 2), a simulated sensitivity of fiber sensors against the ambient refractive index (Fig. 3), an experimentally measured sensitivity of fiber sensors against the ambient refractive index (Fig. 4), a received constellation map with the SNR set at 30 dB for different modulation formats (Fig. 5), and a plot of the bit error rate (BER) against the signal-to-noise ratio (SNR) for different modulation formats (Fig. 6).","The proposed system integrates optical fiber sensing and telecommunication using an adiabatic-tapered few-mode fiber (FMF). The system consists of two setups: an optical fiber sensing system and an optical telecommunication system. The sensing system uses a supercontinuum laser light source, a multiplexer, and a demultiplexer, while the telecommunication system uses a continuum wave laser source, a dual-polarization IQ modulator, and an arbitrary waveform generator. The adiabatic-tapered FMF2 is designed to enhance the sensitivity of the sensing head and minimize the radiation loss of the LP11 mode.","The paper reports a salinity sensitivity of 0.1 nm/‰ at a wavelength of 1550 nm for seawater monitoring, and a transmission rate of 128 Gbit/s using QPSK, 16QAM, 32QAM, and 64QAM modulation formats. The reported metrics seem physically consistent, as the sensitivity and transmission rate are within the expected ranges for the proposed system.","The proposed system solves the problem of integrating optical fiber sensing and telecommunication, enabling smart monitoring in telecommunication networks. However, the system's performance is limited by the insertion loss of the LP11 mode in FMF2, and the required SNR increases with higher modulation formats. Further research is needed to improve the system's performance and overcome the limitations."
O_ISAC_005,"The paper includes several figures and charts, including Fig. 1, which shows the proposed ISAC system model, and Fig. 2, which presents the optimal beamwidth and bandwidth allocation for the UAV over its circular trajectory for visibility V=1 km. Other figures, such as Fig. 3 and Fig. 4, illustrate the end-to-end UAV throughput and total edge users throughput under different conditions.","The system mechanism involves a UAV-aided mixed FSO-RF network, where the UAV uses FSO for backhaul and RF for access links. The ISAC coupling mode is based on using the backscattered light from the FSO communication signal as a sensing feedback signal to estimate the FSO channel gain and optimize the UAV's trajectory dynamically.","The paper reports various metrics, including the end-to-end UAV throughput and total edge users throughput, which are physically consistent with the system model and parameters described. The results are also compared to different SNR thresholds, demonstrating the impact of optical channel sensing on system performance.","The paper solves the problem of optimizing the UAV's trajectory to maximize the end-to-end network throughput for edge users in a mixed FSO-RF network. However, open challenges remain, such as exploring the impact of variable UAV speed, interference management, and trajectory design in multi-BS scenarios."
O_ISAC_006,"The paper includes several figures, including Figure 1, which shows two DSP schemes for anomaly detection in SOP extraction, Figure 2, which shows the experimental setup of integrated coherent transmission and distributed fiber sensing, Figure 3, which demonstrates vibration detection and localization based on forward transmitted light, and Figure 4, which shows the experimental setup of a 32km single-mode fiber in the Turin metropolitan area. Figure 5 shows the schematic diagram of the experimental structure in scheme [27], Figure 6 shows the schematic diagram of the experimental structure in scheme [28], Figure 7 shows the schematic diagram of the experimental structure in scheme [29], and Figure 8 shows the DSCM-based P2MP system in scheme [31-32].",The paper discusses two types of ISAC-OF systems: those based on forward transmitted light and those based on backscattered light. The system mechanism involves extracting the state of polarization (SOP) or optical phase from digital coherent transponders for vibration detection. The ISAC coupling mode is achieved through the use of forward transmitted light or backscattered light to monitor environmental changes.,"The paper reports various metrics, including sensing range, spatial resolution, and vibration detection accuracy. The physical consistency of these metrics is validated through experimental results and comparisons with existing systems.","The paper identifies several solved problems, including the integration of sensing and communication in optical fiber, the use of forward transmitted light for vibration detection, and the achievement of high spatial resolution using backscattered light. The remaining open challenges include improving the spatial resolution of ISAC-OF systems based on forward transmitted light, increasing the single-span sensing distance, and combining multiple backscattered lights."
O_ISAC_007,"The paper includes several figures, including Fig. 1, which shows the probe structure, optical fiber trench, and cross-section. Fig. 2 illustrates the measurement optical field transmission of the sensing probe. Fig. 3 shows the effect of beam splitting ratios and angle on the fringe contrast. Fig. 4 displays the effect of GRIN-lens length and air length on the beam waist position and radius. Fig. 5 presents the effect of working distance on efficiency and fringe contrast, as well as the effect of tilt angle on efficiency and fringe contrast.","The proposed system is a fiber optic displacement sensing probe with a common optical path Michelson interferometer structure. The sensing model is established using the tilted Gaussian optical field diffraction method combined with the optical transmission matrix. The system does not explicitly involve ISAC (Integrated Sensing and Communication) coupling, as it is primarily focused on precision measurement of R angles and small rough spots in narrow spaces.","The paper reports a dynamic working range of 5.42-5.60 mm and an angular tolerance of ±3.84°. These metrics seem physically consistent with the system's design and the principles of optical interferometry. The reported values are within reasonable bounds for such a system, considering the wavelength of light used and the dimensions of the optical components involved.","The paper solves the problem of precision measurement in narrow spaces by proposing a fiber optic displacement sensing probe with improved angular tolerance and working range. However, open challenges include further miniaturization, potential applications in more complex environments, and the integration of this technology with other sensing or communication systems."
O_ISAC_008,"The paper includes several figures, including Fig. 1, which shows the proposed ISAC OPA-based Lidar system, and Fig. 2, which shows the results of coherent detection to recover the sensing signal in the Lidar RX. Fig. 3 shows the 2D far-field simulation results of the thinned ring antenna design.","The proposed system uses a QPSK-FMCW joint waveform design to implement simultaneous Lidar sensing and data communication. The ISAC coupling mode is achieved through a joint waveform, where the QPSK signal is embedded into the LFM waveform.","The reported metrics, such as the data rate of 4Gbps and the steering range of 60°×32°, are physically consistent with the proposed system design and the simulation results.","The proposed system solves the problem of achieving a high data rate and a wide steering range in an ISAC Lidar system. However, the open challenges include the implementation of the proposed system in a real-world scenario and the optimization of the system parameters for better performance."
O_ISAC_009,"The paper proposes a new VLPC scheme using DCO-OFDM, where OFDM radar is applied for improving the resolution and quality of estimated Channel Impulse Response (CIRs) for positioning functionality. The system model consists of a LED transmitter and a photodiode (PD) receiver. The channel model includes both Line-of-Sight (LoS) and Non-LoS (NLoS) paths.",The proposed VLPC-DCO-OFDM scheme uses OFDM radar for sensing and DCO-OFDM for communication. The system mechanism involves transmitting a pilot symbol for sensing and subsequent data symbols for communication. The ISAC coupling mode is based on the shared use of the OFDM waveform for both sensing and communication.,"The paper reports a centimeter-level positioning accuracy and Giga-bits-per-second data rate. The physical consistency of these metrics is validated by the system model and channel model, which take into account the LoS and NLoS paths, as well as the noise and interference in the system.","The proposed VLPC-DCO-OFDM scheme solves the problem of achieving high-resolution sensing and high-rate communication in a single system. However, the scheme requires a high bandwidth and a large number of subcarriers, which may be challenging to implement in practice. Additionally, the scheme assumes a static channel, which may not be realistic in many scenarios."
O_ISAC_010,"The paper presents an experimental demonstration of the simultaneous transmission of a 60-W power-over-fiber (PoF) signal and a high-speed discrete multitone (DMT) signal over a 1-km 7-core weakly coupled multicore fiber (WC-MCF). The DMT signal is transmitted at 50 GBaud and 60 GBaud, corresponding to data rates of 117 Gbit/s and 140 Gbit/s, respectively. The experimental setup includes a high-power fiber laser, an arbitrary waveform generator, and a photodetector. The results show that the bit error rate (BER) of the DMT signal is below the soft decision forward error correction (SD-FEC) threshold of 2E-2, and the signal-to-noise ratio (SNR) meets the 3GPP requirement.","The paper proposes a novel method for high-speed signal light and high-power energy light co-transmission using a 1-km 7-core WC-MCF. The system integrates multiple advanced modulation formats, including DMT, to achieve high-rate and high-power co-transmission. The experimental results demonstrate the successful transmission of 50 GBaud and 60 GBaud DMT signals with a 60-W PoF signal, and the BER performance is below the SD-FEC threshold.","The paper verifies the physical consistency of the reported metrics by measuring the transmission of the 1064 nm PoF signal over 1-3 km of single-mode fiber (SMF). The results show that the collected optical power increases linearly as the high-power fiber laser (HPFL) output power increases, indicating no obvious nonlinear effect of stimulated Raman scattering (SRS) at 1 km. The paper also measures the insertion loss of each channel induced by the fan-in and fan-out (FIFO) device and finds that it is less than 3 dB.","The paper demonstrates the potential of the proposed system for remote application scenarios, such as powering tens or hundreds of low-power consumption devices in the remote unit (RU). The system can provide stable electrical power to low-voltage loads in the Grid scenario, with a temporal fluctuation of the collected power less than 1% over 1 hour. The paper also highlights the importance of the proposed system for future digital grid applications, where high-speed data communication and high-power transmission are required."
O_ISAC_011,"The paper includes several figures, including Fig. 1, which illustrates the schematic diagram of a RO-ISAC system supporting 3D positioning. Fig. 2 shows the illustration of the reflected signal. Fig. 3 is a 3D illustration of the simulation setup. Fig. 4 compares the BER performance of different modulation orders. Fig. 5 shows the influence of the number of symbols used for cross-correlation calculation on the distance measurement RMSE. Fig. 6 indicates the distance measurement RMSE changes with transmitted SNR under different symbol numbers. Fig. 7 and Fig. 8 show the positioning RMSE distribution when two transmitters are located at different heights.","The proposed system is a retroreflective optical ISAC (RO-ISAC) system that uses OFDM for data transmission and positioning. The system uses a corner cube reflector (CCR) to reflect the optical signal back to the transmitter, which then uses cross-correlation calculation to measure the time delay and estimate the distance. The system also uses multiple LEDs to provide diversity gain for communication and improve positioning accuracy.","The paper reports a range resolution of 1cm and a maximum ranging distance. The simulation results show that the system can achieve a low distance measurement RMSE and positioning RMSE, indicating good physical consistency.","The proposed system solves the problem of achieving high-speed communication and positioning functions in indoor environments using a retroreflective optical ISAC system. However, the system's performance may be affected by the height difference between the transmitters and the receiver, and the system's complexity may be increased by the use of multiple LEDs and the cross-correlation calculation."
O_ISAC_012,"The paper includes several figures, including Fig. 1, which shows the schematic diagram and post-processing process of PC-FMCW, and Fig. 2, which shows the PC-FMCW simulation system. Fig. 3 shows the communication and sensing simulation results.","The system uses a phase-coded FMCW scheme for optical sensing and communication. The ISAC coupling mode is achieved through phase modulation, where communication codes are carried on the FMCW laser radar. Sensing and communication are achieved respectively through coherent detection and self-delayed coherent detection.","The paper reports a code rate of 1 Gbit/s and distances of 10, 20, and 30 m. The simulation results show that the scheme achieves the integration of optical sensing and communication without mutual interference. The reported metrics seem physically consistent.","The paper solves the problem of integrating optical sensing and communication without mutual interference. However, the open challenges include the potential impact of environmental factors, such as turbulence, on the system's performance, and the need for further research on the system's scalability and applicability in various scenarios."
O_ISAC_013,"The paper presents a single-ended > 100-km distributed vibration sensor based on OFDR using the Pearson correlation coefficient. The system uses a simple internal modulation OFDR without any amplifier, specialty optical fiber, and complex modulation techniques. The vibration events can be located by detecting changepoints in the Pearson-CC, and the amplitude of vibration events is proportional to the differential Pearson-CC.","The system mechanism is based on OFDR, which uses the Pearson correlation coefficient to evaluate the variation of Rayleigh backscattering spectra. The ISAC coupling mode is not explicitly mentioned, but it can be inferred that the system is designed for integrated sensing and communication in an optical fiber (ISAC-OF).","The reported metrics, such as the sensing range of 100.9 km, sensing spatial resolution of 15.3 m, and strain resolution of 868 pε, are physically consistent with the system design and experimental results. The differential Pearson-CC and amplitude of the vibration event have a good linear relationship, with an R-square of 0.9993.","The paper solves the problem of detecting vibration events over 100 km using a simple and effective method based on OFDR and the Pearson correlation coefficient. The remaining open challenges include improving the strain resolution, increasing the sensing range, and demonstrating the system's potential for multiple simultaneous vibration events."
O_ISAC_014,"The paper includes several figures, including Figure 1, which shows the experimental setup of the SSMF based PoF system, and Figure 3, which shows the collected optical power for PPC and the optical PTE versus the input optical power of HPLD in the PoF system.","The system uses a Power over Fiber (PoF) mechanism, where high optical power and data signals are transmitted simultaneously over a standard single-mode fiber (SSMF). The ISAC coupling mode is achieved through a customed 1064 nm/1310 nm single-mode wavelength division multiplexer (SM-WDM).","The paper reports an optical power transfer efficiency (PTE) of 49% and a data rate of 155 Mbit/s. These metrics seem physically consistent, given the experimental setup and the use of a high-power laser diode and a commercial SFP optical module.","The paper demonstrates the potential application of PoF technology for Power Grid systems, providing a solution for low-power consumption inline performance monitoring or electrical power supply under emergency rescue scenarios. However, the conversion efficiency of the photovoltaic power converter (PPC) is limited to 10%, which is lower than the theoretical efficiency of 35%."
O_ISAC_015,"The paper includes several figures, including Figure 1, which depicts a MAP-aided IVLCS system with communication and sensing users and non-user blockers. Figure 2 shows the aggregate sum rate and MI vs. number of users. Figure 3 illustrates the aggregate sum rate and MI vs. number of blockers. Figure 4 examines the impact of user mobility on aggregate sum rate and MI. Figure 5 displays the trade-off between MI and sum rate versus priority of communication users.","The system model for a MAP-aided integrated visible light communication and sensing (IVLCS) network is proposed. The MAPs use LEDs with narrow semiangle half-angle to emit highly directional and narrow beams. The system integrates MAP technology in an indoor environment to resolve issues related to LOS blockage, limited FOV, and random device orientation. The ISAC coupling mode is achieved through the joint optimization of MAP position and user association to maximize the aggregate sum rate and sensing mutual information (MI).","The paper reports that the proposed MAP-aided IVLCS system outperforms the traditional fixed AP system in terms of aggregate sum rate and MI, user mobility support, and overcoming LOS link blockages. The results are physically consistent, as the system's performance improves with increasing number of users, APs, and transmit power. The system's robustness against LOS link blockages is also demonstrated through simulations.","The paper solves the problems of LOS blockage, device orientation, limited FOV, and user mobility issues in IVLCS systems. However, open challenges remain, such as the need for further optimization of the system's parameters, the impact of interference on the system's performance, and the development of more efficient algorithms for joint optimization of MAP position and user association."
O_ISAC_016,"The paper includes several figures, including Fig. 1, which shows the schematic diagram of the proposed photonic sub-THz ISAC system, and Fig. 2, which shows the SNR and BER of the received ISAC signals and pure communication signals under different IOP of the UTC-PDs.","The system uses a photonic sub-THz ISAC transmitter, which generates a pair of sub-THz ISAC signals through photonic upconversion. The signals are then transmitted over a 10.3-m wireless distance and received by a communication receiver and a radar receiver. The ISAC coupling mode is based on frequency-division multiplexing (FDM).","The paper reports a real-time line rate of 251.03 Gbps and an offline sensing resolution of 2.5 cm. The reported metrics are physically consistent, as the system uses a high-speed photonic sub-THz ISAC transmitter and a radar receiver with a high-resolution sensing capability.","The paper solves the problem of achieving high-speed real-time communication and high-resolution sensing in a photonic sub-THz ISAC system. However, the system still faces challenges such as the impact of frequency offset and phase noise on the sensing function, and the need for further improvement in the communication and sensing performances."
O_ISAC_017,"The paper includes several figures, including Fig.1, which shows the detailed structure of the Double-effect DNN-based DBP scheme for ISAC, and Fig.2, which illustrates the optical fiber link settings for verifying the double-effect DNN-based DBP scheme for ISAC. Fig.3 and Fig.4 display the nonlinear interference mitigation effects and abnormal loss detection results, respectively.","The paper proposes a double-effect DNN-based DBP scheme for Integrated Sensing and Communications (ISAC). The scheme integrates communication and sensing by using a neural network to build the mathematical structure of DBP, which can mitigate nonlinear interference and estimate optical power distribution. The ISAC coupling mode is achieved through a double-effect DNN-based DBP scheme, where the signal is processed in two branches: one for nonlinear compensation and the other for sensing.",The paper reports the nonlinear interference mitigation effects and abnormal loss detection results. The results show that the proposed scheme can effectively mitigate nonlinear interference and detect abnormal loss points. The physical consistency of the reported metrics is validated through simulations and experiments.,"The paper solves the problem of nonlinear interference mitigation and abnormal loss detection in optical fiber communication systems. However, the remaining open challenges include the complexity of the proposed scheme, the requirement for large amounts of training data, and the need for further optimization of the neural network architecture."
O_ISAC_018,The paper presents a system model for the coexistence of distributed sensing and ultra-simple coherent RoF based front-haul for radio access networks. The system uses a commercially available coherent modulator to achieve signal modulation and remote up-conversion. The linear frequency modulated carrier enables distributed sensing while simultaneously serving as the beat tone of RoF communication.,The system mechanism is based on the use of a linear frequency modulated (LFM) carrier to enable distributed sensing and RoF communication. The LFM carrier is modulated using a commercially available coherent driver module (CDM) and is used as the beat tone for RoF communication. The system uses a probabilistic constellation shaping (PCS) QAM signal and a pre-compensation algorithm to optimize transmission performance.,The system achieves a distributed sensing detection sensitivity of 28 pε/√Hz and supports 1.6 GBaud 16 QAM radio transmission in the Ka-band of 28 GHz. The system also demonstrates robust communication performance for a wide range of CSPR values.,"The system solves the problem of integrating distributed sensing and RoF communication in a single system. However, the system still faces challenges such as nonlinear distortion and modulation-induced noise, which can impact transmission performance. The system also requires further optimization to improve its robustness and accuracy."
O_ISAC_019,"The paper includes several figures, including Fig. 1, which shows a schematic of the proposed microwave photonics-based full-duplex ISAC system. Fig. 2 illustrates the signal frequency allocation. Fig. 3 shows the optical spectrum of four-channel downlink phase modulation and uplink intensity modulation. Fig. 4 displays the waveform and RF spectrum of the downlink transmitted IF signal and the uplink received IF signal. Fig. 5 shows the overlapped spectrum of downlink signal at various frequencies. Fig. 6 depicts the experimental setup for demonstrating the ISAC system. Fig. 7 shows the spectrum diagram of the QPSK-LFM transmitted signal, radar 2D range-doppler map, and constellation diagrams of downlink and uplink communication signals.","The proposed system employs a microwave photonics-based full-duplex ISAC architecture, which separates signals using frequency division multiplexing (FDM). The system uses phase modulation for downlink transmission and intensity modulation for uplink transmission, enabling the reuse of the optical carrier over a single fiber for bidirectional transmission. This approach reduces system complexity and cost.","The paper reports a distance resolution of 1.5 cm and a communication data rate of 600 Mbit/s. The system's performance is validated through simulation and experimental results, which demonstrate the feasibility of the proposed approach. The reported metrics are physically consistent with the system's architecture and parameters.","The proposed system addresses the challenge of integrating sensing and communication functionalities in a single system, achieving full-duplex operation and reducing system complexity and cost. However, the system's performance is limited by the noise power and signal-to-noise ratio (SNR) in the uplink communication. Future work can focus on improving the SNR and exploring channel equalization algorithms to enhance the system's performance."
O_ISAC_020,"The paper presents a photonic integrated sensing and communication system using submarine fiber optic cables for coastal event monitoring. Figures 1-6 show the existing global submarine telecommunication optical cables, the photonic ISAC system, and the results of ocean wave analysis, earthquake detection, and ferry monitoring.","The system utilizes the existing monitoring channel of the commercial fiber optic communication system for sensing, realizing various maritime sensing and monitoring functions without affecting the ongoing optical communication. The photonic ISAC system uses phase-sensitive optical time-domain reflectometry (Phi-OTDR) technology to detect acoustic signals caused by geological and marine activities.","The system has been tested and validated through experiments, demonstrating its ability to detect and analyze ocean waves, earthquakes, and ferry movements. The results show that the system can detect ocean surface gravity waves and underwater seismic waves, and monitor ferry movements with high accuracy.","The photonic ISAC system has the potential to provide a new supplementary approach for conventional methods of geological and oceanic observation, with advantages such as low cost, versatility, and minimal impact on marine life and the environment. However, further research is needed to develop more advanced signal processing methods and AI algorithms to analyze and recognize different oceanic signals more accurately and automatically."
O_ISAC_021,"The paper includes several figures and tables that illustrate the concept of Optical Integrated Sensing and Communication (O-ISAC). Figure 1 shows the generalized system structure of O-ISAC, which includes a transmitter and receiver with shared modules for communication and sensing. Figure 2 highlights the three advantages of O-ISAC: increasing communication rate, enhancing sensing precision, and reducing interference. Figure 3 displays different waveform designs for O-ISAC, including pulsed waveform, constant-modulus waveform, and multi-carrier waveform. Figure 4 presents numerical results of O-ISAC based on DC-biased optical OFDM (DCO-OFDM), showing the bit error rate (BER) and root mean square error (RMSE) for target distance estimation. Figure 5 illustrates the future trends of O-ISAC integrated with other emerging technologies.","The system mechanism of O-ISAC involves the integration of free-space optical (FSO) communication and optical sensing. The ISAC coupling mode is based on the intensity modulation and direct detection (IM/DD) scheme, which allows for the sharing of optical frontends and baseband units. The O-ISAC signal is generated by modulating the transmitted optical signal, and the sensing receiver extracts the target information from the reflected signal.","The paper reports a communication rate of 100 Gbps at a distance of about 700 m using a 1550-nm laser. The distance resolution is inversely proportional to the signal bandwidth, and the optical band provides a wider bandwidth than the RF band, allowing for a higher distance resolution. The paper also reports a distance accuracy of ±2.2 cm using a frequency-modulated continuous-wave laser radar with a bandwidth of 5 GHz.","The paper solves the problem of integrating FSO communication and optical sensing into a single system, achieving a higher communication rate, enhancing sensing precision, and reducing interference. However, the paper also identifies several open challenges, including the need for advanced hardware, novel performance metrics, and the integration of emerging technologies like deep learning and hybrid RF and optical ISAC."
O_ISAC_022,"The paper proposes a joint visible light communication and sensing system using m-CAP modulation and RSS-based trilateration. The system consists of 9 access points (APs) installed on the ceiling of a 4m x 4m x 2.5m room, each using 4 Lumileds LUXEON LED chips. The system provides an illuminance between 300 and 500 lux over the whole room and achieves a positioning error lower than 7.17 cm in 90% of the cases, with a continuous data connectivity at 32 Mbps.","The system uses m-CAP modulation, which is a variant of CAP modulation that changes the conventional CAP into a multi-carrier format by separating the frequency spectrum into multiple sub-bands. The system also uses RSS-based trilateration for positioning, which estimates the distance between the UE and the APs based on the received signal strength.","The reported metrics, such as the positioning error and data rate, are physically consistent with the system architecture and parameters. The system's performance is also compared to other existing works, showing that it can provide a very interesting indoor positioning solution.","The system solves the problem of providing a joint visible light communication and sensing system with high accuracy and data rate. However, there are still open challenges, such as optimizing the AP layout, light sources parameters, and MAC cycle structure, as well as reducing the interdependence between communication and sensing."
O_ISAC_023,"The paper proposes a DCO-OFDM scheme for FSO-ISAC, which combines communication and sensing functionalities within an individual system. The system model is based on a LiDAR, which provides active sensing abilities for both cooperative and uncooperative targets. The DCO-OFDM signal model is introduced, and the clipping noise is modeled as additive colored Gaussian noise (ACGN) to elicit an equivalent frequency-selective channel for FSO-ISAC.","The system mechanism is based on the DCO-OFDM scheme, which adds a direct-current (DC) bias to the original OFDM signal to obtain a nonnegative signal. The ISAC coupling mode is achieved through the joint optimization of communication and sensing performance metrics, which are derived based on the equivalent frequency-selective channel model.","The paper provides numerical simulations to evaluate the proposed DCO-OFDM scheme for FSO-ISAC. The results demonstrate the effectiveness of the proposed algorithms and reveal the tradeoff between communication and sensing functionalities. The sensing precision is shown to be robust to channel variations, and the computational complexity of the proposed algorithms is analyzed.","The paper solves the problem of joint optimization of communication and sensing performance metrics for FSO-ISAC. However, open challenges remain, such as the extension of the proposed scheme to multitarget scenarios and the investigation of novel performance metrics for various sensing tasks. Additionally, the development of robust and cost-effective beamforming schemes for optical sensors is an open challenge."
O_ISAC_024,"The paper includes several figures, such as Fig. 1, which shows the time-domain waveform of the LFM signal before and after transmission, and the amplitude-frequency response of the LFM probe within the ISAC system. Fig. 2 depicts the experimental setup, while Fig. 3 shows the Rayleigh scattering traces of the LFM probe and pre-distorted probe, as well as the phase waterfall, phase variance, and PSD curves of the vibration with LFM probe and pre-distorted probe.","The system uses a digital subcarrier multiplexing (DSCM)-based integrated sensing and communication (ISAC) system, where the sensing probe is pre-compensated using the frequency response data from the forward communication link. The ISAC system consists of a narrow linewidth laser, an arbitrary waveform generator, and a coherent receiver. The sensing component comprises a continuous linear frequency-modulated (LFM) probe, while the communication payload consists of two 30 GBaud 16QAM DSCM signals.","The paper reports a spatial resolution of 1 m in a 40-km fiber link, with an SNR improvement of 2.4 dB in distributed sensing. The experimental results show that the pre-compensation enabled by forward communication information results in significant improvements in both SNR and spatial resolution. The reported metrics are physically consistent with the system description and experimental setup.","The paper solves the problem of frequency-dependent distortions in LFM probes used in distributed fiber optic sensing systems. The proposed ISAC system with pre-compensation enables simultaneous sensing and communication over a 40-km fiber link with minimal impact on both performances. However, the paper does not address the potential challenges of scaling up the system to longer distances or more complex network topologies."
O_ISAC_025,"The paper proposes an architecture for an optical transport network that supports integrated sensing and communication services. The system uses a distributed passive wireless radar principle, where 6G Base Stations generate communication signals that are reflected on objects in the surrounding area, creating IQ echo streams. These streams are transmitted to a multi-access edge computing node for storage and processing. A sensing app analyzes the quality of the IQ echo streams and decides which ones can be used for sensing. The app's output is passed to a network orchestrator that determines the optimal transport network configuration to support both communication and sensing services.",The system architecture exploits an optoelectronic transport network interconnecting the Radio Access Network with the core functions located at the MEC. The proposed architecture supports joint sensing and communication services using 3GPP compliant RF signals. The sensing app implements a passive OFDM-based radar that uses reflected signals to estimate object positions. The network orchestrator calculates the optimal resource allocation policy to accommodate both communication and sensing services.,"The paper presents numerical results for the proposed scheme, evaluating three different management policies: a) 'single' echo approach, b) 'optimal' dynamic approach, and c) 'all-active' approach. The results show that the 'optimal' approach has higher network requirements compared to the 'single' echo approach (~15%) and is 30% more efficient than the static 'all-active' approach. The 'optimal' scheme receives echoes of similar SNR with the 'all-active' approach, while requiring 50% less network resources.","The proposed architecture has the potential to optimize the operation of an optical transport network supporting ISAC services. The use of an all-optical switch allows for transparent transport of sensing flows, eliminating transmission delays introduced by optoelectronic devices. The 'optimal' approach has higher network requirements compared to the 'single' echo approach but is more efficient than the 'all-active' approach. The results demonstrate the feasibility of the proposed architecture in supporting joint sensing and communication services."
O_ISAC_026,"The paper includes several figures, including Figure 1, which shows the concept of adaptive photonic-based ISAC networks based on millimeter wave over fiber, and Figure 2, which shows the schematic of the experiment setup. Figure 3 shows the results of the received optical power on communication and radar sensing, and Figure 4 shows the spectra of the different de-chirped echoes and the measured distance error after calibration.","The proposed system is a photonic-based millimeter-wave integrated sensing and communication (ISAC) system. It uses a frequency-division multiplexed waveform, combining a linear frequency modulated (LFM) signal for radar sensing and a subcarrier modulated (SCM) signal for communication. The system has a simple structure and can adapt to the current communication network, achieving high-speed communication and high-resolution sensing simultaneously.","The paper reports a data rate of 48 Gbit/s in communication-only mode and 8 Gbit/s in ISAC mode, with a sensing resolution of 2.75 cm. The distance error of the system is less than 1 cm after external calibration. These metrics seem physically consistent with the proposed system and experiment setup.","The proposed system solves the problem of achieving high-speed communication and high-resolution sensing simultaneously in a photonic-based ISAC system. However, the system still faces challenges such as the need for external calibration to eliminate systematic errors and the potential for interference between the communication and sensing signals."
O_ISAC_027,"The paper includes several figures, including Fig. 1, which shows the setup for ocean salinity sensing, and Fig. 2, which displays the dispersion curve of the LP01 mode and the LP02 mode in the FMF against tapering ratio. Fig. 3 shows the refractive index sensitivity of fiber sensors with different FMF waist diameters. Fig. 4 illustrates the influence of ambient pressure and temperature on the sensor. Fig. 5 depicts the laser welding system and the design size and actual size of the fiber cone region. Fig. 6 presents the experimental results of refractive index sensitivity with different waist diameters. Fig. 7 shows the experimental results of sensitivity against the variations of ambient temperature.","The system mechanism is based on an all-optical fiber marine salinity sensor designed for deep ocean environments. The sensor is formed by adiabatic-tapered few-mode fiber (FMF) with a 40 µm waist diameter. The ISAC coupling mode is not explicitly mentioned in the paper, but it can be inferred that the sensor is designed to measure salinity, which is a sensing application. The paper also mentions the possibility of further developing the sensor to enable the mixture of communication and sensing in the same fiber cable.","The paper reports a refractive index sensitivity of 1200.7 nm/RIU, which corresponds to a salinity sensitivity of 0.192 nm/‰. The sensor also shows low sensitivity to ambient temperature and pressure, with a temperature sensitivity of -13.16 pm/°C and a pressure sensitivity of -25 pm/MPa. These metrics are physically consistent and consistent with the expected performance of the sensor.",The paper solves the problem of designing a salinity sensor with high sensitivity and low crosstalk from ambient pressure and temperature variations. The remaining open challenges include further developing the sensor to enable the mixture of communication and sensing in the same fiber cable and improving the mechanical strength of the sensor for practical applications.
O_ISAC_028,The paper discusses the performance improvement of symmetric carrier-assisted differential detection (S-CADD) receiver using pairwise coding (PWC) for short-reach optical interconnections. The system configuration and simulation results are provided in the paper.,"The S-CADD receiver is a self-coherent detection technique that can overcome frequency-selective fading caused by fiber dispersion. However, it suffers from a color SNR effect due to its intrinsic transfer function, which degrades the overall system performance. The PWC scheme is proposed to alleviate this issue by pairing subcarriers with different SNRs and improving the sensitivity of the receiver.",The simulation results show that the PWC scheme can achieve a lower BER compared to the traditional scheme. The BER performance vs. iteration number and BER vs. CSPR are compared between the traditional scheme and the PWC scheme. The PWC scheme can realize an OSNR gain of 1.5dB for the 7% HD-FEC limit under optimal CSPR conditions.,"The PWC scheme is a promising solution for cost-effective direct detection schemes with field recovery. However, there is still room for improvement in future research, such as reducing the demand for carrier power and improving spectral efficiency."
O_ISAC_029,The paper presents a photonic-based THz ISAC system with full-photonic direct LFM reception and de-chirping for fiber-wireless networks. The system uses a thin-film lithium niobate Mach-Zehnder modulator (TFLN-MZM) for direct reception and de-chirping of THz LFM echo signals. The system achieves a range resolution of 6 mm and a peak data rate of 116 Gbit/s at a center frequency of 134 GHz.,The system uses a TFLN-MZM to directly receive and de-chirp THz LFM echo signals. The TFLN-MZM operates in the minimum transmission point (MITP) to avoid false targets. The system also uses a balanced photodiode (BPD) for coherent homodyne detection of the de-chirped signal.,"The system achieves a range resolution of 6 mm, which is slightly higher than the theoretical value. The system also achieves a peak data rate of 116 Gbit/s, which is consistent with the reported metrics.","The system solves the problem of direct reception and de-chirping of THz LFM echo signals using a TFLN-MZM. However, the system still faces challenges such as false targets and range ambiguity, which need to be addressed in future research."
O_ISAC_030,"The paper presents a system called ReflexGest, which is designed for hand gesture recognition using visible light communication (VLC). The system uses a VLC-capable lamp with a ring-shaped light-emitting diode (LED) array and a photodiode (PD) to capture the reflected light intensity caused by hand gestures. The paper includes several figures, including a system architecture diagram, a circuit diagram, and various plots showing the performance of the system under different conditions.","The ReflexGest system uses a VLC-capable lamp to emit light with distinct modulation frequencies, which are then reflected by the user's hand and captured by a photodiode (PD). The system uses a multi-carrier design to embed spatial information into the VLC data stream, allowing for directional hand gesture recognition. The ISAC coupling mode is achieved through the use of a single VLC-capable lamp for both communication and sensing.","The paper reports various performance metrics, including recognition accuracy, bit error rate (BER), and throughput. The reported metrics appear to be physically consistent, with the system achieving high recognition accuracy and low BER under different conditions. However, the paper does not provide detailed information on the specific values of the modulation frequencies, which could affect the system's performance.","The ReflexGest system solves the problem of hand gesture recognition using visible light communication, achieving high recognition accuracy and low bit error rate. However, the system still faces challenges, such as the need for a dark pad to avoid reflection interference and the limited range of the VLC-capable lamp. Additionally, the system's performance may be affected by various factors, such as the user's hand movement and the surrounding environment."
O_ISAC_031,"The paper includes several figures, including Figure 1, which illustrates the phenomenon of signal self-interference in ISAC systems, and Figure 2, which presents the system setup of the proposed CCFD ISAC system. Figure 3 shows the numerical results of the CCFD ISAC system, including the SIC capability, communication performance, and radar sensing performance.","The proposed system is a photonics-enabled full-duplex millimeter-wave integrated sensing and communication (ISAC) system. The system utilizes optical-domain millimeter-wave self-interference cancellation (SIC) to achieve co-frequency and co-time full-duplex operation. The ISAC coupling mode is based on a single waveform that serves both sensing and communication functions, with the communication symbol embedded in each time slot of the linear frequency modulated (LFM) carrier.","The paper reports a self-interference cancellation (SIC) depth of 43.7 dB for the LFM-BPSK signal with a 10 GHz bandwidth. The communication performance is evaluated, and a bit error rate (BER) of 0 is reported. The radar sensing performance is also evaluated, with a peak-to-sidelobe ratio (PSLR) of 15.35 dB reported.","The proposed system solves the problem of self-interference in full-duplex ISAC systems, achieving a high SIC depth and enabling effective communication and radar sensing. However, the system's complexity and the need for precise control of the optical and electrical components may pose challenges for practical implementation. Further research is needed to address these challenges and to explore the potential applications of the proposed system."
O_ISAC_032,"The paper includes several figures, including Figure 1, which shows a schematic of the temperature compensation method based on polarization-multiplexed technique, and Figure 2, which shows a polarization-multiplexed fiber-optic interferometer. Figure 3 shows the structural diagram and actual photograph of the FOVSU. Figure 4 illustrates the heat conduction of SFCs. Figure 5 is a flowchart of the piecewise uniform compensation method. Other figures show the effectiveness of the original and piecewise uniform compensation methods under self-cooling and continuous temperature rise and fall conditions.","The system mechanism is based on a polarization-multiplexed fiber-optic vibration sensing unit (FOVSU) that uses a long-arm polarization-multiplexed fiber-optic interferometer and a disk-type vibration pickup structure. The ISAC coupling mode is achieved through the polarization-multiplexed technique, which allows the superposition and transmission of multiple light waves within the same optical path, enabling the separation of strain and temperature effects.",The paper reports a suppression effect of temperature drift noise of 43 dB at 1 mHz under unidirectional self-cooling temperature conditions and 33 dB at 1 mHz under continuous temperature rise and fall conditions using the piecewise uniform compensation method. These results demonstrate the effectiveness of the proposed method in reducing the impact of environmental temperature drift on the output phase of the FOVSU.,"The paper addresses the problem of temperature cross-sensitivity in fiber-optic vibration sensing units (FOVSUs) by proposing a piecewise uniform compensation method. The method effectively reduces the impact of environmental temperature drift on the output phase of the FOVSU. However, the paper does not discuss the potential limitations or challenges of the proposed method, such as its complexity, cost, or scalability."
O_ISAC_033,"The paper includes several figures, including Fig. 1, which shows a 380-km long field fiber link and a bidirectional transponder setup at LBI. Fig. 2 shows the setup of a recent FD-CP-DAS experiment over a 13 spans link and post-FEC BER vs sensing power for different T_rt values. Fig. 3 shows waterfall plots of FD-CP-DAS and RT CP-DAS.","The paper explores two fiber sensing methods that enable coexistence with data transmission on DWDM fiber networks. The first method is based on the recovery of accumulated optical phase during forward propagation, while the second method uses distributed acoustic sensing (DAS) with frequency-diverse chirped pulses and all-Raman amplification.",The paper reports a spatial resolution of 10 m and an SNR gain of 32 dB over conventional DAS at the same peak power. The DAS sensitivity is ~100 p_epsilon/sqrt(Hz) obtained alongside 10-Tb/s transmission with error-free operation confirmed with a real-time coherent transponder.,"The paper solves the problem of coexisting sensing and data transmission on the same fiber using wavelength-division multiplexing. However, the spatial resolution is limited by the bandwidth of the vibration signature, and the number of simultaneous vibration events that can be detected and localized may be limited."
O_ISAC_034,"The paper includes several figures, including Fig. 1, which shows the system model of the proposed PSS-PPM method for optical ISAC, and Fig. 2, which depicts the signal structure in one slot. The system model illustrates a uni-directional communication and sensing scenario, with Device A acting as a communication transmitter and a sensing transceiver simultaneously.","The proposed PSS-PPM method integrates optical wireless communication and optical sensing by generating a unipolar optical signal. The system uses pulse position modulation for communication and pulse sequence sensing for target distance estimation. The ISAC coupling mode is based on the correlation properties of the pulse sequence, allowing for simultaneous communication and sensing.","The paper provides theoretical analysis and simulation results for the achievable rate, BER, and RMSE for sensing. The results show that the proposed method can achieve a high achievable rate and low BER, and the RMSE for sensing converges in the high-SNR region. The physical consistency of the reported metrics is validated through the simulation results.","The proposed PSS-PPM method solves the problem of integrating optical wireless communication and optical sensing, providing a high achievable rate and accurate target distance estimation. However, the method still faces challenges such as interference from multiple users and atmospheric losses, which can affect the performance of the system. Further research is needed to address these challenges and improve the robustness of the system."
O_ISAC_035,"The paper includes several figures, including Fig. 1, which illustrates the FMCW LiDAR principle, and Fig. 2, which shows the schematic diagram of the proposed ISAC system. Fig. 3 presents the time-frequency diagram of the OCDM-based ISAC waveform. Fig. 4 depicts the experimental setup of the proposed FSO-ISAC system. Fig. 5 shows the obtained beat frequencies for different fiber delay line lengths. Fig. 6 compares the measured target distance with the corresponding pre-set fiber delay length. Fig. 7 illustrates the deviation between the OCDM-based FMCW ranging and the standard unmodulated FMCW ranging. Fig. 8 presents the obtained beat frequencies when the OCDM-based FMCW waveform experiences different delays. Fig. 9 shows the constellation diagrams for 4-QAM, 16-QAM, and 64-QAM. Fig. 10 illustrates the BER performance of the QAM modulation scheme when the Gamma-Gamma fading model is considered. Fig. 11 shows the BER performance of the 16-QAM modulation scheme under different FSO cond","The proposed system uses an OCDM-based FMCW waveform design for FSO integrated sensing and communication. The OCDM waveform is split into ranging subcarriers and communication subcarriers. The system uses a Mach-Zehnder modulator (MZM) to generate an optical double side-band signal with a suppressed carrier. The signal is then transmitted through the FSO channel and received by a photodetector. The received signal is then demodulated using a local laser pump and converted back to an RF signal. The system uses a simplified FMCW ranging receiver design, which mixes the echo signal with a local optical reference signal to obtain the beat frequency. The beat frequency is then used to evaluate the target distance. The system also uses an OCDM demodulation module to demodulate the communication data.","The paper reports a centimeter-level ranging accuracy and a communication rate of 3.182 Gbps. The system uses a guard band to prevent interference between the ranging and communication subcarriers. The paper also reports a deviation between the OCDM-based FMCW ranging and the standard unmodulated FMCW ranging of within 1 mm. The system's performance is also evaluated under different FSO conditions, including atmospheric turbulence and pointing errors.","The proposed system solves the problem of achieving high-accuracy ranging and high-speed communication using a single FSO waveform. The system also addresses the issue of interference between the ranging and communication subcarriers. However, the system's performance is affected by the length of the guard band, which can impact the attainable ranging distance and communication data capacity. The system's performance is also affected by atmospheric turbulence and pointing errors, which can degrade the BER performance. The paper also highlights the need for further research on the optimization of the OCDM parameters and the investigation of the system's performance under different FSO conditions."
O_ISAC_036,"The paper includes several figures, including Fig. 1, which shows a conceptual schematic of the deployment of ISAC PIC for Fiber Wireless mmWave and free space optics (FSO) in 6G RANs communication, and Fig. 2, which depicts the experimental setup for joint sensing and communication with III-V on SOI transmitter.","The system mechanism is based on a heterogeneous fully integrated photonics transmitter with a III-V-on-SOI laser and EAM, which enables joint ISAC operations. The ISAC coupling mode is achieved through the use of a single, 'unified' III-V epitaxy for both the laser and the modulator, allowing for a compact, cost-efficient, and fully-integrated solution.","The reported metrics, such as the 16-QAM transmission at 24 Gbps capacity and the LFMCW with a resolution of 0.03 m at 384 m radar range, are physically consistent with the hardware and methodology described in the paper.","The paper solves the problem of integrating laser and other III-V active components on a Si platform, which has been a long-standing challenge. However, the remaining open challenges include the need for external oscillators for upconversion and the potential for further improvement in the compactness and energy efficiency of the PIC solution."
O_ISAC_037,"The paper includes several figures, including Fig. 1, which illustrates the wavefront matching algorithm, and Fig. 2, which shows the schematic diagram of the 6-LP-MDH. Fig. 3 displays the input, actual output, and ideal output of the LP modes and local oscillator signal in the MDH. Fig. 4 presents the total intensity evolution of the six LP modes and the intensity evolution of the local oscillator signal. Fig. 5 is a 3-D plot of the coupling matrix for simulated output fields to target output fields.","The paper proposes a linearly polarized mode demultiplexing hybrid (MDH) based on multi-plane light conversion technology for mode division multiplexing (MDM) coherent fiber communication systems. The MDH enables simultaneous mode demultiplexing of six modes and optical 90-deg mixing using seven phase plates. The system mechanism involves the wavefront matching algorithm to accurately calculate the phase mask in each phase plate, allowing for efficient conversion between modes.","The paper reports an insertion loss (IL) of 1.62dB, a mode dependent loss (MDL) of 0.34dB, and a crosstalk of -17.42dB. These metrics indicate a high-performance MDH with low loss and crosstalk, which is physically consistent with the expected behavior of a well-designed MDH.","The paper solves the problem of complex optical front ends in MDM coherent fiber communication systems by proposing a single device that can replace multiple mode demultiplexers. However, the remaining open challenge is to further improve the performance of the MDH, such as reducing the IL and MDL, and increasing the number of supported modes."
O_ISAC_038,"The paper includes several figures, including Fig. 1, which shows the NOMA 16-QAM constellation before and after LFM tone loading, and Fig. 2, which depicts the DSP flows of both communication and sensing parts. Fig. 3 presents various results, including the frequency spectrum of the received signal, BER with different baud rates and power ratios, and the waterfall plot of a 100 Hz, 10 m PZT.","The paper proposes a NOMA-based scheme for integrating distributed acoustic sensing (DAS) and coherent communication. The system uses a single transmitter to generate both communication and sensing signals through non-orthogonal multiple access (NOMA). The sensing signal is superimposed on the communication signal using NOMA, allowing for simultaneous transmission of 60 GBaud 16-QAM and 10 m resolution DAS over a 10 km fiber.","The paper reports a negligible communication penalty in 60 GBaud 16QAM and a 100 MHz LFM tone experiment. The results show that when the power ratio exceeds 10 dB, the performance is very close to that of the case without the sensing signal. The paper also presents the demodulated vibration waterfall plot for a 100 Hz, 1 Vpp electrical waveform driven 10 m PZT at the end of a 10 km fiber, demonstrating the system's sensing capability.","The paper solves the problem of integrating distributed sensing into optical coherent networks through non-orthogonal multiple access (NOMA). The proposed scheme achieves negligible communication penalty and high sensing sensitivity. However, the paper also acknowledges the need for further research, particularly in seamlessly integrating the proposed scheme with existing NOMA systems in short-reach networks."
O_ISAC_039,"The paper presents a Visible Light Integrated Positioning and Communication (VIPAC) framework, which integrates the functionalities of both accurate positioning and efficient communication for visible light networks. The system model consists of a multi-LED orthogonal frequency division multiplexing (OFDM)-based VLC system using intensity modulation/direct detection (IM/DD). The proposed framework utilizes a multi-task learning (MTL)-based deep neural network to learn the mutual beneficial features between the positioning and channel estimation tasks.","The VIPAC framework integrates positioning and communication tasks by utilizing the channel state information to facilitate location precision for the VLP task, and vice versa, the positioning information also brings about benefits to channel estimation for the VLC task. The MTL-based network architecture is composed of a sparsity-aware shared network and two task-oriented sub-networks for channel estimation and positioning, respectively.","The paper provides a theoretical analysis of the performance bounds of positioning and channel estimation accuracy. The Cramér-Rao lower bound (CRLB) is derived for the channel estimation and positioning tasks, which serves as a benchmark to evaluate the performance of the proposed VIPAC framework.","The proposed VIPAC framework addresses the limitations of traditional VLP and VLC systems by integrating the two tasks and exploiting the mutual benefits between them. However, the framework assumes a static environment and does not consider the impact of mobility on the system performance. Future work can focus on extending the framework to dynamic environments and investigating the effects of user mobility on the VIPAC system."
O_ISAC_040,"The paper includes several figures, including Figure 1, which illustrates the UAV-aided flying RO-ISAC system with ADTs, and Figure 2, which shows the top view and side view of the ADT adopted for each UAV. Figure 4 shows the communication BER versus transmitting signal-to-noise ratio (Tx SNR) for different numbers of LED transmitter in each ADT, and Figure 5 shows the communication BER and the positioning RMSE by varying the height of UAV 2 and UAV 3.","The system mechanism involves a UAV-aided flying RO-ISAC system with angle diversity transmitters (ADTs). The ISAC coupling mode is based on retroreflective optical ISAC, where the target is equipped with a corner cube reflector (CCR) to enhance the reflection performance and improve the sensing accuracy. The ADTs are used to enhance the light distribution at the receiving plane of the target.","The paper reports simulation results for the communication BER and positioning RMSE of the UAV-aided flying RO-ISAC system with ADTs. The results show that the use of ADTs can substantially improve the BER performance and positioning accuracy. The reported metrics are physically consistent, as the use of ADTs can enhance the light distribution at the receiving plane of the target, leading to improved sensing and communication performance.","The paper solves the problem of improving the sensing and communication performance of UAV-aided flying RO-ISAC systems. The use of ADTs is shown to enhance the light distribution at the receiving plane of the target, leading to improved BER performance and positioning accuracy. However, the paper does not address the challenge of implementing the proposed system in a real-world scenario, and the simulation results may not accurately reflect the performance of the system in a practical setting."
O_ISAC_041,"The paper presents a system architecture for co-route fiber recognition and status diagnosis based on integrated sensing and communication in 6G transport networks. The system consists of intelligent sensing units (ISUs) and an intelligent recognition unit (IRU). The ISUs extract sensing information from optical fibers and transmit feature vectors to the IRU, which then performs recognition tasks.","The system mechanism involves the use of ISUs to extract sensing information from optical fibers and transmit feature vectors to the IRU. The ISAC coupling mode is based on the integration of sensing and communication in transport networks, where the ISUs and IRU work together to achieve co-route fiber identification and fiber state prediction.","The paper reports a co-cable fiber identification accuracy of 99.7%, optical fiber trench identification accuracy of 97.7%, and fiber vibration event identification accuracy of 98%. These results are physically consistent with the system mechanism and ISAC coupling mode described in the paper.","The paper solves the problem of co-route fiber identification and fiber state prediction in 6G transport networks. However, the remaining open challenges include the need for further improvement in the accuracy and robustness of the system, as well as the need for more extensive testing and validation in real-world scenarios."
O_ISAC_042,"The paper includes several figures, including Fig. 1, which shows the frame structure comprised of ISACH and telecom payload, frequency multiplexed LFM pilots, and data frames in time and frequency domain. Fig. 2 depicts the 60 GBaud 16QAM ISAC experiment setup. Fig. 3 shows the demodulated waterfall plot, phase variation along the fiber, and BER performance of telecom payloads and sensing PSD SNR performance with the change of STPR.","The paper proposes an ISAC scheme by inserting LFM sensing probes into the training sequence part of communication data frames. The sensing probes are located at the roll-of area of communication signal spectra, and the system uses a shared transmitter for both sensing and communication.","The paper reports a spatial resolution of 0.5 m for vibration sensing over a 10 km fiber, and a data transmission rate of 60 GBaud 16-QAM. The reported metrics seem physically consistent, as the use of LFM pilots and pulse compression technique can achieve high spatial resolution, and the data transmission rate is within the capabilities of modern optical communication systems.","The paper solves the problem of achieving high spatial resolution for vibration sensing in optical fiber networks, while also enabling high-speed data transmission. However, the paper notes that the memory depth limit of the AWG restricts the number of frames that can be used for sensing, which may impact the sensing power and performance. Further research is needed to address this limitation and improve the overall system performance."
O_ISAC_043,"The paper includes several figures, including Fig. 1, which shows the concept of photonic-based ISAC networks, the principle of de-chirp, and the concept of flexible waveforms. Fig. 2 shows the experimental setup and offline DSP. Fig. 3 shows the BER, SNR, and range resolution for different cases, as well as the effect of received optical power on BER and resolution. Fig. 4 shows the detection results of multiple targets for different cases.","The system uses a photonic-based integration of sensing and communication, with a W-band flexible time-frequency-division multiplexed (TFDM) signal. The ISAC coupling mode is achieved through the combination of linear frequency modulation (LFM) and subcarrier modulated (SCM) signals in the form of frequency division multiplexing (FDM), time division multiplexing (TDM), or a mixture of the two.","The paper reports a range resolution of 1.59 cm to 4.39 cm and a data rate of 15 Gbit/s to 60 Gbit/s. These metrics are physically consistent with the system's parameters, such as the bandwidth of the LFM signal and the duration of the signal.","The paper solves the problem of achieving high-resolution sensing and high-speed communication in a photonic-based ISAC system. However, the system's performance is affected by the received optical power, and the distance error after calibration is less than 3 cm. Open challenges include improving the system's robustness to optical power variations and reducing the distance error."
O_ISAC_044,"The paper presents a photonic-based W-band integrated sensing and communication system with flexible time-frequency division multiplexed waveforms for a fiber-wireless network. The system uses a combination of linear frequency modulation (LFM) and subcarrier modulation (SCM) signals to achieve a tradeoff between range resolution, data rate, and detection distance. The system's performance is evaluated through experiments and simulations, demonstrating its ability to achieve high range resolution and data rates. The paper also discusses the influence of system delay, phase noise, and carrier-to-signal power ratio on the system's performance.","The system uses a photonic-based approach to generate W-band millimeter-wave signals, which are then transmitted over a fiber-wireless network. The ISAC coupling mode is based on a time-frequency division multiplexing (TFDM) scheme, which allows for flexible tradeoffs between range resolution, data rate, and detection distance. The system uses a combination of LFM and SCM signals to achieve this tradeoff.","The paper reports a range resolution of 1.59-4.39 cm and a data rate of 15-60 Gbps, which are physically consistent with the system's design and parameters. The system's performance is also evaluated through experiments and simulations, which demonstrate its ability to achieve high range resolution and data rates.","The paper solves the problem of achieving a tradeoff between range resolution, data rate, and detection distance in a photonic-based ISAC system. However, the paper also identifies several open challenges, including the influence of system delay, phase noise, and carrier-to-signal power ratio on the system's performance. Additionally, the paper highlights the need for further research on the integration of ISAC systems with fiber-wireless networks."
O_ISAC_045,"The paper includes several figures, including Fig. 1, which shows a conceptual illustration of IOSAC in the ocean, and Fig. 2, which displays the BER performance and spectrum of the ring with two various ambient refractive indices.","The system uses a Si3N4 micro-ring resonator for simultaneous sensing and communication. The micro-ring resonator integrates the advantage of a low loss Si3N4 waveguide and a high sensitivity double-slots waveguide, achieving a balance between optical loss and sensitivity. The ISAC coupling mode is based on the micro-ring resonator, which allows for both sensing and communication over a 20 km fiber.","The paper reports a sensitivity of 294 nm/RIU in refractive index sensing and 1.25-Gbit/s OOK optical signal transmission over 20 km SMF. The reported metrics seem physically consistent, as the micro-ring resonator's design and the experimental setup support the claimed performance.","The paper solves the problem of simultaneous sensing and communication over a 20 km fiber using a Si3N4 micro-ring resonator. However, the remaining open challenges include the scalability of the system, the stability of the micro-ring resonator, and the potential applications of the system in real-world scenarios."
O_ISAC_046,"The paper includes several figures, including Fig.1(a) which shows the experimental setup, Fig.1(b) which displays the WDM signal spectrum at core-4, and Fig.2 which presents the impact of PI bandwidth on communication and sensing performance.",The system uses a co-wavelength-channel integration of ultra-low-frequency distributed acoustic sensing (DAS) and high-capacity communication over a 38-km weakly-coupled seven-core fiber. The ISAC coupling mode is achieved through frequency division multiplexing of the digital subcarrier modulation (DSM) signal and the chirped-pulse sensing signal at the same wavelength channel.,"The reported metrics, such as the sensing sensitivity of 3.89 - nε Hz @0.1-Hz with 20-m spatial-resolution and the transmission capacity of 241.85-Tb/s, are physically consistent with the hardware and methods described in the paper.","The paper solves the problem of integrating ultra-low-frequency DAS and high-capacity communication over a long-distance fiber link. However, the open challenge of further improving the sensing sensitivity and transmission capacity while reducing the system complexity and cost remains."
O_ISAC_047,"The paper includes several figures, including Fig. 1, which illustrates the digital signal processing (DSP) for the transceiver of the OTFS-based photonics-assisted W-band fiber-wireless ISAC system. Fig. 2 shows the traditional 2D-DFT and proposed ZP-2D-DFT schemes. Fig. 3 presents the experimental setup of the OTFS-based photonics-assisted W-band fiber-wireless ISAC system. Fig. 4 displays the SNR distribution on effective subcarriers for OFDM and OTFS signals. Fig. 5 shows the relationship between BER and ROP for OFDM and OTFS signals. Fig. 6 presents the received constellation diagrams for OFDM and OTFS signals. Fig. 7 illustrates the relationship between distance estimation and the factor Ar for the proposed ZP-2D-DFT scheme. Fig. 8 shows the normalized amplitude of the distance estimation result for the traditional 2D-DFT and proposed ZP-2D-DFT schemes. Fig. 9 presents the 3 dB main-lobe width of the distance estimation result for the traditional 2D-DFT and proposed ZP-2D-DFT sch","The system uses an OTFS waveform based on photonics-assisted technology in a W-band fiber-wireless ISAC system. The OTFS signal is modulated in the delay-Doppler (DD) domain, which enhances the robustness of the signal against frequency-selective fading. A zero-padding two-dimensional discrete Fourier transform (ZP-2D-DFT) scheme is proposed for the OTFS-based photonics-assisted W-band fiber-wireless ISAC system.",The paper reports a communication data rate of 5.44 Gbit/s and a theoretical ranging resolution of 1.58 cm. The experimental results show that the proposed ZP-2D-DFT scheme can effectively improve the sensing accuracy and theoretical resolution of the ISAC system.,"The paper solves the problem of achieving high communication data rates and accurate ranging resolutions in a W-band fiber-wireless ISAC system. However, the remaining open challenges include further improving the sensing accuracy and theoretical resolution of the ISAC system, as well as exploring the application of the proposed ZP-2D-DFT scheme in other scenarios."
O_ISAC_048,"The system model of the DCO-OFDM scheme for FSO-ISAC is illustrated in Fig. 1, which shows the FSO-ISAC transceiver based on a LiDAR.",The optimization problem is formulated to maximize the spectral efficiency for communication while guaranteeing the sensing precision.,The numerical simulations demonstrate the effectiveness of the proposed algorithm and reveal the trade-off between communication and sensing functionalities.,"The proposed DCO-OFDM scheme and the iterative algorithm can efficiently optimize the power allocation for FSO-ISAC, and the trade-off between communication and sensing functionalities can be modified by tuning the desired sensing precision."
O_ISAC_049,"The paper presents a system model for an integrated visible light communication and sensing (IVLCS) system, which includes a transceiver and M users. The transceiver, including an LED and a PD, is deployed on the ceiling, while each user including a PD is deployed on the floor.","The system uses a joint optimization of slot selection and power allocation to minimize the total transmitted power under the echo-to-noise ratio constraint, communication sum rate constraint, sensing slot number constraint, and power constraint. The system employs a sensing priority and power minimization-based joint slot selection and power allocation (SPPM-JSSPA) algorithm to solve the problem.","The paper presents numerical results to verify the effectiveness of the proposed algorithms and compare them with existing algorithms. The results show that the proposed SPPM-JSSPA algorithm can obtain the best performance compared to the existing algorithms, and the low-complexity FSSPA algorithm can achieve a comparable performance to the SPPM-JSSPA algorithm.","The paper solves the problem of joint optimization of slot selection and power allocation for an IVLCS system. However, the paper does not consider the optimization of the number of sensing slots, which is left as future work. Additionally, the paper assumes that the communication is the secondary purpose, and the sensing is the primary purpose, which may not always be the case in practice."
O_ISAC_050,The paper discusses a novel OFDM-based simultaneous position and orientation detection (SPAO) approach for visible light communication (VLC) systems. The system model includes M LED transmitters and one user device (UD) receiver with photodiodes. The approach aims to alleviate multipath interference and random fading in diffuse scattering environments.,"The SPAO problem is formulated as a maximum a posteriori problem, which is non-convex due to the nonlinear relationship between VLC signal waveforms and UD location parameters. A majorization-minimization (MM)-based SPAO algorithm is proposed to address the non-convexity issue.","The proposed MM-based SPAO algorithm is compared with several baseline methods, including RSS-based SPAO, line search-based SPAO, and gradient descent-based SPAO. The simulation results show that the proposed algorithm outperforms the baseline methods in terms of localization error and orientation error.",The paper highlights the importance of considering diffuse scattering and random fading in VLC-based SPAO systems. The proposed MM-based SPAO algorithm provides a promising solution for alleviating these effects and achieving accurate localization and orientation estimation.
O_ISAC_051,"The paper presents a novel LiDAR system called Phase-Shift Laser Ranging with Communication (PLRC) that integrates sensing and communication functions. The system uses a pseudo-random noise (PRN) code to modulate the phase of a subcarrier signal, which is then used for both ranging and communication. The paper includes several figures, including a block diagram of the PLRC system, waveforms of the local and echo signals, and a plot of the bit error rate (BER) vs. signal-to-noise ratio (SNR).","The PLRC system uses a PRN code to modulate the phase of a subcarrier signal, which is then used for both ranging and communication. The system operates in continuous wave mode, where the communication and ranging functions are executed with the same signal. The PRN code is used to spread spectrum the communication data, and the phase of the subcarrier signal is used to measure the distance to the target. The system uses a correlation operation to extract the codeword synchronization positions of the echo and local signals, and then uses a phase-shift measurement to derive the distance to the target.","The paper reports a range precision of 3.54 × 10^−3 m and a communication capacity of 1.43 Mbit/s. The range precision is validated by the experimental results, which show a minimum standard deviation of 3.54 × 10^−3 m of measurement distance at a high-speed measurement rate of 285 kHz. The communication capacity is also validated by the experimental results, which show a BER of 10^−9 at an SNR of 20 dB.","The PLRC system solves the problem of integrating sensing and communication functions in a single system, and achieves a high range precision and communication capacity. However, the system still faces challenges such as the effect of atmospheric turbulence on the communication signal, and the need for a high-speed and high-precision signal processing algorithm to extract the distance information from the echo signal."
O_ISAC_052,"The paper presents an optical wireless (OW)-ISAC scheme based on asymmetrically clipped direct-current-biased optical orthogonal frequency division multiplexing (ADO-OFDM). The system model is shown in Fig. 1, which includes blocks for C&S, specific components for sensing, and specific components for communication.","The system uses ADO-OFDM, which combines DCO-OFDM and ACO-OFDM. The Bussgang theorem is adopted to model the clipped OFDM signal and analyze the clipping noise. The system also uses signal processing techniques to exploit the properties of the clipping noise.",The paper presents numerical results that demonstrate the effectiveness of the proposed ADO-OFDM scheme and reveal the trade-off between communication and sensing functionalities in OW-ISAC.,"The paper solves the problem of adaptive resource allocation in ADO-OFDM for OW-ISAC. However, the paper also highlights the trade-off between communication and sensing functionalities, which remains an open challenge."
O_ISAC_053,"The paper includes several figures, such as Fig. 1, which shows the 3D models of the Coordinator and the Worker, and Fig. 2, which illustrates the implemented control loop in the proposed VLC-VLS ISAC system. Fig. 3 shows the implemented Sensing and Illumination phases, and Fig. 4 displays an exemplary calibration curve. Fig. 5 depicts the parameters and transmitted commands for a rotation from 0° to 200°, and Fig. 6 presents the measurement results of the comparison between VLS and internal Hall sensor in dark and ambient light conditions.","The system proposed is an Integrated Sensing and Communication (ISAC) system based on Visible Light Communication (VLC) and Visible Light Sensing (VLS). The ISAC system consists of two main parts: the Coordinator and the Worker. The Coordinator uses a Cree MC-E Color RGBW LED to emit light, which is then reflected by a retroreflective foil attached to a rotating cylinder on the Worker. The reflected light is received by the Coordinator, which uses it to determine the rotation angle of the cylinder. The Coordinator then sends commands to the Worker using VLC to adjust the rotation angle. The system uses a PID controller to control the rotation angle and prevent overshoot.","The paper reports an average absolute deviation of 1.2° and 1.3° in the rotation angle determination in dark and ambient light conditions, respectively. The maximum absolute error is 5°, which is attributed to imperfections in the retroreflective foil. The results are comparable to those of commercial rotary position sensors, such as the ams AS560, which has a deviation of ±1°.","The paper demonstrates the feasibility of a VLC-VLS ISAC system for remote sensing and control of a rotating cylinder. The system achieves high accuracy and can adapt to changing ambient light conditions. However, the range of applicable rotation angles is limited due to the necessity of unique reflections from the retroreflective foil. Future work aims to increase the range of rotation angles and improve the accuracy of the rotation angle determination."
O_ISAC_054,"The paper presents a new optical integrated sensing and communication (O-ISAC) framework tailored for cost-effective light-emitting diode (LED) for enhanced Internet of Things (IoT) applications. The system model consists of multiple distributed optical access points (O-APs) equipped with LEDs and pinhole cameras, which enable both optical communication and sensing. The paper also includes several figures and tables that illustrate the system's performance and optimization results.","The O-ISAC system operates in two phases: directionless and directional. In the directionless phase, the O-APs broadcast control messages to all devices and sense the devices' state with reflected light. In the directional phase, the O-APs serve devices in a time-division multiple access (TDMA) fashion, and optical beamforming is used to concentrate light intensity on the target device. The system uses a pinhole imaging principle to map reflected light onto a film plane for sensing, and the received light intensity is used for both communication and sensing.","The paper presents numerical and simulation results that demonstrate the feasibility and performance of the O-ISAC system. The results show that the proposed system outperforms a separate communication and sensing system in terms of bit error rate (BER) and mean-squared error (MSE) of position estimation. The paper also provides a detailed analysis of the system's performance and optimization results, including the impact of optical beamforming and the use of a photodetector (PD) array.","The paper addresses the challenges of incoherent light, divergent light, and massive echo in LED-based O-ISAC systems. The proposed system solves these problems by using noncoherent detection, intensity modulation, and direct detection (IM/DD) for optical communication, and pinhole imaging principle for optical sensing. However, the paper also notes that there are still open challenges, such as the frequency dispersion effect of LEDs and the need for further optimization of the system's parameters."
O_ISAC_055,"The paper includes several figures, including Fig. 1, which illustrates the proposed system model of LFM-CPM signal for optical ISAC, and Fig. 2, which depicts the minimum square Euclidean distance for M=2 and L=4 with different observation intervals. Fig. 3 shows the BER for communication concerning different modulation indices, and Fig. 4 displays the RMSE for sensing concerning different modulation indices and chirp rates. Fig. 5 illustrates the maximum achievable data rate with constraints on the BER and sensing precision.","The proposed system combines linear frequency modulation (LFM) and continuous phase modulation (CPM) for free space optics (FSO) based integrated sensing and communication (ISAC). The LFM-CPM signal is modified to be compatible with optical intensity modulation and direct detection (IM/DD). The system model includes a transmitter, a channel, and a receiver. The transmitter generates the LFM-CPM signal, which is then transmitted through the FSO channel. The receiver detects the signal and estimates the time of flight (ToF) for sensing and demodulates the signal for communication.","The paper provides theoretical derivations for the achievable data rate, bit error rate (BER), and Cramér-Rao Bound (CRB) for sensing. The numerical simulations demonstrate the simultaneous communication and sensing abilities of the proposed LFM-CPM scheme and reveal the trade-off between communication and sensing functionalities in system parameters. The results show that the LFM-CPM signal can achieve superior sensing performance and avoid BER deterioration caused by phase ambiguities of CPM.","The proposed LFM-CPM scheme solves the problem of achieving simultaneous communication and sensing in FSO systems while avoiding BER deterioration caused by phase ambiguities of CPM. However, the scheme requires careful parameter setup to optimize the trade-off between communication and sensing functionalities. The open challenges include further optimizing the system parameters, exploring other modulation schemes, and investigating the implementation of the proposed scheme in practical scenarios."
O_ISAC_056,"The paper presents a system model for Optical Integrated Sensing and Communication (O-ISAC) with a single-antenna transmitter, an n-antenna monostatic sensing receiver, and a single-antenna communication receiver. The system uses intensity modulation direct detection (IM/DD) and is analyzed for its capacity-distortion (C-D) tradeoff.","The system mechanism involves a point-to-point O-ISAC system with a single-input single-output (SISO) for communication and single-input multiple-output (SIMO) for sensing. The ISAC coupling mode is based on a joint waveform design, where the same waveform is used for both sensing and communication.","The paper reports on the optimal C-D tradeoff, which is validated through numerical results. The reported metrics, such as the mean squared error (MSE) of the target distance estimation, are physically consistent with the system model and the ISAC coupling mode.","The paper solves the problem of characterizing the optimal C-D tradeoff for O-ISAC systems. However, open challenges remain, such as the development of more practical and efficient algorithms for determining the optimal input distribution and the analysis of the system performance in more complex scenarios, such as multi-user and multi-target scenarios."
O_ISAC_057,"The paper includes several figures, including Figure 1, which shows the schematic diagram of the proposed 60-GHz mm-wave joint radar-communication system, and Figure 2, which shows the optical spectrum and instantaneous frequency of the mm-wave LFM-OOK joint signal.",The system uses photonic techniques to generate and de-chirp mm-wave ultra-wideband linearly frequency modulated continuous wave (LFMCW) radar signals. The on-off keying (OOK) signal is directly modulated onto the LFMCW radar signals for high-capacity wireless communication. The system achieves a range resolution of 1.8-cm and a 1-Gbit/s communication data rate.,"The reported metrics, such as the range resolution of 1.8-cm and the communication data rate of 1-Gbit/s, are physically consistent with the system's design and the principles of photonic generation and de-chirping of mm-wave ultra-wideband LFMCW radar signals.","The system solves the problem of achieving high-resolution radar detection and high-capacity wireless communication simultaneously. However, the system's complexity and the need for precise control of the photonic components may pose challenges for practical implementation and scalability."
O_ISAC_058,"The paper presents a photonic-based W-band ISAC system for fiber-wireless networks, with a focus on multitarget detection. The system uses a combination of linear frequency modulation (LFM) and subcarrier modulation (SCM) signals to achieve a balance between sensing and communication. The system's performance is evaluated through simulations and experiments, demonstrating its ability to detect multiple targets with high range resolution and communication data rates.","The system uses a photonic-based approach to generate high-frequency broadband signals for both sensing and communication. The ISAC coupling mode is based on frequency-division multiplexing (FDM), where the LFM signal is used for radar sensing and the SCM signal is used for communication. The system's mechanism involves the use of a Mach-Zehnder modulator (MZM) to modulate the optical signal, which is then transmitted through a fiber-wireless link.","The paper reports a range resolution of 1.76 to 3.15 cm and a communication data rate of 15 to 60 Gbit/s. These metrics are physically consistent with the system's design and parameters, such as the bandwidth of the LFM signal and the power ratio between the SCM and LFM signals.","The paper solves the problem of multitarget detection in photonic-based ISAC systems by proposing a novel system design and signal processing approach. However, the paper also identifies remaining open challenges, such as the need for further optimization of the system's parameters and the development of more advanced signal processing algorithms to improve the system's performance in complex scenarios."
O_ISAC_059,"The paper discusses the integration of Terrestrial Networks (TNs) and Non-Terrestrial Networks (NTNs) for 6G networks, focusing on the potential of Integrated Sensing and Communication (ISAC). Figures 1, 2, and 3 illustrate the concept of ISAC, TN-NTN architectures, and a two-layer control system, respectively.","The paper explores the concept of ISAC, which involves the integration of sensing and communication functionalities. The authors discuss the potential benefits of ISAC, including improved sensing accuracy, enhanced communication performance, and increased efficiency. The paper also highlights the importance of managing and orchestrating TN-NTN architectures for ISAC.","The paper discusses the challenges associated with integrating TNs and NTNs, including the need for advanced management and orchestration techniques. The authors highlight the importance of considering the dynamic nature of NTNs and the need for flexible and resilient architectures. The paper also mentions the potential benefits of using ISAC in various applications, such as vehicular networks, industrial IoT, and space sustainability.",The paper provides a comprehensive overview of the current state of ISAC and its potential applications. The authors highlight the importance of considering the integration of TNs and NTNs for ISAC and discuss the challenges associated with managing and orchestrating these architectures. The paper also provides insights into the potential benefits of using ISAC in various applications and highlights the need for further research in this area.
O_ISAC_060,"The paper includes several figures, including Figure 1, which shows the block diagram of the proposed ISAC-OW system, and Figures 2 and 3, which illustrate the BER performance and ranging result, respectively.","The proposed system uses a unified waveform based on QPSK and DSSS, where the user data is loaded onto a PN sequence by direct spread spectrum. This allows for both LiDAR ranging and communication functions to be performed simultaneously.","The paper reports a BER performance improvement of 1.5dB and 7.5dB under weak and moderate turbulence conditions, respectively, when using spread spectrum. The ranging result shows a high accuracy of 100.011m, indicating the effectiveness of the proposed method.","The proposed system addresses the challenge of designing a unified waveform for ISAC-OW systems, enabling both LiDAR ranging and communication functions. However, the system's performance under strong turbulence conditions and its scalability for multiple targets remain open challenges."
O_ISAC_061,"The paper proposes an Optical Phased Array (OPA)-based Optical Wireless Integrated Sensing and Communication (OW-ISAC) framework. It includes system models for both communication and sensing, and derives dedicated performance metrics for each subsystem. The system uses a uniform line array of edge emitters and serves multiple communication user equipment (UE) simultaneously, while also conducting sensing for the direction of interest like a scanning LiDAR.","The OPA-based OW-ISAC system uses optical beamforming and atmospheric propagation to enable concurrent multi-user communication and environment imaging. The system mechanism involves the use of a precoding matrix to control the optical beams, and the ISAC coupling mode is based on the multi-beam property of the OPA, which is mitigated and exploited through the use of a photodiode (PD) array with various steering angles.","The paper derives dedicated performance metrics for the communication and sensing subsystems, including the light-field signal-to-interference-plus-noise ratio (SINR) for communication and the contrast metric for sensing. The metrics are validated through numerical simulations, which demonstrate the effectiveness of the proposed OPA-based OW-ISAC framework in achieving high-precision sensing and reliable communication capabilities.","The paper solves the problem of integrating sensing and communication in an optical wireless system using an OPA-based approach. However, the system still faces challenges such as the tradeoff between communication and sensing performance, and the need for further optimization of the precoding matrix and PD orientations to achieve better performance. Additionally, the system's performance in realistic scenarios, such as intelligent transportation systems (ITS), needs to be further evaluated."
O_ISAC_062,"The paper discusses a novel VLC-enabled anti-disturbance mechanism for 6-DoF SLAP detection to address environment disturbance via cross-domain cooperation between ""VLC"" and ""state sensing"". The system setup consists of a VLC-based SLAP detection system with NL LEDs and one UD equipped with a PD array.","The concept of VLC-based SLAP detection is analyzed, and the system model is presented, including the channel model and received signal model. The paper proposes a novel SCA-based optimization algorithm for VLC-based SLAP detection to address its non-convex optimization over angle-space manifolds.","The paper verifies the physical consistency of reported metrics and validates the performance of the proposed SCA-based SLAP detection algorithm. The algorithm is compared with state-of-the-art baselines, and its performance is evaluated using simulation results.","The paper identifies the solved problems and remaining open challenges in VLC-based SLAP detection. The strategic implications of the proposed algorithm are discussed, including its potential applications and limitations."
O_ISAC_063,"The paper discusses a method for characterizing the full-field frequency response of a coherent Transmitter Optical Sub-Assembly (TOSA). The method uses multiple dual-tone signals with specially designed frequency positions to extract the amplitude frequency response (AFR) and phase frequency response (PFR) of the TOSA. The paper includes several figures, including a schematic of the TOSA, simulation results, and experimental results.","The system mechanism involves using multiple dual-tone signals to characterize the TOSA's frequency response. The ISAC coupling mode is not explicitly mentioned, but the paper focuses on characterizing the TOSA's frequency response, which is a crucial aspect of ISAC systems.",The paper reports a maximum AFR deviation of less than 1 dB over the 10 dB bandwidth and a maximum PFR deviation of less than 0.25 rad. These values are physically consistent with the expected performance of a TOSA.,The paper solves the problem of characterizing the full-field frequency response of a TOSA using a simple and precise method. The remaining open challenge is to further improve the accuracy and robustness of the method for various TOSA architectures and operating conditions.
O_ISAC_064,"The paper discusses integrated sensing and communications for metropolitan environments, focusing on distributed optical fiber vibration sensing (DOFVS) and its applications in smart cities. Figure 1 shows an example route of the deployed fiber under study in Hong Kong.","The system mechanism involves using fiber interferometry to add vibration sensing to unidirectional coherent transmissions, integrating sensing with coherent transmissions by inserting linear frequency modulation (LFM) probe into the training symbols of optical communication data frames, and combining DAS and optical heterodyne radio over fiber by substituting traditional single-tone carrier with LFM carrier.","The paper reports various applications of the proposed system, including traffic monitoring and other smart city applications, using multiple deployed fibers across Hong Kong. However, specific performance metrics such as range resolution, range accuracy, and data rate are not explicitly reported in the provided text.","The solved problem is the integration of sensing and communications in metropolitan environments using distributed optical fiber vibration sensing. The remaining open challenge is the widespread deployment and commercialization of such systems. The strategic implication is the potential for smart city applications, including real-time traffic monitoring, security, and intrusion detection."
O_ISAC_065,"The paper includes several figures, including Fig. 1, which depicts the OCDM waveform generation scheme and the receiving signal processing schemes of the communication and sensing applications. Fig. 2 shows the schematic experimental configuration for the ToF-based ISAC systems. Fig. 3 displays the optical spectrum of the optical frequency comb after the PM and the optical spectrum of the OC output. Fig. 4 shows the CCDF curves of the PAPR performance. Fig. 5 exhibits the simulated transmission performance of the precoding-OFDM, precoding-OCDM, OCDM, and OFDM. Fig. 6 displays the transmission performance of the OCDM and OFDM ISAC waveforms in the ToF system. Fig. 7 shows the received constellation diagrams without equalization, with linear equalization, and with non-linear equalization at 3.5 mA photocurrent. Fig. 8 compares the SNR of each data sub-chirp and sub-carrier. Fig. 9 shows the RD images of the ISAC system at 0.2 m range. Fig. 10 exhibits the normalized range cuts at the ve","The system uses an orthogonal chirp division multiplexing (OCDM) waveform-based terahertz-over-fiber (ToF) system for integrated sensing and communication (ISAC) applications. The OCDM waveform is generated using a discrete Fresnel transform and is used for both communication and sensing. The system uses a photonic-based approach, with an optical frequency comb generated using a phase modulator and an external cavity laser. The OCDM signal is modulated onto the optical frequency comb and transmitted over a 10 km optical fiber and a 3.14 m wireless link. The received signal is then processed using a Schottky mixer and a digital signal processing algorithm to extract the communication and sensing information.","The paper reports a data rate of 32 Gbit/s and a range resolution of 1.875 cm. The physical consistency of these metrics can be verified by analyzing the system's parameters, such as the bandwidth, modulation format, and signal processing algorithms. The reported metrics are physically consistent with the system's parameters and the experimental setup.","The paper solves the problem of achieving high-data-rate communication and high-resolution sensing in a terahertz-over-fiber system using an OCDM waveform. The remaining open challenges include further improving the system's performance, such as increasing the data rate and range resolution, and reducing the system's complexity and power consumption. Additionally, the paper highlights the need for further research on radar processing algorithms and waveform improvement methods to enhance the system's radar performance."
O_ISAC_066,"The paper discusses the concept of interaction-tolerant (IT) soliton signals for dual-polarization transmission in nonlinear frequency division multiplexing (NFDM) systems. The authors propose a pre-distortion scheme to mitigate the collision distortion on the soliton quantities, which is determined by the polarization angle and polarization differential phase of two solitons.","The system mechanism is based on the nonlinear Fourier transform (NFT) and the Manakov equation, which describes the propagation of optical signals in nonlinear optical fibers. The IT soliton signal is designed to mitigate the interaction between adjacent solitons, and the pre-distortion scheme is used to cancel the collision distortion on the soliton quantities.","The authors provide numerical results to verify the effectiveness of the pre-distortion scheme, which shows a significant performance improvement in long-haul fiber optical transmission compared to the normal soliton signals.",The solved problem is the mitigation of collision distortion on the soliton quantities in IT soliton signals for dual-polarization transmission. The remaining open challenge is the further improvement of the spectral efficiency of the signal and the development of more efficient digital signal processing techniques for NFDM systems.
O_ISAC_067,"The paper includes several figures, including Figure 1, which shows the top-view schematic of the measurement set-up, and Figure 2, which displays the RT model with the forklift truck in the middle of the track in Blender. Figure 3 shows a composite picture taken by the TX of the channel sounder with the isotropix RT simulations for two positions of the forklift. Figure 4 displays the synthetic omni-directional PDP for the different positions of the forklift truck calculated from the measurements and simulations. Figure 5 shows the measured and simulated synthetic omnidirectional PDP for different positions of the forklift truck.","The paper presents a measurement-based validation of a ray-tracing model at sub-THz for ISAC applications in an industrial scenario. The system mechanism involves the use of a channel sounder to measure the propagation channel in an industrial environment, and the ray-tracing model is used to simulate the channel. The ISAC coupling mode is not explicitly stated, but it can be inferred that the system is designed to enable simultaneous sensing and communication.","The paper reports a good agreement between the measured and simulated marginal power profiles, which suggests that the ray-tracing model is able to accurately predict the channel characteristics. However, there are also some discrepancies between the measurements and simulations, which are attributed to various factors such as the simplification of the digitized shapes and the limited resolution of the measurement system.","The paper solves the problem of validating a ray-tracing model for ISAC applications in an industrial scenario. However, there are still some open challenges, such as improving the accuracy of the model and reducing the computational complexity of the simulations. Additionally, the paper highlights the need for further research on the development of ML-based algorithms for ISAC applications."
O_ISAC_068,"The paper includes two figures: Figure 1 illustrates the typical architecture of JCS systems in both RF and VL domains, and Figure 2 shows an exemplary illustration of a VLC-based sensing setup. The figures provide a visual representation of the concepts discussed in the paper.","The paper discusses Joint Communication and Sensing (JCS) systems, which integrate communication and sensing functionalities within a unified framework. The JCS system's architecture is composed of a transmitter, receiver, and signal processing algorithms. The paper explores two main approaches: Radio Frequency (RF) JCS and Visible Light (VL) JCS. The RF JCS approach utilizes RF signals for both communication and sensing, while the VL JCS approach uses visible light for both purposes.","The paper reports various metrics, including data rates, sensing accuracy, and communication performance. However, the paper does not provide explicit numerical values for these metrics. The reported results are mostly qualitative, discussing the potential benefits and challenges of JCS systems. Therefore, it is challenging to verify the physical consistency of the reported metrics without additional numerical data.","The paper identifies several challenges associated with current communication and sensing systems, including bandwidth limitations, spectrum crowding, security and privacy concerns, energy efficiency, compatibility, cost, accuracy, precision, limited sensing range, power consumption, interference, and environmental impacts. The paper proposes JCS systems as a potential solution to these challenges. However, the paper also highlights several open challenges, including standardization, interference management, and hardware limitations, which need to be addressed to fully realize the potential of JCS systems."
O_ISAC_069,"The paper discusses the use of Distributed Acoustic Sensing (DAS) with submarine cables for seismology applications. It presents a signal processing approach for seismic analysis using data obtained from underwater DAS. The system uses a DAS interrogator and a submarine optical fiber to detect seismic waves. The paper also discusses the preprocessing of raw DAS data, seismic recognition after feature extraction and event classification, and seismic analysis of localization and magnitude estimations.","The system mechanism is based on the use of DAS with submarine cables to detect seismic waves. The ISAC coupling mode is not explicitly mentioned, but it can be inferred that the system uses a joint signal processing approach for both sensing and communication.","The paper reports a high signal-to-noise ratio (SNR) improvement of 3.02 dB to 8.42 dB after denoising, and a seismic recognition rate of 7/7 using hierarchical clustering. The results are physically consistent with the expected performance of a DAS system.","The paper solves the problem of seismic analysis using DAS with submarine cables, but leaves open challenges such as automatically adjusting parameters during signal preprocessing, accurately locating epicenters with multiple sensing fibers, and estimating absolute seismic magnitude."
O_ISAC_070,"The paper discusses photonic THz-ISAC systems with integrated waveforms, focusing on system-level investigations and recent global research progress. The paper includes several figures and tables, such as Fig. 1, which illustrates the principles of typical integrated sensing and communication waveform implementation, and Table I, which summarizes recent representative photonic ISAC demonstrations in the millimeter-wave and THz bands enabled by integrated waveforms.","The paper explores the concept of integrated sensing and communication (ISAC) systems, which enables ultra-efficient spectrum utilization and reduces hardware costs. The authors discuss the potential of the terahertz (THz) band for ISAC applications, leveraging ultra-broad bandwidth for high-capacity data links and ultra-precision sensing. The paper also introduces the idea of integrated waveforms, which can efficiently combine sensing and communication functionalities.","The paper presents several experimental demonstrations of photonic THz-ISAC systems using integrated waveforms. The authors evaluate the performance of these systems in terms of communication and sensing metrics, such as bit error rate (BER), signal-to-noise ratio (SNR), and peak sidelobe ratio (PSLR). The results show that the proposed systems can achieve high-speed data transmission and accurate sensing capabilities.","The paper discusses the challenges and limitations of photonic THz-ISAC systems, such as the need for high-frequency stability and narrow linewidth optical sources, and the limited output power and severe path loss in THz frontend. The authors also highlight the potential of advanced optical sources, such as Kerr combs and injection-lock-in laser banks, and the importance of photonic THz beamforming techniques. The paper concludes by emphasizing the need for further research efforts to address these challenges and fully exploit the potential of photonic THz-ISAC systems."
O_ISAC_071,"The paper proposes a full-duplex RO-ISAC system based on wavelength division duplexing (WDD) with a hybrid single-carrier and multi-carrier (HSM) waveform. The system uses blue and green lights for downlink and uplink transmissions, respectively, and employs a pair of blue and green optical filters to avoid interference between the reflected downlink signal and the uplink signal.","The system mechanism is based on retroreflective optical ISAC (RO-ISAC), which equips the target with a corner cube reflector (CCR) to enhance light reflection. The HSM waveform consists of both pulse amplitude modulation (PAM) and orthogonal frequency division multiplexing (OFDM) samples, allowing for flexible performance trade-off between communication and sensing.","The paper reports a downlink data rate of 125 Mb/s and an uplink data rate of 12.5 Mb/s, with a ranging root mean square error (RMSE) of less than 4 cm. The system achieves full-duplex transmission using WDD, and the HSM waveform enables flexible trade-off between communication and sensing performance.","The proposed system addresses the challenges of bidirectional transmission and waveform design in RO-ISAC systems. The use of WDD and HSM waveform enables full-duplex transmission and flexible performance trade-off, making it a promising solution for 6G mobile communication systems."
O_ISAC_072,"The paper includes several figures, including Fig. 1, which illustrates the ANN training method based on digital twin technology and the vibration-induced phase extraction based on the well-trained ANN. Fig. 2 shows the experimental setup and DSP procedure. Fig. 3 displays the phases extracted by ANN under different vibration frequencies. Fig. 4 compares the phases extracted by BPF and ANN under 10 kHz vibration and shows the spectra of the extracted phases.",The system mechanism involves using artificial neural networks (ANN) and digital twin technology for integrated vibration sensing and communication in DSCM systems with commercial external cavity lasers (ECLs). The ISAC coupling mode is based on the joint use of frequency-domain pilot tones (FPTs) for both communication and vibration-induced phase extraction.,"The paper reports a 12 dB improvement in sensing signal-to-noise ratio (SSNR) compared to traditional BPF-based schemes, which is physically consistent with the expected performance of the proposed ANN-based method.","The paper solves the problem of vibration-induced phase extraction in DSCM systems using commercial ECLs, but the open challenge of further improving the SSNR and adapting the system to various vibration frequencies and environments remains."
O_ISAC_073,"The paper includes several figures, including Fig. 1, which depicts an optical frequency comb, and Fig. 2, which shows a conceptual diagram of clock and carrier synchronized wireless communications with an optical frequency comb. Other figures, such as Fig. 3, Fig. 4, Fig. 5, Fig. 6, Fig. 7, Fig. 8, Fig. 9, Fig. 10, Fig. 11, Fig. 12, Fig. 13, Fig. 14, and Fig. 15, illustrate various aspects of the system, including simulated electrical and optical comb signals, optical data signals, and experimental setup.",The system utilizes optical frequency combs for clock and carrier synchronization in wireless communication systems. The ISAC coupling mode involves combining clock and data signals using Wavelength Division Multiplexing (WDM) and transmitting them over a Single-Mode Fiber (SMF).,"The paper presents simulation and experimental results, demonstrating the successful generation, transmission, and reception of both clock and data signals. The system achieves synchronization at 2.5 GHz, 5 GHz, and 7.5 GHz, with the results showing good agreement between simulation and experimental findings.","The paper addresses the need for precise clock and carrier synchronization in wireless communication systems, particularly in next-generation networks like 6G. The proposed method using optical frequency combs demonstrates the potential to enhance the performance of modern wireless networks. However, future work is needed to refine the system's performance and optimize RF circuits."
O_ISAC_074,"The paper discusses an endogenous ISAC system using telecom training sequences for interference-fading free sensing. The system uses dual-polarization chirp training sequences to achieve distributed acoustic sensing with 1m spatial resolution over 10.4km fiber, while co-existing with 50GBaud 16-QAM transmission.","The system mechanism involves using chirp training sequences as sensing probes, which are inserted prior to the telecom payload. The sequences have identical spectrums but opposite frequency modulation slopes, allowing for orthogonal extraction in the fractional domain. This enables state of polarization rotation estimation and distributed sensing simultaneously.","The paper reports a mean root mean square error of 0.48 for state of polarization rotation estimation, and a signal to noise ratio of 20.3 dB for vibration sensing. The system achieves a spatial resolution of 1m and reduces intensity fluctuations from 38 dB to 17 dB.","The proposed system demonstrates the potential for endogenous ISAC using telecom training sequences. However, the system's performance may be limited by the power allocation between the chirp training sequences and the telecom payload, as well as the impact of interference fading on the sensing signals."
O_ISAC_075,"The paper includes several figures, including Fig. 1, which depicts the schematic diagram of a RO-ISAC system using the proposed OFDM-MLS waveform, and Fig. 2, which illustrates the designed OFDM-MLS waveforms with different β values. Fig. 3 shows the experimental setup of the RO-ISAC system, and Fig. 4 compares the cross-correlation performance of transmitted OFDM-PAM and OFDM-MLS signals with different β values. Fig. 5 shows the ranging RMSE versus distance for different power allocation ratio β values with PPC degrees of n=4 and 8. Fig. 6 shows the communication bit error rate (BER) versus distance for different power allocation ratio β values with different constellations and N_data values. Fig. 7 shows the ranging RMSE and BER versus β with n=4 and 8.","The proposed system is a retroreflective optical integrated sensing and communication (RO-ISAC) system, which uses a flexible waveform design based on orthogonal frequency division multiplexing-embedded maximum length sequence (OFDM-MLS) to achieve both communication and sensing. The OFDM-MLS waveform is designed to embed OFDM samples into a MLS sequence, allowing for flexible performance trade-off between communication and sensing by adaptively adjusting the power allocation ratio between the MLS signal and the OFDM signal.","The paper reports experimental results for the RO-ISAC system using the proposed OFDM-MLS waveform, including the cross-correlation performance, ranging RMSE, and communication BER. The results show that the proposed OFDM-MLS waveform can achieve superior cross-correlation performance and ranging accuracy compared to the OFDM-PAM waveform, and that the communication BER can be improved by adjusting the power allocation ratio β.","The proposed OFDM-MLS waveform design solves the problem of achieving flexible performance trade-off between communication and sensing in RO-ISAC systems. However, the paper also notes that the communication BER can be affected by the power allocation ratio β, and that the ranging RMSE can be improved by increasing the PPC degree n. Open challenges include further optimizing the OFDM-MLS waveform design and improving the system's robustness to noise and interference."
O_ISAC_076,"The paper includes several figures, including Fig. 1, which illustrates the principles for co-cable identification using telecom signals, and Fig. 2, which shows the schematic diagram of the proposed integrated DSCM system based on FPTs. The figures provide visual details about the system architecture and signal processing flow.","The proposed system uses frequency-domain pilot tones (FPTs) for integrated communication and enhanced forward phase-based vibration sensing in digital subcarrier multiplexing (DSCM) systems. The FPTs are employed for dynamic frequency offset estimation (FOE), carrier phase estimation (CPE), and polarization demultiplexing. The system mechanism involves inserting FPTs into the subcarrier intervals of the DSCM system, which enables simultaneous communication and sensing.","The paper reports a sensing signal-to-noise ratio (SSNR) improvement of 10 dB at 10 kHz with the aid of FPTs. The experimental results show that the proposed system can detect vibrations with frequencies down to 10 kHz, which is a significant enhancement compared to previous works. The reported metrics are physically consistent with the system mechanism and experimental setup.","The proposed system solves the problem of accurate vibration sensing in DSCM systems using commercial 100 kHz ECLs. However, the system still faces challenges such as robustness to interference, scalability to larger networks, and integration with existing optical networks. Further research is needed to address these open challenges and improve the system's performance and practicality."
O_ISAC_077,"The paper includes several figures, including Fig. 1, which depicts the OCDM waveform generation scheme and the receiving signal processing schemes of the communication and sensing applications. Fig. 2 shows the schematic experimental configuration for ToF-based ISAC systems. Fig. 3 presents the transmission performance of the OCDM and OFDM ISAC waveform in the ToF system. Fig. 4 displays the received constellation diagrams without equalization, with linear equalization, and with non-linear equalization at 3.5 mA photocurrent. Fig. 5 and Fig. 6 show the normalized RD images and range cuts of the ISAC system at 0.2 m range for OCDM and OFDM.",The system uses an orthogonal chirp division multiplexing (OCDM) waveform-based terahertz-over-fiber (ToF) system for integrated sensing and communication (ISAC) applications. The OCDM waveform is generated through an inverse discrete Fresnel transform (IDFnT) and is compatible with OFDM ISAC waveforms. The system achieves a 32 Gbit/s data rate and 1.875 cm range resolution simultaneously at 0.14 THz.,"The reported metrics, such as the 32 Gbit/s data rate and 1.875 cm range resolution, are physically consistent with the system's parameters, such as the 0.14 THz frequency and the 10 km optical fiber transmission. The system's performance is also compared to an OFDM-based ToF system, showing improved performance in frequency-selective ISAC channels.","The paper solves the problem of achieving high-performance ISAC in the THz frequency band by using an OCDM waveform-based ToF system. The remaining open challenges include further improving the system's performance, such as increasing the data rate and range resolution, and exploring the system's applications in various fields, such as 6G wireless communication and sensing."
O_ISAC_078,"The paper presents a system for O-band DML enabled 4×100G short-reach photonic interconnections using a weighted decision aided recurrent neural network (WD-RNN). The system uses four DMLs with an average 10-dB bandwidth of 20.2 GHz and achieves a transmission rate of 4×100 Gb/s over 10 km SSMF. The WD-RNN is used for nonlinear equalization and outperforms other equalizers such as FFE, DFE, VNLE, FNN, and AR-RNN.","The system uses a WD-RNN for nonlinear equalization, which is a type of machine learning algorithm. The WD-RNN is used to mitigate both linear and nonlinear impairments in the system, including bandwidth constraints and modulation nonlinearity. The ISAC coupling mode is not explicitly stated, but it can be inferred that the system uses a joint waveform design, where the same waveform is used for both sensing and communication.","The paper reports a transmission rate of 4×100 Gb/s over 10 km SSMF, which is physically consistent with the system parameters. The average 10-dB bandwidth of the DMLs is 20.2 GHz, which is sufficient to support the reported transmission rate. The paper also reports a BER of 3.8×10^(-3), which is within the 7% HD-FEC threshold.","The paper solves the problem of nonlinear equalization in O-band DML enabled short-reach photonic interconnections. The remaining open challenges include further improving the transmission rate and reducing the computational complexity of the WD-RNN. Additionally, the paper mentions that the WD-RNN can be extended to support higher-order modulation formats, which is an open challenge."
O_ISAC_079,"The paper includes several figures, including Fig. 1, which illustrates the proposed working principle of the LFM carrier-enabled SHCD architecture, and Fig. 2, which shows the experimental setup and communication performance evaluation. Fig. 3 displays the sensing performance evaluation, including MPI location, TL measurement, and vibration recovery.","The system uses a linear frequency-modulated (LFM) carrier-enabled self-homodyne coherent detection (SHCD) architecture to integrate high-fidelity communication and optical frequency-domain reflectometry (OFDR)-based sensing. The LFM carrier is used for both communication and sensing, with the sensing functionality achieved through the OFDR mechanism in the local oscillator (LO) path.",The paper reports a 25-Gbaud DP-16QAM signal transmission performance with less than 1 dB penalty compared to a conventional single-carrier SHCD system. The OFDR sensing performance achieves a 2-cm spatial resolution for distributed MPI/TL detection and large-strain vibration monitoring capability. These metrics are physically consistent with the proposed system architecture and the experimental setup.,"The paper solves the problem of integrating high-fidelity communication and sensing in a SHCD system without additional spectrum occupation. The proposed system achieves high-accuracy MPI localization, transmission loss measurement, and large-strain vibration monitoring. However, the paper does not discuss the scalability of the system to longer distances or the impact of fiber nonlinearity on the sensing performance, which are potential open challenges."
O_ISAC_080,"The paper includes several figures, such as Fig. 1, which illustrates the characterization of direct current signal aligning parallel to the time axis due to its constant frequency value. Fig. 2 shows the transmitted FD-NOMA signal composed of a chirp-based sensing probe and telecom payload. Other figures, like Fig. 3, depict the experimental setup and DSP flow for the proposed system.","The system mechanism involves the use of Fraction-Division Non-Orthogonal Multiple Access (FD-NOMA) for integrated communication and in-band spectrum polarization sensing. The ISAC coupling mode is achieved by superimposing a chirp-based sensing probe onto the telecom payload, allowing for the sharing of temporal and spectrum resources without dedicated channels for sensing.","The paper reports a data rate of 480 Gb/s for the DP-16QAM signal transmission over 32.5 km of fiber. The sensing performance is evaluated in terms of the signal-to-noise ratio (SNR) of the recovered vibration waveform, which shows a degradation of less than 0.9 dB as the OSNR decreases from 26 dB to 18 dB.","The proposed FD-NOMA scheme addresses the challenge of integrating sensing and communication without sacrificing spectral efficiency. However, the system's performance is affected by the sensing-to-communication power ratio (SCPR), and an optimal balance between sensing precision and communication efficacy needs to be achieved. Further research is required to explore the limitations and potential applications of this technology."
O_ISAC_081,The paper includes several figures and tables that provide visual details about the proposed traveling wave antenna-on-display (TWAoD) for integrated sensing and communication (ISAC) applications. Figure 1 illustrates the concept of a single-platform TWAoD array within a mobile terminal for 2-dimensional frequency scanning and phase scanning modes. Figure 2 presents the proposed TWAoD ISAC antenna structure utilizing FS/PS modes for different scenarios. Figure 3 shows the frequency scanning (FS) mode at the xoz-plane and phase scanning (PS) mode at the yoz-plane. Figure 4 displays the configuration of the proposed TWAoD unit cell in the display region and its simulated dispersion diagram. Figure 5 illustrates the design scheme of the proposed TWAoD unit cell. Figure 6 presents the current vector diagram and electric-field distribution of the proposed unit cell. Figure 7 shows the 3-D view of a single radiating element and its simulated radiation patterns. Figure 8 presents the configur,"The proposed TWAoD features a traveling wave antenna integrated into the transparent region of the display panel, enabling simultaneous 2-D phase and frequency beam scanning for ISAC applications. The TWAoD utilizes a grid-shaped with cross-over patch structure, allowing for EH1-mode radiation and enabling 2-D beam scanning through frequency-dependent angle variation and phased array principles.","The paper reports experimental results showing that the TWAoD achieves high gain and dual-mode capability for radar and communication at 24 and 28 GHz, respectively. The measured impedance bandwidth ascertains |S11| < -10dB across 20-40 GHz, and the peak gain is achieved in the range of 10-12 dBi (simulated)/9.8-11.3 dBi (measured) across the operating bands (22-38GHz). The measured H-plane scanning angle is set as -52° to +47° in the 22–37 GHz, and the E-plane phase beam scanning pattern achieves approximately ±58° at 28 GHz.","The proposed TWAoD addresses the core limitations of current ISAC antennas, including large physical footprint and limited beam steering capabilities. However, the paper does not discuss the potential challenges and limitations of integrating the TWAoD with other components in a real-world system, such as the impact of display panel manufacturing process variations on antenna performance."
O_ISAC_082,"The paper includes several figures and diagrams, including Fig. 1, which illustrates the concept of signal-signal beat interference (SSBI) in a self-coherent system. Fig. 2 shows the principle of the proposed photonics-aided THz ISAC system, including the architecture and spectra at key points. Fig. 3 depicts the complex trajectory of the integrated signal, and Fig. 4 displays the spectra and zero-Doppler cuts of ambiguity functions of the OFDM signal and its SSBI signal. Fig. 5 illustrates the 3-dB resolution of the OFDM and its SSBI under different bandwidths. Fig. 6 shows the real signals in the time domain, including the OFDM, its SSBI, and their dot product. Fig. 7 presents the heterogeneous diversity filtering process and its enhancements in sensing performance metrics. Fig. 8 shows the experimental setup of the proposed THz ISAC system. Fig. 9 is a photograph of the experimental platform. Fig. 10 displays the spectrum of the ISAC waveform before the AWG and the PAPR reduction of","The proposed system is a photonics-aided THz ISAC system using a self-coherent OFDM scheme. The system mechanism involves the use of a virtual carrier to enhance the sensing performance. The ISAC coupling mode is based on the signal-signal beat interference (SSBI), which is typically considered destructive but is transformed into a constructive component using a nonlinear matched filtering (NMF) approach. The NMF enables the extraction of sensing information from the SSBI, improving the sensing metrics such as resolution and peak-sidelobe ratio (PSLR).","The paper reports a 20-Gb/s communication rate and a 1.94-cm ranging resolution. The 3-dB resolution is improved by up to 25%, and the PSLR is increased by up to 8 dB for the sensing function. The peak-to-average power ratio (PAPR) of the integrated signal is reduced by up to 7 dB. These metrics are physically consistent with the system design and the experimental setup.","The proposed system solves the problem of improving sensing performance in THz ISAC systems by transforming SSBI into a constructive component. The system also addresses the issue of high PAPR in OFDM signals by using a virtual carrier and the RCF algorithm. However, the paper notes that the optimal CSPR for the integrated signal is higher than the PAPR of the information-bearing signal, and the system requires a careful balance between the CSPR and the PAPR to achieve optimal performance. Remaining open challenges include further improving the sensing resolution and PSLR, and exploring the use of other waveforms and signal processing techniques to enhance the system performance."
O_ISAC_083,"The paper includes several figures, including Fig. 1, which illustrates the concept of confluent mesh networking, and Fig. 2, which shows the implementation of OSaaS in a confluent mesh network. Fig. 3 depicts the connection scheme of two fibre sensing techniques. Fig. 4 illustrates the control and management functionalities for confluent networking.","The system mechanism involves the integration of radio fixed wireless (RFW), free space optics (FSO), and switched flex grid wavelength division multiplexed (Flex-WDM) fibre optics using optical-spectrum-as-a-service (OSaaS) for confluent mesh networking. The ISAC coupling mode is based on the convergence of sensing and communication signals in a unified transmission network.","The paper reports several metrics, including a 1 Tb/s capacity FSO link with a 1 km reach and sub-THz RFW links. These metrics seem physically consistent with the described system mechanism and ISAC coupling mode.","The paper addresses the challenge of achieving high-capacity, low-latency, and energy-efficient networks for 6G. However, open challenges remain, such as the development of integrated photonic emitters and receivers for RFW transceivers and the seamless implementation of OSaaS in mesh access networks."
O_ISAC_084,"The paper includes several figures, including Fig. 1, which illustrates two sample applications of LumiPane in smart bus stops, and Fig. 2, which compares traditional VLS with LumiPane. Fig. 3 shows the system architecture of LumiPane, comprising a transmitter based on LCLV and a multichannel receiver circuit. Fig. 4 illustrates the signal processing workflow for gesture recognition and ambient light communication. Fig. 5 depicts the electrical characteristics of LCLV, and Fig. 6 shows the architecture of the 1DConvTrans model.","LumiPane is an intelligent interaction system that combines visible light communication signals and gesture sensing signals for integrated transmission. It leverages the dimming characteristics of a liquid crystal light valve (LCLV) and employs a demodulation scheme that combines trend and threshold techniques. The system uses a decoupling algorithm to separate the sensing signal from the communication signal, and then uses a 1DConvTrans model for gesture recognition.","The system achieves a maximum rate of 60bps without the need for an active light source, and the 1DConvTrans model achieves an accuracy rate of 97.6% for gesture recognition. The system's performance is quite impressive for VLC using inexpensive LCLV instead of the costly LCD shutter, while still ensuring effective sensing capabilities.","The system solves the problem of integrating gesture sensing with ambient light communication, and achieves high-quality ambient light communication at a maximum rate of 60bps without the need for an active light source. However, the system's performance in outdoor environments is affected by dynamic variations in light, and interference issues may arise when scaling up to busy public spaces. Future work will focus on enhancing the communication performance in outdoor environments and addressing interference issues."
O_ISAC_085,"The paper includes several figures, including Fig. 1, which illustrates the principles of the KS-based vibration-induced phase extraction scheme, and Fig. 2, which shows the estimated differential vibration-induced phase using forward filter pass, backward filter pass, and three-pass KS in simulation. Fig. 3 shows the experimental setup and digital signal processing (DSP) diagram for integrated sensing and communication. Fig. 4 displays the time constants (TCs) of differential carrier phases under different vibrations. Fig. 5 presents the extracted vibration-induced phases and corresponding spectra under various vibration conditions.","The system mechanism involves a three-pass Kalman smoother (KS) with a scalar linear time-invariant model for integrated communication and sensing systems under commercial external-cavity lasers (ECLs). The ISAC coupling mode is based on a flexible vibration-induced phase extraction scheme, where the estimated carrier phase is differentiated to transform laser phase noise into Gaussian noise, and then the differentiated vibration-induced phase is estimated by the three-pass KS.","The paper reports a 1.5 dB improvement in SSNR at 10 kHz compared to the BPF-based scheme. The experimental results demonstrate the effectiveness of the KS-based scheme in extracting vibration-induced phases under various vibration conditions, including sinusoidal vibrations and FMCW vibrations. The results are physically consistent with the expected performance of the proposed system.","The paper solves the problem of flexible vibration-induced phase extraction in integrated sensing and communication systems. The proposed KS-based scheme achieves a 1.5 dB improvement in SSNR at 10 kHz and successfully detects sinusoidal vibrations and FMCW vibrations. However, the paper does not address the potential challenges of implementing the proposed scheme in practical scenarios, such as the impact of noise and interference on the system's performance."
O_ISAC_086,"The paper includes several figures, including Figure 1, which shows the schematic diagram of the proposed photonics-assisted MMW multiband ISAC system. Figure 2 illustrates the block diagram of multiband data fusion processing. Figure 3 displays the measured optical spectra of two OFC tones at the outputs of interleaver. Figure 4 shows the measured optical spectra at the outputs of OC1, OBPF1, and OBPF2. Figure 5 presents the measured spectrum and spectrogram of the generated MMW ISAC signal for both Ka-band and V-band cases. Figure 6 shows the temporal waveforms of the traditional OFDM signal, Ka-band ISAC signal, and V-band ISAC signal. Figure 7 demonstrates the measured BER performances as a function of the received optical powers for the Ka-band and V-band communication demonstrations. Figure 8 displays the photograph of two static metal targets for radar ranging and the obtained radar ranging results. Figure 9 shows the normalized temporal waveforms of radar de-chirped signals bef","The proposed system is a photonics-assisted MMW multiband ISAC system, which uses a single photonic MMW frequency upconverter to simultaneously generate MMW multiband ISAC signals. The system mechanism involves the use of an optical frequency comb, a wavelength selective switch, an I/Q Mach-Zehnder modulator, and a high-speed photodetector to generate the MMW multiband ISAC signals. The ISAC coupling mode is based on the phase modulation of LFM carriers with different IBWs using the baseband real-valued OFDM signal carried with different bit data, facilitating the high power-efficient radar and communication functions towards multiband/multiuser scenarios.","The reported metrics, such as the communication data rate of 16 Gbit/s and the two-dimension radar imaging with a range resolution below 3.75 cm, are physically consistent with the system mechanism and ISAC coupling mode. The ultra-high resolution radar ranging and imaging with an 8.6 mm level range resolution are also consistent with the system's capability for multiband data fusion processing.","The proposed system solves the problem of achieving large-capacity wireless communication and high-resolution sensing capabilities in a multiband ISAC system. However, the system's performance trade-off between radar and communication functions, as well as the prolongable ability to higher frequencies and more sub-bands integrated functions, are remaining open challenges that need to be addressed in future research."
O_ISAC_088,"The paper includes several figures, including Fig. 1, which illustrates the proposed system architecture for 6G ISAC services, and Fig. 2, which shows the sensing stream scheduling through optical transport switching. Fig. 3 compares the total volume of transmitted sensing traffic with and without optical network switching.","The proposed system architecture adopts an optoelectronic transport network to interconnect the Radio Access Network (RAN) with the core functions located at edge and central cloud compute resources. The system uses a Doppler OFDM radar to sense the surrounding environment and detect moving targets. The OFDM waveform is organized into frames, and the echoes (reflections) and scattering of wireless signals provide information related to the characteristics of the environment and/or objects therein.",The paper reports on the volume of sensing traffic vs resolution velocity and the optical transport network capacity allocated for sensing with and without optical network switching. The results indicate that significant benefits in terms of network capacity reduction can be achieved across a variety of mobile target detection scenarios.,"The paper proposes the adoption of optical switching technologies as an enabler in aggregating sensing streams in 6G networks supporting ISAC services. The results indicate that significant benefits in terms of network capacity reduction can be achieved. However, the paper also highlights the need for further research in optimizing the optical transport network resources for ISAC services."
O_ISAC_089,"The paper discusses the use of laser inter-satellite links (ISLs) for satellite communication, highlighting their advantages in terms of communication distance, data rate, and security. Figures 1-5 illustrate the architecture of the satellite network, the advantages of laser ISLs, and future trends and open issues.","The paper analyzes the concept of laser ISLs, discussing their benefits, such as extended communication distance, enhanced data rate, and improved security. It also explores the system architecture, including the GEO/MEO layer, LEO layer, and Earth layer, and the role of laser ISLs in each layer.","The paper verifies the physical consistency of reported metrics, such as the communication distance and data rate, by discussing the link budget and the impact of atmospheric conditions on laser ISLs. It also compares the performance of different modulation schemes, such as OOK, PPM, and SIM, and discusses the trade-offs between communication rate and sensing accuracy.","The paper critiques the strategic implications of laser ISLs, discussing their potential to improve the performance of satellite communication systems, and highlighting open issues, such as the development of compact and efficient beam steering devices, the design of effective routing and scheduling algorithms, and the integration of multiple functions in laser terminals."
O_ISAC_090,"The paper includes several figures, including Fig. 1, which shows the schematic of the proposed carrier laser PN retrieval method in a West-End to East-End coherent transmission link. Fig. 2 illustrates the receiver DSP used to retrieve the carrier laser PN. Fig. 3 shows the experimental setup for bidirectional coherent transmission and vibration sensing. Fig. 4 is a schematic and picture of the piezo electric driven vibro-acoustic transducer. Fig. 5 plots the peak-to-peak phase variation induced by the transducer device driven by sinusoid signals at different frequencies and peak-to-peak voltage. Fig. 6 shows the frequency noise power spectral density of the vibration-induced phase change. Fig. 7 shows the extracted temporal vibration phase waveform and localization results. Fig. 8 presents the standard deviation and localization error versus vibration center frequency and bandwidth. Fig. 9 shows the vibration localization results and 16 QAM signal SNR. Fig. 10 shows the recovered 60-",The system uses a carrier laser phase noise retrieval method to enhance vibration detection and localization in optical networks. The method introduces a relative delay between two frequency tones generated at the transmitter and retrieves an estimate of the transmitter laser phase noise at the coherent receiver. This allows for the mitigation of laser phase noise and improvement of vibration detection and localization precision.,The paper reports a reduction in localization error from 102 m to 43 m and a reduction in standard deviation of estimated locations from 355 m to 67 m when using the proposed method. The system achieves error-free transmission of 200 Gbps over 80 km. The reported metrics are physically consistent and demonstrate the effectiveness of the proposed method.,"The paper solves the problem of mitigating laser phase noise to improve vibration detection and localization in optical networks. The remaining open challenges include further improving the precision and accuracy of vibration localization, increasing the data transmission rate, and demonstrating the method in a more practical and commercial setting."
O_ISAC_091,"The paper includes several figures, including Fig. 1, which illustrates the beamforming process of the proposed OPA-based OW-ISAC system. Fig. 2 displays the beampatterns with respect to different SINR thresholds for communication UE and methods for precoding. Fig. 3 shows the relationship between ISLR and azimuth angle to be sensed with different SINR thresholds for communication UE and varied methods for precoding. Fig. 4 illustrates the relationships between SINR threshold for communication and ISLR for sensing.","The proposed system uses an optical phased array (OPA) to serve multiple communication user equipments (UE) and conduct sensing for the direction of interest simultaneously. The OPA-based OW-ISAC framework integrates optical beamforming, atmospheric channel modeling, and operational principles of communication and sensing subsystems. The system model incorporates an optical beamforming process to serve multiple communication UEs and conduct sensing simultaneously.","The paper derives the signal-to-interference-plus-noise ratio (SINR) and integrated sidelobe ratio (ISLR) as performance metrics to evaluate OW-ISAC. The SINR is analyzed in the light field as the performance metric for the communication sub-system, while the ISLR is selected as the sensing performance metric. The optimization problem is formulated to maximize the ISLR under the constraint of communication quality.","The proposed OPA-based OW-ISAC framework solves the problem of integrating optical beamforming, atmospheric channel modeling, and operational principles of communication and sensing subsystems. However, the paper also reveals the tradeoff between communication and sensing performance metrics, which remains an open challenge. The lack of degree of freedom for the LP formulation causes the power for probing to decrease more drastically than that of the SDR approach."
O_ISAC_092,"The paper proposes a joint communication and sensing (JCAS) waveform design method for pulse amplitude modulation (PAM) signal based on visible light. The system model consists of a light source (e.g., LED) transmitting an integrated optical signal for both communication and sensing. The signal is received by a communication detector and a sensing detector. The paper analyzes the effects of the integrated waveform parameter on common communication and sensing metrics and proposes an optimization framework for the integrated waveform parameter to achieve a tradeoff between communication and sensing performance under peak power constraint.","The system mechanism is based on visible light communication, where the light source transmits an integrated optical signal for both communication and sensing. The ISAC coupling mode is achieved through the use of a single waveform for both communication and sensing, with the parameter of the integrated waveform being adjusted to balance the communication and sensing performance.","The paper provides numerical and experimental results to validate the performance tradeoff between communication and sensing. The results show that the achievable transmission rate increases with the integrated waveform parameter, while the miss detection probability decreases with the parameter. The results are consistent with the theoretical analysis and demonstrate the physical consistency of the reported metrics.","The paper solves the problem of designing an integrated waveform for joint communication and sensing based on visible light. However, the paper also identifies the need for further research on the optimization of the integrated waveform parameter to achieve a better tradeoff between communication and sensing performance. Additionally, the paper highlights the importance of considering the physical constraints of the system, such as the peak power constraint, in the design of the integrated waveform."
O_ISAC_093,"The paper includes several figures, such as Fig. 1, which illustrates a general system framework of M-ISAC network, and Fig. 2, which shows application scenarios of the M-ISAC technology. Additionally, Fig. 3 depicts the architecture of MLLMs. These figures provide a visual representation of the concepts and systems discussed in the paper.","The paper discusses M-ISAC systems, which integrate multiple sensing modalities, such as radar, LiDAR, cameras, and GPS, with communication components. The system mechanism involves the collection of raw sensor data, preprocessing to extract relevant features, and fusion of multi-modal data to create a unified representation of the environment. The ISAC coupling mode is achieved through the use of LLMs, which process and interpret the fused multi-modal data, generating coherent and contextually relevant outputs.","The paper discusses various challenges and limitations of M-ISAC systems, including the lack of high-quality multi-modal data, rigorous training requirements for LLMs, performance-power trade-offs, and limitations in edge computing. However, it does not provide specific metrics or benchmarks for validation.","The paper identifies several challenges and open research directions, including the development of high-quality multi-modal datasets, low-cost LLM deployment, knowledge-assisted domain migration, and co-design of signal processing with LLMs. The solved problems include the integration of LLMs with M-ISAC systems, which enhances the system's ability to process and interpret multi-modal data."
O_ISAC_094,"The paper includes several figures, including Figure 1, which illustrates the perception-enhanced multitask multimodal semantic communication for UAV-assisted ISAC system. Figure 2 shows the attention mechanism of perception-enhanced fusion. Figures 3-7 demonstrate the performance of various simulation methods in target classification and data reconstruction tasks under different SNR conditions.",The system mechanism involves a perception-enhanced multitask multimodal semantic communication (PE-MMSC) framework for UAV-assisted ISAC. The ISAC coupling mode is based on a robust multimodal feature fusion method that adaptively combines hyperspectral (HSI) and LiDAR semantics while considering channel noise and task requirements.,"The paper reports a performance improvement of 5% to 10% in target classification accuracy compared to conventional systems without the PE module, while maintaining comparable data reconstruction quality with acceptable computational overheads. The results are physically consistent and demonstrate the effectiveness of the proposed PE-MMSC system.","The paper solves the problem of efficient multitask multimodal data communication in UAV-assisted ISAC systems. However, open challenges remain, such as further improving the performance of the PE-MMSC system, reducing computational overhead, and exploring the application of the proposed framework in other scenarios."
O_ISAC_095,"The paper presents a novel spectrum-efficient MMW-over-fiber (MoF) architecture for joint sensing and communication in B5G optical-wireless converged networks. The proposed MoF architecture is based on polarization interleaving and polarization-insensitive filtering. The system model shows the central unit (CU), distributed unit (DU), and remote unit (RU) with their respective components and signal flow.","The system mechanism is based on the generation of sensing and communication sidebands through asymmetrical single-sideband (ASSB) modulation and carrier-suppressed double-sideband (CS-DSB) modulation. The ISAC coupling mode is achieved through polarization interleaving and polarization-insensitive filtering, allowing for the simultaneous transmission of sensing and communication signals over the same optical fiber.","The reported metrics, such as the ±15-mm ranging accuracy for single-target detection and the 30-cm ranging resolution for dual-target detection, are physically consistent with the system's design and experimental setup. The use of ASSB modulation and polarization interleaving enables the system to achieve high-resolution sensing and communication performance.","The proposed MoF architecture solves the problem of achieving high-resolution sensing and communication performance in B5G optical-wireless converged networks. However, the system's complexity, cost, and scalability remain as open challenges. The use of polarization interleaving and polarization-insensitive filtering requires careful system design and optimization to ensure stable and reliable performance."
O_ISAC_096,"The paper discusses the concept of nanoantennas and their potential applications in various fields, including 6G wireless communication, IoT, smart cities, healthcare, and medical imaging. The images provided show different types of nanoantennas, such as nanowires, nanoloops, bow-tie antennas, and Yagi-Uda antennas.","The paper explores the fundamental aspects of nanoantennas, including their operating principles, design parameters, and applications. The ISAC coupling mode is not explicitly mentioned, but the paper discusses the potential of nanoantennas in integrated sensing and communication systems.","The paper reports on the potential of nanoantennas in various applications, including 6G wireless communication, but does not provide specific metrics on rate or resolution. However, it discusses the challenges and limitations of nanoantennas, such as their limited compatibility with planar structures and the need for high-power THz wave transmitters.","The paper highlights the potential of nanoantennas in various applications, but also discusses the challenges and limitations that need to be addressed. The solved problems include the development of nanoantennas with high gain and wide bandwidth, while the remaining open challenges include the need for high-power THz wave transmitters and the limited compatibility of nanoantennas with planar structures."
O_ISAC_097,"The paper presents a microwave photonic integrated sensing and communication system based on polarization multiplexing and frequency-to-time mapping. The system uses a dual-parallel Mach-Zehnder modulator (DP-MZM) and a dual-polarization Mach-Zehnder modulator (Dpol-MZM) to generate joint radar and communication signals, as well as transverse load sensing signals. The system diagram shows the optical signal flow and the components used, including laser diodes, polarization controllers, and photodetectors.","The system mechanism is based on polarization multiplexing and frequency-to-time mapping. The DP-MZM generates ±2nd-order optical sidebands, which are shared between two orthogonal polarizations of the Dpol-MZM. One polarization state realizes the generation of joint radar and communication signals, while the other polarization state achieves transverse load sensing in conjunction with a phase-shifted fiber Bragg grating (PS-FBG). The ISAC coupling mode is based on the sharing of the optical sidebands between the two polarizations, allowing for the simultaneous realization of radar, communication, and sensing functions.","The paper reports a radar ranging resolution of 4.8 cm and a communication data rate of 2 Gbit/s. The reported metrics are physically consistent with the system design and components used. The radar ranging resolution is determined by the sweep bandwidth of the LFM signal, which is 1.5 GHz. The communication data rate is limited by the operating bandwidth of the mixer and the response of the photodetector.","The paper solves the problem of integrating radar, communication, and sensing functions in a single system. The system demonstrates the simultaneous realization of radar ranging, communication, and transverse load sensing. However, the paper also mentions that the system has limitations, such as the limited sensing range and the need for further miniaturization and integration. The remaining open challenges include improving the system's sensitivity, increasing the sensing range, and reducing the system's size and complexity."
O_ISAC_098,"The paper proposes an optical integrated sensing and communication system based on the combination of Optical Intelligent Reflecting Surface (OIRS) and Photodiode (PD) array for mobile scenarios. The system enables the integration of sensing and communication functionalities with a single transmission, a single device, and ultimately a single network infrastructure.","The system uses OIRS to attain beam reflection and real-time deflection, effectively distributing the responsibility of beam alignment from the base station to the OIRS situated in the environment. The OIRS is divided into a narrow beam region and a wide beam region, where the wide beam region does not require beam focusing and steering.","The paper derives the probability distribution function (PDF) of channel fading and the closed-form expression of system performance, which shows the influence of various parameters on performance. Simulations have been performed to verify the accuracy of the derived results.","The paper solves the problem of beam alignment for mobile users by proposing a closed-loop control algorithm for OIRS adaptive beam positioning and deflection. However, the system is still in its basic form and needs to be scaled up to incorporate additional optical systems to enhance both sensing and communication performance."
O_ISAC_099,"The paper includes several figures, including Fig. 1, which illustrates the schematic diagram of the proposed bidirectional RO-ISAC system using TDD and clipped OFDM. Fig. 2 shows the experimental setup of the bidirectional RO-ISAC system. Fig. 3 depicts the ranging RMSE versus length of time-domain window for different distances. Fig. 4 shows the ranging RMSE versus distance for different modulation constellations and the communication BER versus distance for downlink and uplink channels. Fig. 5 illustrates the overall data rate versus number of total OFDM symbols using fixed/adaptive GI for different maximum ranging distances. Fig. 6 shows the communication BER versus OFDM clipping ratio and the ranging RMSE versus OFDM clipping ratio for different distances.","The proposed bidirectional RO-ISAC system uses time division duplexing (TDD) and clipped orthogonal frequency division multiplexing (OFDM) to achieve simultaneous communication and sensing. The system consists of a downlink device and an uplink device, where the uplink device uses a corner cube reflector (CCR) to reflect the downlink signal back to the downlink device for passive ranging. The TDD-based interference cancellation scheme is used to avoid interference between the reflected downlink signal and the uplink signal.",The paper reports a ranging resolution of 6 cm and a maximum ranging distance of 96 cm. The communication bit error ratio (BER) is below the 7% forward error correction (FEC) coding threshold of 3.8 × 10^(-3) for a distance of 96 cm. The overall data rate is also reported for different maximum ranging distances using fixed and adaptive guard intervals (GIs).,"The proposed bidirectional RO-ISAC system solves the problem of achieving simultaneous communication and sensing using a single waveform. However, the system's performance is affected by the clipping ratio of the OFDM signal, which has a different impact on communication and ranging performance. The paper also highlights the importance of adaptive GI in improving the overall data rate of the system."
O_ISAC_100,"The paper discusses an enhanced asymmetrically clipped direct-current-biased optical orthogonal frequency division multiplexing (EADO-OFDM) scheme for flexible waveform design and resource allocation in optical wireless integrated sensing and communication (OW-ISAC). The system framework is illustrated in Fig. 1, and the signal processing procedures are shown in Fig. 2.","The EADO-OFDM scheme is proposed for OW-ISAC, which can adaptively assign part of the odd subcarriers to DCO-OFDM. The system framework is based on a LiDAR that can transmit and receive optical signals simultaneously, and the signal processing techniques are discussed for both communication and sensing.","The paper provides a detailed analysis of the signal model and signal processing techniques for EADO-OFDM, including the modeling of clipping noise and the derivation of expressions for SNDR on each subcarrier. The physical consistency of the reported metrics is validated through numerical simulations.","The paper solves the problem of flexible waveform design and resource allocation for OW-ISAC, but the remaining open challenges include the optimization of system parameters and the improvement of sensing precision in the presence of atmospheric turbulence."
O_ISAC_101,"Figure 1 illustrates the ICON concept, which includes a sensing system controlled through an intelligent control platform that can be integrated into or interact with terrestrial and subsea network controllers and their network management systems.","The ICON project aims to create a pathway for fibre sensing to become an integral service in optical transmission systems. It combines physical layer sensing with an intelligent sensing control system, enabling intent- and context-awareness. The system provisions and configures IC&S network elements to fulfill sensing requirements, interfaces with sensing applications and the network management system, and creates a digital twin of network segments/elements.","The paper discusses the potential of integrating fibre sensing into telecommunications infrastructure, but does not provide specific metrics on rate or resolution. However, it mentions the use of distributed acoustic sensing (DAS) and spatio-temporal signal processing to monitor remote seismic events and detect vehicle speed, density, and road conditions.","The ICON project addresses the challenge of integrating fibre sensing into optical transmission systems, enabling improved network performance, security, and new services. However, open challenges remain, such as developing highly flexible physical layer sensing solutions, creating intelligent platforms compatible with SDN control environments, and ensuring data sovereignty and security in multi-vendor, multi-operator environments."
O_ISAC_102,"The paper discusses a machine learning-enhanced multi-pump Raman fiber amplifier (RFA) for high-performance optical backbone in low-altitude sensing and communication. The system model consists of a cascaded multi-pump Raman amplifier structure, with four pumps in both the amplification and compensation parts. The back propagation neural network (BPNN) is used to model the nonlinear relationship between pump parameters and Raman gain, and the artificial bee colony (ABC) algorithm is employed for global optimization of pump wavelengths and power configurations.","The system mechanism involves the use of a multi-pump RFA to amplify signals in the C+L+U band, with the BPNN modeling the nonlinear relationship between pump parameters and Raman gain. The ABC algorithm is used to optimize the pump wavelengths and power configurations to achieve high gain and low flatness across the target bandwidth. The ISAC coupling mode is not explicitly stated, but it can be inferred that the system is designed to support both sensing and communication applications.","The paper reports an average gain of 34.37 dB and a gain flatness of 0.28 dB, which are physically consistent with the expected performance of a well-designed RFA. The reported metrics are also consistent with the simulation results, which demonstrates the effectiveness of the proposed method.","The paper solves the problem of optimizing the performance of a multi-pump RFA for high-performance optical backbone in low-altitude sensing and communication. However, the paper also highlights the need for further research in areas such as scalability, adaptability, and robustness of the proposed method in dynamic and heterogeneous environments."
O_ISAC_103,"The paper includes several figures, including Fig. 1, which shows the structure of bidirectional submarine cables with HLLB and the proposed structure of bidirectional recirculating loops with HLLB for joint communication and sensing system. Fig. 2 illustrates the experimental setup of the bidirectional joint communication and sensing system using interconnected dual recirculating loops with HLLB. Fig. 3 shows the measured OTDR trace of the recirculating fiber loop loss profile and the Rayleigh trace separated in the frequency domain. Fig. 4 displays the Rayleigh trace of the 10th loop with an average time of about 12.8 seconds and the SNR performance over 561.7-km versus launch power.","The system uses interconnected dual counter-propagating recirculating fiber loops with high-loss loop backs (HLLBs) for joint communication and sensing. The communication signal is transmitted in one direction, while the sensing signal is transmitted in the opposite direction. The HLLBs are used to separate the backscattering sensing signal, which is then coupled to the counter-propagating fiber loop and returns to the sensing receiver at the transmitter side SLTE ends.","The paper reports a 32-GBaud DP-QPSK signal transmission over 3650-km SSMF, with a BER less than the 15% overhead soft decision forward error correction (SD-FEC) threshold of 2×10-2 after 65 loops of transmission. The sensing system demonstrates an OTDR sensing system over 3650 km SSMF, with a spatial resolution of 56.17-km distance SSMF per loop.","The paper solves the problem of joint communication and sensing over long-haul distances using recirculating fiber loops with HLLBs. However, the system still faces challenges such as nonlinear noise and signal attenuation, which limit the transmission distance and sensing resolution. Future work may focus on improving the system's performance by optimizing the launch power, using more advanced signal processing techniques, and exploring new sensing technologies such as OFDR-based sensing."
O_ISAC_104,"The paper includes two figures: Fig. 1, a scheme of the OFI-based interrogator embedded inside the PON cable itself, and Fig. 2, examples of the OFI-based interrogator embedded in the PON infrastructure. The figures show the setup of the OFI-based interrogator, including the use of Faraday rotator mirrors (FRMs) and a 3x3 coupler for passive homodyne demodulation.","The system mechanism is based on optical fiber interferometry (OFI), which uses a standard Michelson interferometer with two fibers mirrored for the wavelength devoted to sensing. The OFI-based interrogator is embedded directly inside the PON structure, allowing for joint communication and sensing. The ISAC coupling mode is achieved through the coexistence of telecommunication data and sensing signals, with the OFI-based interrogator able to monitor anthropogenic and natural events, as well as the safety of the feeder fiber and the remote node.","The paper reports on the use of the OFI-based interrogator for monitoring the safety of the PON cabinet and detecting anthropogenic activities around the PON. The results demonstrate the feasibility of the proposed approach, but do not provide detailed metrics on the resolution or accuracy of the sensing system. However, the use of OFI allows for sensitive detection of perturbations, with a slight difference in the geometrical arrangement of the fibers inside the cable enabling the revelation of the perturbation.","The paper solves the problem of providing a sustainable and cost-effective solution for sensing in PONs, leveraging the existing fiber infrastructure. The proposed OFI-based interrogator addresses the challenges of coexistence between telecommunication data and sensing signals, as well as the need for a simple and energy-efficient implementation. However, open challenges remain, such as the need for further validation and testing of the system in different scenarios, as well as the development of more advanced signal processing techniques to improve the accuracy and resolution of the sensing system."
O_ISAC_105,The paper presents a multi-channel photonic THz-ISAC system based on an integrated LFM-QAM waveform. The system achieves a communication data rate of up to 120 Gbps and a range resolution as high as 2.5 mm. The system uses a combination of linear frequency modulation (LFM) and quadrature amplitude modulation (QAM) to generate the integrated waveform. The paper also discusses the effect of THz source phase noise on the range resolution and presents a multi-channel coherent fusion sensing algorithm to improve the range resolution.,"The system uses an integrated LFM-QAM waveform, which combines the benefits of LFM and QAM to achieve high data rates and range resolutions. The LFM waveform provides a high range resolution, while the QAM modulation enables high-data-rate communication. The system also uses a multi-channel approach, where multiple channels are used to improve the range resolution and data rate. The ISAC coupling mode is based on the integration of the LFM-QAM waveform, which allows for the simultaneous transmission of communication and sensing signals.","The reported metrics, such as the data rate of up to 120 Gbps and a range resolution of 2.5 mm, are physically consistent with the system's architecture and the integrated LFM-QAM waveform. The system's performance is also compared to other state-of-the-art systems, and it is shown that the proposed system achieves better performance in terms of data rate and range resolution.","The paper solves the problem of achieving high data rates and range resolutions in a THz-ISAC system. However, there are still open challenges, such as the effect of THz source phase noise on the range resolution and the need for further improvement in the system's performance. The paper also highlights the potential of the integrated LFM-QAM waveform in supporting the development of THz-ISAC technology."
O_ISAC_106,The paper discusses a retroreflective optical integrated sensing and communication (RO-ISAC) system. It uses orthogonal frequency division multiplexing (OFDM) and a corner cube reflector (CCR). The system's reflected sensing channel is modeled using both a point source model and an area source model.,The RO-ISAC system integrates sensing and communication functions using OFDM and CCR. The point source model and area source model are proposed to accurately model the reflected sensing channel.,Theoretical and experimental results are used to verify the accuracy of the proposed channel models. The communication and sensing performance of the RO-ISAC system is also evaluated.,The use of OFDM and CCR in the RO-ISAC system enables the integration of sensing and communication functions. The proposed channel models can help improve the system's performance and accuracy.
O_ISAC_107,"The paper presents an experimental demonstration of an integrated optical wireless sensing and communication (ISAC) system using multi-band carrierless amplitude and phase (m-CAP) modulation associated with received signal strength (RSS)-based positioning. The system consists of four access points installed on the ceiling of a 1.2 x 1.2 x 2.16 m^3 room, each equipped with an IR optical antenna. The system can provide a communication link at a data rate of 12 Mbps with a bit error rate of less than 3.8 x 10^-3 to any user in a reception plane 20 cm above the ground, while estimating its position with an error of less than 5.9 cm in 90% of cases.","The system uses m-CAP modulation for data transmission and RSS-based positioning for sensing. The m-CAP modulation is a multi-carrier scheme that divides the frequency spectrum into multiple sub-bands, each modulated with CAP through the use of digital or analog pulse shaping filters. The RSS-based positioning technique uses the received signal strength to estimate the distance between the user equipment (UE) and the access points (APs). The system assumes a line-of-sight (LOS) component of the received optical signal for estimating the distances between the UE and the APs.","The paper reports a data rate of 12 Mbps with a bit error rate of less than 3.8 x 10^-3, and a positioning error of less than 5.9 cm in 90% of cases. These metrics are physically consistent with the system's architecture and the m-CAP modulation scheme used. The system's frequency response, which has a -3 dB bandwidth of around 30 MHz, supports the reported data rate. The positioning error is also consistent with the RSS-based positioning technique used, which is based on the estimated distances between the UE and the APs.","The paper solves the problem of demonstrating an experimental ISAC system using m-CAP modulation and RSS-based positioning. However, there are remaining open challenges, such as improving the system's positioning accuracy and reducing the number of calibration points required. Additionally, the system's performance in a multi-user scenario and its robustness to interference and noise need to be further investigated."
O_ISAC_108,"The paper presents a new optical integrated sensing and communication (O-ISAC) framework tailored for cost-effective Light-Emitting Diode (LED). The system unfolds in two phases: directionless O-ISAC and directional O-ISAC. In the first phase, distributed optical access points emit non-directional light for communication and leverage small-aperture imaging principles for sensing. In the second phase, optical beamforming is used to concentrate light, resulting in substantial performance enhancements in both communication and sensing.","The O-ISAC system integrates optical communication and optical sensing capabilities within a single framework. The system's performance is positively correlated, circumventing the tradeoff that has plagued RF-ISAC systems. The paper reveals the synergistic effect of optical communication and optical sensing, which share the common goal of maximizing the received light intensity at the target device.","Numerical and simulation results demonstrate the feasibility and impressive performance of O-ISAC. The system exhibits a 2.70 dB gain in BER performance in the directionless phase and a 63.35 dB gain in the directional phase, compared to a separate communication and sensing system. The sensing MSE is lower than 10^-4, corresponding to a localization accuracy of 1 cm.",The O-ISAC system provides robust and efficient indoor optical communication while simultaneously enhancing device localization accuracy. The system's ability to concentrate light intensity on the target device using optical beamforming makes it a promising solution for next-generation indoor wireless communication and sensing applications.
O_ISAC_109,"The paper includes figures and tables that illustrate the simulation pipeline, LiDAR point cloud data, and vehicle detection results. Figure 1 shows the pipeline overview, while Figures 2-4 depict the physics data generation, point cloud data, and bounding box detection. Tables I and II provide parameters for physics data generation and LiDAR configuration.","The authors discuss the potential gains of ISAC, including integration gain and coordination gain, and highlight the importance of sensing-aided communication methods in optimizing future 6G communication networks.","The error model calculates detection accuracy, true positives, false negatives, and false positives, providing insights into the behavior of LiDAR in urban traffic scenarios. The results show a maximum detection error of 1.9m, with 96% of detections having an error of less than 1m.","The beam index map is generated using the simulation pipeline and can be used to determine MIMO beam parameters for a particular vehicle at a specific time, reducing the need for frequent beam steering and minimizing communication overhead."
O_ISAC_110,"The paper proposes a novel re-use of neuromorphic (event) cameras for joint sensing and communications. The system design leverages the time-sampling nature of events for optical wireless communication and the ability to sample a collective area of physical space for imaging. The paper includes figures illustrating the conceptual design and experimental setup, such as Figure 1, which shows the robot equipped with a neuromorphic camera, and Figure 2, which displays the ORB descriptors with BF Matcher applied on grayscale image from RGB camera and event frame from neuromorphic camera.","The paper introduces a joint sensing and communication system using neuromorphic cameras, which can capture changes in light intensities and operate at low power. The system aims to achieve passive optical wireless (backscatter) communication and computer vision functions such as object and path detection using a single neuromorphic camera device.","The paper presents feasibility tests and results, including experiments on backscatter optical wireless communication and image sensing and processing. The results show that it is possible to detect the dominant frequency in the received signal and enable coherent detection. The paper also discusses the challenges in devising the bespoke joint modality system, such as making the optical wireless communication work in a fully passive manner.",The paper highlights the effectiveness of neuromorphic cameras in improving data transmission efficiency and suggests the need for domain-specific algorithms to address challenges in vision sensing. The future work aims to develop custom-made advanced packetization and demodulation techniques for this unique system and build a robotic platform to test these innovations in real-world applications.
O_ISAC_111,"The paper includes several figures, including Fig. 1, which shows the schematic diagram of the proposed photonic sub-THz ISAC system, optical spectra at different nodes, and the spectrum of the down-converted echo reflected by two targets. Fig. 2 shows the BER and ROP versus the wavelength of ECL2, power of communication signal, and power of sensing signal. Fig. 3 displays the normalized cross-correlation results with and without homologous LO.","The proposed system is a photonic sub-THz ISAC system that integrates high-speed communication and high-resolution sensing in the sub-THz band. The system uses a 2×2 MIMO fiber-wireless-fiber communication architecture and a homologous sensing down-conversion mechanism to achieve real-time communication and offline sensing. The ISAC coupling mode is based on the FDM method, where the communication and sensing signals are separated by a frequency gap.","The reported metrics, such as the real-time data rate of 125.516 Gbps and the offline spatial resolution of 10 mm, are physically consistent with the system's architecture and the experimental setup. The use of a homologous LO for sensing down-conversion helps to mitigate the frequency offset and phase noise, resulting in a higher spatial resolution.","The proposed system solves the problem of achieving high-speed real-time communication and high-resolution sensing in the sub-THz band. However, the system's complexity and the need for precise control of the frequency gap between the communication and sensing signals remain open challenges. Additionally, the system's scalability and robustness in various environments need to be further investigated."
O_ISAC_112,"The paper presents a system model for optical IRS-aided indoor visible light fingerprint localization. The system consists of multiple LEDs, optical IRS units, and photodiodes (PDs). The LEDs are used as both illumination sources and signal transmitters, while the optical IRS units are used to reflect the light signals to enhance the localization accuracy. The PDs are used to capture the optical signals and measure the received signal strength (RSS) values.","The system mechanism is based on the principle of fingerprint localization, where the RSS values are used to determine the location of the target. The ISAC coupling mode is achieved through the use of optical IRS units, which reflect the light signals to enhance the localization accuracy. The system uses a time-division scheme, where the PD receives signals transmitted from a single LED at each discrete time instant.","The paper reports a localization accuracy of 0.079 m for 90% of the target locations using the DE-WI algorithm. The reported metrics are physically consistent, as the localization accuracy is within the expected range for indoor visible light positioning systems.","The paper solves the problem of localization inaccuracy in indoor visible light positioning systems due to line-of-sight (LoS) link blockages. However, the paper does not address the challenge of dynamic environmental factors, such as moving objects or changing lighting conditions, which can affect the localization accuracy."
O_ISAC_113,"The paper includes several figures, including Fig. 1, which shows the considered scientific monitoring and reliable telecommunications (SMART) network, and Fig. 2, which depicts the experimental demonstration setup of the proposed SMART system. Fig. 3 shows the FM modulation and optical multiplexing of sensing information, and Fig. 4 presents the estimated ∆f*(T) under different temperatures.",The proposed system uses frequency modulation (FM) and optical single-sideband (SSB) modulation to integrate sensing and communication in subsea SMART networks. The sensing information is converted into multiple frequency subcarriers that reside near the communication spectrum without interference.,"The paper reports a temperature monitoring resolution of 0.0625°C, which matches the resolution limit of the DS18B20 sensing probe used. The frequency estimation error gradually stabilizes as the DFT length increases, and the use of a frequency multiplier allows for smaller frequency fluctuations, highlighting its advantage in enhancing resolution.","The proposed system addresses the challenge of integrating sensing and communication in subsea SMART networks, achieving ultra-dense multiplexing and real-time temperature monitoring. However, the paper does not discuss the scalability of the proposed ISAC configuration for multiple-span links in detail, which remains an open challenge."
O_ISAC_114,"The paper presents a novel optical integrated communication, sensing, and power transfer (O-ICSPT) system. The system integrates optical wireless communication, sensing, and wireless power transfer into a multifunctional framework. The experimental setup investigates the effects of bias current, peak-to-peak voltage, and light source wavelength on the performance of each functional module. The system achieves a maximum data rate of approximately 632.58 Mbps, a best ranging root mean square error approaching 0 m, and a peak energy harvesting capability of about 10.02 mW.","The O-ICSPT system uses a reflected light-based orthogonal frequency division multiplexing (OFDM) system for communication and sensing. The system employs a laser diode (LD) as the light source and a photodiode (PD) for signal detection. The LD is driven by an arbitrary waveform generator (AWG) and an electrical amplifier (EA). The system also includes an optical power splitter (OPS) to split the optical power into two sub-beams, one for communication and sensing, and the other for energy harvesting (EH). The EH module uses a photovoltaic (PV) cell to convert the optical power into electrical energy.","The reported metrics are physically consistent. The system achieves a maximum data rate of approximately 632.58 Mbps, which is a reasonable value for an optical wireless communication system. The best ranging root mean square error approaching 0 m indicates that the system has a high accuracy in sensing. The peak energy harvesting capability of about 10.02 mW is also a reasonable value for an EH system.","The O-ICSPT system solves the problem of integrating communication, sensing, and power transfer into a single system. However, there are still open challenges, such as optimizing the system parameters for better performance, improving the energy harvesting efficiency, and developing more efficient photovoltaic cells."
O_ISAC_115,"The paper discusses integrated sensing and communication in 6G systems, focusing on channel modeling for THz imaging. A 3-D metallic test chart is designed to evaluate the sensing modeling quality. The paper introduces geometrical optics (GO), physical optics (PO), and integral equation (IE) methods for simulating the EM fields and combines them with the EM inverse scattering method for developing the image of the 3-D test chart.","The system mechanism is based on deterministic channel modeling approaches, including GO, PO, and IE methods, to simulate the EM fields of a 3-D test chart. The ISAC coupling mode is achieved through the use of these methods to model the sensing channel.","The paper verifies the physical consistency of the reported metrics by comparing the simulated images obtained using the GO, PO, and IE methods with the measured image obtained through an experimental setup in a chamber. The results show that the IE method agrees well with the measurement, while the GO and PO methods can only show the characteristics of 2-D optical imaging.",The paper identifies the solved problem as the development of a deterministic channel modeling approach for THz imaging in 6G systems. The remaining open challenge is the need for more accurate and efficient channel modeling methodologies that can capture the physical phenomena of real-world 3-D electromagnetic sensing targets.
O_ISAC_116,"The paper presents a solar-blind UV communication system with non-line-of-sight (NLOS) capability, achieving full-room coverage with a data rate of 2 Mbps. The system uses a UV LED array and a photomultiplier tube (PMT) as the receiver. The paper also demonstrates the potential for integrated sensing and communication (ISAC) using the system.",The system uses a UV LED array with a combined output power of 0.45 W and a PMT with a 44° field of view. The system achieves NLOS communication by detecting scattered/reflected UV photons from the room ceiling. The paper also explores the potential for ISAC by exploiting the increased scattering of UV photons due to the presence of aerosol/particles in the channel.,"The paper presents a comparison between the proposed NLOS system and a traditional line-of-sight (LOS) system. The results show that the NLOS system achieves a wider coverage area and is more robust to misalignment between the transmitter and receiver. The paper also presents a BER and SNR analysis for the NLOS system, demonstrating its feasibility for high-fidelity data transmission.","The paper demonstrates the potential of the proposed system for ISAC applications, such as smoke detection in enclosed environments. The system's ability to detect changes in the received signal power due to scattering by aerosol/particles makes it a promising solution for secure and adaptable communication in challenging environments."
O_ISAC_117,"The paper includes several figures, including Fig. 1, which depicts the OFDM-LFM integrated system, Fig. 2, which illustrates the matched filtering process, Fig. 3, which shows the BER performance of different turbulence intensities, Fig. 4 and Fig. 5, which depict the simulation results of the fuzzy function for both LFM signal and ACO-OFDM-LFM signal, and Fig. 6, which shows the FPGA-based hardware test platform.","The system combines asymmetric limiting optical orthogonal frequency division multiplexing (ACO-OFDM) and linear frequency modulation (LFM) technologies to seamlessly integrate optical communication and lidar ranging. The ACO-OFDM-LFM signal is generated by mapping binary data to the starting and ending frequencies of the LFM signal, and then applying 4QAM modulation and IFFT processing.","The paper reports a BER performance improvement of 4.2 dB under Gamma-Gamma weak and medium turbulence channel conditions compared to a single LFM signal. The system also exhibits a distinctive 'peg' shape in the ambiguity function, indicating superior distance and speed resolution capabilities. The laboratory prototype demonstrates a data transmission rate of 10 Mbps and a ranging accuracy of less than 0.14 cm.","The system addresses the challenges associated with traditional communication-sensing integrated systems in the Internet of Vehicle (IoV) environment, particularly in terms of spectrum demand and hardware implementation costs. However, the system's performance under strong turbulence conditions is degraded, and the likelihood of strong turbulence occurring in a real Telematics communication environment is not explicitly addressed."
O_ISAC_118,The paper proposes a MIMO-radar based cyclist detection method for long-range scenarios using Integrated Sensing And Communication (ISAC). The method employs Capon and amplitude and phase estimation (APES) beamforming techniques to estimate the angle of arrival (AoA) of the target. The paper includes several figures and tables to illustrate the simulation results and performance of the proposed method.,"The paper introduces the concept of ISAC and its application in long-range cyclist detection. It highlights the challenges of low Signal-to-Noise Ratio (SNR) conditions and proposes the use of MIMO radar and beamforming techniques to address these challenges. The paper also discusses the system model, including the transmitter and receiver antenna arrays, and the target state matrix.","The paper presents simulation results to evaluate the performance of the proposed method. The results show that the Capon beamformer provides accurate angle estimation but suffers from limited resolution, while the APES beamformer offers superior resolution at the cost of estimation accuracy. The paper also presents Monte-Carlo simulation results to evaluate the detection performance of the proposed method.","The paper identifies the limitations of the proposed method, including the reduced angular resolution of the Capon beamformer and the bias in the estimated angles of the APES beamformer. The paper suggests future work to develop methods that enhance angular resolution while reducing estimation bias."
O_ISAC_119,The paper presents a W-band fiber-wireless link with integrated sensing and communication functions enabled by electromagnetic polarization multiplexing. The system uses asymmetrical single-sideband modulation along with optical heterodyne up-conversion to generate ultra-wideband sensing and communication waveforms in W-band. The electromagnetic polarization multiplexing allows the radar and communication signals to operate in a co-time and co-frequency (CTCF) mode without time-frequency competition.,"The system mechanism is based on electromagnetic polarization multiplexing, which enables the radar and communication signals to operate in a CTCF mode without time-frequency competition. The ISAC coupling mode is achieved through the use of two orthogonal electromagnetic polarizations, allowing the sensing and communication signals to transmit simultaneously without interference.","The reported metrics, such as the spatial resolution of up to 15 mm and data rate as high as 92 Gbit/s, are physically consistent with the system's design and capabilities. The use of electromagnetic polarization multiplexing and asymmetrical single-sideband modulation enables the generation of ultra-wideband sensing and communication waveforms, which can support high-resolution sensing and high-data-rate communication.","The paper solves the problem of integrating sensing and communication in a W-band fiber-wireless link without time-frequency competition. However, the remaining open challenges include further improving the system's performance, such as increasing the spatial resolution and data rate, and reducing the complexity and cost of the system. Additionally, the system's scalability and robustness in practical scenarios need to be further investigated."
O_ISAC_120,"The paper presents a reconfigurable phase-time array (PTA) transmitter for joint communication and sensing. The system uses a combination of phase shift and true time delay (TTD) to create a prism-like spectral-to-spatial mapping property, allowing for simultaneous multi-RX localization and physically secured wireless communication.","The PTA transmitter uses a combination of phase shift and TTD to create a prism-like spectral-to-spatial mapping property. This allows for simultaneous multi-RX localization and physically secured wireless communication. The system mechanism is based on the beam squinting phenomenon in phased arrays, which is enhanced by the PTA technique to create a spatial dispersion that can be used for localization and security.","The paper reports a maximum time delay of 112 ps, which is sufficient for an eight-element antenna array at 28 GHz with ±60° beam steering. The measured IF time delay is 112 ps with a minimum time delay step of ~4 ps. The RF time delay variation is between 1.1% and 4.6% over 25-33 GHz (27% FBW). The measured CW results show a P_sat, OP1 dB, and drain efficiency (PA) of 17.66 dBm, 15/15.57/16.2 dBm, and 35%/36%/37%, respectively, in the three states.","The paper solves the problem of simultaneous multi-RX localization and physically secured wireless communication using a reconfigurable phase-time array (PTA) transmitter. However, the paper also mentions that the security can be improved by using larger time delay and phase shift values, and that the system can be extended to low-bandwidth modulated signals using larger (Δt, ΔΦ) settings. The open challenges include improving the security of the system, extending the system to low-bandwidth modulated signals, and demonstrating the system with a larger array size."
O_ISAC_121,"The paper includes several figures, including Fig. 1, which illustrates the architecture and principle of the S-DNN for all-optical DOA estimation, and Fig. 2, which shows the experimental system and results of the S-DNN.",The S-DNN is an all-optical computing paradigm for DOA estimation that uses a multi-layer metasurface and detector array to perform light-speed computation on EM waves without digital conversion. The system mechanism involves identifying the phase distribution of far-field EM waves to determine the angles of target sources.,"The paper reports an angular resolution of 1°, which exceeds the diffraction limit by four times. The experimental results show that the S-DNN can achieve super-resolution DOA estimation with an accuracy of 96%.","The S-DNN solves the problem of achieving super-resolution DOA estimation beyond the diffraction limit. However, the paper does not discuss the potential challenges of scaling up the system for practical applications or the limitations of the broadband robust training method."
O_ISAC_122,"The paper includes several figures, including Fig. 1, which illustrates the principle of the super-resolution diffractive neural network (S-DNN) for all-optical DOA estimation. Fig. 2 shows the experimental system used to characterize the S-DNN. Fig. 3 presents a comparison of the angular response between the S-DNN and a lens system. Fig. 4 displays the experimental results of the confusion and energy distribution matrices for the test samples. Fig. 5 demonstrates the broadband DOA estimation performance of the S-DNN. Fig. 6 illustrates the application of DOA estimation with passive S-DNNs for RIS-based communications.","The S-DNN is a passive, all-optical system that uses diffractive neural networks to estimate the direction of arrival (DOA) of electromagnetic waves. The system consists of multiple layers of sub-wavelength diffractive elements that modulate the amplitude and phase of the incident light field, generating a super-oscillatory angular response within a local angular range. The S-DNN can be designed to operate in either 1D or 2D estimation modes to estimate the elevation and azimuth angles of the targets individually or simultaneously.","The paper reports that the S-DNN achieves an angular resolution of 1°, which is four times higher than the diffraction-limited resolution. The system also demonstrates broadband super-resolution DOA estimation over a wide field of view, with an estimation delay that is in principle two to four orders of magnitude lower than commercial devices.","The S-DNN solves the problem of achieving super-resolution DOA estimation beyond the diffraction limit, eliminating the need for traditional RF circuits or digital processing systems. However, the system still requires further development to achieve reconfigurability and to integrate with other systems, such as RIS-based communications."
O_ISAC_123,"The paper includes several figures, including Fig. 1, which shows the experimental setup with two Turtlebot2 robots and a 15.6-inch LCD screen. Fig. 2 illustrates the block diagram of the proposed ROS-compatible OISAC scheme. Fig. 3 depicts the leader-follower setup and camera model. Fig. 4 shows the pose estimation. Fig. 5 presents the results of the first experiment, including the trajectory and formation errors. Fig. 6 displays the braking distance in the second experiment. Fig. 7 shows the results of the third experiment, including the trajectory, formation errors, and velocity.","The proposed system integrates camera sensing and screen-camera communication (SCC) for cooperative mobile robotics. The SCC link is used to transmit the leader's velocity information to the follower, which then uses this information to estimate the relative pose and control its movement. The system addresses new challenges such as image blur and long image display delays, and is designed for real-time control of mobile robots.","The paper reports several metrics, including the packet loss rate under different distances and view angles, as well as the display delays under different queue sizes. The results show that the proposed screen-camera link design has a packet loss rate of less than 3% within 1.2-meter distance and 50-degree view angle. The display delay substantially increases as the subscribing queue size increases.","The proposed system solves the problem of integrating sensing and communication for cooperative mobile robotics, and addresses the challenges of image blur and long image display delays. However, the system still faces open challenges such as the trade-offs between screen size and OISAC performance, as well as between sensing performance and communication performance."
O_ISAC_124,"The paper includes several figures and tables that provide detailed information about the proposed antenna design, including its configuration, operation principle, and simulation results. Figure 1 shows the application of the LWAoD with multibeam and wide spatial coverage for vehicular ISAC systems. Figure 2 presents the stack-up of the proposed array employing LWAoD elements and 2-dimensional spatial beam scanning for vehicle ISAC applications.","The unit cell optimization method is used to determine the optimal number of unit cells, ensuring that the LWAoD structure remains optically transparent while achieving minimal cumulative loss. The proposed antenna also features a shared aperture concept that supports both phase scanning (PS) and frequency scanning (FS) modes.",The simulation results show that the proposed antenna achieves a wide scanning angle of -48° to +45° across 22-38 GHz. The measured reflection coefficient achieves a wide operational bandwidth ranging from 20 to 40 GHz. The proposed antenna exhibits a radiation efficiency ranging from approximately 28% to 45% across the 22-38 GHz band.,The proposed antenna demonstrates novelty compared to referred designs by achieving a wide impedance bandwidth (55.33%) and widest 2-D spatial beam coverage (≅ 93°×108°) while maintaining a compact profile (0.018λ) and supporting display panel integration for vehicle ISAC systems.
O_ISAC_125,"The paper includes several figures, including Fig. 1, which shows the frequency-diverse microwave imaging using a low-profile broadband 1-bit randomly encoded folded reflectarray co-aperture transceiver. Fig. 2 illustrates the metasurface configuration, and Fig. 3 shows the phase of the metaunit and the polarization conversion responses. Fig. 4 displays the configuration and transmission response of the designed polarizer grid. Fig. 5 plots the electric-field distributions on the imaging plane at different frequencies. Fig. 6 shows the S-parameters of the imaging system and the singular value distributions, sensing capacities, and number of modes for different operational bandwidths. Fig. 7 shows the fabricated metasurface and its singular value distribution. Fig. 8 illustrates the setup of near-field measurement and microwave imaging in an anechoic chamber. Fig. 9 and Fig. 10 provide simulated and experimental results of microwave imaging using the proposed folded reflectarray transce","The system mechanism is based on a low-profile broadband 1-bit randomly encoded folded reflectarray co-aperture transceiver for frequency-diverse microwave imaging. The ISAC coupling mode is achieved through the combination of a polarization conversion metasurface and a polarizer grid, which enables the co-aperture integration of transmitter and receiver with different radiation patterns.","The paper reports a wide operational bandwidth of 13 GHz to 31 GHz, corresponding to 82% relative bandwidth. The metasurface exhibits a high polarization conversion ratio above 90%. The system's sensing capacity is quantified using the singular values, and the number of modes increases with the bandwidth. The experimental results demonstrate the high performance of the folded reflectarray transceiver.","The paper solves the problem of achieving a low-profile, wideband, and high-sensing-capacity microwave imaging system. The remaining open challenges include further improving the system's bandwidth, reducing the complexity of the metasurface design, and exploring the application of the system in various fields such as medical imaging, nondestructive testing, and security screening."
O_ISAC_126,"The paper proposes a 6G general large-scale fading channel model (6GLSFCM) for multiple frequency bands and scenarios. The model considers basic loss, atmospheric attenuation loss, scintillation loss, and building penetration loss. The paper also provides simulation results and validation with channel measurement data for multiple frequency bands and scenarios.","The 6GLSFCM is a general channel model that integrates the electromagnetic propagation characteristics across multiple frequency bands and scenarios. The model considers the large-scale fading characteristics of the electromagnetic propagation for multiple frequency bands and scenarios of 6G. The ISAC coupling mode is not explicitly mentioned in the paper, but it is one of the scenarios considered in the model.",The paper provides simulation results and validation with channel measurement data for multiple frequency bands and scenarios. The results show that the proposed 6GLSFCM can accurately capture the large-scale propagation characteristics of the specific frequency bands and scenarios.,The paper solves the problem of lacking a comprehensive large-scale fading channel model for multiple frequency bands and scenarios in 6G. The remaining open challenges include the need for more measurement data to validate the model and the need for further research on the application of the model in different scenarios.
O_ISAC_127,"The paper includes several figures and tables that illustrate the system model, experimental setup, and performance results of the proposed RIS-assisted underwater optical wireless communication (UOWC) system. Figure 1 shows the system model, which includes an ISAC-enabled base station, an RIS, and environmental sensors. Figure 2 illustrates the unified system architecture, which integrates an LSTM network for environmental prediction, a DRL agent for real-time RIS control, and an NSGA-II optimizer for multi-objective refinement. Figure 3 presents the proposed closed-loop system for RIS-assisted underwater optical communication. Figure 4 shows the bit error rate (BER) performance under varying salinity conditions. Figure 5 illustrates the secrecy rate versus SNR for the proposed LSTM-DRL framework. Figure 6 presents the Pareto front obtained using NSGA-II, which shows the trade-off between secrecy rate and energy efficiency. Figure 7 depicts the latency breakdown of the LSTM-DRL-NSGA-I","The proposed system integrates a Reconfigurable Intelligent Surface (RIS) with an ISAC-enabled base station to enable secure and efficient data transmission in dynamic aquatic environments. The RIS is composed of passive elements that can be programmed to introduce phase shifts, allowing for beamforming and null steering. The system uses a Long Short-Term Memory (LSTM) network to predict environmental parameters such as salinity and turbulence, which are then used to inform the Deep Reinforcement Learning (DRL) agent. The DRL agent selects candidate RIS phase-shift configurations that maximize secrecy rate and energy efficiency while minimizing bit error rate (BER). The NSGA-II optimizer refines these configurations to achieve Pareto-optimal solutions that balance secrecy rate and energy efficiency.","The paper reports a secrecy rate of 8.2 bps/Hz, which is a 46.4% improvement over the static RIS baseline. The system also achieves a bit error rate (BER) of 2.3 × 10^(-5) under high-salinity conditions, representing a 41.4% reduction compared to the static RIS baseline. The reconfiguration latency is 37.5 μs per element, which is well within the 100 ms coherence time of the underwater optical channel. The system's performance is validated through experimental evaluations using oceanographic data from varying salinity and turbulence conditions.","The proposed system addresses the challenges of underwater optical wireless communication (UOWC) by integrating a Reconfigurable Intelligent Surface (RIS) with an ISAC-enabled base station. The system uses a Long Short-Term Memory (LSTM) network to predict environmental parameters, a Deep Reinforcement Learning (DRL) agent to select RIS phase-shift configurations, and an NSGA-II optimizer to refine these configurations. The system achieves significant improvements in secrecy rate, bit error rate, and reconfiguration latency. However, open challenges remain, such as scaling the system to larger RIS arrays, maintaining real-time operation, and addressing the impact of biofouling on RIS surface reflectivity."
O_ISAC_128,"The paper includes several figures, including Fig. 1, which illustrates the principles of dual comb and match filter DAS. Fig. 2 shows the dual comb enabled ISAC experimental setup over a fiber access network, including spectrums at different locations. Fig. 3 presents the recovered traces from different paths, differential phase variation, and reconstructed vibrations of each path. Fig. 4 displays the demodulated SNR with sensing on/off in different launch powers and the performance of commonly used short-reach modulation with sensing on.","The system uses a dual-comb-enabled integrated sensing and communication method, where two optical combs are generated from a single narrow linewidth seed laser. One comb is dedicated to communication, and the other has a slightly offset frequency spacing for sensing. The combs are modulated with FMCW, allowing for the separation of Rayleigh backscattering by different frequency bands. This configuration enables low-bandwidth coherent receivers to accurately reconstruct the sensing information.","The paper reports a sensing spatial resolution of up to 0.5 meters for various modulation schemes and across various fiber lengths. The communication performance is also evaluated, showing no significant penalty with the sensing function activated. The results are physically consistent, considering the dual-comb configuration and FMCW modulation.","The paper solves the problem of integrating sensing and communication in a fiber access network without adding complexity to the user-end equipment. The proposed dual-comb-enabled ISAC scheme allows for real-time, independent sensing of all channels within the network. However, open challenges remain, such as further improving the sensing resolution, reducing the system's complexity, and demonstrating its scalability in larger networks."
O_ISAC_129,"The paper proposes a system called VehicleTalk, which uses optical wireless communication and sensing for vehicle-to-vehicle (V2V) communication. The system utilizes the head/tail LED lights of vehicles to construct communication/sensing channels. The paper includes several figures, including Figure 1, which illustrates the overview of the VehicleTalk framework, and Figure 2, which shows three types of status awareness in VehicleTalk.","The system uses a combination of optical wireless communication and sensing to enable V2V communication and perception functions. The communication component uses Raptor Codes to combat packet loss, while the perception component uses a fast risk detection algorithm to detect status changes of adjacent vehicles.",The paper presents experimental results to verify the effectiveness of the proposed system. The results show that the system can achieve a goodput of 5 kbps and a sensing task with a median RE and RER below 1.6% and 10% at a distance of 5 m.,The paper proposes a novel approach to V2V communication and sensing using optical wireless communication and sensing. The system has the potential to improve traffic safety and efficiency by enabling vehicles to communicate and sense each other's status in real-time.
O_ISAC_130,"The paper includes several figures, including Fig. 1, which illustrates the research methodology of the proposed method, and Fig. 2, which shows microscope photographs of E. marina and I. galbana samples. Fig. 3 presents the absorbances of E. marina and I. galbana samples. Fig. 4 shows the preparation steps for microalgal solution with different densities and photographs of E. marina and I. galbana in various densities. Fig. 5 displays photographs of QDs in solvent and in solidified status, normalized emission spectra of blue, green, yellow, orange, and red light, and quantum yields of green, yellow, orange, and red light at 460-nm excitation. Fig. 6 illustrates the frequency responses of the blue LED chip and QD CCLs in different colors. Fig. 7 depicts the arrangement of the VLSC measuring system and measurement photographs of microalgae at varying densities by using the yellow QD CCL. Fig. 8 shows BER versus microalgae density by using E. marina and the orange QD CCL, and BER versus ","The proposed system is a quantum dot (QD)-based visible light sensing and communication (VLSC) system. The system uses emissions spanning the blue, green, yellow, orange, and red spectra to evaluate the density of microalgae across different species and varying densities. The bit error rate (BER) of the VLSC system serves as an intermediate to calculate microalgae density under various data rates and light colors by fitting the linear area of BERs.","The paper reports the BER and optical power of the VLSC system under various microalgae densities and light colors. The results show that the BER increases with the increase in microalgae density, and the optical power decreases with the increase in microalgae density. The paper also reports the accuracy of the proposed method, which is validated by comparing the calculated densities using the proposed method with those obtained from the conventional counting method.","The proposed method solves the problem of measuring microalgae density using a VLSC system. The method is contactless, eco-friendly, and offers convenience in automatic measurement without the need for sampling or risking contamination of the original microalgal solution. However, the method still has some limitations, such as the need for a training process to establish the mapping relationship between BER and microalgae density, and the potential impact of system errors on the measured BER results."
O_ISAC_131,The paper discusses a joint Lambertian model calibration and positioning (JCAP) scheme for integrated optical wireless communication and sensing. The system model involves LEDs and a user device (UD) with a photodiode. The goal is to estimate the UD location and orientation direction. The paper proposes a majorization minimization (MM)-based optimization method to address the non-convexity of the JCAP problem.,"The system mechanism involves the use of LEDs as beacons to transmit visible light signals, which are then sensed by the UD's photodiode. The ISAC coupling mode is based on the joint optimization of the Lambertian emission model (LEM) parameters and the UD location and orientation direction.",The paper reports the convergence of the proposed MM-based JCAP algorithm and its performance in terms of UD localization error. The results show that the proposed algorithm outperforms the state-of-the-art VLP baseline methods.,"The paper solves the problem of joint LEM calibration and positioning for integrated optical wireless communication and sensing. However, the paper does not discuss the potential challenges and limitations of the proposed algorithm in practical scenarios, such as the impact of noise and interference on the system performance."
O_ISAC_132,"The paper discusses terahertz band communication and sensing, with a focus on photon-assisted technology. It presents various experimental setups and results, including large capacity transmission, long distance transmission, real-time communication, and integrated sensing and communication. The paper includes several figures and tables, such as Figure 1, which shows the experimental setup of the integrated optical wireless transmission system, and Table I, which summarizes representative achievements in large capacity terahertz transmission.","The system mechanism is based on photon-assisted technology, which uses optical signals to generate terahertz signals. The ISAC coupling mode is achieved through frequency division multiplexing (FDM) or time division multiplexing (TDM), where the sensing and communication signals are multiplexed and transmitted simultaneously.","The paper reports several experimental results, including a 6.4 Tbit/s terahertz signal transmission over 20 km fiber and 54 m wireless distance, and a 400 m wireless transmission of a 335 GHz terahertz signal with a net bit rate of 25.6 Gbit/s. These results demonstrate the physical consistency of the reported metrics, such as rate and resolution, and show the potential of photon-assisted technology for high-speed and long-distance terahertz communication.","The paper solves several problems, such as achieving high-speed and long-distance terahertz communication, and demonstrating the potential of photon-assisted technology for integrated sensing and communication. However, there are still open challenges, such as improving the efficiency of photoelectric conversion, increasing the flexibility of terahertz antennas, and developing new materials and devices for terahertz communication."
O_ISAC_133,"The paper includes several figures, including Fig. 1, which depicts a UAV-based IPSAC scenario, and Fig. 2, which illustrates the transmitter of the CEO-OFDM system. Other figures, such as Fig. 3, show the signal flowchart of the proposed passive sensing algorithm, and Fig. 4, which presents the analysis of BER and TDOA error performance under different β/Pmax values.","The system mechanism is based on CEO-OFDM, which uses a cyclic prefix (CP) to mitigate clipping distortion caused by peak power limitations. The ISAC coupling mode is achieved through the use of the CP for correlation analysis in estimating the TDOA of the signal, allowing for precise distance and velocity measurements.",The paper reports that the proposed CEO-OFDM system outperforms DCO-OFDM and ACO-OFDM systems in terms of BER performance and TDOA error. The results show that the TDOA estimation error in the CEO-OFDM system is 4 times less than that of the DCO-OFDM system and 2 times less than that of the ACO-OFDM system.,"The paper solves the problem of efficient target detection and TDOA estimation in OWC systems with peak power constraints. However, the system's performance in multi-path environments and the impact of noise on the sensing accuracy are not fully addressed and remain as open challenges."
O_ISAC_134,"The paper presents a system model for radar-LiDAR fusion-aided RF beam prediction in vehicular communications. The system consists of a base station (BS) equipped with a mmWave antenna array, radar, and LiDAR. The radar is used to estimate the mobility parameters of target vehicles, while LiDAR is used to extract environmental features. The paper also presents a multimodal fusion framework that combines the radar and LiDAR data to predict the optimal RF beam index.",The system mechanism involves using radar to estimate the mobility parameters of target vehicles and LiDAR to extract environmental features. The ISAC coupling mode is based on a multimodal fusion framework that combines the radar and LiDAR data to predict the optimal RF beam index. The fusion is performed in two steps: feature-level fusion and decision-level fusion.,The paper presents numerical results that demonstrate the effectiveness of the proposed multimodal fusion framework in improving the beam prediction accuracy. The results show that the proposed framework outperforms other deep neural network architectures in terms of beam prediction accuracy and stability.,"The paper solves the problem of improving beam prediction accuracy in vehicular communications using a multimodal fusion framework. However, the paper also identifies some open challenges, such as the need for further optimization of the fusion framework and the development of more efficient algorithms for processing the radar and LiDAR data."
O_ISAC_135,"The paper contains several figures, including Figure 1, which shows the Calbuco volcano's geographic location, and Figures 2-4, which display VIIRS and ATMS imagery of the volcanic eruption. Figure 5 illustrates the MSDW mask and BTD mask values. Figure 6 presents the estimated TML, plume height, and MFR from ATMS data. Figures 7-10 show retrieval products from MODIS, VIIRS, and CALIOP lidar data.","The paper discusses the use of satellite data, including ATMS and VIIRS, to detect and estimate near-source volcanic plume parameters, such as tephra mass loading and plume height. The ISAC coupling mode is based on the synergistic utilization of high-quality lidar, in combination with realistic particle models, to improve ash mass concentration retrievals.","The paper presents a comparison of the estimated tephra mass loading from ATMS data with empirical formulas and ground-based measurements, showing a relatively good agreement. The estimated plume height from ATMS data is also compared with the height derived from MODIS and CALIOP lidar data, showing a consistent result.","The paper solves the problem of detecting and estimating near-source volcanic plume parameters using satellite data. However, the remaining open challenges include the need for more accurate and robust retrieval algorithms, as well as the development of more advanced particle models to improve ash mass concentration retrievals."
O_ISAC_136,"The paper includes several figures, including Figure 1, which illustrates the Rydberg atomic receiving mechanism, and Figure 2, which shows the transceiver diagram of the broadband RYDAR-based ISAC framework. Figure 3 illustrates the detected results at the proposed ISAC receiver, and Figure 4 presents proof-of-concept demonstrations for radar and communication functionalities. Figure 5 displays typical applications for RYDAR-based ISAC.","The system mechanism is based on the Rydberg Atomic Receiver (RYDAR), which exploits the Rydberg-state atoms to exhibit superior sensitivity to electromagnetic fields. The ISAC coupling mode is achieved through a monostatic sensing scenario, where a RYDAR-empowered base station provides constant data coverage for heterogeneous mobile users while performing radar detection with the communication signals.",The paper reports a root mean square error (RMSE) of 1.04 cm for target distance estimation and a bit error rate (BER) less than 3.97% for communication validation. These metrics are physically consistent with the proposed RYDAR-based ISAC framework and demonstrate its potential for high-resolution sensing and high-rate communication.,"The paper addresses the limitation of classical electronic receivers in terms of sensitivity and operating bandwidth. However, it also highlights the challenges associated with the RYDAR architecture, such as the instantaneous bandwidth limitation, scanning latency, and environmental sensitivity. Open challenges include the development of more sophisticated signal processing algorithms, array-based configurations, and photonic integration for miniaturization."
O_ISAC_137,"The paper includes several figures, such as Fig. 1, which shows a block diagram of a time tagger with one measurement channel in continuous recording (CR) mode, and Fig. 3, which displays the result of software-based selection of reflected signals in a real experiment. Additionally, Fig. 5 illustrates the structure of a transmitted reference pulse-position modulation (TR-PPM) signal.","The system mechanism involves continuous event recording in Satellite Laser Ranging (SLR) systems, which enables the measurement of the total propagation time of laser light pulses. The ISAC coupling mode is achieved through the use of pulse position modulation (PPM) for encoding information in the time difference between reference and information pulses, allowing for simultaneous laser ranging, lidar functionality, and data transmission.","The paper reports a potential bitrate of approximately 66 Mbit/s for a 128-position TR-PPM signal with a position width of 200 ps and a dead time of 40 ns. This seems physically consistent, given the parameters provided.","The solved problem is the implementation of continuous event recording in SLR systems, which simplifies the ranging experiment and expands its capabilities. Remaining challenges include reducing the dead time of time-to-digital converters (TDCs) to improve the efficiency of continuous ranging and to achieve higher data transmission rates."
O_ISAC_138,"The paper discusses a novel multi-modal perception-aided beam prediction framework for unmanned aerial vehicle-to-vehicle (UAV-to-UAV, U2U) communication in millimeter-wave (mmWave) bands. The framework leverages heterogeneous onboard sensing data, including global positioning system (GPS), red-green-blue (RGB) cameras, LiDAR, and radar altimeters, to enhance beam prediction accuracy.","The proposed framework, called MPFusionNet, integrates a dynamic time warping (DTW)-based alignment mechanism and embeds geometry-aware priors within a perceiver input-output (PerceiverIO)-based fusion architecture to achieve robust spatiotemporal representation.","Experiments on a simulated U2U dataset show that MPFusionNet attains a top-3 beam prediction accuracy of 97.59%, substantially surpassing conventional models.",The paper highlights the effectiveness of multi-modal learning in improving robustness and generalization of predictive beamforming for future autonomous aerial communication systems.
O_ISAC_139,"The paper presents an end-to-end localization framework utilizing COTS IoT devices and advanced RSSI processing techniques. The system architecture consists of two layers: Edge and Cloud. The Edge layer contains RSSI-transmitting beacons and trackable objects, while the Cloud layer is responsible for data processing and localization. The paper also discusses the use of machine learning algorithms for LoS/NLoS classification and distance estimation.","The system mechanism is based on the Integrated Sensing and Communication (ISAC) paradigm, which leverages signal-based modalities focusing on received signal strength indication (RSSI). The ISAC coupling mode is achieved through the use of RSSI measurements, which are inherently embedded in wireless communication packets, to enable cost-effective and vendor-agnostic localization without the need for additional hardware.","The paper reports a significant improvement in RSSI stability, with a reduction in standard deviation of up to 82% and a drastic reduction in outliers and fluctuations of more than 90% for distances up to 2m. The paper also reports an accurate LoS/NLoS classification with up to 99% accuracy and an improvement in overall localization accuracy of more than 83%.","The paper solves the problem of indoor localization using RSSI measurements, achieving high accuracy and robustness. However, the paper also highlights the remaining open challenges, such as the need for further improvement in RSSI stability and the development of more advanced machine learning algorithms for LoS/NLoS classification and distance estimation."
O_ISAC_140,"The paper includes several figures, including Fig. 1, which depicts an indoor scenario with a transmitter and receiver operating at an mmWave frequency. Fig. 2 shows the estimation of a LiDAR-like depth map at each receiver position using only mmWave MIMO CIR based on an AI/ML model. Fig. 3 illustrates the pre-processing of raw inputs, transforming bi-static CIR into mono-static format. Fig. 4 displays the DL model architecture for depth map estimation. Fig. 5 shows the experimental setup, with a conference room and a fixed transmitter and receiver moving slowly along marked paths. Fig. 6 compares ground truth LiDAR PCD and predicted PCD for four samples. Fig. 7 is a color plot of Chamfer distance between LiDAR PCD and predicted PCD along testing data locations. Fig. 8 plots Chamfer distance vs testing data location index, and Fig. 9 is a box plot of Chamfer distance for testing data samples.","The system mechanism involves using MIMO RF signals to estimate the depth map of an environment. The ISAC coupling mode is based on a two-step method called RF2LiDAR, which first performs pre-processing to convert RF data into LiDAR-like mono-static signals and then uses a deep learning model to target LiDAR point cloud data.","The paper reports an average Chamfer distance of 2m^2 between the predicted and ground truth LiDAR point clouds, indicating a reasonable physical consistency. The resolution of the predicted depth map is 0.25m, which is comparable to the resolution of LiDAR systems.","The paper solves the problem of estimating depth maps using MIMO RF signals, which is a significant step towards enabling digital twins at scale and low cost. However, the paper also highlights the challenges of using RF signals for sensing, such as the limited resolution and range compared to LiDAR systems. Open challenges include improving the accuracy and robustness of the RF2LiDAR method and exploring its applications in various fields."
O_ISAC_141,"The paper presents a system model for an electromagnetic field exposure-aware AI framework for integrated sensing and communications-enabled ambient backscatter wireless networks. The system consists of a cellular network with a single cell, multiple user proximity wireless devices (UPWDs), and a base station (BS). The UPWDs communicate with the BS using ambient backscatter communication (ABC) and power-domain non-orthogonal multiple access (PD-NOMA). The system aims to minimize the electromagnetic field (EMF) exposure during uplink transmissions while ensuring quality of service (QoS) requirements.","The system uses a k-medoids clustering approach to group UPWDs into clusters, and then assigns a subcarrier to each cluster. The power allocation is done using a water-filling algorithm, which takes into account the channel gain and interference for each user in the cluster. The system also uses successive interference cancellation (SIC) to decode the received signal at the BS. The ISAC coupling mode is achieved through the use of ABC, which enables the UPWDs to reflect the RF signals and modulate them to carry information.","The paper presents simulation results that show the performance of the proposed system in terms of aggregated uplink EMF exposure. The results are compared to other methods, such as OFDMA and PD-NOMA without ABC. The proposed system shows a significant reduction in EMF exposure, especially at lower required bit rates.","The paper solves the problem of minimizing EMF exposure during uplink transmissions in ISAC-enabled ABC-assisted cellular networks. However, the paper also highlights the need for further research in optimizing the system parameters, such as the number of clusters and the power allocation strategy, to achieve better performance. Additionally, the paper notes that the system assumes a fixed number of subcarriers and time slots, which may not be realistic in practical scenarios."
O_ISAC_142,"The paper includes several figures, including Fig. 1, which illustrates the 6G usage scenarios of IMT-2030, and Fig. 2, which shows the historical development of ISs. Fig. 3 depicts the applications of ISs in 6G, and Fig. 4 illustrates the organization of the article. Other figures, such as Fig. 5, Fig. 6, Fig. 7, and Fig. 8, provide additional information on IS reflection/beamforming design and beam training.","The paper discusses the concept of Intelligent Surfaces (ISs) and their potential applications in 6G wireless networks. ISs are programmable metasurfaces that can be used to enhance wireless communication and sensing performance. The paper also explores the idea of Integrated Sensing and Communication (ISAC), which enables services requiring sensing capabilities such as high-precision localization and tracking, radio imaging, and map generation.","The paper provides an overview of the state-of-the-art results on the design of reflection-based IS, including reflection optimization, deployment, signal modulation, wireless sensing, and ISAC. The authors also discuss the recent progress in advanced IS architectures and their associated new design issues and solutions.","The paper highlights the potential of ISs to enable a wide range of applications in 6G, including immersive communication, hyper-reliable and low-latency communication, and massive communication. However, the authors also note that there are still many open challenges and problems to be solved, such as the development of more practical approaches for IS passive reflection/beamforming design and the reduction of training overhead for IS beam training."
O_ISAC_143,"The paper includes several figures, such as Figure 1: Hardware Prototype, Figure 2: Original drone diagram with attached PoseFly, Figure 3: PoseFly circuit and diagram, and Figure 4: The demonstration examples. These figures provide visual details of the PoseFly system, including the hardware components and the demonstration setup.","The PoseFly system uses optical camera communication (OCC) to enable integrated sensing and communication for swarming drones. The system exploits the rolling shutter effect and uses LED nodes to transmit data. The OCC approach allows for drone indication, on-site localization, quick-link channel establishment, and basic lighting. The system uses a cyclic preamble (CP) and on-off keying (OOK) modulation for data transmission.","The paper reports a data rate of 5.4 Kbps, which is achieved through the transmission of 90 valid OOK data symbols per image frame at a camera frame rate of 60 FPS. The system also demonstrates multi-level drone localization, including distance estimation, angle estimation, and speed estimation. The reported metrics appear to be physically consistent with the system's design and implementation.","The PoseFly system addresses several challenges in swarming drone communication and localization, including the need for decentralized control, interference mitigation, and accurate localization. However, the system may still face challenges such as scalability, robustness to environmental factors, and security. Further research is needed to address these open challenges and to improve the system's performance and reliability."
O_ISAC_144,"The paper includes several figures, including Fig. 1, which illustrates the WSDT framework, and Figs. 2-6, which show the heliostat structure, sensor array layout, and stress/displacement distributions under different wind speeds.","The system mechanism involves a multichannel wind-signal driven digital twin (WSDT) framework for a 50 m^2 heliostat. The ISAC coupling mode is based on integrated sensing and communication, where the heliostat is treated as an intelligent sensing node, collecting environmental and structural response signals through multichannel sensors.","The paper reports on the stress and displacement distributions of the heliostat under different wind speeds, which are physically consistent with the expected behavior of the structure under wind loads.","The paper solves the problem of real-time structural health monitoring of a heliostat using a WSDT framework. However, open challenges remain, such as the development of more advanced signal processing algorithms and the integration of the WSDT framework with other renewable energy systems."
O_ISAC_145,"The paper presents a system model for hybrid radio-optical wireless body area networks (HyWBANs), which combines the strengths of radio frequency (RF) and optical wireless communication (OWC) technologies. The system consists of an in-body device (Alice) that sends data to an on-body device (Bob) through a hybrid RF-OWC channel. The system also includes a jamming receiver that introduces intentional interference to enhance security. The paper provides various figures and tables that illustrate the system model, channel measurements, and performance results.","The system mechanism involves the use of a hybrid RF-OWC channel to transmit data from the in-body device to the on-body device. The ISAC coupling mode is based on the use of a jamming receiver that introduces intentional interference to enhance security. The system also uses semantic communications to encode and decode the data. The paper presents a mathematical model for the system, including the channel capacities and the secrecy rate.","The paper presents numerical results that demonstrate the performance of the system. The results show that the system can achieve a secrecy energy efficiency (SEE) of approximately 3 bit/Hz/Joule. The paper also presents a comparison with other schemes, including a random power allocation scheme, and shows that the proposed scheme outperforms these schemes. The results are based on simulations using realistic channel models and parameters.","The paper solves the problem of optimizing the secrecy energy efficiency of hybrid RF-OWC systems. The paper also identifies remaining open challenges, including the need for further research on the optimization of the system parameters and the development of more advanced jamming strategies. The paper also highlights the importance of considering the physical layer security of the system and the need for further research on the use of semantic communications in hybrid RF-OWC systems."
O_ISAC_146,"The paper includes two figures: Figure 1, which shows the Pulsed Polarized H- Ion Injector Layout, and Figure 2, which shows the 8Li Polarization Layout. Figure 1 depicts the layout of the injector, including components such as the Bending Magnet, Diagnostics Box, Focussing Solenoid, Lyman-Alpha Detector, Sodium Cell, Neutral Injector Plasmatron, Pulsed Valve, Radio Frequency Quadrupole, Spin Filter, and Vacuum Pump. Figure 2 illustrates the setup for polarizing 8Li atoms, including the Alkali Vapour Neutralizer Cell, Optical Pumping Region, Photomultipliers, Gaseous Ionizer Cell, and Analyzing Chamber.","The paper discusses the development of the Optically Pumped Polarized Ion Source (OPPIS) for high-energy accelerators and colliders. The OPPIS uses optical pumping to polarize hydrogen ions, which are then used to produce a high-intensity polarized proton beam. The system mechanism involves the use of a high-brightness proton source, optical pumping, and a spin filter to produce a polarized beam. The ISAC coupling mode is not explicitly mentioned, but the paper discusses the use of the OPPIS for various applications, including parity-nonconservation studies and material studies with polarized radioactive beams.","The paper reports several metrics, including the polarized H- ion current, beam energy, and polarization level. The reported metrics appear to be physically consistent, with the polarized H- ion current ranging from 1.64 mA to 10 mA, and the beam energy ranging from 6 keV to 20-50 keV. The polarization level is reported to be up to 70-80% for 8Li and 50% for Ne-17.","The paper discusses the development of the OPPIS for high-energy accelerators and colliders, which addresses the need for high-intensity polarized proton beams. The solved problems include the production of high-current polarized H- ion beams and the development of a high-brightness proton source. The remaining open challenges include the need for further increases in polarized H- ion current, the development of more efficient optical pumping schemes, and the application of the OPPIS technology to other areas, such as material studies with polarized radioactive beams."
O_ISAC_147,"The paper includes several figures, such as Figure 1, which shows the off-shore platform used for the experiment, and Figure 2, which displays the brightness contrast as a function of the elevation angle. Figure 3 presents a comparison between the retrieved curvature spectrum and three different spectrum models. Figure 4 illustrates the wave conditions obtained from radar measurements, and Figure 5 shows a comparison between S-band measurements and model simulations as a function of the incidence angle.",The system mechanism involves the use of microwave radiometers and radar to measure the sea surface roughness and wind speed. The ISAC coupling mode is based on the combination of active and passive microwave measurements to retrieve wave parameters and characterize the spectral properties of the waved surface.,"The paper reports a good agreement between the measured and simulated brightness temperatures at S and Ka bands, which validates the physical consistency of the metrics. However, the retrieval of wave spectrum parameters shows appreciable disagreements between retrieved and simulated parameters, indicating some inconsistencies.","The paper solves the problem of retrieving wind speed from microwave radiometric measurements using an algorithm based on supervised Artificial Neural Network (ANN). However, the retrieval of wave spectrum parameters remains an open challenge due to the disagreements between retrieved and simulated parameters."
O_ISAC_148,The paper discusses the use of Copernicus Sentinel-1 SAR and Sentinel-2 optical data to document floods and fires affecting cultural heritage sites in the Middle East. Figures 1-3 show the use of SAR and optical data to analyze flood and fire events at the archaeological sites of Sergiopolis and Apamea in Syria.,"The paper uses a multi-sensor approach, combining SAR and optical data, to detect and analyze flood and fire events. The authors use change detection analysis and spectral indexes to identify and map the affected areas.","The paper verifies the physical consistency of the reported metrics by using validated processing routines in the GEP and comparing the results with other studies. The authors also discuss the limitations of the approach, such as cloud coverage and the need for ad hoc change detection analysis.","The paper highlights the importance of using multi-sensor satellite data to document and analyze flood and fire events affecting cultural heritage sites. The authors suggest that this approach can be used to identify and map affected areas, and to monitor the temporal evolution of the events."
O_ISAC_149,"The paper includes several figures, including Figure 1, which shows the optical periscope installed in the back seat of the F-104, Figure 2, which depicts the mobile Precision Automated Tracking System (PATS), Figure 3, which illustrates the retroreflector arrays mounted on the periscope flaring, Figure 4, which shows the manually operated optical acquisition system, Figure 5, which displays a three-dimensional pictorial of the aircraft and its orientation relative to the runway, and Figure 6, which shows x-y and x-z plots displayed in real-time. Figure 7 shows the rectilinear coordinate system established with the origin at the approach end of the runway.","The system uses a mobile Precision Automated Tracking System (PATS) with a laser tracker and a telemetry acquisition system to provide merged data in real-time. The PATS tracker uses a retroreflector array on the aircraft to track its position. The system also includes a video tracker, an optical acquisition aid, and radar data acquisition. The ISAC coupling mode is not explicitly stated, but it appears to be a resource division approach, where the laser tracker and telemetry system provide separate but complementary data streams.","The paper reports that the PATS system can track the aircraft with a high degree of accuracy, but it does not provide specific metrics on the rate or resolution of the system. However, it does mention that the system uses an 18-bit shaft angle encoder, which suggests a high level of precision.","The system appears to have solved the problem of providing accurate and reliable tracking data for aircraft in flight. However, the paper does not explicitly state any remaining open challenges, but it does mention the need for further development of the system to support more advanced flight test scenarios."
O_ISAC_150,"The paper discusses the vision, applications, requirements, technologies, challenges, and research directions for 6G wireless communication systems. It highlights the growing trends in mobile communications, expected service requirements, and network characteristics in 6G communication systems. The paper also presents the potential critical technologies for the development of the 6G system, including artificial intelligence, terahertz communications, wireless optical technology, free-space optical network, blockchain, three-dimensional networking, quantum communications, unmanned aerial vehicles, cell-free communications, integration of wireless information and energy transfer, integrated sensing and communication, integrated access-backhaul networks, dynamic network slicing, holographic beamforming, backscatter communication, intelligent reflecting surface, proactive caching, and big data analytics.","The paper discusses the concept of 6G wireless communication systems, including the integration of sensing and communication, and the use of artificial intelligence, terahertz communications, and other technologies to enable ultra-high-data-rate, low-latency, and ultra-reliable connectivity. The ISAC coupling mode is not explicitly mentioned, but the paper highlights the importance of integrating sensing and communication in 6G systems.","The paper provides various metrics and requirements for 6G wireless communication systems, including peak data rates, latency, and reliability. However, it does not provide specific benchmark results or comparisons with existing systems. The paper focuses on the vision, applications, and technologies for 6G systems, rather than providing a detailed technical analysis or benchmarking of specific systems.","The paper identifies several challenges and open issues in the development of 6G wireless communication systems, including the need for higher data rates, lower latency, and greater reliability. The paper also highlights the importance of integrating sensing and communication, and the use of artificial intelligence and other technologies to enable ultra-high-data-rate, low-latency, and ultra-reliable connectivity. The remaining open challenges include the development of new technologies and architectures to support the requirements of 6G systems, as well as the need for further research and standardization efforts."
O_ISAC_151,"The paper includes several figures, including Figure 1, which depicts the BigFiberNet architecture, comprising three main components: the fabric-based large-scale non-disturbance platform, mobile edge intelligence, and remote cloud. Figure 2 illustrates the fabric-based large-scale non-disturbance sensing platform, which integrates advanced chips and provides both raw data and preprocessing results. Figure 3 shows the LLMs-based non-disturbance cognition platform, which leverages data semantic relevance to adapt to changing user needs. Figure 4 illustrates the LLM-empowered Mobile Edge Intelligence for Resource Optimization with User Need Alignment. Figure 5 presents the experimental example of LLM application in the remote cloud layer of the proposed BigFiber-Net. Figure 6 demonstrates the performance evaluation on the BigFiberNet testbed.","The BigFiberNet system integrates fabric computing technology with 5G and large language models (LLMs) to enable non-disturbance mobile sensing networks. The system employs an LLM-based encoder to pre-encode collected multimodal data, constructing a detailed semantic space of user needs. The platform dynamically adjusts and accurately predicts user requirements by analyzing historical interaction preferences and the semantic similarity of data from newly connected applications.","The paper reports on the performance evaluation of the BigFiberNet testbed, which demonstrates the efficiency of the PPO algorithm in solving the optimization problem. The results show that the proposed algorithm consistently achieves higher scores compared to strategies relying on raw data retrieval, unified outlier processing, or fixed data compression rates.","The paper introduces BigFiberNet, a novel architecture for large-scale non-disturbance mobile sensing networks, addressing the challenges of non-disturbance, multi-user applications. The system enables efficient data transmission and optimized service quality across varying user needs and application scenarios. However, challenges remain regarding the computational power of edge devices and network bandwidth."
O_ISAC_152,"The paper includes several figures, including Fig. 1, which shows the schematic configuration of the proposed photonics-assisted system for joint radar ranging, wireless communications, and spectrum sensing. Fig. 2 illustrates the spectra and waveforms at different locations in the proposed scheme. Fig. 3 explains the principle of the frequency-to-time mapping (FTTM) construction. Fig. 4 shows the schematic structure following the polarization beam splitter (PBS) when the wavelength selective switch (WSS) is deployed. Fig. 5 displays the electrical spectra of the signal from the arbitrary waveform generator (AWG) and the photodetector (PD1). Fig. 6 shows the optical spectra of the signal output from the X-DPMZM. Fig. 7 compares the waveforms of the transmitted signal and the received signal. Fig. 8 illustrates the instantaneous frequency-time diagram of the transmitted signal and the frequency spectrum of the de-chirped IF signal. Fig. 9 presents the target ranging results. Fig. 10 sho","The proposed system uses a photonics-assisted approach to integrate radar ranging, wireless communications, and spectrum sensing. The system mechanism involves the use of a polarization-multiplexed dual-parallel Mach-Zehnder modulator (PM-DPMZM) to generate a multi-function signal that enables radar ranging and spectrum sensing on one polarization state and wireless communications on the other. The ISAC coupling mode is based on the sharing of hardware and signal level, with de-chirping and spectrum sensing performed in the optical domain using the same hardware platform.","The paper reports a radar ranging measurement error of ±3.2 cm, wireless communications at 1 Gbit/s over 1.8 m free space transmission, and precise spectrum sensing with a measurement error within ±3.2 MHz. These metrics are physically consistent and achievable based on the system design and experimental setup.","The proposed system solves the problem of integrating radar ranging, wireless communications, and spectrum sensing into a single platform, achieving high-performance metrics. However, the system requires complex signal processing and hardware control, which may pose challenges for practical implementation and scalability. Further research is needed to address these challenges and explore the potential applications of this technology."
O_ISAC_153,"The paper includes several figures, including Fig. 1, which shows three types of metasurface structural units, and Fig. 2, which shows the schematic of the SRR unit cell and simulated electric field distribution at the resonant frequency. Fig. 3 presents the fabrication of frequency-selective metasurface, and Fig. 4 shows the schematic and actual setup of the continuous wave THz-FDS system. Other figures, such as Fig. 5, Fig. 6, Fig. 7, Fig. 8, and Fig. 9, provide additional information about the system's performance and results.","The system mechanism involves the use of a terahertz metasurface sensor with ultrahigh frequency selectivity and polarization sensitivity. The ISAC coupling mode is based on the interaction between the terahertz waves and the metasurface, which enables the sensing of biochemical substances. The metasurface is designed to have a specific resonant frequency, which is matched with the characteristic absorption peak of the substance to be sensed, allowing for enhanced spectral sensing.","The paper reports a frequency resolution of 0.05 GHz and a spectral resolution of up to 0.05 GHz, which is consistent with the capabilities of the THz-FDS system used in the experiment. The reported quality factor (Q) values of the metasurface are also consistent with the expected values based on the design and fabrication of the metasurface.","The paper solves the problem of characterizing terahertz metasurface sensors with ultrahigh frequency selectivity and polarization sensitivity. However, the paper also mentions some limitations, such as the systematic error during the metasurface fabrication and the trade-off between the extraction accuracy of the transmission extreme points and the SNR. These limitations remain as open challenges for future research."
O_ISAC_154,"The paper discusses the use of satellite microwave and infrared radiometric imagery for monitoring volcanic plumes and ash clouds. Figures 2 and 3 show VIIRS data at 05:08 and 19:08 UTC, with brightness temperatures and ash cloud masks. Figures 4 and 5 show ATMS data at the same times, with microwave brightness temperatures. Figure 6 shows the combination of MW and TIR signatures, and Figures 7 and 8 show estimates of tephra mass loading and mass flow rate.","The paper explores the complementarity of microwave and thermal infrared satellite observations for volcanic ash monitoring. It discusses how TIR brightness temperatures saturate near the volcanic vent, while MW radiometric observations can retrieve information below the plume top height. The paper also presents preliminary estimates of tephra mass loading and plume height from MW data.","The paper verifies the physical consistency of reported metrics by comparing them to expected values. For example, the estimated tephra mass loading and plume height are reasonable from a volcanological point of view and agree with qualitative ground observations. The paper also discusses the limitations of MW radiometers, such as poor spatial resolution, and the potential for interference from background emissions.","The paper identifies the solved problem of monitoring volcanic plumes and ash clouds using satellite microwave and infrared radiometric imagery. However, it also highlights the remaining open challenge of improving the spatial resolution of MW radiometers and developing more robust retrieval algorithms. The paper suggests that the use of MW and TIR observations can provide a more comprehensive understanding of volcanic eruptions and improve the initialization of volcanic transport and dispersion models."
O_ISAC_155,"The paper includes several figures, such as Figure 1, which shows a logistics scenario with mobile robots transporting goods while running compute-intensive processes, and Figure 2, which presents an overview of the implemented components from the HERO framework. Figure 3 displays the dashboard and point cloud views with real-time insight into process orchestration.","The paper presents the Human-Enhanced Robot Orchestration (HERO) framework, which enables context-aware, real-time robot process orchestration across cloud-edge nodes. The framework supports adaptive and dynamic offloading, container-based process orchestration, and context-aware workload placement for robotic applications. The system mechanism involves monitoring compute status, network bandwidth, and battery levels to make real-time decisions for offloading processes to idle robots, edge servers, or the cloud.","The paper reports several metrics, including offload rate, bandwidth usage, energy use, average runtime, and logistics process time. The results show that the implemented HERO framework extends uninterrupted robot runtime by 4×, improves network usage efficiency by 26%, and reduces energy and compute resource consumption by 57.5% compared to static orchestration strategies. These metrics appear to be physically consistent and demonstrate the effectiveness of the framework.","The paper solves the problem of adaptive and dynamic offloading in robotic process orchestration, demonstrating improved runtime, energy efficiency, and network usage. However, open challenges remain, such as integrating learning-based and predictive task scheduling for adaptive, low-latency orchestration, optimizing task prioritization, and evaluating the framework in complex scenarios."
O_ISAC_156,"The paper discusses Physical Layer Security for Authentication, Confidentiality, and Malicious Node Detection in IoT Networks. It provides an overview of recent advancements in PLS techniques, including PLKE, PLA, and Wyner-inspired PLS. The paper also explores the application of cutting-edge technologies such as RIS, NOMA, THz communications, OWC, and JCAS in achieving secure transmissions.","The paper focuses on Physical Layer Security (PLS) techniques for IoT networks, including PLKE, PLA, and Wyner-inspired PLS. The system mechanism involves using physical layer attributes to secure transmissions, and the ISAC coupling mode is not explicitly mentioned.","The paper discusses various PLS techniques and their performance metrics, but it does not provide specific numerical values for rate or resolution. Therefore, it is not possible to validate the physical consistency of the reported metrics.","The paper identifies the need for secure and efficient PLS techniques for IoT networks and discusses various approaches to address this challenge. However, it also highlights the limitations and open challenges associated with these techniques, such as the need for more efficient key establishment protocols and the vulnerability to jamming attacks."
O_ISAC_157,"The paper presents a system model for practical DOA estimation, considering various imperfect factors such as antenna position perturbations, inconsistent gains and phases, mutual coupling effects, and nonlinear effects. The proposed SDOA-Net method uses convolution layers to extract features from the raw sampled signals and achieves faster convergence in training compared to other deep learning-based methods.","The SDOA-Net method uses a CNN architecture with multiple convolution layers, followed by batch normalization and ReLU activation functions. The output of the network is a vector that can be used to estimate the spatial spectrum, which is then used to determine the DOA.","The simulation results demonstrate that the proposed SDOA-Net method outperforms existing methods in terms of DOA estimation accuracy, especially in scenarios with imperfect arrays. The method achieves a 39.13% improvement in RMSE compared to the ANM method at an SNR of 10 dB.","The proposed SDOA-Net method addresses the challenge of DOA estimation in imperfect arrays by utilizing a deep learning approach. However, further research is needed to improve the performance of the method in scenarios with high levels of imperfection and to develop more efficient and robust methods for DOA estimation."
O_ISAC_158,"The paper includes several images, including a picture of a reconfigurable holographic surface radio system, a diagram of a 6G network architecture, and a graph showing the performance of a blind interference alignment technique. The images are used to illustrate the concepts and technologies discussed in the paper, such as ultramassive MIMO, joint communication and sensing, and space edge computing.","The paper discusses various 6G technologies, including reconfigurable holographic surfaces, AI-based channel extrapolation, and joint communication and sensing. The ISAC coupling mode is not explicitly stated, but it appears to be a combination of joint waveform design and shared hardware. The system mechanism involves the use of advanced technologies such as ultramassive MIMO, edge computing, and space-based networks to enable high-speed and low-latency communication and sensing.","The paper reports various metrics, including data rates, latency, and accuracy. However, the physical consistency of these metrics is not explicitly verified. The paper assumes that the reported metrics are achievable based on the proposed technologies and architectures, but it does not provide a detailed analysis of the physical limitations and constraints that may affect the performance of the system.","The paper identifies several solved problems, including the development of reconfigurable holographic surfaces, AI-based channel extrapolation, and joint communication and sensing. However, it also highlights several remaining open challenges, such as the need for further research on ultramassive MIMO, space edge computing, and non-terrestrial networks. The paper also emphasizes the importance of addressing the technical, economic, and social challenges associated with the development and deployment of 6G networks."
O_ISAC_159,The paper presents a photonics-aided THz integrated sensing and communication system based on a subcarrier-chirp inter-embedded waveform. The system uses a coherent optical frequency comb (OFC) for up-conversion and achieves simultaneous 88-Gbps data rate and 8-mm radial resolution over a 10.2-m wireless transmission.,"The system mechanism is based on a subcarrier-chirp inter-embedded (SCIE) method, which embeds subcarrier communication signals in the idle time-frequency gaps of a linear frequency-modulated continuous wave (LFMCW). The ISAC coupling mode is a co-time and co-frequency (CTCF) mode, where the sensing and communication functions share the same time and frequency resources.","The reported metrics, such as the 88-Gbps data rate and 8-mm radial resolution, are physically consistent with the system's architecture and the principles of photonics-aided THz ISAC systems.","The paper solves the problem of achieving high data rates and high-resolution sensing in a photonics-aided THz ISAC system. However, open challenges remain, such as further improving the system's performance, reducing the complexity of the system, and demonstrating its feasibility in practical scenarios."
O_ISAC_160,"The paper contains various images, including system diagrams, charts, and block diagrams. Figure 1 shows the factors considered for path loss prediction in V2X scenarios, including weather, traffic density, and frequency bands. Figure 2 illustrates the considered scenarios, with 11 base stations and multiple vehicles. Figure 3 displays multi-modal sensor data, including RGB images, depth images, and LiDAR point clouds. Figure 4 presents the generative adversarial architecture, and Figure 5 shows the generator architecture. Figure 6 depicts the discriminator architecture. Figure 7 displays the convergence process of generative adversarial learning loss. Figure 8 shows the convergence process of supervised learning loss. Figure 9 illustrates the MSE in five different scenes. Figure 10 shows the generalization performance of the model across different scenarios. Figure 11 compares the performance of different training algorithms. Figure 12 compares the performance of different models.","The system mechanism involves using multi-modal data from various sensors, including RGB cameras, depth cameras, and LiDAR sensors, to predict path loss in V2X scenarios. The ISAC coupling mode is based on a generative adversarial network (GAN) that utilizes the multi-modal data to generate path loss predictions. The GAN consists of a generator and a discriminator, where the generator takes the multi-modal data as input and produces a predicted path loss distribution, and the discriminator assesses the reliability of the predicted path loss distribution.","The reported metrics, such as MSE and MAE, are physically consistent with the system mechanism and ISAC coupling mode. The MSE values are below 3e-3 across all five scenarios, indicating high accuracy in path loss prediction. The MAE values are also relatively low, ranging from 0.24 to 0.26, indicating good performance in terms of absolute error.","The solved problems include the development of a GAN-based path loss prediction model that can accurately predict path loss in V2X scenarios using multi-modal data. The remaining open challenges include improving the model's scalability and generalization across different scenarios, as well as exploring the use of other machine learning techniques, such as reinforcement learning, to further improve the model's performance."
O_ISAC_161,"The paper contains various diagrams and figures illustrating different aspects of ISAC systems, including system diagrams, block diagrams, and circuit diagrams. These visual aids help to explain the concepts and architectures of ISAC systems, such as the integration of sensing and communication functions, antenna arrays, and RF front-end designs.","The paper discusses the concept of Integrated Sensing and Communication (ISAC) systems, which aim to integrate sensing and communication functions within a shared hardware platform. The ISAC coupling mode is achieved through various techniques, including time-division multiplexing (TDM), frequency-division multiplexing (FDM), and code-division multiplexing (CDM). The system mechanism involves the use of shared antennas, RF front-ends, and signal processing chains to support both sensing and communication operations.","The paper reports various metrics, such as data rates and range resolutions, for different ISAC system implementations. To verify the physical consistency of these metrics, it is essential to consider the underlying system architectures, component specifications, and operational conditions. For example, the reported data rates and range resolutions should be consistent with the capabilities of the RF front-ends, antennas, and signal processing chains used in the system.","The paper highlights the progress made in ISAC system development, including the integration of sensing and communication functions, the use of advanced antenna arrays, and the implementation of efficient signal processing algorithms. However, it also identifies remaining open challenges, such as the need for further miniaturization, improved energy efficiency, and enhanced system scalability. Additionally, the paper discusses the importance of addressing these challenges to enable the widespread adoption of ISAC systems in various applications."
O_ISAC_162,"The paper contains several images, including a pie chart showing the distribution of 3GPP ISAC use cases, a system diagram for UAV use cases, a block diagram of the Nokia ISAC PoC architecture, and a heatmap showing a range-Doppler periodogram. These images provide visual representations of the concepts and systems discussed in the paper.","The paper discusses the concept of Integrated Sensing and Communication (ISAC) and its potential applications in 6G networks. The ISAC system mechanism involves the use of a single base station (gNB) that can perform both communication and sensing functions. The ISAC coupling mode is achieved through the use of a unified system architecture that enables the sharing of resources such as time, frequency, and space between communication and sensing.","The paper reports on the physical consistency of the metrics used in the ISAC system, including the radar cross-section (RCS) values for different targets and the link budget calculations for sensing coverage. The reported metrics are physically consistent and align with the expected values for the given scenarios.","The paper identifies several solved problems, including the development of ISAC channel models and the demonstration of ISAC proof-of-concept (PoC) systems. However, there are still open challenges, such as the need for further research on ISAC waveform design, beamforming, and hardware issues, as well as the development of more advanced ISAC systems that can support a wide range of applications."
O_ISAC_163,"The paper contains multiple images, including conceptual diagrams, block diagrams, circuit diagrams, photographs, and charts. These images depict various aspects of Reconfigurable Intelligent Surfaces (RIS) and their applications in Integrated Sensing and Communication (ISAC) systems. The images show different types of RIS, such as reflective, transmissive, and simultaneous transmissive and reflective (STAR) RIS, as well as their potential applications in 6G networks, including indoor and outdoor scenarios.","The paper discusses the concept of Multi-Functional RIS (MF-RIS) and its potential applications in ISAC systems. The MF-RIS is designed to integrate sensing and communication capabilities, enabling simultaneous localization and mapping (SLAM) and real-time channel estimation. The ISAC coupling mode is achieved through the use of RIS, which can reflect and refract electromagnetic waves to create a smart wireless environment. The paper also discusses the use of holographic sensor fusion and machine learning algorithms to enable location-aware communication and improve the overall efficiency of the system.","The paper provides a comprehensive overview of the state-of-the-art in RIS research, including the physical principles and limitations of RIS. The authors discuss the challenges associated with RIS, such as aperture efficiency, specular reflection, and user association in multiple access channels. The paper also provides a detailed analysis of the trade-offs between different RIS designs and their potential applications in 6G networks. The reported metrics, such as data rate and resolution, are physically consistent with the described system mechanisms and ISAC coupling modes.","The paper identifies several solved problems, including the development of MF-RIS and its potential applications in ISAC systems. However, the paper also highlights several remaining open challenges, such as the need for more efficient RIS designs, improved aperture efficiency, and better understanding of the physical principles underlying RIS. The authors also emphasize the importance of addressing the challenges associated with RIS, such as specular reflection and user association in multiple access channels, to enable the widespread adoption of RIS in 6G networks."
O_ISAC_164,"The paper includes several images, including a system diagram of an OCC-based V2X scenario, a block diagram of the OC-ISAC architecture, a diagram of the voxel-to-pixel channel model, and several charts and photographs related to the experimental setup and results.","The paper proposes an OC-ISAC system model for outdoor V2X communication, which leverages the optoelectronic conversion capabilities of image sensors to enable simultaneous environmental perception and data communication. The system categorizes light sources into two types: communication light and sensing light. The communication light is emitted by vehicle and infrastructure LEDs and transmitted through intensity modulation, while the sensing light includes sunlight, moonlight, and artificial illumination, providing environmental information through reflection.","The paper presents a voxel-to-pixel channel model to characterize the spatially distributed nature of light interaction in OC-ISAC. The model incorporates voxel-dependent reflection and luminous factors to describe pixel value variations caused by transceiver mobility and LED flicker. The paper also analyzes the impact of camera exposure time on the joint performance of sensing and communication, demonstrating that the choice of exposure time directly determines the extent of distortion and the achievable communication bandwidth in the OC-ISAC system.","The paper addresses the problem of optimizing camera exposure time to maximize the average performance of both communication and sensing in OC-ISAC systems. The proposed suboptimal algorithm achieves a near-optimal exposure time with O(1) complexity, reducing the computational complexity from O(N) required by numerical search, while introducing only a modest average normalized deviation of 5.71%. The paper also highlights the potential of OC-ISAC for vehicular applications, including cooperative sensing and communication among vehicles and infrastructure to enhance situational awareness, network intelligence, and road safety."
O_ISAC_165,"The paper contains several images, including 3D schematics, multi-panel charts, line charts, band diagrams, and structural diagrams. Figure 1 shows a 3D schematic of the detection system, including a grating coupler, waveguide, and photodetector (PD). Figure 2 illustrates the simulated coupling efficiency of the grating coupler at 3 μm wavelength as a function of duty cycle and etch depth. Figure 3 presents the structural layout of the Si and Ge buffers. Figure 4 shows the optical field intensity distribution in the PD for varying Ge buffer thicknesses. Figure 5 illustrates the absorption efficiency of the PD at different wavelengths for two device lengths. Figure 6 compares the structures and optical field distributions of InAs PDs with two different buffers. Figure 7 shows the dark current density of the designed PD under different carrier lifetimes. Figure 8 illustrates the current density of the designed PD under different input powers. Figure 9 shows the responsivity of the design","The system mechanism involves a mid-infrared (MIR) silicon photonics platform with a heteroepitaxial integration of InAs on a silicon-on-insulator (SOI) substrate. The ISAC coupling mode is based on evanescent coupling, where the light propagates through a Si waveguide and couples into the InAs photodetector (PD) through a Ge buffer layer. The system operates in the MIR range, specifically between 2.5 μm and 3.4 μm, and is designed for on-chip integrated sensing and communication (ISAC) applications.","The reported metrics, such as the absorption efficiency, responsivity, and detectivity, are physically consistent with the system design and materials used. The absorption efficiency of the PD is reported to be over 80% at 2.5 μm and 3.0 μm, and the responsivity is reported to be 0.81 A/W at 3 μm. The detectivity is reported to be 2.34 × 10^9 cm Hz^1/2 W^-1 at -1 V bias and 300 K. These values are consistent with the expected performance of an InAs-based MIR photodetector.","The paper solves the problem of integrating an InAs photodetector on an SOI substrate using heteroepitaxial growth, achieving high absorption efficiency and responsivity in the MIR range. However, the paper also highlights the remaining open challenges, such as optimizing the grating coupler design for higher coupling efficiency, improving the material quality and reducing defects in the heteroepitaxial growth process, and demonstrating the system's performance in a real-world sensing application."
O_ISAC_166,"The paper includes several figures and diagrams, including Figure 1, which shows the system schematics with functionalities and potential applications, and Figure 2, which characterizes the ultraflexible OSCs. Figure 3 illustrates the sensing data characterization of the solar cell-based e-skin, and Figure 4 shows the activity and gesture recognition based on the solar cell-based e-skin and machine learning. Figure 5 depicts the communication functionality of the solar cell-based e-skin system and extended applications on robotic control. Figure 6 shows the extended applications of the solar cell-based e-skin system for health monitoring.","The system mechanism involves an integrated wearable system utilizing ultraflexible organic solar cells (OSCs) that combine energy harvesting, multimodal sensing, and optical wireless communication (OWC) into a single wearable platform. The ISAC coupling mode is based on the dual functionality of the OSCs, which can be used for both sensing and energy harvesting.","The paper reports several metrics, including the short-circuit current density (JSC) of 26.6 mA/cm², open-circuit voltage (VOC) of 0.81 V, fill factor (FF) of 0.76, and power conversion efficiency (PCE) of 15.3%. The reported metrics are physically consistent and align with the expected performance of ultraflexible OSCs.","The paper solves several problems, including the development of an integrated wearable system that combines energy harvesting, multimodal sensing, and OWC. However, remaining open challenges include improving the efficiency and stability of the system, as well as exploring its applications in various fields such as healthcare and human-machine interaction."
O_ISAC_167,"The paper contains 16 images, including system diagrams, multi-panel charts, line charts, 3D charts, and 2D time-frequency diagrams. These images illustrate the proposed multi-service ISAC system, experimental setup, and results, including BER curves, time-frequency diagrams, and power spectral density plots.","The proposed ISAC system uses a narrow-linewidth laser (NLL) and a wide-linewidth laser (WLL) to support multiple modulation formats, including PAM-4, UFMC, and coherent 16-QAM signals. The system operates in dual-mode configuration, with the NLL used for continuous transmission and the WLL used for pulsed transmission when vibration is detected. The ISAC coupling mode is based on the use of Rayleigh backscattering (RBS) light, which is mixed with a local light frequency-shifted by an acoustic optical modulator (AOM) to detect vibration events.","The reported metrics, such as the spatial resolution of 2.4 m, SNR of RBS frequency shift of 28 dB, and SNR of vibration frequency identification of 20 dB, are physically consistent with the experimental setup and results. The system's performance is also compared to theoretical predictions, showing good agreement.","The proposed ISAC system solves the problem of supporting multiple modulation formats and achieving high spatial resolution and SNR for vibration detection. However, the system's performance may be affected by nonlinearity and polarization-dependent effects, which are potential open challenges for future research."
O_ISAC_171,The paper presents a frequency-comb-steered ultrawideband quasi-true-time-delay (TTD) beamformer for integrated sensing and communication (ISAC). The system uses a dual-comb heterodyne mixing scheme to generate microwave signals that feed a 16-element linear or 4x4 planar antenna array. The beamformer achieves squint-free beamforming across the entire Ku band (12-18 GHz) and demonstrates continuous beam steering with a step of 1 degree. The system also shows integrated ISAR imaging and communication capabilities with a resolution of 2.6 x 3.0 cm and a data rate of 4.8 Gbps.,"The system mechanism is based on a photonically steered frequency-diverse array, which uses a dual-comb heterodyne mixing scheme to generate microwave signals. The ISAC coupling mode is achieved through a constant-envelope linear frequency modulation with orthogonal frequency division multiplexing (CE-LFM-OFDM) waveform, which combines the benefits of LFM and OFDM for both sensing and communication.","The reported metrics, such as the 6 GHz instantaneous bandwidth, 2.6 x 3.0 cm ISAR resolution, and 4.8 Gbps data rate, are physically consistent with the system's architecture and components. The use of a dual-comb heterodyne mixing scheme and a CE-LFM-OFDM waveform enables the achievement of these metrics.","The system solves the problem of beam squint in traditional phased array antennas and demonstrates a compact and scalable architecture for ISAC. However, the system's complexity, scalability, and integration with other components remain as open challenges. Additionally, the system's performance in various environments and its robustness to interference and noise need to be further investigated."
O_ISAC_172,"The paper includes several figures and diagrams, including a system diagram of the OFDR-based ISAC-OF system, a schematic diagram of the sliding-windows normalization algorithm, and several multi-panel charts showing the received communication signal, eye diagrams, and BER performance. These visual aids help to illustrate the system architecture, signal processing, and performance metrics.","The system uses a directly modulated laser (DML) to generate a linearly frequency-modulated (LFM) optical signal, which serves as both the communication carrier and the sensing probe. The LFM signal is split into two branches, with the majority used for communication and the minority used as a reference signal for sensing. The system employs a sliding-windows normalization (SN) algorithm to mitigate the impact of periodic power fading on communication performance.","The paper reports a data rate of 25 Mbps and a distance resolution of 12.28 cm. These metrics are physically consistent, as the system's communication performance and sensing resolution are within the expected ranges for the given system parameters and experimental setup.","The paper solves the problem of integrating high-precision fiber sensing with high-speed optical communication in a single system. However, the system's performance is affected by the laser's linewidth, and the sensing range is limited by the coherence length of the laser. Further research is needed to improve the system's performance, particularly in terms of increasing the sensing range and reducing the impact of laser linewidth on sensing resolution."
O_ISAC_173,"The paper includes several images, including a conceptual diagram of OCC spatial multiplexing, a system architecture diagram of the HP-OCC receiver, an application diagram of warehouse automation, and hardware photos of a passive transmitter tag and a portable HP-OCC receiver. These images provide visual evidence of the HP-OCC system's components and functionality.","The paper proposes High-Performance Optical Camera Communications (HP-OCC) as an alternative to RF-based ISAC. HP-OCC combines single-photon avalanche diode (SPAD) sensors with on-sensor edge processing, enabling high-speed optical communication and centimeter-level localization. The system uses spatial multiplexing, where a camera sensor isolates signals from multiple transmitters, and each transmitter maps to a unique pixel region.",The paper reports a video rate of 5 Mbps and a localization accuracy of 10 cm at a range of 25 m. The system also demonstrates low packet loss and stable performance in a warehouse automation scenario. These results suggest that HP-OCC can achieve high-speed communication and accurate localization in a practical setting.,"The paper highlights the advantages of HP-OCC over RF-based ISAC, including higher sensing precision, power efficiency, and environmental compatibility. However, it also notes the limitation of requiring line-of-sight between transmitters and receivers. Future work could investigate hybrid optical-RF ISAC approaches to mitigate this limitation."
O_ISAC_185,"The system consists of a transmitter with a DMD and a fluorescent white laser diode, and a receiver with an APD. The transmitter modulates the light spatially using the DMD and temporally using a discrete multi-tone (DMT) signal. The receiver detects the signal using the APD and processes it to extract the communication data and sensing information.","The CAP scheme is based on the principle of compressive sensing, which allows for the reconstruction of a signal from a limited number of measurements. In this case, the signal is the 3D position of the receiver, and the measurements are the detected light intensities. The Hadamard basis patterns are used to encode the spatial information, and the receiver uses a simple linear back-projection algorithm to reconstruct the position.","The localization accuracy is verified through experiments, where the receiver is moved to different positions within the illumination area. The system demonstrates a high accuracy in estimating the position of the receiver, with an average error of <1 mm in the XY plane and 4 cm in the Z direction. The data transmission rate is also verified through experiments, where the system achieves a high-speed data transmission rate of up to 6 Gbps.","The system's potential applications include wireless VR and AR, where the system's ability to provide high-speed data transmission and high-resolution 3D localization can enable a more immersive and interactive experience. The system can also be used in other applications, such as robotics and autonomous vehicles, where precise tracking and high-bandwidth data transfer are required."
O_ISAC_186,"The paper presents a novel dual-function radar-communication (DFRC) system based on chaotic optoelectronic oscillators (OEOs). The system diagram shows the chaotic signal generation module, transmitter, communication receiver, and radar receiver. The images also depict the characteristics of chaotic signals, such as time series, power spectrum, and auto-correlation function (ACF) curves. Additionally, there are line charts showing the ACF of the transmitted signal, BER performance vs. communication SNR under different TDS combinations, and ranging results with and without the TDS-SS algorithm.","The system uses chaotic OEOs to generate wideband chaotic signals, which are then used for both communication and radar functions. The ISAC coupling mode is based on the time delay signature (TDS) of the chaotic signals, where different TDSs are used to encode binary bits for communication, and the same signals are used for radar detection. The system uses a CSK modulation technique to encode the communication information onto the chaotic carrier.","The paper reports a maximum communication rate of 250 Mbps and a radar ranging resolution of 0.013 m. The reported metrics are physically consistent, as the wideband chaotic signals can support high data rates, and the ranging resolution is determined by the FWHM of the transmitted signal. However, the spectral efficiency of the system is lower compared to contemporary communication systems.","The paper solves the problem of designing a DFRC system that can achieve both communication and radar functions using chaotic OEOs. However, the system's spectral efficiency is lower compared to contemporary communication systems, and the ranging resolution is limited by the FWHM of the transmitted signal. The paper also proposes a TDS-SS algorithm to suppress sidelobes caused by the TDS, but the algorithm's effectiveness in different scenarios and its impact on the system's overall performance need further investigation."
O_ISAC_187,"The paper contains several figures and charts, including a full system diagram, flow diagrams, line charts, and multi-panel charts. Figure 1 shows the schematic diagram of the proposed photonic-aided ISAC system based on index modulation and chirp multiplexing. Figure 2 illustrates the demodulation method to recover the communication symbols. Figure 3 presents the normalized spectra of the de-chirped signals with their slope matched and mismatched. Figure 4 shows the BER versus SNR curves under Doppler frequency shift conditions of the IM-LFM, the CE-OFDM-LFM, the PSK-LFM, and the QAM-LFM waveforms. Figure 5 displays the data rate versus number of slopes curve and the expected range resolution versus number of slopes curve. Figure 6 shows the minimum SSIR versus bandwidth increment curve and the available number of slopes versus bandwidth increment curve. Figure 7 illustrates the experimental setup of the proposed ISAC system. Figure 8 presents the measured optical spectra at the trans","The proposed system is based on index modulation and chirp multiplexing. The system mechanism involves generating a chirp-multiplexed index modulated ISAC signal using a photonic dual polarization frequency up-converter. The ISAC coupling mode is achieved through chirp multiplexing, where the up-chirped and down-chirped ISAC signals are generated independently. The system uses a dual-wavelength laser source, a circulator, a fiber Bragg grating (FBG), a dual parallel quadrature phase shift keying modulator (DP-QPSKM), a polarization beam splitter (PBS1), and two high-speed photodetectors (PD1 and PD2) to generate the chirp-multiplexed ISAC signal.","The reported metrics are physically consistent with the hardware and method described. The system achieves a range resolution better than 0.146 m with a probability larger than 86% and a data rate of 29.99 Mbps with a BER below the 7% pre-FEC threshold when the Doppler frequency shift is 500 kHz. The system also demonstrates excellent Doppler tolerance and communication reliability, making it suitable for high-mobility scenarios such as LEO satellite ISAC applications.","The proposed system solves the problem of achieving high Doppler tolerance and communication reliability in LEO satellite ISAC applications. However, the system still faces challenges such as non-ideal polarization isolation, which can degrade the SSR performance in target detection, and phase noise, which can compromise the system's noise immunity and detection capability. Further research is needed to address these challenges and improve the system's performance."
O_ISAC_188,"The paper includes several figures and charts that illustrate the system architecture, signal processing, and performance metrics. Figure 1 shows the time-frequency distribution of the chirp signal, while Figure 2 depicts the transmitted frame structure and time-frequency distribution of the DP chirp TSs. Figure 3 illustrates the principle of FrFT and its application to the received DP chirp TSs. Figure 4 shows the experimental setup, and Figure 5 demonstrates the estimation of SOP rotation and the performance of FFD-AEQ. Figure 6 illustrates the BER performance and phase STD versus SCPR, and Figure 7 shows the intensity trace and demodulated differential phase. Figure 8 demonstrates the fading mitigation performance, and Figure 9 shows the time-space distribution of the demodulated differential phase and the power spectral density at the PZT position. Figure 10 illustrates the temporal evolution of the demodulated differential phase and the time-frequency distribution of the demodulat","The system mechanism is based on the use of telecom pilots for both SOP rotation estimation and DAS. The ISAC coupling mode is achieved through the use of dual-polarization chirp TSs with opposite FM slopes, which are orthogonal to each other in the fractional domain. The FrFT is used to extract the chirp TSs and distinguish the RBS signals of different telecom TSs.","The reported metrics, such as the BER performance, phase STD, and PSD SNR, are physically consistent with the system architecture and signal processing described in the paper. The experimental results demonstrate the feasibility of the proposed endogenous ISAC system, with a spatial resolution of 1 m and a strain resolution of 0.73 nε/√Hz.","The paper solves the problem of achieving endogenous ISAC using telecom pilots for both SOP rotation estimation and DAS. The remaining open challenges include further improving the spatial resolution and strain resolution, as well as demonstrating the system's performance in more complex scenarios, such as with multiple vibration sources and longer fiber lengths."
O_ISAC_189,"The paper contains various diagrams and charts, including a conceptual diagram of the RAN fronthaul, a frame structure diagram of the LFM-OFDM, a DSP flow diagram for the transmitter and receiver, and several multi-panel charts showing the performance of the system.","The system uses LFM pilots to achieve seamless integration of sensing and communication. The LFM pilots serve as both sensing probes and communication signals, enabling the system to detect vibrations along the fiber and transmit data simultaneously.","The paper reports a dynamic range of 6 με and a sensing resolution of 50 m. These values are physically consistent with the system's design and parameters, such as the 1.8 GHz bandwidth and the 2 MHz sweeping bandwidth of the LFM pilots.","The system solves the problem of seamless integration of sensing and communication, achieving a high dynamic range and sensing resolution. However, open challenges remain, such as optimizing the power ratio between the OFDM payloads and LFM pilots to balance sensing and communication performance."
O_ISAC_190,"The paper includes several figures and diagrams that illustrate the system architecture, experimental setup, and results. Figure 1 shows the LFM based on pulse compression, Figure 2 compares the typical IM/DD system with OFDM and the proposed IM/DD system with CB-DSCM, Figure 3 illustrates the integration process of CB-DSCM, Figure 4 shows the experimental setup, Figure 5 presents the communication performance, Figure 6 shows the sensing results without communication, and Figure 7 shows the sensing performance with communication.","The system uses a common bias-digital subcarrier multiplexing (CB-DSCM) scheme, which combines linear frequency modulation (LFM) signals for distributed acoustic sensing (DAS) and asymmetrically clipped optical orthogonal frequency division multiplexing (ACO-OFDM) signals for communication. The LFM signal is used for sensing and is biased at the null point of the electro-optic modulator (EOM), while the ACO-OFDM signal is used for communication and is also biased at the null point. The two signals are multiplexed in the frequency domain, allowing for simultaneous transmission over the same optical fiber.","The paper reports a net data rate of 3.01 Gb/s with a bit error rate (BER) as low as 6 × 10−4 over a 19.8 km fiber-optic transmission link, while achieving a spatial resolution of 1 m for vibration sensing. These results are physically consistent with the system architecture and experimental setup described in the paper.","The paper solves the problem of integrating sensing and communication in a low-cost intensity modulation/direct detection (IM/DD) system, achieving high spatial resolution and long sensing range. However, the system still faces challenges such as interference between the sensing and communication signals, and the need for further optimization of the system parameters to improve performance."
O_ISAC_195,"The paper includes several figures and images, including system diagrams, experimental setup photos, and multi-panel charts. Figure 1 shows the application scenarios for ISAC systems based on multi-beamforming, including Earth observation satellite, satellite communication, UAV surveillance, urban low-altitude monitoring, and multiple radar beams for sensing and communication. Figure 2 depicts the measurement setup for characterizing the antenna radiation patterns of the integrated broadband multi-beamformer. Figure 3 shows the comparison of the measured radiation patterns of 5 single beams with the theoretically calculated patterns. Figure 4 presents the measured radiation patterns of the dual beams. Figure 5 illustrates the detailed setup of the experiment for verifying the functions of the ISAC system. Figure 6 displays the measured spectra of the transmitted LFM signal and 16-QAM signal. Figure 7 shows the measured spectra of received signals and the microwave image of a pair of TC","The system mechanism is based on a photonic integrated broadband multi-beamformer that employs an OTTD-induced Blass matrix framework for reception. The ISAC coupling mode is achieved through space division multiplexing (SDM), where the multi-beamformer synthesizes multiple beams simultaneously, facilitating the distribution of spatial resources for both radar sensing and wireless communication.","The reported metrics, such as the range resolution of 14.9 cm and cross-range resolution of 8.0 cm, are physically consistent with the system's design and experimental setup. The measured radiation patterns of the synthesized beams also align with the theoretical expectations, demonstrating the system's capability for accurate beamforming and spatial resource allocation.","The paper solves the problem of achieving high-resolution radar imaging and high-speed wireless communication simultaneously using a photonic integrated broadband multi-beamformer. However, open challenges remain, such as optimizing the antenna design, increasing the number of receiving channels, and mitigating inter-beam crosstalk to further enhance the system's performance."
O_ISAC_199,"The paper contains several images, including a graphical abstract, system block diagrams, probability density charts, eye diagrams, and line charts. These images provide visual representations of the proposed system, including the transmitter, channel, and receiver, as well as the performance of the system under various conditions.","The proposed system integrates a free-space optical (FSO) communication system with a fiber Bragg grating (FBG) sensor. The FSO system uses a MIMO technique to improve the reliability and performance of the system, while the FBG sensor is used to monitor temperature and strain effects. The system also includes a compensator to mitigate the effects of dispersion.","The paper reports a maximum FSO link range of 69.6 km under clear atmospheric conditions, with a BER of less than 2 x 10^-3. The system also demonstrates a significant reduction in BER and improvement in received power when using a 4x4 MIMO FSO channel with a compensator.","The proposed system addresses the challenges of signal losses due to atmospheric conditions, temperature, and strain in FSO channels. However, the system still requires further investigation to support increased FSO link lengths and equalization of the required information."
O_ISAC_200,"The paper contains several images, including system block diagrams, block diagrams of equalizers, and scatter plots. Figure 1 shows the system model, which includes a transmitter, an optical channel, and a receiver. Figure 2 depicts a 2x2 MIMO equalizer, and Figure 3 illustrates a VAE-based equalizer. Figure 4 presents a scatter plot of the sensing-communication trade-off, and Figure 5 displays the results of distributed polarization sensing.","The system mechanism involves the use of adaptive equalizers to estimate the channel transfer matrix, which is then used for both communication and sensing. The ISAC coupling mode is based on the integration of polarization sensing and communication in optical fibers.","The reported metrics, such as the signal-to-noise ratio (SNR) and the mean squared error (MSE) of the channel estimation, are physically consistent with the system model and the simulation parameters.","The paper solves the problem of integrated polarization sensing and communication in optical fibers using adaptive equalizers and VAE-based equalizers. However, open challenges remain, such as the development of realistic time-varying channel models and the optimization of transmitter waveforms for dual-functional ISAC systems."
O_ISAC_202,"The paper includes several images, including a system block diagram, dual-panel charts for sensing performance and position sensing, and line charts for covert channel BER and public channel BER under vibration. The system block diagram shows the setup of the proof-of-concept experiment, including the transmitter, Sagnac interferometer, sensing receiver, and communication receiver. The dual-panel charts and line charts present the results of the experiment, including the waveform and frequency of the signal, null frequency vs order N, position error vs order N, BER curves of the covert channel with and without vibration, and BER curves of the public channel under vibration.","The system mechanism is based on a Sagnac interferometer, which detects the location of vibration by searching the null frequency in the spectrum. The ISAC coupling mode is achieved through the use of amplified spontaneous emission (ASE) light, which serves as a natural optical carrier for covertly conveying messages in the photonic layer and simultaneously as a typical optical carrier in optical sensors.","The reported metrics, such as the null frequency, position error, and BER curves, are physically consistent with the hardware and method described in the paper. The results show that the covert sensing has a negligible impact on covert communication, and the vibration has a minimal effect on the transmission performance of the covert channel.","The paper solves the problem of integrating covert sensing and communication in the same fiber, same time, and same wavelength. The remaining open challenges include further improving the precision of fiber optic sensing, reducing the impact of environmental factors on the measurement, and exploring the application of this technology in various fields."
O_ISAC_203,"The paper contains several images, including Figure 1, which shows the concept and device layout of O-ISAC based on NIR OPDs, and Figure 2, which displays the device structure and performance of the NIR OPD. Figure 3 illustrates the response time and cutoff frequency of the NIR OPD, and Figure 4 shows the device architecture and optoelectronic performance of the flexible O-ISAC system. Figure 5 demonstrates the applications of the flexible O-ISAC system.","The system mechanism is based on a flexible self-powered O-ISAC platform that integrates two NIR OPDs with identical photoactive layers. The O-ISAC ingeniously integrates a compact regular OPD and a larger-size semitransparent NIR OPD on one substrate. The regular OPD serves as an optical communication chip, while the semitransparent OPD functions as the sensing chip. The ISAC coupling mode is achieved through the use of a ternary strategy, introducing BTPSV-4Cl into the PCE-10:BTPSV-4F system to finely tune the film morphology and reduce trap states and energetic disorders.","The reported metrics, such as the responsivity, specific detectivity, and cutoff frequency, are physically consistent with the device architecture and materials used. The ternary NIR OPD exhibits a broad photodetection range, high responsivity, and fast response time, making it suitable for high-speed optical communication and sensing applications.","The paper solves the problem of developing a flexible self-powered O-ISAC platform with high-speed optical communication and sensing capabilities. However, there are remaining open challenges, such as improving the stability and robustness of the device, reducing the dark current, and increasing the detection range and sensitivity of the OPDs."
O_ISAC_206,"The paper presents a novel beam pattern modulation-embedded hybrid transceiver design for mmWave ISAC systems, termed BPM-ISAC. The system model consists of an ISAC base station (BS) and a communication receiver. The ISAC BS comprises an ISAC transmitter and an echo receiver for simultaneous communication and monostatic sensing. The paper also presents various figures and charts, including a system block diagram, beampattern plots, and BER performance comparisons.","The system mechanism involves the use of beam pattern modulation to embed additional information into the communication signal, while the ISAC coupling mode is based on the sharing of hardware resources between communication and sensing. The paper proposes a joint optimization problem to minimize the sensing beampattern MSE under a symbol MSE constraint and solves it by optimizing analog and digital parts sequentially.","The paper presents simulation results to validate the performance of the proposed BPM-ISAC method, including BER performance comparisons with other schemes and beampattern MSE performance. The results show that the proposed method outperforms other schemes in terms of BER and beampattern MSE.","The paper solves the problem of optimizing the beam pattern modulation-embedded hybrid transceiver design for mmWave ISAC systems, but leaves open challenges such as the extension to multiple RF chains for sensing and the optimization of the number of RF chains for sensing."
O_ISAC_218,"The paper includes several figures and charts, including system diagrams, block diagrams, hardware photos, and performance curves. Figure 3 shows the system diagram and signal processing, including the geometry, transmitted OFDM signal, and returned signals from two tags with OOK modulation. Figure 4 illustrates the block diagram of the receiver and the SIC framework. Other figures show the LED board design, thermal management, experimental setup, and performance curves for retro-reflected power vs lateral distance.","The system uses a hybrid MRR-assisted long-range SDMA for RO-ISAC systems. The ISAC coupling mode is based on a hybrid retro-reflector architecture, which combines a stable, unmodulated retro-reflector (URR) for high-precision ranging with a modulated retro-reflector (MRR) for embedding a unique ID via on-off keying (OOK). The system also employs a successive interference cancellation (SIC) framework to resolve the near-far problem and separate the signals from multiple tags.","The paper reports a ranging accuracy of centimeter-level at a 5-meter range, with a communication uplink of several hundred hertz per tag at a bit-error rate below 10^-3. The system's performance is validated through high-fidelity simulations parameterized by experimental data from a custom-built, high-power optical testbed. The results show that the system can achieve simultaneous ranging and communication for two concurrent tags, with a ranging accuracy of 95% within a centimeter-level range.","The paper solves the problem of achieving long-range SDMA in RO-ISAC systems using a hybrid MRR-assisted architecture and SIC framework. However, the system still faces challenges such as the limited modulation bandwidth of the light source, which affects the multi-tag positioning accuracy and uplink concurrency. Future work will focus on developing an integrated hardware transceiver for real-time operation, designing more robust channel estimation and SIC algorithms to support larger tag populations, and extending the system from one-dimensional ranging to two-dimensional positioning."
O_ISAC_219,"The paper includes several figures and charts that illustrate the system model, waveform design, and performance metrics of the proposed MU-RO-ISAC system. Figure 1 shows the system block diagram, Figure 2 illustrates the OFDM-MLS-CIM waveform, and Figure 3 depicts the superposed OFDM-MLS-CIM waveforms with different VPP allocation ratios. Additionally, there are several charts that present the BER performance, cross-correlation results, and ranging RMSE of the system.","The proposed MU-RO-ISAC system uses a novel OFDM-MLS-CIM waveform to support both communication and sensing for multiple users. The system mechanism involves OFDM-MLS-CIM modulation, where the input bits of multiple users are modulated into an OFDM signal and an MLS signal, which are then superposed to form the OFDM-MLS-CIM signal. The ISAC coupling mode is based on the superposition of the OFDM and MLS signals, allowing for flexible performance trade-off between communication and sensing.","The paper reports a data rate of 125 Mbps for OFDM modulation and 7.8 Mbps for CIM modulation, resulting in an overall data rate of 132.8 Mbps for the OFDM-MLS-CIM signal. The ranging resolution is reported to be 6 cm. These metrics are physically consistent with the system parameters and waveform design.","The proposed MU-RO-ISAC system solves the problem of supporting multiple users with flexible performance trade-off between communication and sensing. However, the system still faces challenges such as error propagation during IC-aided joint sensing, which needs to be addressed to enhance the sensing performance."
O_ISAC_220,"The paper includes several figures and charts that illustrate the proposed SMART network architecture, experimental setup, and results. Figure 1 shows the SMART network architecture, which includes a submarine cable with multiple sensing joints and shore-based transceivers. Figure 2 depicts the experimental setup, which consists of a two-span single-mode fiber link with a sensing joint at the optical in-line amplification position. Figure 3 shows the synthesized RTL logic schematic for frequency modulation of the sensed temperature. Figure 4 illustrates the modulation and multiplexing of sensing information, including the electrical spectrum of the frequency-modulated waveform and the optical spectrum of the sensing waveform and ISAC waveform. Figure 5 shows the Q factors of 100 km transmitted DP-QAM16 signals under different launched optical powers. Figure 6 illustrates the impact of optical SSB modulation frequency on ISAC performance, including Q factors and the maximum visible harm","The proposed SMART network uses a dense and compatible ISAC scheme, which enables the co-transmissions of communication signals and sensing information. The ISAC scheme is based on digital subcarrier modulation (DSCM) and frequency modulation of sensing information. The frequency blanks of DSCM can be used to allocate sensing information, achieving dense ISAC. The system uses a joint electrical frequency modulation (FM) and optical single-sideband (SSB) modulation to flexibly tune the allocated frequency of sensing signals, realizing the dense and low-interference ISAC. The sensing information is modulated onto the frequency-modulated sensing signals, which are then coupled into the optical ISAC signal. The system uses a space-time coded DSCM signaling process to balance the signal quality across subcarriers. The system also uses a compatible DSP to demodulate the sensing information, which is based on the frequency estimation approach.","The paper reports several metrics, including the Q factors of 100 km transmitted DP-QAM16 signals, the maximum visible harmonic wave order, and the error bars of the sensed temperature. The reported metrics are physically consistent and align with the proposed system mechanism and ISAC coupling mode. The Q factors are reported to be around 8.5-9.5 dB, which is a reasonable value for a 100 km transmission link. The maximum visible harmonic wave order is reported to be up to 11, which is a high value that indicates the system's ability to accurately demodulate the sensing information. The error bars of the sensed temperature are reported to be around 0.0625°C, which is a reasonable value for a temperature sensing system.","The proposed SMART network solves several problems, including the need for a dense and compatible ISAC scheme, the need for a system that can accurately demodulate sensing information, and the need for a system that can balance signal quality across subcarriers. However, there are still some open challenges, including the need for further improvement in the system's performance, the need for a more detailed analysis of the system's complexity and power consumption, and the need for a more comprehensive evaluation of the system's scalability and flexibility."
O_ISAC_237,"The system diagram shows the Co-FMCW-OFDM transmitter and receiver structure, including the shared RF front end, antenna, and spectral resources. The waveform diagram illustrates the structure of one symbol of the Co-FMCW-OFDM signal.","The system enables integrated sensing and communication, with the FMCW signal facilitating sensing and the OFDM signal enabling communication. The superposed FMCW signal allows for efficient use of spectral resources and reduces hardware complexity.","The simulation results demonstrate the effectiveness of the Co-FMCW-OFDM system in achieving integrated sensing and communication. The system's performance is evaluated in terms of range and speed estimation, channel estimation, and BER.","The system's performance can be further improved by optimizing the power allocation between the FMCW and OFDM signals, as well as by developing more advanced channel estimation and interference cancellation techniques."
O_ISAC_241,"The paper includes various figures and charts, such as system block diagrams, grid diagrams, 3D surface plots, line charts, and experimental setup diagrams. Figure 2 shows the OTFS waveform generation and signal processing, while Figure 4 illustrates the DD domain pilot and data symbol arrangement. Figure 16 is a 3D surface plot of the visualized radar channel response matrix h1.","The system employs OTFS modulation to map data to the delay-Doppler (DD) domain, enhancing the communication performance in NLOS scenarios. The OTFS modulation scheme outperforms OFDM under identical multipath conditions due to its enhanced resistance to MPI.","The paper reports a net data rate of 15.71 Gbit/s and a range resolution of 3 cm. The maximum absolute error in single-target detection is 0.74 cm, and the system's minimum resolvable distance is 3 cm, which agrees well with the theoretical value.","The paper solves the problem of achieving high-speed data transmission and high-precision ranging in NLOS scenarios using OTFS modulation. However, the system's performance in more complex environments and its scalability to larger distances and higher data rates remain open challenges."
O_ISAC_242,"The paper presents a PAM-4 photonics-assisted W-band ISAC system. The system uses a sliding window-based LSTM network for equalization and a correlation-based ranging scheme for radar detection. The experimental setup includes a transmitter, a communication receiver, and a radar receiver. The results show a BER performance of 10^-4 at an ROP of 4 dBm and a ranging resolution of up to 1.875 cm.","The system uses a single PAM-4 waveform for both communication and radar detection. The sliding window-based LSTM network is used for equalization, and the correlation-based ranging scheme is used for radar detection. The system achieves a BER performance of 10^-4 at an ROP of 4 dBm and a ranging resolution of up to 1.875 cm.",The system's performance is compared to that of a Volterra Series-based Nonlinear Equalizer (VNE) and a Feed Forward Equalizer (FFE). The results show that the sliding window-based LSTM network outperforms the VNE and FFE in terms of BER performance.,The system's performance is limited by the ROP and the sampling rate. The system achieves better performance at a sampling rate of 8 GSa/s than at 4 GSa/s. The system's ranging resolution is limited by the sampling rate and the signal bandwidth.
O_ISAC_245,"The paper includes several visual aids such as system diagrams and line charts. Figure 1 depicts the proposed ISAC system architecture, which includes a base station with Tx and Rx ULAs, K single-antenna users, and L point-like targets. The system operates using OFDM waveform transmission, downlink communication to K users, echo reception for sensing, and joint range-velocity-angle estimation. Other figures show the convergence of sparse vector b, RMSE convergence, and detection probability.","The proposed system uses a MIMO-OFDM ISAC baseline and employs a Markov chain Monte Carlo (MCMC)-based sparse Bayesian learning (SBL) algorithm for super-resolution receiver design. The algorithm treats both sparse variables and their associated parameters as random variables, enabling gridless estimation with super-resolution and high precision. The system operates in a mono-static downlink ISAC scenario, where the base station transmits OFDM waveforms to communicate with K single-antenna users and simultaneously illuminates L point-like targets.","The paper reports that the proposed algorithm achieves an estimation accuracy on the order of 10^-1 m for range, 10^-1 m/s for velocity, and 10^-2 degree for angle, under conditions where the SNR exceeds 10 dB. The algorithm also demonstrates superior accuracy and efficiency compared to traditional CS methods, especially in low-SNR ISAC environments. The reported metrics are physically consistent with the system design and operation.","The proposed algorithm solves the problem of joint target detection and parameter estimation in ISAC systems, achieving super-resolution and high precision. However, the algorithm's performance may be affected by the choice of hyperparameters, and the computational complexity may be high due to the use of MCMC. Future work may focus on optimizing the proposal distribution and investigating adaptive MCMC strategies to further improve algorithmic efficiency and scalability for more ISAC applications."
O_ISAC_248,"The paper includes several images: a system schematic of FMF sensing via higher-order mode IMXT, a matrix heatmap of the measured IMXT matrix of the mode MUX/DEMUX pair, an experimental setup diagram for sensing FMF assessment, a quad-panel time/frequency analysis of LP11a and LP11b mode response to vibration, and BER curves of the TLC signal. These images provide a visual representation of the system design, experimental setup, and results.","The system mechanism involves using a few-mode fiber (FMF) to provide joint communications and sensing. The FMF is made sensitive by analyzing the higher-order modes excited by the inter-modal crosstalk (IMXT) introduced by the mode multiplexer/demultiplexer (MUX/DEMUX) pair. The IMXT allows the higher-order modes to be excited by the fundamental mode transporting the TLC signal, enabling the detection of perturbations affecting the FMF.","The reported metrics, such as the BER curves and the power spectra of the LP11a and LP11b modes, are physically consistent with the experimental setup and the system design. The results demonstrate the possibility of providing joint communications and sensing in FMFs without detrimental effects on the TLC signal.","The paper solves the problem of providing joint communications and sensing in FMFs by exploiting the IMXT generated by the fundamental mode transporting the TLC signal. However, open challenges remain, such as scaling up the system to longer distances and exploring the use of other types of fibers and sensing applications."
O_ISAC_252,"The paper includes several figures, including a system architecture diagram, BER curves, and a curve showing SNR vs output power. The system architecture diagram depicts a satellite-ground laser communication system with a wavefront sensor, atmospheric turbulence region, and adaptive control. The BER curves show the performance of different modulation formats under level VIII turbulence, with only BPSK meeting the BER requirement. The SNR vs output power curve shows the relationship between output power and SNR under level VIII turbulence.","The system uses a wavefront sensor to capture distortion image data of the communication beam and employs a turbulence intensity identification algorithm based on dynamic graph convolutional neural networks (TII-DGCNN) to achieve precise turbulence classification. The TII-DGCNN algorithm is used to extract distortion features of the beam, and the system implements fine-grained adaptive control of output power and modulation format based on the classification results.","The paper reports a BER reduction of 9.64% and a power consumption reduction of 20.75% compared to traditional solutions. The system's performance is validated through simulation results, which demonstrate the effectiveness of the proposed adaptive control strategy under strong turbulence conditions.","The paper solves the problem of stable laser communication between satellites and ground stations under atmospheric turbulence by proposing an ISAC system that utilizes the TII-DGCNN algorithm to sense turbulence and optimize the communication mechanism through adaptive control. Remaining open challenges include considering more complex atmospheric models, such as dynamic rain and fog attenuation models, to achieve more comprehensive sensing and adaptive control."
O_ISAC_259,"The paper contains several images, including system block diagrams, signal structure diagrams, amplitude comparison plots, PAPR analysis plots, BER curves, ambiguity function plots, range profiles, velocity profiles, and radar images. These images provide visual evidence of the proposed OFDM-ISAC waveform design and its performance in terms of PAPR reduction, BER, and sensing capabilities.","The proposed system uses a novel degree of freedom, frequency-domain phase difference (PD), to design an OFDM-ISAC waveform that simultaneously meets sensing and communication requirements. The ISAC coupling mode is based on the PD between the transmit signal and a preset information signal, allowing for flexible design of the waveform while maintaining a low PAPR.","The paper reports a PAPR reduction of 6.7 dB, from 9.7 dB to 3.0 dB, and a BER improvement of nearly an order of magnitude in the AWGN channel. The sensing performance is evaluated through ambiguity function analysis and radar imaging, showing a sharp peak and rapidly decreasing sidelobes in the ambiguity function and successful detection of all four targets in the radar image.","The proposed OFDM-ISAC waveform design solves the problem of high PAPR in traditional OFDM systems while maintaining good sensing performance. However, the design of the waveform and the selection of the PD threshold require careful consideration to balance PAPR reduction and sensing performance. Open challenges include further optimization of the waveform design and the development of more efficient algorithms for solving the nonconvex optimization problem."
O_ISAC_272,"The paper includes several figures, including Figure 1, which shows the joint range-velocity estimation results for two targets using DFT-based, CS-based, and the proposed TSSR methods. Figure 2 presents the range estimation results, and Figure 3 shows the absolute error of parameter estimation for range and velocity. Figure 4 displays the parameter estimation results under different SNR levels, and Figure 5 compares the parameter estimation results before and after ambiguity resolution.","The system employs an OCDM-based ISAC framework, where the transmitted signal comprises multiple pulses per frame, with each pulse containing several OCDM symbols. Each symbol carries modulated communication data while acting as a dual-functional waveform. The proposed TSSR method integrates subspace projection-based parameter estimation for processed compensated signals with an innovative ambiguity resolution scheme.","The paper reports that the proposed TSSR method achieves significant reductions in range and velocity estimation errors compared to baseline approaches. The estimation errors are influenced by the parameter sampling intervals for r and v, which are set to 0.8 m and 0.6 m/s in the simulation. The results demonstrate that the proposed method can effectively enhance the system's resolution, accurately estimate target parameters, and improve the system's sensing performance.","The proposed TSSR method addresses the resolution constraints in conventional parameter estimation methods caused by limited time-frequency resources. However, the computational complexity of the proposed algorithm remains challenging, warranting future optimization efforts. The paper concludes that the proposed method can achieve high-precision target range and velocity estimation, but further research is needed to reduce the computational complexity and improve the system's overall performance."
O_ISAC_276,The paper includes several figures and charts that provide visual evidence of the research. Figure 1 shows a comparison of ideal OTDR traces in a PON with and without a RN with trace serialization. Figure 2 illustrates the impact of PPE on non-reflective event detection. Figure 3 presents the experimental setup and results for reflective event measurement. Figure 4 shows the results of tests with temperature sensors. Figure 5 depicts the RN enabling trace serialization. Figure 6 shows the testbed setup. Figure 7 presents OTDR traces for a regular RN and the new RN. Figure 8 shows the received downstream UDP packets measurement results.,"The system mechanism is based on the concept of OTDR trace serialization, which converts a traditional OTDR trace of a PtMP PON into a PtP-like trace. This is achieved through a new passive RN that enables the application of legacy reflectometers independent of the network protocol and with minimal impact on data transmission. The ISAC coupling mode is based on the use of back-scattered and back-reflected light as a source of monitoring and sensing information.","The paper reports several metrics, including the event magnitude measurement, temperature measurement offset, and received downstream UDP packets. The physical consistency of these metrics is validated through experimental results, which show that the new RN enables direct readout of event magnitudes and accurate temperature measurement. The results also show that the OTDR signal has a negligible impact on data transmission.","The paper solves the problem of PPE in PtMP PONs, which prevents accurate event detection and localization. The remaining open challenges include the scalability of the trace serialization concept towards PONs with higher split ratios and the integration of the new RN with existing network infrastructure."
O_ISAC_280,"The paper includes several images, including system architecture diagrams, algorithm processing diagrams, and experimental setup diagrams. Figure 1 shows a photonics-enabled cellular BS network, Figure 2 illustrates the spectrum fusion imaging algorithm, and Figure 3 demonstrates the elimination of multipath pseudo-images. The experimental setup is shown in Figures 7-9.","The system mechanism is based on a photonics-enabled cellular BS network with a spectrum fusion algorithm. The ISAC coupling mode is achieved through the fusion of heterogeneous communication signals coexisting in the BS, including OFDM signals of multiple regimes, OFDM signals of different carrier frequencies in the same regime, and spread-spectrum signals.","The reported metrics, such as the imaging resolution of 2.9 cm x 2.9 cm and the maximum achievable communication data rate of 6 Gbps, are physically consistent with the hardware and algorithm described in the paper.","The paper solves the problem of achieving high-resolution imaging and communication simultaneously in a cellular BS network. However, the open challenges include the need for further optimization of the algorithm and hardware co-design to improve the imaging resolution and communication performance in real-world scenarios."
O_ISAC_283,"The paper contains 20 images, including system block diagrams, experimental photos, spectral analysis, spectrograms, constellation diagrams, range profiles, and ISAR imaging results. The images provide visual evidence of the proposed photonics-assisted self-interference cancellation scheme for an in-band full-duplex integrated sensing and communication transceiver.","The proposed system uses a photonics-assisted self-interference cancellation scheme to achieve in-band full-duplex operation. The system consists of a transmitter, a receiver, and a cancellation reference signal. The transmitter generates a CE-LFM-OFDM ISAC signal, which is then transmitted over a wireless link. The receiver uses a counter-biased MZM to modulate the received signal, and a variable optical attenuator and a variable optical time delay line to adjust the amplitude and time delay of the cancellation reference signal. The ISAC coupling mode is achieved through the use of a single transceiver for both communication and radar functions.","The reported metrics, such as the cancellation depth, range resolution, and cross-range resolution, are physically consistent with the proposed system. The cancellation depth of 35.29 dB and 32.59 dB for bandwidths of 1 GHz and 2 GHz, respectively, are reasonable values for the proposed system. The range resolution of 10 cm and cross-range resolution of 2.22 cm are also consistent with the system's parameters.","The proposed system solves the problem of self-interference cancellation in in-band full-duplex integrated sensing and communication transceivers. However, there are still open challenges, such as the optimization of the phase modulation index, the improvement of the range resolution, and the reduction of the system's complexity."
O_ISAC_286,"The paper contains 9 images, including conceptual diagrams, system architecture, block diagrams, experimental setup, BER analysis, and ranging analysis. The images provide a clear understanding of the photonics-assisted MMW OFDM ISAC system, including its components, signal flow, and performance metrics.","The system uses a photonics-assisted MMW OFDM ISAC architecture, where the OFDM signal is modulated onto an optical carrier using an intensity modulator. The optical signal is then converted to a millimeter-wave signal through optoelectronic conversion. The system employs a simple IM/DD architecture, which enables low-cost and efficient implementation. The ISAC coupling mode is based on the shared use of the OFDM waveform for both communication and radar sensing.",The paper reports a data rate of 4 Gbps and a ranging resolution of 1 cm for single-target detection and 10 cm for dual-target detection. These metrics are physically consistent with the system architecture and signal processing techniques employed. The use of DF-FD-VNLE for nonlinear distortion compensation and the MUSIC algorithm for super-resolution ranging enables the achievement of these performance metrics.,"The paper solves the problem of achieving high-resolution ranging and high-speed communication in a photonics-assisted MMW OFDM ISAC system. However, the system still faces challenges such as nonlinear distortion, limited signal bandwidth, and the need for more advanced signal processing techniques to further improve performance. Future research directions may include exploring new waveform designs, improving the efficiency of signal processing algorithms, and investigating the use of machine learning techniques for enhanced system performance."
O_ISAC_288,"The paper includes various figures and diagrams that illustrate the proposed ISAC system model, including a system block diagram, signal waveform diagrams, and BER curves. Figure 1 shows the proposed ISAC system model, which includes a transmitter, a wireless channel, and a receiver for both communication and radar. Figure 2 illustrates the DSSS signal generation process, and Figure 3 depicts the MF-based DSSS receiver. Other figures show the results of simulations and experiments, including BER curves, image transmission tests, and radar correlator outputs.","The proposed ISAC system uses a DSSS-BPSK unified waveform, which is generated by modulating the information bits with a PN sequence. The system operates at a carrier frequency of 28 GHz and has a bandwidth of 700 MHz. The DSSS signal is transmitted over a fiber channel and received by a photodetector, which converts the optical signal into an electrical signal. The electrical signal is then processed by a radar receiver antenna and a communication receiver. The ISAC coupling mode is based on the use of a single waveform for both sensing and communication, which is achieved through the use of a PN sequence that is common to both the transmitter and the receiver.","The paper reports a range resolution of 43 cm and a maximum unambiguous range of 1200 m. The radar system uses a PN sequence with a chip duration of 2.86 ns, which determines the range resolution. The reported metrics are physically consistent with the system parameters and the principles of radar and communication systems. The use of a DSSS-BPSK unified waveform and the photonics-based transmission system enable the achievement of the reported metrics.","The proposed ISAC system solves the problem of integrating communication and sensing functions using a single waveform, which enhances spectral efficiency and reduces hardware complexity. However, the system still faces challenges such as the impact of fiber nulls on signal fidelity and the need for accurate time synchronization between the PN sequence generated at the receiver and the PN sequence of the incoming signal. Additionally, the system's performance may be affected by the quality of the fiber channel and the noise level in the system."
O_ISAC_291,"The paper includes several images, including a conceptual illustration of Pepper's ghost illusion, a 3D tag illustration, a dual-panel BER analysis, and a comparison chart. These images provide visual evidence of the HoloCube system's design and performance.","The HoloCube system utilizes the Pepper's ghost illusion to create a virtual 3D cube for omnidirectional optical wireless communication. The system uses a smartphone screen and a Pepper's ghost reflector to generate direction-specific data and decode optical symbols robustly. The ISAC coupling mode is achieved through the use of spatial and spectral diversities in OWC, which improves data rate and user experience.",The paper reports a maximum data rate of 109.4 Kbps and a goodput of 70 Kbps at 4m. The BER analysis shows that the system achieves a BER of 0.03 at 1m and 0.26 at 5m. These metrics are physically consistent with the system's design and implementation.,"The HoloCube system solves the problem of omnidirectional optical wireless communication with integrated communication and sensing. However, the system's performance is limited by the distance between the transmitter and receiver, and the BER increases with increasing distance. Further research is needed to improve the system's performance and robustness."
O_ISAC_300,"The paper includes 16 images, including time-frequency diagrams, correlation coefficient plots, achievable rate charts, system architecture diagrams, spectral analysis, temporal waveforms, synchronization performance, EVM analysis, radar profiles, and trade-off charts. These images provide visual evidence of the dual-chirp waveform design, system architecture, and performance metrics such as data rate, PSLR, and range resolution.","The paper proposes a dual-chirp waveform design for photonic THz-ISAC systems, where the up-chirp carrier is modulated with QPSK symbols and the down-chirp sync pilot is unmodulated. The system mechanism involves the use of a preamble-free synchronization scheme, which exploits the quasi-orthogonal property of the dual-chirp waveform to achieve synchronization without additional overhead. The ISAC coupling mode is based on the integration of sensing and communication functionalities using the same waveform.","The paper reports a data rate of 20 Gbps, a PSLR of 29.2 dB, and a range resolution of 1.5 cm. These metrics are physically consistent with the system architecture and waveform design proposed in the paper. The use of a dual-chirp waveform with a bandwidth of 10 GHz and a time duration of 1 μs supports the reported range resolution. The synchronization scheme and LMS filter used for down-chirp removal also contribute to the reported performance metrics.","The paper solves the problem of achieving preamble-free synchronization in photonic THz-ISAC systems using a dual-chirp waveform design. The proposed system architecture and waveform design enable the integration of sensing and communication functionalities with high data rates and range resolutions. However, open challenges remain, such as optimizing the amplitude ratio for trade-off between communication and sensing performance, and further improving the PSLR and range resolution. Additionally, the scalability and robustness of the proposed system in various environments and scenarios need to be investigated."
O_ISAC_301,"The paper includes several figures and charts that illustrate the experimental setup, system architecture, and performance results of the photonics-based W-band integrated sensing and communication (ISAC) system. Figure 1 shows the system architecture, including the central office, remote radio unit, and user equipment. Figure 2 illustrates the experimental setup, with the blue parts serving for communication, the yellow parts serving for sensing, and the green parts serving for both communication and sensing. Figure 3 presents the achievable communication NDR with a distance of 1.15 m, with Figure 3(a) showing NDR vs Vpp and Figure 3(b) showing NDR vs ROP. Figure 4 displays the radar spectrum of the 5 targets and the resolution with their distance error and the maximum and minimum PMNR labeled. Figure 5 shows how the PMNR changes when the ROP varies for a target located at 1.15 m. Figure 6 presents the location map of the 3 users collected by the ISAC system. Figure 7 shows the commun","The system mechanism involves a photonics-based W-band ISAC system that utilizes a combination of communication and radar sensing signals. The ISAC coupling mode is based on a time-division multiplexing (TDM) approach, where the communication and sensing signals are multiplexed in time and sent in different time slots. The system uses a probabilistic shaping (PS) single-carrier modulation (SCM) to flexibly adjust the transmitting entropy and maximize the usage of the available capacity. The sensing signal is an LFM signal that is used to actively detect the location of the users. The system also uses a servo turntable to scan the area, find the users, and send data to the users at the highest available rate.","The reported metrics, such as the peak NDR of 68.6 Gbit/s and the sensing resolution of 1.95 cm, are physically consistent with the system architecture and experimental setup. The system's performance is also consistent with the theoretical expectations, such as the distance resolution and the PMNR. The experimental results show that the system can achieve a high-data-rate transmission and precise distance sensing, which is consistent with the system's design and the theoretical models used.","The paper solves several problems, including the demonstration of a photonics-based W-band ISAC system that can achieve high-data-rate transmission and precise distance sensing. The system also addresses the challenge of aligning the communication and sensing signals in a TDM approach. However, there are remaining open challenges, such as the need for further optimization of the system's performance, the development of more advanced signal processing algorithms, and the integration of the system with other technologies, such as artificial intelligence and machine learning."
O_ISAC_303,"The paper contains several figures and diagrams, including a comprehensive overview of the LiSAC system, integration of lighting and communication, integration of sensing and communication, and integration of lighting, sensing, and communication. The images depict various system architectures, including mirror-assisted VLC, sunlight-based VLC, indoor VLC luminary, and museum broadcast.","The paper introduces the concept of LiSAC, which integrates lighting, sensing, and communication. The system mechanism involves the use of visible light communication (VLC) for both communication and sensing. The ISAC coupling mode is based on the integration of VLC and sensing, where the same light source is used for both communication and sensing.","The paper reports various performance metrics, including data rate, spectral efficiency, and localization accuracy. The metrics are physically consistent and align with the system architecture and modulation schemes used.","The paper solves the problem of integrating lighting, sensing, and communication into a single system. However, it also identifies several open challenges, including the need for more efficient modulation schemes, improved receiver design, and better interference mitigation techniques."
O_ISAC_304,"The paper includes several images: a system schematic of the chirp-polarity coded LFM signal generator, a system architecture diagram of the photonic JRC system, an application scenario with two identical transceivers, and several optical spectra and waveforms. The system schematic shows a laser diode, a dual-polarization QPSK modulator, an optical filter, a polarization modulator, and a polarizer. The system architecture diagram shows the transmitter and receiver for both radar and communication. The application scenario shows two transceivers with polarization diversity. The optical spectra show the output of the QPSK modulator and the polarizer. The waveforms show the generated signal and the demodulated signal.","The system uses a chirp-polarity coded LFM waveform to simultaneously perform radar and communication functions. The chirp-polarity coding operation is used to convey binary data, with '1' corresponding to up-chirp and '0' corresponding to down-chirp. The system uses optical de-chirping for both radar detection and communication demodulation. The radar detection subsystem uses a phase modulator to modulate the received signal with a reference signal, and then uses an optical filter to filter the components around the frequency of the optical carrier. The communication demodulation subsystem uses a phase modulator to modulate the received signal with a reference signal, and then uses an optical filter to filter the components around the frequency of the optical carrier.","The paper reports a range resolution of 1.875 cm, which is twice that of the input LFM signal. The radar unambiguous range is expanded to 15*N m, where N is the length of the communication bit sequence. The communication demodulation performance is deteriorated when the communication speed is increased. The paper reports a demodulation performance of 26 dB for a communication speed of 10 Mbit/s, and 16 dB for a communication speed of 100 Mbit/s.","The paper solves the problem of simultaneously performing radar and communication functions using a single waveform. The paper also solves the problem of expanding the radar unambiguous range and improving the range resolution. However, the paper notes that the demodulation performance is deteriorated when the communication speed is increased, which is an open challenge. Another open challenge is the requirement for high-speed electronics to generate and process the high-frequency waveform."
O_ISAC_310,"The paper includes several figures and charts that provide visual details about the proposed system. Figure 1 shows the schematic diagram of the proposed CE THz ISAC system, including the components such as laser diodes, dual-parallel Mach-Zehnder modulator, and photodetectors. Figure 2 illustrates the geometric schematic of the MISO scenario with two transmitting antennas and one receiving antenna. Figure 3 shows the measured spectrograms of the generated THz ISAC signal. Figure 4 presents the measured BER and SNR at different PMI. Figure 5 displays the equivalent radar range resolution after CFP. Figure 6 shows the peak locations of the de-chirped signal.","The proposed system is a photonics-based CE THz ISAC system that integrates 2D positioning and CFP. The system uses a dual-parallel Mach-Zehnder modulator to generate the IF ISAC signal, which is then up-converted to the THz band using optical heterodyne detection. The ISAC signal is designed with two LFM sub-bands and a CE-OFDM signal in between. The system uses CFP to synthesize a 10 GHz bandwidth from the two 2 GHz LFM sub-bands, achieving a radar range resolution of 1.78 cm. The system also demonstrates a communication data rate of 18.448 Gbit/s.","The reported metrics, such as the communication data rate of 18.448 Gbit/s and the radar range resolution of 1.78 cm, are physically consistent with the system design and parameters. The system's performance is also verified through simulations, which demonstrate the system's ability to achieve high-speed communication and high-resolution target localization.","The proposed system solves the problem of achieving high-speed communication and high-resolution target localization in a single system. However, the system's performance is affected by the PMI, which can distort the sensing signals and reduce the SNR. The system also requires a high degree of complexity in terms of hardware and signal processing, which can be a challenge for practical implementation. Further research is needed to address these challenges and improve the system's performance and feasibility."
O_ISAC_324,"The paper contains several images, including network architecture diagrams, concept diagrams, signal processing schematics, experimental setup diagrams, phase space scatter plots, frequency spectra, cross-correlation plots, noise analysis charts, performance charts, waveform comparisons, spectrum anomalies, and linearity plots. These images provide visual representations of the proposed integrated sensing and quantum communication network (ISAQN) scheme, including its architecture, signal processing, and experimental results.","The ISAQN scheme integrates sensing and quantum communication through a round-trip multiband structure, where multiple child nodes modulate quantum signals and pilot signals, which are then transmitted back to the center node. The center node uses coherent demodulation and phase unwrapping to recover the vibration waveform. The scheme uses frequency division multiplexing (FDM) to differentiate between signals from different child nodes.","The paper reports a secure key rate (SKR) of approximately 0.7 Mbits/s for each user under 10-km standard fiber transmission, with a vibration response bandwidth ranging from 1 Hz to 2 kHz, a strain resolution of 0.50 nε/√Hz, and a spatial resolution of 0.20 m under shot-noise-limited detection. These metrics are physically consistent with the proposed scheme and experimental setup.","The ISAQN scheme addresses the challenge of integrating sensing and quantum communication in a multipoint network, achieving simultaneous QKD and distributed sensing. However, the scheme is susceptible to practical security attacks, such as phase remapping and Trojan-horse attacks, which need to be addressed in future research."
O_ISAC_327,"The paper contains various figures and diagrams, including a concept diagram of 6G VLC-IoE applications, a taxonomy chart of VLC channel modeling methods, an experimental setup diagram for time-domain VLC channel measurement, data plots of indoor channel characteristics, and system schematics of RIS-assisted VLC and VLC-ISAC channel models.","The paper discusses the concept of Visible Light Communication (VLC) and its application in Internet of Everything (IoE) scenarios. The system mechanism involves the use of light-emitting diodes (LEDs) for both illumination and data transmission. The ISAC coupling mode is not explicitly mentioned, but the paper touches on the idea of integrating sensing and communication in VLC systems.","The paper reports various metrics, including path loss exponent (PLE), root mean square delay spread (RMS DS), and optical path loss (OPL). These metrics are physically consistent with the expected behavior of VLC channels, considering factors such as multipath dispersion, reflection, and absorption.","The paper solves the problem of characterizing and modeling VLC channels for IoE applications. However, open challenges remain, such as the need for more accurate and generalizable channel models, the impact of new technologies like RIS on VLC channels, and the integration of sensing and communication in VLC systems."
O_ISAC_340,"The paper includes several figures and diagrams that provide insight into the 6G-EWOC project's architecture and technical details. Figure 1 illustrates OWC scenarios, including V2V and V2I communication, as well as a Fi-Wi-Fi bridge. Figure 2 shows a busy urban intersection, highlighting the need for advanced sensing and communication technologies. Figure 7 depicts the 6G-EWOC high-level architecture, which integrates OWC and C-V2X systems. Figure 8 shows the 6G-EWOC connectivity architecture, including OWC transceivers, photonic switches, and edge data centers.","The 6G-EWOC project aims to develop a 6G-V2X network that combines fiber-optic and wireless technologies with AI to support advanced network and CAM services. The project focuses on the development of OWC technologies for V2V and V2I communications, as well as the integration of C-V2X systems. The architecture includes a photonic lantern-based remote radio head for V2I OWC, a Fi-Wi-Fi bridge for fiber-scarce areas, and an AI-driven control and orchestration system for resource optimization.","The paper reports several performance metrics, including data rates of >100 Mb/s for V2V OWC and >1 Gb/s for V2I OWC. The Fi-Wi-Fi bridge is reported to have a loss of <13 dB for a 100 m link. The project aims to demonstrate 17 KPIs, including V2V and V2I data rates, user data rates, and energy efficiency. The reported metrics seem physically consistent, but further analysis is needed to verify the results.","The 6G-EWOC project addresses several key challenges in the development of 6G-V2X networks, including the need for high-speed, low-latency communication and advanced sensing capabilities. The project's focus on OWC technologies and AI-driven control and orchestration provides a promising approach to addressing these challenges. However, further analysis is needed to evaluate the project's potential impact and identify areas for improvement."
O_ISAC_347,"The paper includes several figures and diagrams, including a system schematic of an optical fiber ISAC system with 4-PAM-LFM, an algorithm diagram of the Learned Digital Back-Propagation (LDBP) principle, signal spectra of the ISAC signals, and performance charts showing the learning curve and parameter sweep plots.","The system uses a unified waveform, 4-PAM-LFM, which integrates communication and sensing. The LFM optical carrier is modulated with a PAM4 signal for communication, and the Rayleigh backscattered light is used for sensing. The LDBP algorithm is used to compensate for nonlinear impairments in the fiber optic channel.","The paper reports a data rate of 8 GBaud/s and a sensing range of 25 km. The LDBP algorithm achieves an SNR gain of ~1.5 dB, and the optimal launch power is around 9-10 dBm. The initial frequency of the LFM optical carrier affects the compensation efficiency of LDBP, with higher frequencies resulting in worse compensation results.","The paper solves the problem of nonlinear impairment compensation in optical fiber ISAC systems using the LDBP algorithm. However, the initial frequency of the LFM optical carrier is a critical factor that affects the compensation efficiency, and further research is needed to optimize this parameter. Additionally, the paper highlights the importance of considering the physical impairments of the fiber optic channel in the design of ISAC systems."
O_ISAC_348,"The paper contains several figures and charts, including a conceptual diagram of the ISAC-OF system, an experimental setup diagram, performance charts (BER), sensing results (vibration), and frequency response analysis. The figures show the operating principle of the ISAC-OF, the experimental setup, and the results of the transmission performance and sensing performance.",The ISAC-OF system uses a periodic linear frequency modulation (LFM) light as the optical carrier and sensing probe. The LFM optical carrier is generated with single-sideband (SSB) modulation and is used to carry a 4-level pulse amplitude-modulation (PAM4) signal. The system uses the same wavelength channel for simultaneous data transmission and distributed vibration sensing.,"The paper reports a 56 Gbit/s PAM4 signal transmission and distributed vibration measurements with a 4 m spatial resolution, 4.32-ne/√Hz strain resolution, and an effective sampling rate in excess of 42 kHz. The reported metrics are physically consistent with the hardware and system parameters described in the paper.","The paper solves the problem of integrating high-speed optical communication and distributed sensing in an optical fibre, achieving better transmission performance and larger launching power. However, the system is complicated and requires further simplification. The paper also highlights the potential of the integrated sensing and communication in optical fibre for various applications, including urban structure imaging, ocean seismic detection, and safety monitoring of underground embedded pipelines."
O_ISAC_349,"The paper includes several images, including a waveform concept diagram, an experimental setup diagram, signal spectrum and STFT analysis, radar range profiles, and performance charts. These images provide visual representations of the proposed LFM-PSK waveform, the experimental setup, and the performance of the system.","The system uses a radar-centric approach, where the primary structure is a linear frequency modulation (LFM) waveform, and communication is embedded in the phase of the LFM waveform using phase shift keying (PSK). The ISAC coupling mode is achieved through the integration of the LFM and PSK waveforms.","The reported metrics, such as the range resolution and peak sidelobe ratio (PSLR), are physically consistent with the hardware and methodology described in the paper. The range resolution of 1.3 cm and PSLR of 20.9 dB are consistent with the expected performance of the LFM-PSK waveform.","The paper solves the problem of achieving high PSLR and range resolution in a radar-centric ISAC system. However, the remaining open challenges include optimizing the data rate for the best trade-off between PSLR and range estimation error, and further improving the system's performance in terms of range resolution and PSLR."
O_ISAC_350,"The paper presents a study on an integrated optoelectronic chip for motion detection and visible light communication. The chip is based on a GaN multiple quantum wells material and has a dual-functionality, serving as both a transmitter and a receiver. The study demonstrates the chip's ability to detect motion and transmit data through visible light communication.","The concept of the study involves the use of a GaN multiple quantum wells material to create an integrated optoelectronic chip with dual-functionality. The chip can emit and detect visible light signals, allowing it to detect motion and transmit data. The study explores the potential of this technology for various applications, including IoT, smart cities, and autonomous vehicles.","The study presents various experiments to verify the performance of the optoelectronic chip. The experiments include motion detection and visible light communication tests, which demonstrate the chip's ability to detect motion and transmit data. The results show that the chip can detect motion with high accuracy and transmit data at a rate of 25 Mbps.","The study provides a strategic critique of the optoelectronic chip's performance and potential applications. The authors discuss the advantages and limitations of the technology and identify potential areas for improvement. The study concludes that the optoelectronic chip has the potential to be used in various applications, including IoT, smart cities, and autonomous vehicles."
O_ISAC_351,"The paper includes several figures and diagrams that illustrate the proposed system architecture, including a schematic geometry model of integrated ToF sensing and communication, a timing diagram of modulation and demodulation signals for a Hamiltonian coding scheme, a block diagram of the integrated depth sensing and communication system, and experimental setup photos.","The system uses a Hamiltonian coding scheme to integrate ToF depth sensing and optical communication. The proposed system achieves a measurement accuracy of tens of millimeters and zero error code in communication, with a data rate of 20 Mbps. The system also uses a multi-frequency fusion algorithm to remove phase ambiguity and improve measurement precision.","The paper reports a depth error of 11.64 mm and a mean BER of nearly 0 for single-frequency modulation, and a depth error of 4.46 mm and a mean BER of nearly 0 for multi-frequency fusion. These results are physically consistent and demonstrate the feasibility of the proposed system.","The proposed system solves the problem of integrating ToF depth sensing and optical communication using a single waveform, and demonstrates a high measurement accuracy and low BER. However, the system still faces challenges such as phase ambiguity and limited measurement range, which are addressed using a multi-frequency fusion algorithm."
O_ISAC_354,"The paper includes several images, including a conceptual device diagram of a monolithic III-nitride photonics chip for motion detection, optoelectronic characterization (I-V, C-V, and spectral characteristics), motion sensing results, and communication performance (Tx mode and Trx mode).","The system mechanism involves a monolithic III-nitride photonics chip with a transmitter and receiver on a sapphire wafer with InGaN/GaN multiple quantum wells. The ISAC coupling mode is based on the coexistence of luminescence and detection properties of III-nitride multiple quantum wells, allowing for self-detection and motion sensing.","The reported metrics, such as the 24 Mbps transmission rate and 26 kbps receiving rate, are physically consistent with the system's capabilities and the experimental setup.","The paper solves the problem of integrating motion sensing and visible light communication in a single chip, but open challenges remain, such as improving the 3 dB modulation bandwidth and reducing the active region's area to increase the diode's lighting and detection performance."
O_ISAC_356,"The paper includes several figures: Figure 1 shows a comparison of recent ISAC demonstrations in terms of data rate and range resolution. Figure 2 illustrates the experimental setup, including the generation of a coherent optical frequency comb and the modulation of the optical carriers. Figure 3 presents the results, including the error vector magnitude (EVM) performance of the 16-QAM and 32-QAM signals, as well as the radar range profile.","The system uses a photonic terahertz integrated sensing and communication (THz-ISAC) approach, which combines a dual-chirp-based integrated waveform with coherent fusion processing (CFP) to achieve high data rates and range resolutions. The ISAC coupling mode is based on the use of a single waveform for both sensing and communication, with the CFP algorithm used to synthesize a wide bandwidth from fragmented channels.","The reported metrics, such as the 120 Gbit/s data rate and 2.5 mm range resolution, are physically consistent with the system's architecture and the CFP algorithm used. The use of a dual-chirp-based integrated waveform and the CFP algorithm enables the system to achieve high data rates and range resolutions.","The system solves the problem of achieving high data rates and range resolutions in a photonic THz-ISAC system. However, open challenges remain, such as further improving the system's performance, reducing the complexity of the CFP algorithm, and demonstrating the system's scalability and robustness in various environments."
O_ISAC_360,"The paper presents a monolithic III-nitride photonic circuit for integrated sensing and communication. The circuit consists of two identical InGaN/AlGaN MQW diodes and a comb waveguide. The diodes serve as transmitter and receiver, and the comb waveguide facilitates in-plane light communication and liquid sensing. The SEM morphology image shows the integrated system, and the AFM characterization displays the dimensions of the comb coupler. The I-V curve and luminous image of the transmitter are also provided, along with the EL and responsivity spectra. The paper demonstrates on-chip data communication at 40 Mbps and dynamic ethanol sensing.","The system mechanism involves the use of a comb waveguide to couple light between the transmitter and receiver diodes. The diodes have overlapping EL and responsivity spectra, allowing for simultaneous emission and detection. The comb waveguide also enables liquid sensing by monitoring changes in optical coupling efficiency. The system integrates multiple components, including the transmitter, receiver, and comb waveguide, on a single chip.","The paper reports a data rate of 40 Mbps for in-plane communication, with minimal distortion in the received signal. The eye diagram is open, indicating good signal quality. The liquid sensing results show a linear relationship between the forward current and photocurrent, with a higher photocurrent measured in ethanol compared to air. The system demonstrates both communication and sensing capabilities, with potential applications in the Internet of Things.","The paper presents a novel monolithic III-nitride photonic circuit that integrates sensing and communication on a single chip. The use of a comb waveguide enables both in-plane light communication and liquid sensing, making it a versatile platform for various applications. The system's performance is promising, with a high data rate and sensitive liquid sensing capabilities. However, further research is needed to explore the system's limitations, scalability, and potential applications."
O_ISAC_368,"The paper includes several figures illustrating different aspects of Integrated Sensing and Communication (ISAC) in optical transmission systems. Figure 1 shows the MoF architecture for ISAC, which utilizes polarization interleaving to separate sensing and communication signals. Figure 2 depicts an experimental setup for DOFS combined with WDM, demonstrating the coexistence of high-speed transmission and DOFS. Figure 3 illustrates the configuration of DOFS combined with a joint waveform for ISAC, where a linear frequency modulation (LFM) wave carries a 4-level pulse amplitude modulation (PAM4) signal. Figure 4 presents an ML-based detection of splitting eavesdropping, showcasing the processing module of ML for handling optical performance by monitoring data and eye diagrams.","The paper discusses three categories of optical ISAC: photonics-assisted, distributed optical fiber sensing (DOFS), and channel characteristics. The photonics-assisted technique utilizes polarization interleaving to reduce the need for high-bandwidth devices and simplify digital signal processing (DSP). DOFS combines sensing and communication in a single channel, with the potential to improve spectral efficiency and reduce nonlinear effects. The channel characteristics approach achieves ISAC by monitoring the channel characteristics during optical transmission, such as polarization rotation vector and Mueller matrix, without requiring external devices.","The paper presents a comparison of different ISAC systems, including their methodologies, sensing objects, advantages, and potential research directions. The comparison highlights the trade-offs between different approaches, such as the balance between communication and sensing performance in DOFS, and the need for optimized algorithms to eliminate interference factors in channel characteristics-based ISAC.","The paper identifies several open issues in ISAC, including the challenge of combining different sensing objects, optimizing the performance of communication and sensing in DOFS, and further optimizing algorithms to improve accuracy and eliminate interference factors in channel characteristics-based ISAC. The authors also suggest potential research directions, such as exploring combined waveforms beneficial for both communication and sensing, and studying the sensitivity of channel characteristics to various external factors."
O_ISAC_371,"The paper includes several figures: Figure 1 shows the transmitter structure of the VLC-OCC-CDMA system, Figure 2 depicts the block diagram of the VLC-OCC-CDMA Rake receiver, and Figures 3-5 display the BER performance of the system using different combining methods (SC, MRC, EGC).","The system uses a VLC-OCC-CDMA Rake receiver, which combines the energy of multi-path transmissions to enhance the received signal. The ISAC coupling mode is based on the use of optical complementary codes (OCC) as signature codes, which have ideal autocorrelation characteristics and minimum cross-correlation interference.",The paper reports a data rate of 125 Mbps and a BER performance that improves with increasing SNR and degrades with increasing number of users (K). The results are consistent with the expected behavior of a CDMA system.,"The paper solves the problem of designing a VLC-OCC-CDMA Rake receiver that can effectively combine multi-path energy and mitigate interference. However, the system's performance is still limited by the number of users and the SNR, and further research is needed to improve its scalability and robustness."
O_ISAC_377,"The paper presents a photonics-aided mmW integrated sensing and communications (ISAC) system. The system uses a DC-offset QPSK-encoded LFMCW waveform, which enables both high-resolution sensing and high-speed communication. The system architecture includes a transmitter, radar receiver, and communication receiver. The transmitter uses an optical frequency comb (OFC) and an I/Q modulator to generate the mmW ISAC signal. The radar receiver uses a de-chirping module to extract the delay-related frequency, while the communication receiver uses a pulse compression module to synchronize the signal.","The system uses a DC-offset QPSK-encoded LFMCW waveform, which enables both high-resolution sensing and high-speed communication. The DC offset preserves the distinctive chirp phase and good cross-correlation of the original LFMCW, allowing for high-resolution sensing via radar de-chirping and communication sequence synchronization by pulse compression.","The paper reports a 10.4-cm spatial resolution and an 11.5-Gbit/s transmission rate, which are physically consistent with the system architecture and waveform design. The system's performance is also verified through experiments, which demonstrate a good frequency tunability and wavelength tolerance.","The paper solves the problem of integrating high-resolution sensing and high-speed communication in a single system, using a DC-offset QPSK-encoded LFMCW waveform. However, the system's performance may be limited by the DC offset, which can introduce interference and affect the communication signal quality. Further research is needed to optimize the DC offset and improve the system's overall performance."
O_ISAC_379,"The paper includes several images, including a conceptual architecture of adaptive photonics-based ISAC networks, a principle of adaptive waveform, an experimental setup, and several spectra and time-domain waveforms of adaptive signals. These images provide a visual representation of the system's design and functionality.","The system uses a photonics-based approach to integrate sensing and communication. The ISAC coupling mode is based on frequency-division multiplexing (FDM), where orthogonal frequency-division multiplexing (OFDM) and linear frequency modulation (LFM) signals share the bandwidth. The system allows for adaptive allocation of bandwidths to OFDM and LFM signals according to application requirements.","The paper reports a maximum data rate of 41.48 Gbps and a minimum resolution of 1.53 cm. These metrics are physically consistent with the system's design and functionality. The use of photonics-based technology enables high-bandwidth and high-frequency signals, resulting in higher communication rates and resolutions.","The paper solves the problem of integrating sensing and communication in a photonics-based system, allowing for adaptive allocation of bandwidths to OFDM and LFM signals. However, open challenges remain, such as the need for further research on multi-target sensing and imaging, and the development of more advanced signal processing techniques to improve system performance."
O_ISAC_381,"The paper proposes a long-distance, real-time LED display-camera communication (DCC) system based on LED point clustering and lightweight image processing. The system uses a 2.2-inch 16x16 point LED display and a smartphone's CMOS camera to achieve a maximum data transmission distance of 7m under a BER of 0.5 and a data transmission distance of 175cm under the 7% FEC limit.","The system uses a LED-DCC point clustering scheme to increase the light-emitting area for sending information and a lightweight, back-forth, fast image processing algorithm to quickly locate the LED-DCC display area and extract the transmitted data bits in real-time.","The system's performance is verified through experiments, which show that it can achieve a maximum data transmission distance of 7m under a BER of 0.5 and a data transmission distance of 175cm under the 7% FEC limit, outperforming previous LED-DCC systems.","The system's long-distance and real-time capabilities make it suitable for various applications, but its performance may be limited by the low frame rate and resolution of the image sensor. Future works should focus on improving the channel capacity of the LED-DCC system and testing its performance under outdoor conditions."
O_ISAC_386,"The paper includes several images, including Figure 2, which shows an OOK modulation method, and Figure 5, which illustrates the decision threshold using a cubic fitting polynomial. Other images depict system block diagrams, signal processing results, and performance graphs.","The system uses a visible light communication transceiver based on an intelligent terminal, with OOK modulation and a rolling shutter camera as the receiver. The ISAC coupling mode is achieved through a joint waveform design, where the same waveform serves both sensing and communication purposes.","The paper reports a bit error rate (BER) performance comparison between different decoding methods, with the combined decoding method showing better performance at higher speeds. The system's adaptability and BER performance are also verified through circuit transmission and software transmission experiments.","The paper solves the problem of designing a visible light communication system based on smart terminals, with a focus on improving the adaptability and BER performance of the system. Remaining open challenges include further improving the system's performance, exploring other modulation schemes, and investigating the use of other types of cameras or receivers."
O_ISAC_388,"The paper includes several figures and charts, including a system block diagram of the transmitter structure of a VLC-OCC-CDMA system, a receiver structure of a VLC-OCC-CDMA system, and performance graphs comparing the BER performance of VLC-CDMA systems using OCC and OOC. The system block diagrams show the use of LEDs with different peak wavelengths to distinguish different sub-codes in an OCC, and the use of optical filters with different center wavelengths to separate the signals carried by different sub-codes at the receiver.","The system uses a VLC-OCC-CDMA mechanism, where OCCs are used as signature codes to separate users. The ISAC coupling mode is based on the use of LEDs with different peak wavelengths to distinguish different sub-codes in an OCC, and the use of optical filters with different center wavelengths to separate the signals carried by different sub-codes at the receiver.","The paper reports a BER performance comparison between VLC-OCC-CDMA and VLC-OOC-CDMA systems, and the results show that the VLC-OCC-CDMA system outperforms the VLC-OOC-CDMA system. The reported metrics are physically consistent, as the BER performance is expected to improve with the use of OCCs due to their ideal auto-correlation and low cross-correlation properties.","The paper solves the problem of multiple access interference in VLC-CDMA systems by using OCCs as signature codes. However, there are still open challenges, such as optimizing the design of LEDs layout and eliminating or reducing the interferences caused by multiple LED arrays."
checkpoint,,,,
