paper_id,section,concept,variant,match_type,strength,rationale,quote,line_start,line_end,heading_path,json_path,json_value,llm_model_pass1,llm_label_pass1,llm_model_pass2,llm_label_pass2,llm_escalated
O_ISAC_001,4D,imdd,im/dd,lexical,DIRECT,The text explicitly mentions 'intensity modulation and direct detection (IM/DD)' which directly relates to the concept 'imdd'.,"In VLC systems, OFDM-based modulation schemes such as DC-biased optical OFDM (DCO-OFDM) and asymmetrically clipped optical OFDM (ACO-OFDM) are widely adopted due to their compatibility with intensity modulation and direct detection (IM/DD). However, both suffer from a high peak-to-average power ratio (PAPR). Over the past decade, numerous techniques have been proposed to address this issue. The most common is signal clipping, although more sophisticated approaches, such as active constellation extension [4], which reduces PAPR by adjusting constellation points and DFT spreading [5] have also been explored. Among these solutions, CE-OFDM) has recently attracted attention for its potential to improve power efficiency in wireless communications [6]. This is due not only to its inherent ability to mitigate the high PAPR associated with conventional OFDM systems, but also to its enhanced robustness against system nonlinearities. CE-OFDM has been successfully applied to visible light communication (VLC) systems [7], where it has demonstrated particular effectiveness under low signal-to-noise ratio (SNR) conditions [8].",33,33,Modulation Strategies for Robust Optical Wireless Communications and Sensing in 6G > I. INTRODUCTION,,,meta-llama/llama-4-scout-17b-16e-instruct,INDIRECT,llama-3.3-70b-versatile,DIRECT,True
O_ISAC_001,4D,intensity_only,intensity,lexical,INDIRECT,"The concept of intensity_only is related to the context of intensity modulation and direct detection (IM/DD) in VLC systems, but it is not explicitly mentioned.","In VLC systems, OFDM-based modulation schemes such as DC-biased optical OFDM (DCO-OFDM) and asymmetrically clipped optical OFDM (ACO-OFDM) are widely adopted due to their compatibility with intensity modulation and direct detection (IM/DD). However, both suffer from a high peak-to-average power ratio (PAPR). Over the past decade, numerous techniques have been proposed to address this issue. The most common is signal clipping, although more sophisticated approaches, such as active constellation extension [4], which reduces PAPR by adjusting constellation points and DFT spreading [5] have also been explored. Among these solutions, CE-OFDM) has recently attracted attention for its potential to improve power efficiency in wireless communications [6]. This is due not only to its inherent ability to mitigate the high PAPR associated with conventional OFDM systems, but also to its enhanced robustness against system nonlinearities. CE-OFDM has been successfully applied to visible light communication (VLC) systems [7], where it has demonstrated particular effectiveness under low signal-to-noise ratio (SNR) conditions [8].",33,33,Modulation Strategies for Robust Optical Wireless Communications and Sensing in 6G > I. INTRODUCTION,,,meta-llama/llama-4-scout-17b-16e-instruct,INDIRECT,llama-3.3-70b-versatile,INDIRECT,True
O_ISAC_001,4D,intensity_only,magnitude,lexical,NONE,"There is no mention of intensity modulation or related concepts in this snippet, making it unrelated to the concept of intensity_only.","In addition to localization, the information embedded in reflected or transmitted optical signals can be used to infer the physical properties of materials. In [11], it was introduced a framework for material classification using features derived from OFDM-based OWC signals. Their setup involved measuring Error Vector Magnitude (EVM) and distance between the laser source and target material, which were then fed into machine learning models to classify objects as glass, plastic, or aluminum.",41,41,Modulation Strategies for Robust Optical Wireless Communications and Sensing in 6G > I. INTRODUCTION,,,meta-llama/llama-4-scout-17b-16e-instruct,NONE,llama-3.3-70b-versatile,NONE,True
O_ISAC_001,4D,intensity_only,magnitude,lexical,DIRECT,"The snippet discusses an experiment involving a directly modulated laser diode and avalanche photodiode, which implies intensity modulation and detection, directly relating to intensity-only concepts.","Fig. 1 presents the experimental performance evaluation results of the VLC CE-OFDM system, conducted using the same laboratory setup described in [8]. In the experiment, the CE-OFDM signal was generated using 64 QAM-modulated subcarriers occupying 250 MHz bandwidth, the OFDM modulator is followed by Hermitian symmetry enforcement, inverse FFT, cyclic prefix insertion, and SRRC filtering with a roll-off factor  $\beta$ =0.1 and an up-sampling factor of  $N_{up}$  = 10. The resulting constant-envelope signal was generated by phase modulating a 300 MHz carrier and subsequently transmitted through a 2-meter free-space optical link using a directly modulated laser diode (Thorlabs L638P040). The light was collimated and focused at the receiver side, where it was detected using an avalanche photodiode with integrated amplification. The received signal was digitized at 25 GSa/s and processed by a custom DSP chain implementing decimation, synchronization, digital filtering, phase demodulation and correction. The peak-to-peak amplitude of both the OFDM and CE-OFDM signals was kept at 1.8 V at the AWG. Performance was quantified in terms of the error vector magnitude (EVM) averaged over multiple transmission bursts.",96,96,III. VLC CE-OFDM PERFORMANCE ASSESSMENT,,,meta-llama/llama-4-scout-17b-16e-instruct,DIRECT,,,False
O_ISAC_001,4D,complex_field,sophisticated area,fuzzy:88.88888888888889,NONE,"The text does not mention the concept of 'complex_field' directly or indirectly, it discusses OFDM-based modulation schemes and techniques to address the high peak-to-average power ratio (PAPR) issue in VLC systems.","In VLC systems, OFDM-based modulation schemes such as DC-biased optical OFDM (DCO-OFDM) and asymmetrically clipped optical OFDM (ACO-OFDM) are widely adopted due to their compatibility with intensity modulation and direct detection (IM/DD). However, both suffer from a high peak-to-average power ratio (PAPR). Over the past decade, numerous techniques have been proposed to address this issue. The most common is signal clipping, although more sophisticated approaches, such as active constellation extension [4], which reduces PAPR by adjusting constellation points and DFT spreading [5] have also been explored. Among these solutions, CE-OFDM) has recently attracted attention for its potential to improve power efficiency in wireless communications [6]. This is due not only to its inherent ability to mitigate the high PAPR associated with conventional OFDM systems, but also to its enhanced robustness against system nonlinearities. CE-OFDM has been successfully applied to visible light communication (VLC) systems [7], where it has demonstrated particular effectiveness under low signal-to-noise ratio (SNR) conditions [8].",33,33,Modulation Strategies for Robust Optical Wireless Communications and Sensing in 6G > I. INTRODUCTION,,,meta-llama/llama-4-scout-17b-16e-instruct,NONE,llama-3.3-70b-versatile,NONE,True
O_ISAC_003,4D,json:rx_detection_type,,json,DIRECT,Structured receiver field,,,,,scenario_level[0].receiver.rx_detection_type,direct,json,DIRECT,,,False
O_ISAC_005,4D,imdd,im and dd,fuzzy:88.88888888888889,NONE,"The provided snippet does not mention 'imdd' directly or indirectly, hence it is labeled as NONE.","Here, we propose using the light backscattered from a foggy FSO channel as the sensing feedback signal to estimate FSO channel condition in real-time and dynamically adjust the network parameters (e.g., UAV trajectory) as shown in Fig. 1. Using this sensing mechanism, we introduce an O-ISAC framework, where the backscattered light from the FSO communication signal is utilized to estimate the FSO channel gain and optimize its trajectory dynamically. The goal of this adaptive O-ISAC system is to maximize the network's end-to-end throughput for edge users while accounting for FSO backhaul capacity, UAV antenna beamwidth, and bandwidth allocation.",39,39,Integrated Sensing and Communication for UAV Trajectory Optimization in Mixed FSO-RF Networks in Dynamic Weather Conditions > I. INTRODUCTION > II. SYSTEM MODEL,,,meta-llama/llama-4-scout-17b-16e-instruct,NONE,llama-3.3-70b-versatile,NONE,True
O_ISAC_005,4D,imdd,im/dd,lexical,DIRECT,The context directly mentions 'intensity modulation direct detection (IM/DD)' which is commonly abbreviated as IM/DD or imdd. This is a direct reference to the concept.,"In an FSO link using intensity modulation direct detection (IM/DD), the received electrical signal can be denoted as",43,43,Integrated Sensing and Communication for UAV Trajectory Optimization in Mixed FSO-RF Networks in Dynamic Weather Conditions > I. INTRODUCTION > II. SYSTEM MODEL > A. FSO Backhaul Communication,,,meta-llama/llama-4-scout-17b-16e-instruct,DIRECT,,,False
O_ISAC_005,4D,intensity_only,intensity,lexical,INDIRECT,"The concept 'intensity_only' is related to the modulation technique used in the FSO link, which is intensity modulation direct detection (IM/DD), but the equation provided describes the received electrical signal, not the intensity directly.","In an FSO link using intensity modulation direct detection (IM/DD), the received electrical signal can be denoted as",43,43,Integrated Sensing and Communication for UAV Trajectory Optimization in Mixed FSO-RF Networks in Dynamic Weather Conditions > I. INTRODUCTION > II. SYSTEM MODEL > A. FSO Backhaul Communication,,,meta-llama/llama-4-scout-17b-16e-instruct,INDIRECT,llama-3.3-70b-versatile,INDIRECT,True
O_ISAC_005,4D,intensity_only,intensity,lexical,DIRECT,"The snippet explicitly mentions 'this analysis focuses fog effects, but excludes turbulence-induced intensity fading $q_0$ to assess the backhaul capacity.' and the focus on 'transmitted intensity' with the notation $x_0$, directly implying the concept of intensity_only.","where  $\rho$  is the photodetector's responsivity,  $g_0$  is the average optical power gain,  $x_0$  is the transmitted intensity,  $s_0$  is the received signal, and  $z_0$  is zero-mean Gaussian noise with variance  $\sigma_0^2$ . An advanced pointing, acquisition, and tracking (PAT) method is assumed to correct pointing errors [8]. Given the inverse correlation between fog and atmospheric turbulence [9], and some studies that disregard these factors [10], this analysis focuses fog effects, but excludes turbulence-induced intensity fading  $q_0$  to assess the backhaul capacity.",47,47,Integrated Sensing and Communication for UAV Trajectory Optimization in Mixed FSO-RF Networks in Dynamic Weather Conditions > I. INTRODUCTION > II. SYSTEM MODEL > A. FSO Backhaul Communication,,,meta-llama/llama-4-scout-17b-16e-instruct,DIRECT,,,False
O_ISAC_006,4D,imdd,im/dd,lexical,DIRECT,"The text explicitly mentions 'intensity modulation direct detection(IM/DD) systems', which directly relates to the concept of IM/DD.","In ISAC-OF schemes based on WDM and SDM, dedicating spectrum or fiber resources exclusively to sensing can lead to inefficient resource utilization. To enhance the overall resource efficiency of the ISAC-OF systems, reference [28] demonstrated a scheme for synchronous data transmission and DAS within the same wavelength channel of optical fiber. This approach utilized Pulse Amplitude Modulation with 4 levels (PAM4) signals for data transmission, employing periodic linear frequency modulation (LFM) light as both a sensing probe and an optical carrier, with LFM modulated onto the phase of the optical signal. The schematic of the experimental structure is shown in figure 6. This method not only extends the intelligence of optical fiber communication systems but also enhances their transmission performance. However, this scheme is only applicable to intensity modulation direct detection(IM/DD) systems and introduces a complex structure, leading to increased costs.",97,97,*B. Solution using the same wavelength*,,,meta-llama/llama-4-scout-17b-16e-instruct,INDIRECT,llama-3.3-70b-versatile,DIRECT,True
O_ISAC_006,4D,imdd,im/dd,lexical,DIRECT,"The text mentions 'IM/DD systems', directly referencing the concept of IM/DD in the context of ISAC-OF systems.","sensing distance of the system. If the system needs to operate on an amplified link with isolators, sensing systems based on backscattering may encounter certain limitations. Currently, the scheme of simultaneously transmitting communication signals and sensing probes using the same wavelength channel can only be applied in IM/DD systems, and this introduces complex structures. Adapting this approach to accommodate more communication modulation formats and the existing fiber network architecture presents a significant challenge.",144,144,TABLE I. SCHEME COMPARISON,,,meta-llama/llama-4-scout-17b-16e-instruct,INDIRECT,llama-3.3-70b-versatile,DIRECT,True
O_ISAC_006,4D,coherent,coherent detection,lexical,INDIRECT,"The concept 'coherent' is related to the context through the mention of 'Optical Coherent Detection' and 'Coherent Transceiver Prototype', indicating an indirect connection to the concept.","- [14] A. Mecozzi, C. Antonelli, M. Mazur, et al., ""Use of Optical Coherent Detection for Environmental Sensing,"" Journal of Lightwave Technology, 2023, vol. 41, pp. 3350-3357.",173,173,REFERENCES,,,meta-llama/llama-4-scout-17b-16e-instruct,INDIRECT,llama-3.3-70b-versatile,INDIRECT,True
O_ISAC_006,4D,coherent,coherent sensing,lexical,INDIRECT,"The concept 'coherent' is related to the context through the mention of 'Digital Coherent Sensing System' and 'Self-Homodyne Coherent Detection', indicating an indirect connection to the concept.","- [25] S. Guerrier, K. Benyahya, C. Dorize, et al., ""Vibration Detection and Localization in Buried Fiber Cable after 80km of SSMF using Digital Coherent Sensing System with Co-Propagating 600Gb/s WDM Channels."" Optical Fiber Communications Conference and Exhibition (OFC), 2022, pp. 1-3.",186,186,REFERENCES,,,meta-llama/llama-4-scout-17b-16e-instruct,INDIRECT,llama-3.3-70b-versatile,INDIRECT,True
O_ISAC_006,4D,coherent,coherent detection,lexical,INDIRECT,"The concept 'coherent' is related to the context through the mention of 'Digital Coherent Sensing System' and 'Self-Homodyne Coherent Detection', indicating an indirect connection to the concept.","- [26] E. Ip, Y K. Huang, T. Wang, et al., ""Distributed Acoustic Sensing for Datacenter Optical Interconnects using Self-Homodyne Coherent Detection,"" Optical Fiber Communications Conference and Exhibition (OFC), 2022, pp. W1G-4.",187,187,REFERENCES,,,meta-llama/llama-4-scout-17b-16e-instruct,INDIRECT,llama-3.3-70b-versatile,INDIRECT,True
O_ISAC_006,4D,intensity_only,intensity,lexical,INDIRECT,"The concept 'intensity_only' is related to 'intensity modulation direct detection (IM/DD) systems', which is mentioned in the snippet, but it is not the main focus of the text. The text discusses a scheme for synchronous data transmission and DAS within the same wavelength channel of optical fiber, and IM/DD systems are only mentioned as a limitation of the scheme.","In ISAC-OF schemes based on WDM and SDM, dedicating spectrum or fiber resources exclusively to sensing can lead to inefficient resource utilization. To enhance the overall resource efficiency of the ISAC-OF systems, reference [28] demonstrated a scheme for synchronous data transmission and DAS within the same wavelength channel of optical fiber. This approach utilized Pulse Amplitude Modulation with 4 levels (PAM4) signals for data transmission, employing periodic linear frequency modulation (LFM) light as both a sensing probe and an optical carrier, with LFM modulated onto the phase of the optical signal. The schematic of the experimental structure is shown in figure 6. This method not only extends the intelligence of optical fiber communication systems but also enhances their transmission performance. However, this scheme is only applicable to intensity modulation direct detection(IM/DD) systems and introduces a complex structure, leading to increased costs.",97,97,*B. Solution using the same wavelength*,,,meta-llama/llama-4-scout-17b-16e-instruct,INDIRECT,llama-3.3-70b-versatile,INDIRECT,True
O_ISAC_006,4D,json:rx_detection_type,,json,DIRECT,Structured receiver field,,,,,scenario_level[0].receiver.rx_detection_type,coherent,json,DIRECT,,,False
O_ISAC_007,4D,coherent,coherent measurement,fuzzy:85.0,INDIRECT,"The concept of coherence is related to the properties of light and its application in interferometry, which is mentioned in the context of fiber optic interferometer sensing probes. However, the term 'coherent' is not explicitly mentioned, making the connection indirect.","Fiber optic interferometer sensing probes have been widely studied due to their small size, high measurement accuracy, and ease of embedded measurement[2]. Of the four common fiber optic interferometers, only fiber optic Fabry-Perot interferometer and fiber optic Michelson interferometer can be used for embedded displacement measurement. The light emitted from the fiber diverges and the working distance is usually around 1 mm[3]. Subsequent researchers have collimated lenses and processed tapered fiber tips to reduce beam divergence [4-5]. However most probe research focuses on long-distance measurements and neglects high precision measurement of curved surfaces in narrow spaces.",19,19,I. INTRODUCTION,,,meta-llama/llama-4-scout-17b-16e-instruct,INDIRECT,llama-3.3-70b-versatile,INDIRECT,True
O_ISAC_007,4D,coherent,coherent measurement,fuzzy:85.0,DIRECT,"The mathematical expressions for measurement light, reference light, and fringe contrast involve terms that suggest interference patterns, which are directly related to coherent light. The context implies the use of coherent light sources in interferometry.","where the measurement light  $I_{\rm m}=I_0\eta_{\rm m}\eta_{\rm r}^2$ , reference light  $I_{\rm m}=I_0(1-\eta_{\rm r})$ ,  $L_{\rm fiber}$  is the optical path length from SMF trench surface to SMF output surface. The fringe contrast is expressed as follows:",119,119,I. INTRODUCTION > II. PRINCIPLE,,,meta-llama/llama-4-scout-17b-16e-instruct,DIRECT,,,False
O_ISAC_007,4D,coherent,coherent measurement,fuzzy:85.0,NONE,"The provided context is a list of references and does not contain any information related to the concept of coherence, making it unrelated to the concept.","- [2] Y.-C. Wang, L.-H. Shyu, and C.-P. Chang, ""The Comparison of Environmental Effects on Michelson and Fabry-Perot Interferometers Utilized for the Displacement Measurement,"" Sensors (Basel, Switzerland), vol. 10, no. 4, pp. 2577–2586, Mar. 2010.",159,159,REFERENCES,,,meta-llama/llama-4-scout-17b-16e-instruct,NONE,llama-3.3-70b-versatile,NONE,True
O_ISAC_007,4D,intensity_only,intensity,lexical,DIRECT,"The concept 'intensity_only' is directly related to the expression for the interference light intensity I, which is explicitly derived and expressed in the snippet.","Therefore, it can be derived the expression for the interference light intensity I, expressed as follows:",114,114,I. INTRODUCTION > II. PRINCIPLE,,,meta-llama/llama-4-scout-17b-16e-instruct,NONE,llama-3.3-70b-versatile,DIRECT,True
O_ISAC_008,4D,coherent,coherent detection,lexical,DIRECT,"The concept of 'coherent' is directly mentioned in the context as 'coherent detection' and 'coherent carrier demodulation', indicating a direct relationship with the concept.","The VPltransmissionMaker is utilized to evaluate the function of proposed ISAC Lidar system utilizing QPSK-FMCW joint waveform in Fig. 1 (a). Considering the actual experiment setups in our previous FMCW Lidar work, the joint waveform is created by encoding a 4Gbps QPSK signal into the LFM signal with an initial frequency of 8GHz and a bandwidth of 4GHz in a period of 8.192µs. Distance and velocity of a moving target are set as 15m and 7.75m/s, respectively. Fig. 2. (a) shows the result of coherent detection to recover the sensing signal in the Lidar RX. From the frequency sum and difference of beat signal, the distance and velocity of moving target can be correctly calculated as 15.005m and 7.772m/s, respectively. Besides Lidar sensing, the QPSK communication is also verified at the same time. In the communication RX, the optical power received by PD is -4.43dBm and the SNR is 14dB. Fig. 2. (b-c) shows the waveform and eye diagram of recovered data. After DSP processing, the BER is calculated as 4.88×10<sup>-4</sup>. It indicates that the coherent carrier demodulation and optical DSP processing can properly recover the data at 4Gbps, which is much higher than that in [4].",77,77,B. Principle of Thinned Ring Antenna Design > III. SIMULATION RESULTS AND DISCUSSION > A. ISAC Joint Waveform Evaluation,,,meta-llama/llama-4-scout-17b-16e-instruct,DIRECT,,,False
O_ISAC_008,4D,intensity_only,intensity,lexical,INDIRECT,"The concept 'intensity_only' is related to the far-field intensity distribution described in the equation $E(\theta, \psi) = f(\theta, \psi) \cdot \sum_{i=1}^{M} \sum_{j=1}^{N} A_{m,n} e^{j\frac{2\pi}{\lambda} R_m [sin\theta\cos(\psi - d_{m,n}) - s ...$, but it is not the sole focus of the snippet, which discusses the design and optimization of the thinned ring antenna array.","Fig. 1 (b) shows the proposed thinned ring antenna array design based on Genetic Algorithm (GA) method, which consists of M rings with N elements distributed in each ring. The white and blue units in ring array represent the antenna elements before and after the thinning method, respectively. Different from the conventional sparse ring antenna with fixed grid [8], the central angle  $d_{m,n}$  of (m, n)-th elements in proposed antenna array can eliminate the design limit of a fixed  $2\pi(n-1/2)/N_m$  angle, thereby achieving an improved freedom for adopted GA-based element position optimization. The corresponding far-field intensity distribution of proposed thinned-ring based OPA is described as:",62,62,B. Principle of Thinned Ring Antenna Design,,,meta-llama/llama-4-scout-17b-16e-instruct,INDIRECT,llama-3.3-70b-versatile,INDIRECT,True
O_ISAC_008,4D,intensity_only,intensity,lexical,DIRECT,"The context explicitly mentions 'intensity of main lobe' and 'intensity of steering angle', which directly relate to the concept of intensity.","where  $\theta$  is the azimuthal angle and  $\psi$  is the elevation angle.  $f(\theta, \psi)$  denotes the emission envelope of single antenna,  $A_{m,n}$  denotes the amplitude of (m, n)-th element and  $R_m$  is the radius of m-th ring. The GA-based antenna design method used in our previous linear thinned antenna in [6] has been extended and adopted into the proposed ring antenna design. Different from the linear thinned antenna, a set of randomly-generated angles  $d_{m,n}$  instead of the element pitches is set as both the initial population and FoM calculation in proposed ring antenna. The FoM function is set to the SMSR of  $20\log_{10}(E_{main}/E_{side})$ , where  $E_{main}$  and  $E_{side}$  are the intensity of main lobe and the maximum side lobe, respectively. During the optimization, the GA iteration process including selection, crossover and mutation is repeated for the population update, until an optimum element position distribution of each ring is reached for a targeted improved SMSR.",67,67,B. Principle of Thinned Ring Antenna Design,,,meta-llama/llama-4-scout-17b-16e-instruct,DIRECT,,,False
O_ISAC_008,4D,intensity_only,intensity,lexical,DIRECT,"Similar to idx 1, the context mentions 'intensity of main lobe' and 'intensity of steering angle', directly relating to the concept of intensity.","In addition to the array-level antenna, the antenna element design is another key to improve the steering range of OPA, because the intensity of steering angle is modulated by the envelope  $f(\theta, \psi)$  [9], as described in (4). Fig. 1 (c) shows the proposed SOI-based antenna element design, which consists of an input waveguide and a group of periodic etched gratings. The emission width W is reduced to generate a large envelope, while the shallow and full etches are designed on grating teeth to exploit blazing effect to strengthen the upward emission power. Thus, both wide envelope and high emission efficiency can be achieved simultaneously. As a result, the steering range of OPA-based sensing and communication can be effectively improved by the array-level and element-level antenna design techniques.",69,69,B. Principle of Thinned Ring Antenna Design,,,meta-llama/llama-4-scout-17b-16e-instruct,DIRECT,,,False
O_ISAC_008,4D,intensity_only,intensity,lexical,DIRECT,"The context shows a figure of 'far-field intensity distribution', which directly relates to the concept of intensity.",Fig. 3. (a) 2D far-field intensity distribution on the u-v plane. (b-c) 1D far-field intensity distribution in  $\theta$  and in  $\psi$  axis dimension.,89,89,B. Principle of Thinned Ring Antenna Design > B. Thinned Ring Antenna Evaluation,,,meta-llama/llama-4-scout-17b-16e-instruct,DIRECT,,,False
O_ISAC_009,4D,imdd,im/dd,lexical,NONE,The concept 'imdd' is not mentioned in this snippet.,"<span id=""page-1-30""></span><span id=""page-1-26""></span><span id=""page-1-25""></span><span id=""page-1-14""></span>The detrimental frequency selectivity induced by the multipath effect can be effectively mitigated by the multi-carrier waveform of Orthogonal Frequency-Division Multiplexing (OFDM). In contrast to RF systems, the practical intensity modulation with direct detection (IM/DD) used for Visible Light Communication (VLC) requires real- and positivevalued signals in the time-domain (TD). In order to facilitate this for Optical OFDM (O-OFDM), Direct Current (DC) biased O-OFDM (DCO-OFDM) [\[42\]](#page-15-40) was proposed to rely on the Hermitian symmetry, where half of the modulated symbols in the frequency-domain (FD) are the conjugates of the other half, so that the TD signals become real-valued after Inverse Fast Fourier Transform (IFFT). In order to eliminate the DC power dissipation, the Asymmetrically Clipped O-OFDM (ACO-OFDM) scheme [\[43\],](#page-15-41) [\[44\]](#page-15-42) arranges odd-indexed subcarriers to obey Hermitian symmetry, while all even-indexed subcarriers are set to zeros. Moreover, in order to attain the DCO-OFDM throughput, the Layered ACO-OFDM (LACO-OFDM) [\[45\]](#page-15-43) modulates all subcarriers layer by layer. It was demonstrated in [\[45\],](#page-15-43) [\[46\],](#page-15-44) and [\[47\]](#page-16-0) that the family of O-OFDM schemes is capable of outperforming the single-carrier optical waveforms of On-Off Keying (OOK) and Pulse-Position Modulation (PPM) in the face of frequency selectivity. Moreover, channel estimation (CE) can be performed for O-OFDM in the TD, FD or Delay-Doppler (DD)-domain [\[48\],](#page-16-1) [\[49\],](#page-16-2) [\[50\],](#page-16-3) [\[51\]. S](#page-16-4)pecifically, by invoking the Symplectic Finite Fourier Transform (SFFT), the DD-domain pilot symbols are",37,37,"<span id=""page-0-5""></span><span id=""page-0-4""></span><span id=""page-0-3""></span><span id=""page-0-2""></span><span id=""page-0-1""></span>I. INTRODUCTION",,,meta-llama/llama-4-scout-17b-16e-instruct,NONE,llama-3.3-70b-versatile,NONE,True
O_ISAC_009,4D,imdd,im/dd,lexical,NONE,The concept 'imdd' is not mentioned in this snippet.,"- <span id=""page-1-29""></span><span id=""page-1-28""></span><span id=""page-1-27""></span>• We propose a new VLPC scheme using DCO-OFDM (VLPC-DCO-OFDM), where OFDM radar[1](#page-1-1) is applied for the sake of improving the resolution and quality of estimated Channel Impulse Response (CIRs). In the absence of Doppler detection in IM/DD, only a single OFDM pilot symbol is required for facilitating OFDM radar sensing in the delay domain, which is capable of improving both the VLP accuracies and the CSI for VLC data detection, hence realizing ISAC in the optical band.",61,61,"<span id=""page-0-5""></span><span id=""page-0-4""></span><span id=""page-0-3""></span><span id=""page-0-2""></span><span id=""page-0-1""></span>I. INTRODUCTION",,,meta-llama/llama-4-scout-17b-16e-instruct,NONE,llama-3.3-70b-versatile,NONE,True
O_ISAC_009,4D,imdd,im/dd,lexical,INDIRECT,"The concept 'imdd' is mentioned as 'IM/DD' in the context of VLP schemes, indicating an indirect relationship with the concept.","Nonetheless, we must report that compared to singlecarrier LoS-based VLP [\[29\],](#page-15-27) [\[30\],](#page-15-28) [\[31\],](#page-15-29) [\[32\],](#page-15-30) [\[34\], t](#page-15-32)he extra complexities of FFT/IFFT are required by the proposed VLPC-DCO-OFDM, which is inevitable for facilitating OFDM-based VLC in the face of optical channel dispersion. Moreover, we note that the IM/DD based VLP schemes cannot directly facilitate velocity estimation for ISAC applications, because all signal powers across all frequencies are combined by direct detection, where the velocity-dependent Doppler frequencies cannot be directly estimated. Nonetheless, it has been recently demonstrated in [\[58\]](#page-16-9) that the Doppler frequency estimation for a single target becomes feasible for IM/DD, when an additional reference RF carrier is added to modulate the optical signal. However, this issue deserves a paper in its own right in our future research.",73,73,"<span id=""page-0-5""></span><span id=""page-0-4""></span><span id=""page-0-3""></span><span id=""page-0-2""></span><span id=""page-0-1""></span>I. INTRODUCTION",,,meta-llama/llama-4-scout-17b-16e-instruct,INDIRECT,llama-3.3-70b-versatile,INDIRECT,True
O_ISAC_009,4D,imdd,im/dd,lexical,DIRECT,The context explicitly mentions 'IM/DD' which matches 'imdd'.,| IM/DD | Impulse modulation with direct detection              |,105,105,"<span id=""page-2-0""></span>*A. Scenarios and System Description*",,,meta-llama/llama-4-scout-17b-16e-instruct,DIRECT,,,False
O_ISAC_009,4D,imdd,im/dd,lexical,DIRECT,"The concept 'imdd' is directly mentioned in the snippet as 'IM/DD-based optical OFDM systems', indicating a clear and explicit reference to the concept.","We note that (6) is also valid for fractional delay indices  $l_p = \frac{\tau_p}{T}$  encountered in RF systems [48], [68], [69]. However, unlike RF systems that rely on pulse shaping based waveforms, IM/DD-based optical OFDM systems [42], [43], [44], [45], [46], [47], [51] utilizes optical intensity, where the PD collects all signal powers across all frequencies over each sampling duration. Therefore, the channel model of (6) only registers integer-spaced delay indices  $l_p = \lfloor \frac{\tau_p}{T} \rfloor$  for optical OFDM systems. In order to better demonstrate this, we further extend the TD received signal of (6) based on (5) as follows:",274,274,"<span id=""page-4-3""></span>B. PD Signal Reception",,,meta-llama/llama-4-scout-17b-16e-instruct,INDIRECT,llama-3.3-70b-versatile,DIRECT,True
O_ISAC_009,4D,intensity_only,strength,lexical,NONE,"The text does not mention intensity_only, it discusses Visible Light Positioning and Communication (VLPC) and its related concepts.","*Abstract*— Visible Light Positioning and Communication (VLPC) is a promising candidate for implementing Integrated Sensing And Communication (ISAC) in the unlicensed 400 THz to 800 THz band. The current Visible Light Positioning (VLP) systems mainly operate based on the Received Signal Strength (RSS) of the Line-of-Sight (LoS) path. However, its accuracy is degraded by interferences from Non-LoS (NLoS) paths. Furthermore, in Visible Light Communication (VLC) systems, the estimation of Channel State Information (CSI) also becomes challenging, when the optical channel becomes dispersive. Against this background, we propose a new VLPC scheme using Direct Current (DC) biased Optical Orthogonal Frequency-Division Multiplexing (VLPC-DCO-OFDM), where OFDM-based sensing is applied for the sake of improving the resolution of the estimated Channel Impulse Response (CIRs) exploited for positioning functionality. The CIRs estimated by sensing are further exploited to provide enhanced CSI for communication data detection. Moreover, we propose a hybrid Radar-RSS based solution, where the conventional RSS-aided VLP method is invoked for the sake of refining OFDM radar. Our simulation results demonstrate that the proposed VLPC-DCO-OFDM scheme – which simultaneously supports the triple functionalities of illumination, bi-static sensing and communication – is capable of achieving centimeter-level positioning accuracy and Giga-bits-per-second data rate.",9,9,"<span id=""page-0-17""></span>Integrated Positioning and Communication Relying on Wireless Optical OFDM",,,meta-llama/llama-4-scout-17b-16e-instruct,NONE,llama-3.3-70b-versatile,NONE,True
O_ISAC_009,4D,intensity_only,strength,lexical,NONE,"The text does not mention intensity_only, it talks about GaN micro-LEDs, modulation bandwidth, and Visible Light Positioning (VLP) technologies.","<span id=""page-1-13""></span><span id=""page-1-12""></span>However, the current Visible Light Positioning (VLP) technologies have not been designed to benefit from the improved LED modulation bandwidth. More explicitly, for the proximity-based VLP systems [\[23\],](#page-15-21) [\[24\], t](#page-15-22)he mobile device receives a low-rate identification message through visible light and then looks up its location in a database. In order to improve accuracy, fingerprinting VLP systems [\[25\],](#page-15-23) [\[26\]](#page-15-24) estimate the user location by matching online measured data with a comprehensive database that models a room's topology. Moreover, camera-based VLP solutions have been proposed in [\[27\]](#page-15-25) and [\[28\], w](#page-15-26)hich have increased hardware cost and signal processing complexity. By contrast, the VLP technologies relying on signals received within the field-of-view (FoV) of a 'single-pixel' photodiode (PD) are more practical and economical solutions, where the Time-of-Arrival (ToA) [\[29\], A](#page-15-27)ngle-of-Arrival (AoA) [\[30\],](#page-15-28) [\[31\],](#page-15-29) [\[32\]](#page-15-30) and Received Signal Strength (RSS) [\[33\],](#page-15-31) [\[34\],](#page-15-32) [\[35\],](#page-15-33) [\[36\],](#page-15-34) [\[37\]](#page-15-35) have been evaluated. However, the ToA/AoA/RSS-based VLP systems generally assume perfect knowledge of both path loss model and transceiver parameters, such as LED/PD directions, which limits the types of applications, users and their mobilities. Furthermore, the above VLP techniques purely rely on the assumption of Line-of-Sight (LoS) propagation, hence their accuracies are severely degraded by the Non-LoS (NLoS) reflections from buildings, walls and diverse other surfaces. The detrimental multipath effects imposed on VLP have been confirmed both theoretically and experimentally in [\[38\],](#page-15-36) [\[39\],](#page-15-37) [\[40\],](#page-15-38) [\[41\].](#page-15-39)",35,35,"<span id=""page-0-5""></span><span id=""page-0-4""></span><span id=""page-0-3""></span><span id=""page-0-2""></span><span id=""page-0-1""></span>I. INTRODUCTION",,,meta-llama/llama-4-scout-17b-16e-instruct,NONE,llama-3.3-70b-versatile,NONE,True
O_ISAC_009,4D,intensity_only,intensity,lexical,INDIRECT,"The text mentions Received Signal Strength (RSS) which is related to intensity, but does not directly mention intensity_only.","<span id=""page-1-30""></span><span id=""page-1-26""></span><span id=""page-1-25""></span><span id=""page-1-14""></span>The detrimental frequency selectivity induced by the multipath effect can be effectively mitigated by the multi-carrier waveform of Orthogonal Frequency-Division Multiplexing (OFDM). In contrast to RF systems, the practical intensity modulation with direct detection (IM/DD) used for Visible Light Communication (VLC) requires real- and positivevalued signals in the time-domain (TD). In order to facilitate this for Optical OFDM (O-OFDM), Direct Current (DC) biased O-OFDM (DCO-OFDM) [\[42\]](#page-15-40) was proposed to rely on the Hermitian symmetry, where half of the modulated symbols in the frequency-domain (FD) are the conjugates of the other half, so that the TD signals become real-valued after Inverse Fast Fourier Transform (IFFT). In order to eliminate the DC power dissipation, the Asymmetrically Clipped O-OFDM (ACO-OFDM) scheme [\[43\],](#page-15-41) [\[44\]](#page-15-42) arranges odd-indexed subcarriers to obey Hermitian symmetry, while all even-indexed subcarriers are set to zeros. Moreover, in order to attain the DCO-OFDM throughput, the Layered ACO-OFDM (LACO-OFDM) [\[45\]](#page-15-43) modulates all subcarriers layer by layer. It was demonstrated in [\[45\],](#page-15-43) [\[46\],](#page-15-44) and [\[47\]](#page-16-0) that the family of O-OFDM schemes is capable of outperforming the single-carrier optical waveforms of On-Off Keying (OOK) and Pulse-Position Modulation (PPM) in the face of frequency selectivity. Moreover, channel estimation (CE) can be performed for O-OFDM in the TD, FD or Delay-Doppler (DD)-domain [\[48\],](#page-16-1) [\[49\],](#page-16-2) [\[50\],](#page-16-3) [\[51\]. S](#page-16-4)pecifically, by invoking the Symplectic Finite Fourier Transform (SFFT), the DD-domain pilot symbols are",37,37,"<span id=""page-0-5""></span><span id=""page-0-4""></span><span id=""page-0-3""></span><span id=""page-0-2""></span><span id=""page-0-1""></span>I. INTRODUCTION",,,meta-llama/llama-4-scout-17b-16e-instruct,INDIRECT,llama-3.3-70b-versatile,INDIRECT,True
O_ISAC_009,4D,intensity_only,strength,lexical,NONE,"The text provides a list of abbreviations, including RSS (Received signal strength), but does not discuss intensity_only.",| RSS   | Received signal strength                              |,118,118,"<span id=""page-2-0""></span>*A. Scenarios and System Description*",,,meta-llama/llama-4-scout-17b-16e-instruct,NONE,llama-3.3-70b-versatile,NONE,True
O_ISAC_009,4D,intensity_only,intensity,lexical,DIRECT,"The text mentions 'Direct detection is performed by the PD', which directly relates to the concept of intensity_only, as it involves the direct detection of the intensity of the LED light emission.","In Fig. [1,](#page-2-2) the communication data is modulated onto the instantaneous power of the LED light emission using intensity modulation at a high frequency, which is imperceptible to the human eye having a low fusion frequency of about 20 Hz. Direct detection is performed by the PD, which produces a current that is proportionate to the instantaneous received signal power. Consequently, the PD receiver positions itself based on the sensing estimates of signal strengths and/or delays, where we propose to harness OFDM radar principles for separating the LoS and NLoS paths. Moreover, we expploit for the first time the OFDM radar-sensed LoS and NLoS strengths as estimated CSI for improving the performance of communication data detection.",132,132,"<span id=""page-2-0""></span>*A. Scenarios and System Description*",,,meta-llama/llama-4-scout-17b-16e-instruct,NONE,llama-3.3-70b-versatile,DIRECT,True
O_ISAC_009,4D,complex_field,advanced field,fuzzy:85.71428571428572,NONE,"The provided snippet does not contain any information related to the concept of 'complex_field'. It appears to be a passage from a research paper, discussing topics such as visible light communication and funding sources, but does not mention complex fields.","Received 14 March 2024; revised 27 August 2024; accepted 4 November 2024. Date of publication 24 February 2025; date of current version 14 May 2025. The work of Christos Masouros was supported by Horizon Europe project 6G MUSICAL UKRI under Grant 10093329. The work of Shinya Sugiura was supported by Japan Science and Technology Agency (JST) as part of the Adopting Sustainable Partnerships for Innovative Research Ecosystem (ASPIRE) under Grant JPMJAP2345. The work of Lajos Hanzo was supported in part by the Engineering and Physical Sciences Research Council (EPSRC) Projects under Grant EP/Y037243/1, Grant EP/W016605/1, Grant EP/X01228X/1, Grant EP/Y026721/1, Grant EP/W032635/1, and Grant EP/X04047X/1; and in part by European Research Council's Advanced Fellow Grant QuantCom under Grant 789028. *(Corresponding author: Lajos Hanzo.)*",13,13,"<span id=""page-0-17""></span>Integrated Positioning and Communication Relying on Wireless Optical OFDM",,,meta-llama/llama-4-scout-17b-16e-instruct,NONE,llama-3.3-70b-versatile,NONE,True
O_ISAC_010,4D,intensity_only,intensity,lexical,DIRECT,The snippet mentions 'intensity modulation direct detection (IM-DD) system' which directly relates to the concept of intensity_only.,"Abstract—We experimentally demonstrate transmission of 50 and 60 GBaud 64-level quadrature amplitude modulation (QAM) high-speed optical discrete multi-tone (DMT) signal corresponding to the data rate of 117 Gbit/s and 140 Gbit/s, and 60-W power over fiber (PoF) over 1-km 7-core single-mode weakly coupled multi-core fiber (WC-MCF) for the first time. In this demonstration, the optical power transmission efficiency (OPTE) of energy light is up to 53.9%, and the collected optical power at the remote unit (RU) can be up tp 32.4 W. Meanwhile, the bit error rates (BERs) of 50 GBaud and 60 GBaud 64-QAM DMT signal in the intensity modulation direct detection (IM-DD) system at RU are all lower than the soft decision forward error correction (SD-FEC) threshold of 2E-2. In addition, the signal-tonoise ratio (SNR) of 50 GBaud is more than 22 dB within the limit",73,73,High-speed DMT signal and power-over-fiber simultaneous transmission over weakly-coupled multicore Fiber > Wei Chen,,,meta-llama/llama-4-scout-17b-16e-instruct,DIRECT,,,False
O_ISAC_010,4D,intensity_only,intensity,lexical,DIRECT,"The context mentions 'intensity modulation direct detection', which directly relates to the concept of intensity_only.","Keywords— discrete multi-tone modulation, power over fiber, weakly coupled multi-core fiber, intensity modulation direct detection.",77,77,High-speed DMT signal and power-over-fiber simultaneous transmission over weakly-coupled multicore Fiber > Wei Chen,,,meta-llama/llama-4-scout-17b-16e-instruct,NONE,llama-3.3-70b-versatile,DIRECT,True
O_ISAC_010,4D,intensity_only,strength,lexical,NONE,"The context does not directly mention or imply the concept of intensity_only, it discusses various fiber schemes and signal transmissions.","However, the primary challenges confronting systems capable of simultaneously transmitting optical signals and PoF are twofold. First, the transmission rate of the signal light is insufficient to meet the highspeed data communication requirements from the CO to the RU in power grid scenarios. Second, the energy-carrying optical power lacks the necessary strength to provide a stable and adequate power supply for the operational load of the RU. Therefore, to solve this problem, in this paper, we present a novel method for a high-speed signal light and high-power energy light co-transmission system using a 1-km 7-core MCF for driving RU devices in the Digital Grid. To realize the high bit-rate, the high-speed DMT signals with 50 GBaud and 60 GBaud corresponding to 114 Gbit/s and 140 Gbit/s have been adopted. Then we experimentally demonstrate that the simultaneoustransmission of total 60-W PoF signal at 1064 nm and the IM-DD high-speed 64- QAM DMT signal at 1550 nm over 1-km 7-core MCF for the first time.",89,89,High-speed DMT signal and power-over-fiber simultaneous transmission over weakly-coupled multicore Fiber > I. INTRODUCTION,,,meta-llama/llama-4-scout-17b-16e-instruct,NONE,llama-3.3-70b-versatile,NONE,True
O_ISAC_010,4D,intensity_only,intensity,lexical,DIRECT,"The snippet describes an experimental setup that involves 'intensity modulation' to convert an electrical DMT signal to an optical DMT signal, directly relating to the concept of intensity_only.","polarization state of the output light of ECL. Then, the optical carrier is fed into a LiNbO3-based electro-optic Mach-Zehnder modulator (MZM) with a 3 dB bandwidth of 45 GHz. In the modulator, the electrical DMT signal amplified by an electrical amplifier (EA) is converted to an optical DMT signal through intensity modulation, and the output optical signal is fed into any core of a customized 7-core WC-MCF fan-in module. Meanwhile, six single-mode 10 W HPFLs at 1064 nm used for PoF signal delivery are fed into the remaining six cores of the 7-core WC-MCF fan-in module. As shown in the inset of Fig. 2(a),which is a microscope cross-section of 7-core WC-MCF, the core pitch is 41.5 µm, the mode field diameter (MFD) is 9.5 µm, and the XT of PoF signal at 1064 nm is less than -110 dB. The inset (b) shows the used low insertion loss Fan-in and Fan-out (FIFO) device. Fusion splicing of fan-in and fan-out (FIFO) devices and WC-MCF is implemented by Fujikura's special optical fiber splicer (FSM-100P+) with fusion loss less than 0.1 dB.Next, the opticalDMT signal and the six-channel PoF signal are co-transmitted over 1-km 7-core WC-MCF with a cladding diameter of 150 µm (YOFC, MCF 7-42) using SDM. At the RU, a variable optical attenuator (VOA) is used to adjust the input power of the DMT optical signal to be amplified by the erbiumdoped fiber amplifier (EDFA). Then, a photodetector (PD) with an electrical bandwidth of 50 GHz is used to convert optical signal to electrical signal, which is then captured by a real-time digital storage oscilloscope (DSO) at 160 GSa/s. For energy light, the power of the six-channel energy light is monitored by an optical power meter. It is converted into electrical power by six photovoltaic power converters (PPC) and supplies power to the loads in the end.",111,111,II. EXPERIMENTAL SETUP,,,meta-llama/llama-4-scout-17b-16e-instruct,DIRECT,,,False
O_ISAC_010,4D,intensity_only,magnitude,lexical,NONE,"The concept 'intensity_only' is not mentioned or implied in the given snippet, which focuses on the transmission of DMT signals and the impact of high-power PoF signals on BER performance.","To validate the performance of the DMT signal light with the 60 W PoF signal in any fiber core, the optical DMT signal is fed into core 1 to 7 (the corresponding number of cores is 1 to 7) in turn, while the remaining six coressimultaneously transmit 60 W PoF signal at 1064 nm by six HPFLs. After parameter optimization, the successful transmission of 50 GBaud 64-QAM DMT optical signal with and without feed light has been realized, and the BER performance is shown in Fig. 5(a).Meanwhile, the BER of 60GBaud 64-QAM DMT optical signal is shown in Fig. 5(b). It can be observed that the BER is below the soft decision forward error correction (SD-FEC)limit of 2E-2 for both cases, which indicates that the high-power PoF signal has no significant impact on the BER performance. As an example, specifically, Fig. 5(c) shows the SNR of 50 G-Baud 64-QAM DMT signal with and without the feed light for core 1 to 7. In this case, the data rate of 117 Gbit/s has been realized. Due to the performance difference among seven fiber cores, although the SNR performance has slight fluctuation, all SNRs can meet the desired 3GPP requirement of 21.9 dB corresponding to the error vector magnitude (EVM) < 8% [22], for the high-speed mobile fronthaul scenarios. We do the corresponding experimental validation for 60 GBaud 64-QAM corresponding to 140 Gbit/s DMT signal, subsequently, and the SNR performance is shown in Fig. 5(d). In such a case, the received SNR cannot meet the desired 3GPP requirement. However, it can be concluded that the co-transmission of high-power energy light has no significant impact on the high-speed DMT signal over the 1km MCF link. Finally, take core 1 as an example, the constellation diagram of 50GBaud and 60GBaud 64-QAM DMT signals in the corresponding case asshown in the insets(a) and (b) of Fig. 5, respectively.",131,131,III. RESULTS AND DISCUSSIONS,,,meta-llama/llama-4-scout-17b-16e-instruct,NONE,llama-3.3-70b-versatile,NONE,True
O_ISAC_010,4D,json:rx_detection_type,,json,DIRECT,Structured receiver field,,,,,scenario_level[0].receiver.rx_detection_type,direct,json,DIRECT,,,False
O_ISAC_011,4D,intensity_only,strength,lexical,NONE,"The text discusses visible light communication, 6G technology, and various algorithms for positioning, but does not mention intensity-only concepts directly.","So far, many algorithms have been applied in visible light positioning system, such as time of arrival (TOA), received signal strength (RSS), angle of arrival (AOA), phase difference of arrival (PDOA), time difference of arrival (TDOA). Compared with the traditional positioning perception system [10], integrated sensing and communication (ISAC) [11] refers to the realization of communication function while realizing the perception, which has the advantages of low cost, reducing equipment size, reducing power consumption, ignoring the interference between communication perception and improving spectrum utilization. Due to the bandwidth limit, the ranging accuracy of RF sensing integration system can only reach the meter level, while the optical integrated sensing and communication (OISAC) benefits from the visible light spectrum resources, which can reach the ranging accuracy of centimeter or even millimeter level, and can provide higher perception accuracy and resolution.",27,27,Retroreflective Optical ISAC Supporting 3D Positioning in Indoor Environments > I. INTRODUCTION,,,meta-llama/llama-4-scout-17b-16e-instruct,NONE,llama-3.3-70b-versatile,NONE,True
O_ISAC_011,4D,intensity_only,intensity,lexical,NONE,"The text continues to discuss integrated sensing and communication, optical integrated sensing and communication, and the use of OFDM waveforms, but does not explicitly mention intensity-only concepts.","In this paper, we use the transceiver integrated design at the signal transmitter, requiring no additional equipment hardware, and use OFDM waveform for data transmission and positioning. This system uses the cross-correlation calculation between the transmitted signal and the reflected signal to find the time delay between the receiver and the transmitter. The system adopts passive ranging, which means that the sensing process is undertaken by the transmitter side, and the user's communication performance will not be affected by the sensing process. In order to achieve low complexity and low cost, we design an OISAC system with intensity modulation and direct detection.",29,29,Retroreflective Optical ISAC Supporting 3D Positioning in Indoor Environments > I. INTRODUCTION,,,meta-llama/llama-4-scout-17b-16e-instruct,NONE,llama-3.3-70b-versatile,NONE,True
O_ISAC_012,4D,coherent,coherent detection,lexical,INDIRECT,"The concept 'coherent' is related to the detection methods used in the scheme, such as 'coherent detection' and 'self-delayed coherent detection', but it is not the main focus of the snippet.","*Abstract*—A scheme for optical integrated sensing and communication using phase coded frequency-modulated continuous wave (PC-FMCW) is proposed. By using phase modulation, communication codes are carried on the FMCW laser radar. Sensing and communication are achieved respectively through coherent detection and self-delayed coherent detection on the sensing side and the communication side. Through theoretical analysis and simulation, we verified the sensing and communication capabilities of this scheme when the code rate is 1 Gbit/s, and the target distances are 10, 20 and 30 meters. Additionally, we confirmed that there is no mutual interference between sensing and communication when the phase shifts of communication codes satisfy 0 and π.",15,15,Phase-Coded FMCW for Optical Integrated Sensing and Communication,,,meta-llama/llama-4-scout-17b-16e-instruct,INDIRECT,llama-3.3-70b-versatile,INDIRECT,True
O_ISAC_012,4D,coherent,coherent detection,lexical,INDIRECT,"Similar to the first snippet, the concept 'coherent' is mentioned in relation to detection methods, but it is not the primary topic of the abstract.","*Index Terms*—LiDAR, integrated sensing and communication, self-delayed coherent detection, phase modulation.",17,17,Phase-Coded FMCW for Optical Integrated Sensing and Communication,,,meta-llama/llama-4-scout-17b-16e-instruct,INDIRECT,llama-3.3-70b-versatile,INDIRECT,True
O_ISAC_012,4D,coherent,coherent detection,lexical,INDIRECT,"The concept 'coherent' is mentioned as part of 'coherent schemes' and compared to 'direct detection', indicating its relevance to the discussion of different detection methods in integrated optical sensing and communication.","In this paper, we propose a PC-FMCW scheme. By using phase coding, communication codes are carried on the FMCW LiDAR. communication and sensing are achieved respectively through self-delayed coherent detection and coherent detection. Compared with previous coherent schemes [7] [8], our scheme enjoys better BER through phase coding [9] and better resistance to phase drift introduced by turbulence through self-delayed coherent detection. Besides, by simple coherent detection and signal squaring processing, the influence of communication codes can be eliminated when ranging and velocity measurement.",27,27,I. INTRODUCTION,,,meta-llama/llama-4-scout-17b-16e-instruct,INDIRECT,llama-3.3-70b-versatile,INDIRECT,True
O_ISAC_012,4D,coherent,coherent detection,lexical,DIRECT,"The concept of 'coherent detection' is directly explained and used in the equation, showing a direct relation to coherent detection.","where τ = 2R/c is the round-trip time related to the distance R. After combining the received signal E<sup>R</sup> and the local oscillator signal ELO, coherent detection is performed. If the phase shifts introduced in the phase encoding stage satisfy ϕ<sup>s</sup> = 0, π, then the balanced detection result is shown in Fig. 1(c), which can be expressed as",57,57,II. OPERATION PRINCIPLE > *A. Sensing*,,,meta-llama/llama-4-scout-17b-16e-instruct,DIRECT,,,False
O_ISAC_012,4D,coherent,coherent detection,lexical,DIRECT,"The snippet directly mentions 'coherent detection', which implies the concept of coherence.","At the target, the self-delayed coherent detection schematic is shown in the communication module in Fig. 1(a). The received signal and 1 bit delayed signal can be expressed as",70,70,II. OPERATION PRINCIPLE > *B. Communication*,,,meta-llama/llama-4-scout-17b-16e-instruct,DIRECT,,,False
O_ISAC_012,4D,intensity_only,intensity,lexical,NONE,"The text does not mention intensity-only concepts, but rather discusses the integration of optical communication and sensing, highlighting their advantages and potential applications.","Current research schemes on integrated optical sensing and communication include: Pseudo-random code modulation [4], where ranging is achieved through autocorrelation of pseudorandom code and communication codes are loaded onto pseudo-random code through direct spread spectrum method. Pulse sequence sensing and pulse position modulation [5], where the autocorrelation property of pseudo-random codes is used on the sensing side and the Pulse Position Modulation (PPM) principle is used on the communication side. Phase-coded phase-shift LiDAR [6], where spread spectrum communication is combined with DPSK subcarrier intensity modulation for joint waveform design, this allows a single detection signal to perform both ranging and communication functions and effectively extends the unambiguous range of phase-based ranging. The above schemes generally use direct detection, which requires high signal power, easily interfered by environmental light and cannot measure velocity directly. For coherent schemes, Amplitude modulated FMCW (AM-FMCW) scheme is proposed to achieve LiDAR with communication capability [7] [8], where FMCW is used for sensing, and digital baseband signals are carried on the amplitude via intensity modulation.",25,25,I. INTRODUCTION,,,meta-llama/llama-4-scout-17b-16e-instruct,NONE,llama-3.3-70b-versatile,NONE,True
O_ISAC_012,4D,json:rx_detection_type,,json,DIRECT,Structured receiver field,,,,,scenario_level[0].receiver.rx_detection_type,coherent,json,DIRECT,,,False
O_ISAC_013,4D,intensity_only,intensity,lexical,NONE,"The text discusses the advantages and applications of DOFVSs, as well as the structures and limitations of forward interferometers, but does not directly relate to the concept of intensity_only.","Forward interferometers utilize the transmission of light in the forward direction for sensing, whose structures commonly include a Mach–Zehnder interferometer (MZI) [8], a Michelson interferometer (MI) [9], and a Sagnac interferometer (SI) [10]. Moreover, merged Michelson–SI (M–SI) [11] and the hybrid structure of 8-OTDR and MZI [12] are also reported. Compared with backscattering, the intensity of forward-transmitted light is stronger, making it easier to achieve long-distance DOFVSs but difficult to identify multiple vibration events and a dual-ended system limits its application in existing optical fiber communication networks.",33,33,I. INTRODUCTION,,,meta-llama/llama-4-scout-17b-16e-instruct,NONE,llama-3.3-70b-versatile,NONE,True
O_ISAC_013,4D,intensity_only,intensity,lexical,INDIRECT,"The text mentions increasing the intensity of signal light along ultralong-FUT using multispan relay amplifications, which indirectly relates to the concept of intensity_only.","reflectometry (ϕ-OTDR) and optical frequency-domain reflectometry (OFDR). There are many methods for vibration sensing in ϕ-OTDR to further sensing distance. First, the commonly used method is pumping distributed amplifications, such as Raman amplification [6], [13], [14], [15], [16], [17], [18], Brillouin amplification [19], or their combination [20], [21]. These amplifiers are all bi-directional amplifiers, which limits their application in existing optical fiber communication networks. Second, multispan relay amplifications are installed to increase the intensity of signal light along ultralong-FUT [2], [22], [23], [24], [25], [26]. However, the single-span sensing distance is generally tens of kilometers and cannot meet the needs of existing optical communication networks. The repeaterless sensing distance must exceed 100 km to meet the current requirements of ISAC-OF [27], [28]. Third, some specialty optical fibers such as enhanced scattering fiber [29] and weak FBGs [30], [31] are used to improve the signal-to-noise ratio (SNR) in FUT. The vibration waveform can be correctly recovered using specialty optical fiber with high strain resolution up to the pε lever, but these specialty optical fibers are high cost. More seriously, the existing optical fiber communication network did not have enhanced scattering fiber or weak FBG deployments. Fourth, in recent years, pattern recognition [32] has been used for vibration demodulation and has the potential to identify multiple vibration events in a single-ended system. However, it requires large datasets to train the models and the performance depends on prior conditions, resulting in the training models may not apply to various vibration events in real environments. Fifth, to solve these problems, complex single-ended OTDR systems are designed for vibration detection. Uyar et al. [33] located multiple vibration events along 102.7-km FUT, using two cascaded acousto-optic modulators to generate optical pulses with a high extinction ratio. Xiong et al. [34] used sideband modulation technology based on IQ modulation and 90◦ optical hybrid and multiplexed the positive and negative frequency to break the inherent tradeoff between sensing distance and the scan rate. They recovered",74,74,I. INTRODUCTION,,,meta-llama/llama-4-scout-17b-16e-instruct,INDIRECT,llama-3.3-70b-versatile,INDIRECT,True
O_ISAC_013,4D,intensity_only,intensity,lexical,NONE,"The text discusses the measurement of vibration events using the Pearson-CC method and OFDR system, but does not directly relate to the concept of intensity_only.","Using a simple OFDR system, we successfully measure a weak vibration event >100 km and calibrate its amplitude. It also has the potential to be used for multiple simultaneous vibration events. However, it should be noted that the measurable range of vibration amplitude depends on the dynamic range of the Pearson-CC and the maximum additional phase term induced by vibration events. The detectable number of vibration events is related to the length and the SNR of FUT and the intensity of the previous vibration events. If the transmission loss over long distances or a previous vibration event causes the Pearson-CC to decrease to 0, it will no longer have the ability to measure the next vibration event. Besides, compared with distributed acoustic sensing (DAS) [47] which can recover the time-domain waveform of the vibration events, the proposed method can only detect the position and amplitude of vibration events, which belongs to DVS. Since the sweep frequency of the TLS in the proposed OFDR system is about 4 Hz, the measurement rate is 4 Hz, which will result in that the proposed OFDR system cannot recover the time-domain waveform of the vibration events with high frequency. As a result, the unit of strain resolution calculated by (12) is pε rather than pε/ √ Hz as calculated in DAS [38]. In the future, if we apply a higher sweep rate of the TLS and compressive sensing algorithm [48], the proposed OFDR system can recover the time-domain waveform of the vibration events. Whereas, the proposed OFDR system is a simpler single-ended structure, requiring no modulation techniques, amplifier, and specialty optical fiber. Using this simple system, we successfully locate weak vibration events over 100 km, demodulate the amplitude of vibration events, and detect multiple vibration events. Those make it more suitable for distributed monitoring of weak vibrations in existing optical networks.",296,296,*C. Vibration Amplitude Calibration* > *D. Discussion on Strain Resolution* > *F. Comparison With Previous CCSA Methods*,,,meta-llama/llama-4-scout-17b-16e-instruct,NONE,llama-3.3-70b-versatile,NONE,True
O_ISAC_015,4D,intensity_only,strength,lexical,NONE,"The text does not mention intensity directly, but rather discusses the importance of a direct LOS path in VLC systems and mentions studies on integrated visible light communication and sensing.","<span id=""page-0-3""></span>Recently, there have been few studies on integrated visible light communication and sensing (IVLCS) [8], [9]. In [8], the authors optimized time slot selection and power allocation to minimize transmit power under sum rate, echo-to-noise ratio (ENR), sensing slot, and power constraints. A multi-band carrierless amplitude and phase modulation for received signal strength-based trilateration IVLCS system was explored in [9]. The above-mentioned studies did not consider practical design issues such as user mobility, link blockages, and random device orientation. Moreover, these studies were either communication or sensing centric and did not explore unified IVLCS that jointly optimizes sensing and communication metrics. With the rapid growth and spread of the Internet-of-Things technology and devices, IVLCS is expected to play a key role in the success of Industry 4.0+, where traditional manufacturing and industrial practices become automated by leveraging advanced wireless communications and sensing technologies. Moreover, a variety of high-accuracy sensing services such as augmented and virtual reality in mobile indoor environments are expected in future wireless networks. It is therefore important to explore IVLCS systems with ubiquitous and robust mobility management, sensing, and communication solutions.",27,27,"<span id=""page-0-0""></span>I. INTRODUCTION",,,meta-llama/llama-4-scout-17b-16e-instruct,NONE,llama-3.3-70b-versatile,NONE,True
O_ISAC_015,4D,intensity_only,intensity,lexical,NONE,"The text describes a network model for an indoor IVLCS system, including the components and their interactions, but does not directly mention intensity.","As shown in Fig. 1, an indoor IVLCS system with multiple movable transceivers (i.e., MAPs) serves several mobile communication and sensing users, simultaneously, in the presence of non-user blockers is considered. The set of MAPs, communication users, and sensing users are denoted as  $\mathcal{I}$  =  $\{1, 2, \dots, i, \dots, I\}, \ \mathcal{U} = \{1, 2, \dots, u, \dots, U\}, \ \text{and} \ \mathcal{S} = \{1, 2, \dots, u, \dots, U\}$  $\{1, 2, \dots, s, \dots, S\}$ , respectively. The total number of users is defined as  $\mathcal{J} = \{ \mathcal{S} \cup \mathcal{U} \}$ , where  $j \in \mathcal{J}$ , and  $\mathcal{S} \cap \mathcal{U} = \emptyset$ . Each MAP consists of a light emitting diode (LED) and a photodetector (PD) while each user holds a receiver equipped with a PD in a random direction. For communication services, the AP transmits a signal which is received by the PD. For active sensing, the LEDs emit sensing signals and the PD at the MAP receives the reflected echo to measure any variations in the light intensity. As depicted in Fig. 1, the position of the *i*-th MAP is defined by a two dimensional grid coordinate system and the number of all grid points is represented by the set  $\mathcal{G} = \{1, 2, \dots, g, \dots, G\}$ . The AP movement is supported by motors and slide tracks that cooperate to relocate the AP to a target position specified by a central processing unit (CPU). Without loss of generality, it is assumed that the channel state information (CSI) is known at the CPU, which can be achieved via VLC channel estimation techniques [14], and uplink infra-red or wireless fidelity transmission. Interference is not considered since the MAPs use LEDs with narrow semiangle half-angle to emit highly directional and narrow beams.",47,47,A. Network Model,,,meta-llama/llama-4-scout-17b-16e-instruct,NONE,llama-3.3-70b-versatile,NONE,True
O_ISAC_015,4D,intensity_only,intensity,lexical,INDIRECT,"The text mentions the half-intensity radiation angle, which is related to the concept of intensity, but does not directly discuss intensity-only.","where  $m=-1/\log_2(\cos\Theta_{1/2})$  is the Lambertian index, with  $\Theta_{1/2}$  being the half-intensity radiation angle,  $A_{\rm PD}$  is the surface area of the PD,  $d_{i_j,g}$  is the distance from MAP i to user  $j, \phi_{i_j,g}$  is the irradiance angle,  $\theta_{i_j,g}$  is the incidence angle,  $\mathcal{T}(\theta_{i_j,g})$  is the optical filter gain and  $\mathcal{G}(\theta_{i_j,g})=f^2/\sin^2$  is the optical concentrator gain, where f is the refractive index.  $\Phi_{\rm FOV}$  is the FOV of the PD. Device orientation affects the incidence angle  $\theta_{i_j,g}$ , but not the irradiance angle. The cosine of  $\theta_{i_j,g}$  can be expressed in terms of the device's polar angle,  $\alpha$ , and azimuth angle,  $\beta$ , as [17]:",64,64,"A. Network Model > B. Blockage and Mobility Model > <span id=""page-1-3""></span><span id=""page-1-0""></span>C. Channel Model",,,meta-llama/llama-4-scout-17b-16e-instruct,INDIRECT,llama-3.3-70b-versatile,INDIRECT,True
O_ISAC_015,4D,complex_field,advanced field,fuzzy:85.71428571428572,NONE,"The text does not explicitly mention or imply a 'complex_field' concept. It discusses visible light communication, non-line-of-sight paths, and integrated visible light communication and sensing, but does not directly relate to the concept of a complex field.","<span id=""page-0-3""></span>Recently, there have been few studies on integrated visible light communication and sensing (IVLCS) [8], [9]. In [8], the authors optimized time slot selection and power allocation to minimize transmit power under sum rate, echo-to-noise ratio (ENR), sensing slot, and power constraints. A multi-band carrierless amplitude and phase modulation for received signal strength-based trilateration IVLCS system was explored in [9]. The above-mentioned studies did not consider practical design issues such as user mobility, link blockages, and random device orientation. Moreover, these studies were either communication or sensing centric and did not explore unified IVLCS that jointly optimizes sensing and communication metrics. With the rapid growth and spread of the Internet-of-Things technology and devices, IVLCS is expected to play a key role in the success of Industry 4.0+, where traditional manufacturing and industrial practices become automated by leveraging advanced wireless communications and sensing technologies. Moreover, a variety of high-accuracy sensing services such as augmented and virtual reality in mobile indoor environments are expected in future wireless networks. It is therefore important to explore IVLCS systems with ubiquitous and robust mobility management, sensing, and communication solutions.",27,27,"<span id=""page-0-0""></span>I. INTRODUCTION",,,meta-llama/llama-4-scout-17b-16e-instruct,NONE,llama-3.3-70b-versatile,NONE,True
O_ISAC_016,4D,intensity_only,magnitude,lexical,NONE,"The concept 'intensity_only' is not directly or indirectly related to the provided snippet, which discusses the impact of sensing signals on communication performance, received optical power, and signal-to-noise ratio in the context of integrated sensing and communication (ISAC) systems.","Fig. 2(c) shows the received optical power (ROP) of the OTU-Rx versus the communication performance by varying the bias current of the EDFA3. When the ROP is in the range of -24.08 dBm to -14.64 dBm, an increase in the ROP leads to an elevation of the SNR, resulting in a reduced BER. The magnitude of this effect regressively diminishes with the ROP. Even if the ROP is as low as -24.08 dBm, the communication BER can still reach 4×10-4 . However, the communication performance cannot be further improved by increasing the ROP from -14.64 dBm to 1.56 dBm.",81,81,II. SYSTEM DESCRIPTION AND PRINCIPLE > *C. Radar receiver* > III. RESULTS AND DISCUSSION,,,meta-llama/llama-4-scout-17b-16e-instruct,NONE,llama-3.3-70b-versatile,NONE,True
O_ISAC_017,4D,coherent,coherent detection,lexical,INDIRECT,"The concept 'coherent' is related to the context of optical communication systems, specifically in the context of detection and transmission, as seen in references [8] and [9]. However, the concept itself is not explicitly defined or explained in the given snippet, indicating an indirect relationship.","- [8] X. Zhou *et al*., ""112 Gb/s transmission over 80 km SSMF using PDM-PAM4 and coherent detection without optical amplifier."" Opt. Express, 24(15), 17359-17371 (2016).",80,80,**2. Double-effect DNN-based DBP scheme for ISAC** > **4. Conclusion** > **Acknowledgements** > **References**,,,meta-llama/llama-4-scout-17b-16e-instruct,INDIRECT,llama-3.3-70b-versatile,INDIRECT,True
O_ISAC_017,4D,json:rx_detection_type,,json,DIRECT,Structured receiver field,,,,,scenario_level[0].receiver.rx_detection_type,coherent,json,DIRECT,,,False
O_ISAC_018,4D,coherent,coherent detection,lexical,INDIRECT,"The concept 'coherent' is related to 'coherent RoF systems' and 'heterodyne coherent detection', but it is not the main focus of the text. The text primarily discusses Radio-over-fiber technology and Integrated sensing and communication, with coherence being a secondary aspect.","[6]. Radio-over-fiber (RoF) technology leverages optical devices and fiber links to enable the modulation and front-haul transmission of microwave signal, offering seamless integration of microwave technology and fiber-optic communication [7], [8], [9]. Optical heterodyne detection-based analog RoF systems present a promising solution by remotely generating modulated microwave signals without requiring a local laser source at the AAU side. This approach enables polarization multiplexed detection using only two photodetectors (PDs), significantly reducing the complexity and cost of coherent RoF systems [10], [11], [12]. Furthermore, a single dual drive Mach-Zehnder modulator (DD-MZM) or IQ modulator is employed to achieve optical I/Q up-conversion, simultaneously generating signal and local oscillator (LO) light for heterodyne coherent detection [13].",27,27,Coexistence of Distributed Sensing and Ultra-Simple Coherent RoF Based Front-Haul for Radio Access Network > I. INTRODUCTION,,,meta-llama/llama-4-scout-17b-16e-instruct,INDIRECT,llama-3.3-70b-versatile,INDIRECT,True
O_ISAC_018,4D,intensity_only,strength,lexical,NONE,"The text does not mention intensity_only, it discusses radio-over-fiber technology, integrated sensing and communication, and optical devices.","Integrated sensing and communication (ISAC) has become a prominent research focus in wireless and optical fiber communication, allowing real-time network awareness and environmental sensing without additional infrastructure. When ISAC is implemented over a RoF system, it combines the strengths of both technologies, making RoF-based ISAC an optimal solution for intelligent and adaptive front-haul networks. Recent studies have demonstrated the potential of ISAC in RoF systems. Distributed acoustic sensing (DAS) utilizes Rayleigh backscattering to detect subtle changes in the fiber link, enabling real-time monitoring of external disturbances [14], [15], [16]. DAS has been successfully applied to front-haul access networks, enhancing system capabilities for both communication and sensing [17]. Furthermore, a cost-effective ISAC paradigm has recently been proposed for access networks by applying digital subcarrier multiplexing (DSCM) [18]. Expanding ISAC capabilities to RAN promises to enhance the intelligence and adaptability of front-haul and access network segments, laying the groundwork for an integrated communication and sensing framework across both optical fiber and wireless radio domains. Currently, RoF-based ISAC systems typically employ linear frequency modulation (LFM) signal as a sensing probe to perform ranging and angle estimation within wireless channels [19], [20]. However, these methods often require separate branches to generate communication and sensing signals, resulting in low hardware-sharing efficiency. Moreover, they primarily focus on sensing functionalities in the wireless domain while neglecting the potential for sensing in optical fiber",29,29,Coexistence of Distributed Sensing and Ultra-Simple Coherent RoF Based Front-Haul for Radio Access Network > I. INTRODUCTION,,,meta-llama/llama-4-scout-17b-16e-instruct,NONE,llama-3.3-70b-versatile,NONE,True
O_ISAC_018,4D,intensity_only,intensity,fuzzy:88.88888888888889,NONE,"The text does not mention intensity_only, it discusses a method for achieving optical fiber ISAC in RoF systems and proposes an ultra-simple system for distributed sensing and RoF communication.","In this paper, we propose an ultra-simple system that integrates distributed sensing and RoF communication. By intentionally setting the bias points in each MZM within the coherent driver module (CDM), we simultaneously modulate the communication signal and achieve the up-conversion of the baseband radio signal without an extra optical branch. To address the nonlinear distortion introduced by the CDM, we employ a probabilistic constellation shaping (PCS) QAM signal and a precompensation algorithm to optimize transmission performance. A continuous low-frequency LFM carrier is utilized to serve as the sensing probe. This LFM-based RoF system not only facilitates distributed sensing but also mitigates the fiber nonlinear effects, leading to a slight improvement in communication performance. Remarkably, the entire system operates with a single laser to achieve polarization diversity reception for the sensing side and the generation of ISAC signal. We evaluate the performance of the RoF system through mixed transmission over fiber and wireless channels. We achieved distributed sensing of vibration signals across different frequencies and intensities in the fiber link. While in the forward communication process, we successfully demonstrated stable transmission of a 1.6 Gbaud 16-QAM signal in the Ka-band of 28 GHz. This integration of distributed sensing and a simplified communication transmission architecture opens up new possibilities for RoF front-haul network solutions.",37,37,Coexistence of Distributed Sensing and Ultra-Simple Coherent RoF Based Front-Haul for Radio Access Network > I. INTRODUCTION,,,meta-llama/llama-4-scout-17b-16e-instruct,NONE,llama-3.3-70b-versatile,NONE,True
O_ISAC_018,4D,intensity_only,magnitude,lexical,NONE,"The text does not mention intensity_only, it describes the modulation principle of an IQ modulator and explains how the phase shifts are controlled by the voltages applied to the arms of the MZM.","Fig. 1(a) illustrates the structure of the IQ modulator used to generate the modulated signal. The IQ parent MZM comprises two child MZMs and a phase modulator(PM). In the typical push-pull operation mode of a child MZM, the voltages applied to the two arms ( $V_1$  and  $V_2$ ) are equal in magnitude but opposite in sign. The input optical field  $E_{in}$  is split equally into the two arms of the MZM. The phase shifts introduced in the upper and lower arms are controlled by the voltages  $V_1$  and  $V_2$ , respectively. Assuming a linear relationship with the input voltage in the Electro-optical materials, the phase shifts of arm1  $\phi_1$  and arm2  $\phi_2$  can be expressed as",43,43,Coexistence of Distributed Sensing and Ultra-Simple Coherent RoF Based Front-Haul for Radio Access Network > I. INTRODUCTION > II. THEORETICAL ANALYSIS > A. Modulation Principle of IQ Modulator,,,meta-llama/llama-4-scout-17b-16e-instruct,NONE,llama-3.3-70b-versatile,NONE,True
O_ISAC_018,4D,intensity_only,intensity,lexical,INDIRECT,"The text mentions signal intensity and intensity profile, which is related to the concept of intensity_only, but it does not directly discuss intensity_only.","A 500 mV Vpp 400 Hz sine wave was applied to the 10-m PZT, and the received signal was processed employing a matched filter. Polarization-coherent reception significantly mitigated polarization fading, resulting in the backscattering signal intensity trace depicted in Fig. 5(a). The signal-to-noise ratio (SNR) was estimated to be approximately 16 dB from the intensity profile. The LFM carrier enabled the implementation of the rotate-vector summed (RVS) algorithm [22]. By employing five 10 MHz matched filters, traces corresponding to five distinct frequency bands were directly extracted, effectively mitigating interference fading. The post-RVS intensity profile is shown in Fig. 5(b), from which the vibration location can be accurately identified.",162,162,Coexistence of Distributed Sensing and Ultra-Simple Coherent RoF Based Front-Haul for Radio Access Network > C. RoF-Based ISAC Scheme > III. EXPERIMENTAL RESULTS AND DISCUSSION > B. Sensing Performance,,,meta-llama/llama-4-scout-17b-16e-instruct,INDIRECT,llama-3.3-70b-versatile,INDIRECT,True
O_ISAC_018,4D,intensity_only,intensity,lexical,INDIRECT,"The concept 'intensity_only' is related to the intensity trace shown in the figures, but the text does not directly discuss the concept, instead it presents visual representations of intensity traces before and after RVS.",Fig. 5. Intensity trace (a) before RVS and (b) after RVS.,168,168,Coexistence of Distributed Sensing and Ultra-Simple Coherent RoF Based Front-Haul for Radio Access Network > C. RoF-Based ISAC Scheme > III. EXPERIMENTAL RESULTS AND DISCUSSION > B. Sensing Performance,,,meta-llama/llama-4-scout-17b-16e-instruct,INDIRECT,llama-3.3-70b-versatile,INDIRECT,True
O_ISAC_019,4D,intensity_only,intensity,lexical,INDIRECT,"The text mentions 'intensity modulation for uplink transmission', which is related to the concept of intensity_only, but it does not solely focus on intensity.","full-duplex Abstract—A integrated sensing and communication (ISAC) system based on microwave photonics technology is proposed, including a Central Office (CO), Remote Antenna Unit (RAU), and Mobile Station (MS). The system employs phase modulation for downlink transmission and intensity modulation for uplink transmission to enable the reuse of optical carrier over a single fiber for bidirectional transmission, thereby reducing system complexity and cost Simultaneous sensing and full-duplex communication in E band is realized by using frequency division multiplexing (FDM). Both simulation and experimental verification were conducted to validate the proposed approach.",35,35,Full-duplex Integrated Sensing and Communication System Based on Microwave Photonics,,,meta-llama/llama-4-scout-17b-16e-instruct,INDIRECT,llama-3.3-70b-versatile,INDIRECT,True
O_ISAC_019,4D,intensity_only,intensity,lexical,NONE,There is no mention of intensity modulation or any related concept in the given snippet.,"In the aforementioned architecture, the RAU inevitably interacts with multiple MSs, making it necessary to introduce full-duplex technology [14]. However, most of the experiments reported [15]-[18] rarely realized bidirectional communication. The reason behind is that the RAU must send and receive data simultaneously and continuously, requiring the separation of incoming and outgoing signals with high Nevertheless, during the integration of communication and sensing, the addition of sensing capabilities should not hinder bidirectional communication. To address this issue, we propose a microwave photonicsbased full-duplex ISAC system architecture, which separates signals using FDM. Additionally, for transmitting uplink signals, we designed a carrier reuse unit with downlink phase modulation and uplink intensity modulation, significantly reducing both costs and system complexity.",45,45,I. INTRODUCTION,,,meta-llama/llama-4-scout-17b-16e-instruct,NONE,llama-3.3-70b-versatile,NONE,True
O_ISAC_019,4D,intensity_only,intensity,lexical,DIRECT,The snippet explicitly mentions 'an intensity modulator for carrying the integrated signal' which directly relates to the intensity_only concept.,"Before transmission, a Polarization Controller (PC) is used to adjust the polarization state to circular polarization for the purpose of carrier reuse at the RAU, ensuring equal power between two orthogonal linear projections, regardless of the decomposition angle. In RAU, each channel is separated by a polarization beam splitter, with one path fed to an intensity modulator for carrying the integrated signal received by the RAU. Since the downlink signal from the CO to the RAU uses phase modulation, the optical carrier can be reused for the uplink signal. Meantime, to demodulate the PM signal from the other path of the polarization beam splitter, a band-stop filter removes the negative first-order sideband. The filtered signal is detected by a photodetector and then amplified and upconverted to a millimeter wave before being transmitted by the antenna array.",61,61,II. PRINCIPLE > A. Downlink,,,meta-llama/llama-4-scout-17b-16e-instruct,DIRECT,,,False
O_ISAC_019,4D,intensity_only,intensity,lexical,DIRECT,The snippet mentions 'loaded to the reused optical carrier through an intensity modulation Mach-Zehnder Modulator (MZM)' which directly relates to the intensity_only concept.,"The antenna array receives RF signals sent by MSs and echoes reflected off targets. These signals are down-converted to IF at the RAU and sent to the CO by fiber after being loaded to the reused optical carrier through an intensity modulation Mach-Zehnder Modulator (MZM). At CO, the optical signals are amplified, demultiplexed, optoelectronic converted and processed by digital signal processing (DSP) to extract target information and communication data. Note that bi-directional transmission of the uplink and downlink over the same fiber is proposed to improve resource utilization. While a great challenge to separate the bi-directional transmission signals with sufficient isolation is imposed that requires suppressing backscattering, reflection and leakage as high as possible.",65,65,II. PRINCIPLE > A. Downlink > B. Uplink,,,meta-llama/llama-4-scout-17b-16e-instruct,DIRECT,,,False
O_ISAC_019,4D,intensity_only,intensity,lexical,INDIRECT,"The concept of intensity_only is mentioned as a necessity due to the signal spanning an octave and not being able to be phase-modulated, thus relying on intensity modulation. This is an indirect reference as it discusses the reason behind using intensity modulation rather than directly stating the concept.","In order to prevent harmonic interference during phase modulation, the allocation ensures that the highest signal frequency is less than twice the lowest frequency. The integrated IF signal frequency range of 13-18 GHz is selected for phase modulation to meet this requirement. When the IF signal reaches the RAU, it is upconverted to 81-86 GHz using a local oscillator frequency of 68 GHz, which can be generated through a frequency multiplier. To simplify the system, the same local oscillator frequency is used for down-conversion of received signals. Consequently, the uplink signal is downconverted to 3-8 GHz at RAU. Since this signal spans an octave, it cannot be phase-modulated and must rely on intensity modulation. Upon the uplink signal's arrival at CO, a duplexer separates the radar echoes from the uplink communication signals in the frequency domain. DSP is then employed to extract the relevant information.",73,73,II. PRINCIPLE > A. Downlink > B. Uplink > C. Signal Frequency Allocation,,,meta-llama/llama-4-scout-17b-16e-instruct,INDIRECT,llama-3.3-70b-versatile,INDIRECT,True
O_ISAC_020,4D,coherent,coherent detection,lexical,NONE,"The concept 'coherent' is not mentioned in the given snippet, which primarily discusses photonic ISAC systems, distributed fiber optic sensing technology, and their compatibility with commercial optical fiber networks.","Distributed fiber optic sensing technology can be used for the sensing part of the photonic ISAC systems due to its inherent compatibility with the commercial optical fiber networks. It can use standard telecommunication optical fibers as the sensing elements without changing the current fiber networks. With the distributed sensing technique, the whole fiber can be seen as the interrogator, thus we can obtain a large number of sensing elements along the fiber for joint analysis. In fact, the distributed sensing scheme using standard optical fibers has attracted lots of research attention in the last decade, owing to its numerous sensing elements and outstanding performance from the inherent property of optical fiber. It has shown great potential in various applications, though most of which are terrestrial in the beginning. Recently, researchers develop various fiber sensing technologies and start to use them for ocean-related studies, such as offshore earthquake detection [4,5], ocean dynamics [6,7], hydroacoustics [8,9], etc. For the sensing part of the proposed photonic ISAC system in this work, Rayleigh backscattering of the submarine fiber is utilized to measure the surrounding acoustic or vibration signals with a highly coherent optical source. This capability of dynamic parameter sensing enables us to detect and monitor various coastal and oceanic events. The basic principle to perform the distributed sensing in the photonic ISAC is based on the Phi-OTDR technology, which is similar to a 1D radar system in an optical fiber [9–12]. Figure 2 shows the principle and testbed of our photonic ISAC, from which we can notice that the optical communication and sensing parts are in the same rack but work independently in different wavelength channels without interference. As shown in Fig. 2(iv), to perform the distributed acoustic or vibration sensing function, a coherent optical probe pulse is sent into the underwater fiber periodically. Due to the Rayleigh scattering property of silica fiber, the specific backscattering signal from each gauge point is received at a different time within a cycle, forming a speckle-like pattern. The amplitude and phase of the Rayleigh backscattering signal can be demodulated with coherent detection technology. It should be noticed that the coherent detection scheme is essential for phase demodulation in both optical communication and sensing systems. Specifically, homodyne detection and heterodyne detection are the two commonly used coherent detection methods for phase demodulation. In the optical systems with coherent detection, a portion of the laser source as the LO light is mixed with the received optical signals before entering the photodetector. After that, a few simple algorithms and operations, such as frequency mixing, band-pass and lowpass filtering, and trigonometric and unwrapping operations, can be adopted to retrieve the optical phase information. When there is external vibration or acoustic signal around the sensing fiber, the recovered phase change is found linear to the external vibration at a certain location. With simple frequency filtering operation and time-frequency analysis of the demodulated sensing signals, most of the acoustic or vibration signals can be detected and measured. Aiming at marine applications, distributed fiber sensing with outstanding performance is needed, e.g., with longer distance and better sensitivity [10]. Advanced optical communication techniques and machine learning algorithms are recently introduced to distributed fiber sensing for better signal-to-noise ratio (SNR) and pattern recognition function [11, 12]. Besides, due to the multi-source feature of distributed fiber sensing, signal enhancement and direction cognition techniques have been developed for underwater acoustic source localization [13, 14]. All of these prove that the sensing part of the photonic ISAC system can be qualified for coastal and marine applications.",51,51,Photonic Integrated Sensing and Communication System Harnessing Submarine Fiber Optic Cables for Coastal Event Monitoring > Photonic IntegratedSensingandCommunication TechnologyUsingSubmarineOpticalCables,,,meta-llama/llama-4-scout-17b-16e-instruct,NONE,llama-3.3-70b-versatile,NONE,True
O_ISAC_020,4D,intensity_only,magnitude,lexical,INDIRECT,"The text discusses the use of submarine fiber cables and photonic ISAC technology for seismic event monitoring, but does not directly mention intensity-only measurements.","We have observed multiple seismic events with our testbed and data processing method discussed above. Figure 5 shows some selected detected earthquakes during September and October 2021. The blue hexagon shows the location of our testbed. It is proved that our photonic ISAC system with submarine telecommunication fiber cables has successfully detected several remote earthquakes with a magnitude greater than Mw 4, such as the coastal one in Taiwan, China (24.55°N, 121.80°E, 2021-10-24, Mw 6.3), the offshore one near Japan (32°N, 138.6°E, 2021-10-21, Mw 5.6), the coastal one in the Philippines (14.00°N, 120.60°E, 2021-09-27, Mw 5.7), the in-land one in Guangxi Province, China (23.39°N, 106.71°E, 2021-09-11, Mw 4.3), and the in-land one in Sichuan Province, China (29.20°N, 105.34°E, 2021-09-16, Mw 6.0). The epicenters of these earthquakes are several hundreds or even thousands of kilometers away from our submarine fiber testbed. In Guangdong Province of China where our testbed is located, we are able to monitor more microseism events, since",91,91,Photonic Integrated Sensing and Communication System Harnessing Submarine Fiber Optic Cables for Coastal Event Monitoring > EarthquakeDetectionUsing Photonic ISAC withSubmarine Telecommunication Fiber,,,meta-llama/llama-4-scout-17b-16e-instruct,INDIRECT,llama-3.3-70b-versatile,INDIRECT,True
O_ISAC_020,4D,intensity_only,magnitude,lexical,INDIRECT,"The text describes the observation of microseisms using a submarine fiber testbed, but does not explicitly mention intensity-only measurements.","the distances between these epicenters and our submarine fiber testbed are around 200 km or below, resulting in lower energy loss for the seismic wave propagation. We find two major seismic areas in Guangdong Province, the area near Dongyuan City (23.76°N — 23.92°N, 114.48°E — 114.64°E) and the area near Yangjiang City (21.73°N — 21.74°N, 111.75°E — 111.79°E), both of which are in the coastal region and shown as light blue ovals in the inset of Fig. 5. More than four microseisms from each of these two areas are observed with our testbed during September and October in 2021, which are consistent with the records from the official Guangdong Seismological Bureau (GSB). The magnitudes of these microseisms are below Mw 2, and the weakest one is Mw 1.1. This proves that the submarine fiber testbed with the photonic ISAC technology has good sensitivity for microseismic event monitoring. In fact, more unknown acoustic signals have been observed with our testbed, which are not recorded by GSB. Since the seismic stations are quite limited, especially for the offshore scenario, it is possible that we observed some offshore microseisms that were not recorded by the conventional seismic stations. It is worth noticing that besides earthquakes, other artificial transient acoustic signals can also be detected by our system. The spectrum and time domain analysis with advanced machine learning algorithms will help distinguish the seismic signals from other disturbing vibrations.",99,99,Photonic Integrated Sensing and Communication System Harnessing Submarine Fiber Optic Cables for Coastal Event Monitoring > EarthquakeDetectionUsing Photonic ISAC withSubmarine Telecommunication Fiber,,,meta-llama/llama-4-scout-17b-16e-instruct,INDIRECT,llama-3.3-70b-versatile,INDIRECT,True
O_ISAC_020,4D,intensity_only,intensity,lexical,INDIRECT,"The text mentions the detection of ocean waves and vessel sailing monitoring using submarine fiber cables, but does not directly discuss intensity-only measurements.","With our testbed, we monitored the daily ferry from Guishan Dock to Zhuhai Port, as shown in Fig. 6. As seen in Fig. 2, the ferry route between Guishan Dock and Zhuhai Port goes across the submarine fiber laying route. Although the telecommunication cable is buried under the 10 m seabed, it can feel the ocean waves and currents generated by the sailing ferry. Figure 6 shows the track of the sailing ferry in a time-distance window of 6 min and 4 km. The ferry's trajectory with the highest demodulated signal intensity is marked by the black dotted line. We can calculate its speed to be 26 km/h. However, this speed is not the ferry's sailing speed. Since there is an angle between the ferry route and the fiber direction, this value only corresponds to the ferry's mapping speed along the fiber direction. With the information of the ferry route and the angle, we can calculate the ferry's sailing speed. Even without knowing such information, we can count the vessels passing the fiber laying route in this area during a certain period, which is also important for safety's sake.",105,105,Photonic Integrated Sensing and Communication System Harnessing Submarine Fiber Optic Cables for Coastal Event Monitoring > Ferry MonitoringUsing Photonic ISAC withSubmarine Telecommunication Fiber,,,meta-llama/llama-4-scout-17b-16e-instruct,INDIRECT,llama-3.3-70b-versatile,INDIRECT,True
O_ISAC_020,4D,intensity_only,intensity,lexical,NONE,"The text provides a list of references, but does not contain any information related to intensity-only measurements.","- [12] H. Wu *et al.*, ""Pattern Recognition in Distributed Fiber-Optic Acoustic Sensor Using An Intensity and Phase Stacked Convolutional Neural Network with Data Augmentation,"" *Opt. Express*, vol. 29, no. 3, 2021, pp. 3269–83.",132,132,Photonic Integrated Sensing and Communication System Harnessing Submarine Fiber Optic Cables for Coastal Event Monitoring > Conclusion > References,,,meta-llama/llama-4-scout-17b-16e-instruct,NONE,llama-3.3-70b-versatile,NONE,True
O_ISAC_020,4D,json:rx_detection_type,,json,DIRECT,Structured receiver field,,,,,scenario_level[0].receiver.rx_detection_type,coherent,json,DIRECT,,,False
O_ISAC_021,4D,imdd,im/dd,lexical,INDIRECT,"The concept 'imdd' is mentioned in the context as 'intensity modulation and direct detection (IM/DD) scheme', which is related to the topic but not the main focus.","In the context of ISAC, the optical band exhibits striking similarities to the RF band. First, well-established RF-ISAC waveforms like LFM and OFDM can be transformed into optical waveforms, enabling optical devices like laser radars to provide communication and active sensing abilities simultaneously. Second, both free-space optical (FSO) communication and optical sensing can adopt the intensity modulation and direct detection (IM/DD) scheme, allowing for the sharing of optical frontends and baseband units. Third, the principles of information sharing and joint optimization apply to both RF and optical waveform, through which cooperation between communication and sensing can be achieved. However, significant differences still exist between FSO systems and their RF counterparts. Specifically, the unique characteristics of optical front-ends and channels offer promising advantages for communication and sensing, thereby serving as a powerful complement to RF-ISAC. In consequence, the integration of FSO communication and optical sensing gives rise to the concept of optical ISAC (O-ISAC).",23,23,"Optical Integrated Sensing and Communication: Architectures, Potentials and Challenges > **ABSTRACT** > INTRODUCTION",,,meta-llama/llama-4-scout-17b-16e-instruct,INDIRECT,llama-3.3-70b-versatile,INDIRECT,True
O_ISAC_021,4D,imdd,im/dd,lexical,DIRECT,"The snippet explicitly mentions 'IM/DD' under the column of (De)modulation, which directly refers to the concept of imdd.",|                          | (De)modulation         | Coherent       |            | IM/DD                 |,72,72,"Optical Integrated Sensing and Communication: Architectures, Potentials and Challenges > System Structure and Advantages of O-ISAC > System Structure of O-ISAC",,,meta-llama/llama-4-scout-17b-16e-instruct,DIRECT,,,False
O_ISAC_021,4D,imdd,im/dd,lexical,INDIRECT,"The concept 'imdd' is mentioned in the context as 'an O-ISAC waveform based on the IM/DD scheme', which is related to the topic but not the main focus.","Waveform design is recognized as the foundation of ISAC, which focuses on designing an individual waveform that provides communication and sensing abilities simultaneously. Extensive research has been conducted on the waveform design for RF-ISAC, ranging from non-overlapped resource allocation to fully joint waveform design. However, an O-ISAC waveform based on the IM/DD scheme is restricted to being real and non-negative, and therefore most of the existing RF-ISAC waveforms are not readily applicable to O-ISAC, as they are complex in nature. To address this issue, several modifications have been proposed to make RF-ISAC waveform compatible with O-ISAC, like pulsed waveform, constant-modulus waveform, and multi-carrier waveform. Subsequently, waveform optimization and resource allocation can be further conducted for the prototype waveform to achieve the global optimal waveform design.",125,125,Enhancing Sensing Precision > Waveform Design for O-ISAC,,,meta-llama/llama-4-scout-17b-16e-instruct,INDIRECT,llama-3.3-70b-versatile,INDIRECT,True
O_ISAC_021,4D,imdd,im/dd,lexical,NONE,The concept 'imdd' is not mentioned in this snippet.,"Although O-ISAC possesses superior anti-interference abilities, it is also vulnerable to obstacles that cause blind areas, which can be covered by RF-ISAC instead. Furthermore, the delay-doppler analysis enables RF-ISAC to sense multiple moving targets simultaneously, while IM/DD-based O-ISAC cannot extract velocity information directly. Therefore, O-ISAC and RF-ISAC should become powerful complements to each other, yielding a hybrid RF and optical ISAC system illustrated in Fig. 5. A hybrid RF and optical ISAC system can be implemented in a parallel-transmission-based approach, where power and bandwidth are allocated to both RF-ISAC and O-ISAC simultaneously. Besides, the hybrid system can also be implemented by switching between",191,191,Enhancing Sensing Precision > FUTURE TRENDS AND CHALLENGES FOR O-ISAC > ADVANCED HARDWARE FOR O-ISAC > HYBRID RF AND OPTICAL ISAC,,,meta-llama/llama-4-scout-17b-16e-instruct,INDIRECT,llama-3.3-70b-versatile,NONE,True
O_ISAC_021,4D,intensity_only,intensity,lexical,INDIRECT,"The concept of intensity_only is related to the intensity modulation and direct detection (IM/DD) scheme mentioned in the snippet, but it is not explicitly stated as 'intensity_only'. The mention of intensity modulation implies a connection to the concept, making it an indirect reference.","In the context of ISAC, the optical band exhibits striking similarities to the RF band. First, well-established RF-ISAC waveforms like LFM and OFDM can be transformed into optical waveforms, enabling optical devices like laser radars to provide communication and active sensing abilities simultaneously. Second, both free-space optical (FSO) communication and optical sensing can adopt the intensity modulation and direct detection (IM/DD) scheme, allowing for the sharing of optical frontends and baseband units. Third, the principles of information sharing and joint optimization apply to both RF and optical waveform, through which cooperation between communication and sensing can be achieved. However, significant differences still exist between FSO systems and their RF counterparts. Specifically, the unique characteristics of optical front-ends and channels offer promising advantages for communication and sensing, thereby serving as a powerful complement to RF-ISAC. In consequence, the integration of FSO communication and optical sensing gives rise to the concept of optical ISAC (O-ISAC).",23,23,"Optical Integrated Sensing and Communication: Architectures, Potentials and Challenges > **ABSTRACT** > INTRODUCTION",,,meta-llama/llama-4-scout-17b-16e-instruct,NONE,llama-3.3-70b-versatile,INDIRECT,True
O_ISAC_021,4D,intensity_only,intensity,lexical,DIRECT,The context mentions 'modulate the intensity of the laser' which directly relates to intensity modulation.,"On the transmitter side, the complex baseband LFM-CPM signal is modulated to an intermediate frequency, whose real part is then DC-biased and utilized to modulate the intensity of the laser.",135,135,Enhancing Sensing Precision > Waveform Design for O-ISAC > Pulsed Waveform,,,meta-llama/llama-4-scout-17b-16e-instruct,DIRECT,,,False
O_ISAC_021,4D,intensity_only,intensity,lexical,DIRECT,The context mentions 'modulated onto an electronic signal and then utilized to modulate the intensity of an optical signal' which directly relates to intensity modulation.,"The constant-modulus waveform is a subset of the subcarrier intensity modulation (SIM), where data is first modulated onto an electronic signal and then utilized to modulate the intensity of an optical signal [11]. To obtain a real and non-negative optical signal, DC bias is necessary to guarantee that the negative part is not clipped. However, the constant-modulus characteristics reduce the demand for DC bias, and constant-modulus waveform remains energy-efficient compared with non-constant-modulus waveforms like pulse amplitude modulation or quadrature amplitude modulation (QAM).",145,145,Enhancing Sensing Precision > CONSTANT-MODULUS WAVEFORM,,,meta-llama/llama-4-scout-17b-16e-instruct,DIRECT,,,False
O_ISAC_021,4D,intensity_only,intensity,lexical,DIRECT,The context mentions 'modulated onto an electronic signal and then utilized to modulate the intensity of an optical signal' which directly relates to intensity modulation.,"One example for the constant-modulus waveform is the combination of continuous phase modulation (CPM) and LFM, as displayed in Fig. 3b. On the transmitter side, the complex baseband LFM-CPM signal is modulated to an intermediate frequency, whose real part is then DC-biased and utilized to modulate the intensity of the laser. On the receiver side, the Hilbert transform and down-conversion are adopted to recover the baseband signal. Afterwards, the sensing receiver calculates the cross-correlation to obtain a maximum-likelihood estimation of the target distance. Meanwhile, the communication receiver multiplies the baseband signal with the conjugate LFM signal for de-chirp, followed by the Viterbi decoding. When the sensing precision is set as a constraint, the LFM-CPM waveform is demonstrated to achieve a higher spectral efficiency than conventional CPM waveforms [12].",147,147,Enhancing Sensing Precision > CONSTANT-MODULUS WAVEFORM,,,meta-llama/llama-4-scout-17b-16e-instruct,DIRECT,,,False
O_ISAC_021,4D,intensity_only,intensity,lexical,INDIRECT,"The provided context mentions various research papers related to LiDAR, optical integrated sensing, and communication, but does not directly discuss the concept of 'intensity_only'. However, some papers touch upon related concepts like subcarrier intensity modulation, which implies an indirect connection to the concept of intensity.","- [11] H. Liu *et al.*, ""BER Analysis of A Hybrid Modulation Scheme Based on PPM and MSK Subcarrier Intensity Modulation,"" *IEEE Photon. J.*, vol. 7, no. 4, June 2015, pp. 1–10.",220,220,Conclusions > References,,,meta-llama/llama-4-scout-17b-16e-instruct,INDIRECT,llama-3.3-70b-versatile,INDIRECT,True
O_ISAC_022,4D,intensity_only,strength,lexical,NONE,"The text does not mention intensity_only directly or indirectly, it talks about a system using multi-band carrierless amplitude and phase (m-CAP) modulation associated with received signal strength (RSS)-based trilateration.","Abstract-As 5G devices and networks continue to roll out. new broadcasting services and capabilities have been introduced to the entire ecosystem, opening up additional new applications and granular business opportunities, where indoor joint communication and sensing are critical. Under this trend, in this paper, we propose a new system using multi-band carrierless amplitude and phase (m-CAP) modulation associated with received signal strength (RSS)-based trilateration to achieve visible light sensing and communication from the same signal. The architecture of this system is first detailed, with an emphasis on how the light source limitations in terms of dynamic range and modulation bandwidth may be taken into account. The proposed set-up is then shown through simulations to provide an illuminance between 300 and 500 lux over the whole room, positioning with an error lower than 7.17 cm in 90% of the cases, and a continuous data connectivity at 32 Mbps. The influence of several parameters, including that of the main m-CAP settings, on this performance is studied in order to define some general rules for the design of such a system.",9,9,Joint Visible Light Sensing and Communication Using *m*-CAP Modulation,,,meta-llama/llama-4-scout-17b-16e-instruct,NONE,llama-3.3-70b-versatile,NONE,True
O_ISAC_022,4D,intensity_only,strength,lexical,NONE,"Similar to the first snippet, this text does not mention intensity_only directly or indirectly, it discusses the proposed system and its performance.","Index Terms—Multiband CAP (m-CAP), received signal strength (RSS), visible light communication (VLC), visible light positioning (VLP), joint sensing and communication.",11,11,Joint Visible Light Sensing and Communication Using *m*-CAP Modulation,,,meta-llama/llama-4-scout-17b-16e-instruct,NONE,llama-3.3-70b-versatile,NONE,True
O_ISAC_022,4D,intensity_only,strength,lexical,INDIRECT,"The text mentions 'received signal strength (RSS) techniques', which is related to intensity, thus it can be considered as an indirect mention of intensity_only.","From the VLP point of view, the research efforts have been directed towards the development of various algorithms using VLC for high-performance indoor positioning that competes and even outperforms more common radio frequency (RF) based technologies such as WiFi, Bluetooth, radioidentification (RFID), ultra-wide band (UWB) or ZigBee [\[19\]](#page-11-18) in terms of accuracy and system complexity [\[7\]](#page-11-6). When using a photodiode (PD) as receiver, these algorithms include the time of arrival (TOA), time or phase difference of arrival (TDOA/PDOA), angle of arrival (AOA) and received signal strength (RSS) techniques [\[7\]](#page-11-6).",35,35,Joint Visible Light Sensing and Communication Using *m*-CAP Modulation > I. Introduction,,,meta-llama/llama-4-scout-17b-16e-instruct,INDIRECT,llama-3.3-70b-versatile,INDIRECT,True
O_ISAC_023,4D,imdd,im/dd,lexical,NONE,The concept 'imdd' is not mentioned in the given snippet.,"<span id=""page-1-11""></span><span id=""page-1-10""></span>Nevertheless, a conventional OFDM waveform for RF-ISAC is not readily applicable to FSO-ISC, since an optical waveform based on intensity modulation and direct detection (IM/DD) is restricted to being real and nonnegative. One of the fundamental methods to obtain an optical OFDM waveform is direct-current-biased OFDM (DCO-OFDM), which adds direct-current (DC) bias to the original OFDM signal and achieves a higher spectral efficiency than other optical OFDM schemes [\[31\]](#page-14-25). In consequence, the DC bias becomes a critical parameter that affects the nonlinear distortion, and therefore the Bussgang theorem has been introduced to model the clipping noise [\[32\]](#page-14-26). Although the Bussgang theorem has been validated in communication systems solely, it may fail in an ISAC scenario where the electrical power is not uniformly distributed on each subcarrier [\[33\]](#page-14-27). Furthermore, the complicated expression of the clipping noise also hampers the optimization of FSO-ISAC [\[34\]](#page-14-28).",41,41,"<span id=""page-0-5""></span><span id=""page-0-3""></span><span id=""page-0-2""></span><span id=""page-0-1""></span><span id=""page-0-0""></span>I. INTRODUCTION",,,meta-llama/llama-4-scout-17b-16e-instruct,INDIRECT,llama-3.3-70b-versatile,NONE,True
O_ISAC_023,4D,imdd,im/dd,lexical,DIRECT,"The snippet provides a list of references related to OFDM and optical wireless communication. References [29] and [30] explicitly mention 'OFDM' in the context of optical wireless communication and localization, and retroreflective optical ISAC using OFDM, respectively. Moreover, reference [31] compares ACO-OFDM, DCO-OFDM, and ADO-OFDM in IM/DD systems, where 'imdd' likely stands for Intensity Modulation Direct Detection, directly mentioning the concept.","- <span id=""page-14-25""></span>[\[31\]](#page-1-12) S. D. Dissanayake and J. Armstrong, ""Comparison of ACO-OFDM, DCO-OFDM and ADO-OFDM in IM/DD systems,"" *J. Lightw. Technol.*, vol. 31, no. 7, pp. 1063–1072, Apr. 1, 2013.",973,973,"<span id=""page-13-6""></span>APPENDIX D PROOF OF LEMMA 2 > REFERENCES",,,meta-llama/llama-4-scout-17b-16e-instruct,DIRECT,,,False
O_ISAC_023,4D,intensity_only,intensity,lexical,NONE,"The provided snippet does not directly discuss or imply the concept of 'intensity_only'. It focuses on orthogonal frequency-division multiplexing (OFDM) in the context of RF-ISAC and FSO-ISAC, discussing signal processing techniques, performance metrics, and optimization techniques, without mentioning intensity as a standalone concept.","<span id=""page-1-11""></span><span id=""page-1-10""></span>Nevertheless, a conventional OFDM waveform for RF-ISAC is not readily applicable to FSO-ISC, since an optical waveform based on intensity modulation and direct detection (IM/DD) is restricted to being real and nonnegative. One of the fundamental methods to obtain an optical OFDM waveform is direct-current-biased OFDM (DCO-OFDM), which adds direct-current (DC) bias to the original OFDM signal and achieves a higher spectral efficiency than other optical OFDM schemes [\[31\]](#page-14-25). In consequence, the DC bias becomes a critical parameter that affects the nonlinear distortion, and therefore the Bussgang theorem has been introduced to model the clipping noise [\[32\]](#page-14-26). Although the Bussgang theorem has been validated in communication systems solely, it may fail in an ISAC scenario where the electrical power is not uniformly distributed on each subcarrier [\[33\]](#page-14-27). Furthermore, the complicated expression of the clipping noise also hampers the optimization of FSO-ISAC [\[34\]](#page-14-28).",41,41,"<span id=""page-0-5""></span><span id=""page-0-3""></span><span id=""page-0-2""></span><span id=""page-0-1""></span><span id=""page-0-0""></span>I. INTRODUCTION",,,meta-llama/llama-4-scout-17b-16e-instruct,NONE,llama-3.3-70b-versatile,NONE,True
O_ISAC_024,4D,intensity_only,intensity,lexical,INDIRECT,"The concept of intensity_only is related to the discussion of laser intensity fluctuations and their impact on the frequency response of the sensing probe in CP-φ-OTDR systems, but it is not the primary focus of the text.","Distributed fiber optic sensing (DFOS) systems have become indispensable for large-scale infrastructure monitoring, leveraging optical fibers as distributed sensors to detect temperature, strain, and vibration with high sensitivity [1]. Among DFOS techniques, phase-sensitive optical time-domain reflectometry (*φ*-OTDR) stands out for its ability to detect dynamic perturbations with high signal-to-noise ratio (SNR) [2]. Chirped pulse *φ*-OTDR (CP-*φ*-OTDR), which employs linear frequency modulation (LFM) probe signals, further enhances performance by mitigating coherent fading and improving spatial resolution [3]. However, the chirped sensing probe in CP-*φ*-OTDR systems is susceptible to frequencydependent distortions caused by laser intensity fluctuations, modulation instability, gain tilt and transient effects in erbium-doped fiber amplifiers (EDFAs). These distortions lead to a non-flat frequency response of sensing probe, resulting in mismatched filtering at the receiver and degrading both SNR and spatial resolution. Reference pulse-based method pre-characterizes the response of system for post-processing equalization [4], which is limited due to additional components. pre-distortion of the modulation drive signal has been proposed to compensate sensing probe based on modulation curve [5]. Meanwhile, the integrated sensing and communication (ISAC) system has emerged as a promising paradigm, enabling shared infrastructure for dual-purpose functionality [6]. In ISAC systems, sensing probes are often embedded within communication signals, such as pilot tones [7, 8] or carriers [9], to maximize spectral efficiency. Hence, by taking advantage of the information provided by forward communication side, sensing probe can be furthermore calibrated via the integrated sensing and communication system.",19,19,**Pre-compensation of LFM Sensing Probe via Integrated Sensing and Communication over Fiber System** > **INTRODUCTION**,,,meta-llama/llama-4-scout-17b-16e-instruct,INDIRECT,llama-3.3-70b-versatile,INDIRECT,True
O_ISAC_024,4D,intensity_only,intensity,lexical,NONE,The text is a list of references and does not discuss the concept of intensity_only or any related ideas.,"- [4] Q. Bian, Z. Song, Y. Chen, and X. Zhang, ""Pulse reference-based compensation technique for intensity-modulated optical fiber sensors,"" *Chin. Opt. Lett.* 15, 120603, 2017.",68,68,**Pre-compensation of LFM Sensing Probe via Integrated Sensing and Communication over Fiber System** > **ACKNOWLEDGMENT** > **REFERENCES**,,,meta-llama/llama-4-scout-17b-16e-instruct,NONE,llama-3.3-70b-versatile,NONE,True
O_ISAC_024,4D,json:rx_detection_type,,json,DIRECT,Structured receiver field,,,,,scenario_level[0].receiver.rx_detection_type,coherent,json,DIRECT,,,False
O_ISAC_025,4D,intensity_only,strength,lexical,INDIRECT,"The snippet discusses network utilization, sensing accuracy, and echo signals strength, which are related to the concept of intensity, but do not directly mention 'intensity_only'.",Fig. 2: (a) Network utilization vs object position for different ISAC optimization policies b) Sensing accuracy (measured through echo signal margin) vs object positions. (c) Echo signals strength vs network utilization,37,37,2. System Architecture,,,meta-llama/llama-4-scout-17b-16e-instruct,INDIRECT,llama-3.3-70b-versatile,INDIRECT,True
O_ISAC_025,4D,intensity_only,strength,lexical,INDIRECT,"The snippet mentions received signal strength, which is related to intensity, but the focus is on the optimization framework and network parameters, not directly on 'intensity_only'.","To evaluate the performance of the proposed architectural approach and technical implementation an optimization framework has been designed and deployed in the testbed of Fig.1-1. This framework tries to minimize the number of network links used by identifying the optimal routing and network capacity allocation policies under communication (fronthaul, backhaul) and sensing flow (IQ echo streams) traffic requests. This problem is solved considering the following parameters and constraints: (1) The characteristics of the optical transport network and compute servers including number of nodes, connectivity graph, and capacity. (2) The characteristics of the RAN and mobile core segments including deployment option for the mobile communication (location of RU, DU, CU, UPF elements) and its operational parameters (spectrum allocation, numerology). (3) The received signal strength of the echoes captured by the various BSs. This last parameter is quite important, as received signals with low SNR cannot be exploited by the sensing app in the estimation of the object location. To reduce unnecessary overheads, the model considers as input sensing streams captured by BSs with SNRs exceeding a predefined SNR threshold (SNR<sub>th</sub>). SNR<sub>th</sub> depends on several parameters such as transmission conditions, the environment where the system is installed, the location of the RUs, etc., and can be experimentally precomputed. A typical numerical example is shown in the left column of Fig. 1-3, illustrating the spectrograms of the received IQ streams at BS2 and BS3 when their distance from the object is 200 and 400m, respectively. From the same figure we observe (right column) that for objects closely located to a BS (case of BS2) the received SNR is high and, therefore, the object can be detected with high accuracy. However, as the object-BS distance increases, the received SNR is reduced, reducing also the track detection accuracy. The object detection accuracy can be further improved combining estimations from multiple BSs [5]. (4) The capacity requirements for the sensing and communication traffic flow. For the sensing flows, these requirements increase with the number of BSs involved in the sensing process collecting and transmitting IQ echo streams. A typical set of measurements for IQ streams collected for 10MHz bandwidth allocation in the wireless segment (OFDM modulated) is shown in Fig. 1-4. This set of measurements shows the throughput of the IQ streams forwarded by ""BS3"", ""BS3-BS2"" and ""BS3-BS2-BS1"" to the edge server #1. For the fronthaul and backhaul requirements (due to space limitations) the reader is referred to [6] providing a detailed discussion. (5) Delay requirements for the sensing streams. To handle this, sensing flows are transparently transported to the sensing servers through the all-optical transport network switch, acting as an IQ sensing switch, eliminating transmission delays introduced by optoelectronic devices. The use of the all-optical switch is a key enable that allows to maintain the overall transport delay acceptable.",41,41,2. System Architecture > 3. ISAC based transport network optimization,,,meta-llama/llama-4-scout-17b-16e-instruct,INDIRECT,llama-3.3-70b-versatile,INDIRECT,True
O_ISAC_025,4D,complex_field,complex domain,fuzzy:85.71428571428572,NONE,"The provided snippet does not directly relate to or mention the concept of 'complex_field'. It discusses network architecture, energy efficiency, and components like switches and servers, without any reference to a field or domain that could be considered complex in the context given.","access network is equipped with low energy consuming switching nodes with limited number of input ports and relatively small capacity (1/10GbE/port). The aggregation transport network comprises high-end optoelectronic and all-optical fast switches with higher capacity and density (10G/40G/100GbE/ports), offering much higher energy efficiency. All-optical fast switches are a key enabler that facilitates transparent routing of IQ sensing flows to the MEC servers needed to achieve acceptable transport delays. For the RAN segment, a Software Defined Radio (SDR) platform (based on USRP B210 and N310) transmitting 5G New Radio (NR) Orthogonal Frequency Division Multiplexing (OFDM) modulated signals is used (Fig. 1-2) to support the functionality of Remote Units (RUs). For the compute domain, edge servers attached to the access switches and central cloud servers connected to the aggregation/core switches are adopted. These servers are used to host containerized RAN elements (i.e. Distributed Unit (DU)/Central Unit (CU)) and sensing functions (storage of I/Q echoes and processing). The sensing app implements a passive OFDM-based radar [2] that uses as input, signals reflected on objects in the surrounding area, when connectivity between BSs and UEs is established. The sensing app evaluates the quality of the reflected signals captured per BS and, if these are above a specific Signal-to-Noise-Ratio (SNR) threshold, they are used to estimate the position of the corresponding object. These results are then communicated to the E2E orchestrator that calculates the optimal resource allocation policy needed to accommodate both communication and sensing services. This is achieved by identifying the appropriate capacity for the paths implementing ""RU-DU-CU"" and ""RU-Sensing"" function connectivity, executed by the SDN transport network controller. Finally, for the wireless channel, a dedicated virtual machine has been deployed hosting the open-source GNU Radio platform, emulating channel impairments and objects in the surrounding area using the ""Noise Source"" and ""Static Target Simulator"" blocks, respectively[3]. Sensing Information exchange between different system building blocks is based on ZeroMQ messaging platform [4].",27,27,2. System Architecture,,,meta-llama/llama-4-scout-17b-16e-instruct,NONE,llama-3.3-70b-versatile,NONE,True
O_ISAC_025,4D,json:rx_detection_type,,json,DIRECT,Structured receiver field,,,,,scenario_level[0].receiver.rx_detection_type,coherent,json,DIRECT,,,False
O_ISAC_026,4D,json:rx_detection_type,,json,DIRECT,Structured receiver field,,,,,scenario_level[0].receiver.rx_detection_type,direct_detection,json,DIRECT,,,False
O_ISAC_027,4D,intensity_only,intensity,lexical,NONE,"The text discusses the challenges of measuring salinity in seawater and the advantages of optical fiber sensors, but does not directly mention intensity-only concepts.","<span id=""page-1-21""></span><span id=""page-1-20""></span><span id=""page-1-18""></span><span id=""page-1-16""></span>In recent years, the mid-infrared wavelength band, especially the 2  $\mu$ m wavelength band, has emerged as a key focus in research and industry areas because of the resonance with the fundamental frequency vibration, stronger spectral absorption intensity, and rich identification characteristics [32]. A wavelength band of 2  $\mu$ m exhibits strong fundamental vibration absorption characteristics of most molecules, showing significant absorption peaks for water, carbon dioxide, and other molecules [33], [34], [35], [36], [37], which allows the 2  $\mu$ m light source to process an excellent application prospect in the field of sensing. Two fiber-optic humidity sensor structures including a tapered fiber and a microfiber knot resonator are designed to operate near the water absorption peak at the 2  $\mu$ m wavelength band with 0.18 mW/% RH sensitivity achieved via direct power measurement, and for the optical spectra of",39,39,"<span id=""page-0-12""></span>Low Crosstalk Deep Ocean Salinity Monitoring at 2 µm Wavelength Band > <span id=""page-0-11""></span><span id=""page-0-10""></span><span id=""page-0-9""></span><span id=""page-0-8""></span><span id=""page-0-7""></span><span id=""page-0-6""></span><span id=""page-0-5""></span><span id=""page-0-3""></span><span id=""page-0-2""></span><span id=""page-0-0""></span>I. INTRODUCTION",,,meta-llama/llama-4-scout-17b-16e-instruct,NONE,llama-3.3-70b-versatile,NONE,True
O_ISAC_027,4D,intensity_only,intensity,fuzzy:88.88888888888889,INDIRECT,"The text mentions light intensities (I1 and I2) and their relationship to the phase difference and effective refractive index, which is related to intensity-only concepts, but does not directly discuss intensity-only measurements.","where *I*<sup>1</sup> and *I*<sup>2</sup> are the light intensities of the LP<sup>01</sup> mode and the LP<sup>02</sup> mode, 1ϕ = ((2π *L*1*n*eff)/λ) is the phase difference of the two modes, 1*n*eff is the effective refractive index difference between these two modes, *L* is the length of the sensing region, and λ is the wavelength of the input light. When 1ϕ = (2*r* +1) π and *r* is an integer, the resonant wavelength λ*<sup>r</sup>* can be represented by ((2*L*1*n*eff)/(2*r* + 1)). The free space spectrum (FSR) can be obtained as FSR = ((λ*r*λ*r*+1)/(1*n*eff*L*)), where the FSR is inversely proportional to the effective refractive index difference of the mode and the length of the sensing area. To optimize the sensor, adiabatic tapering is used to proportionally reduce the core and cladding diameters, suppressing unintended mode excitation and minimizing loss. The taper angle at the fiber radius of *a* during the tapering process should be less than the adiabatic cone angle (*a*), where the adiabatic cone angle can be obtained by",66,66,"<span id=""page-0-12""></span>Low Crosstalk Deep Ocean Salinity Monitoring at 2 µm Wavelength Band > <span id=""page-0-11""></span><span id=""page-0-10""></span><span id=""page-0-9""></span><span id=""page-0-8""></span><span id=""page-0-7""></span><span id=""page-0-6""></span><span id=""page-0-5""></span><span id=""page-0-3""></span><span id=""page-0-2""></span><span id=""page-0-0""></span>I. INTRODUCTION > II. PRINCIPLE AND DEVICE DESIGN",,,meta-llama/llama-4-scout-17b-16e-instruct,INDIRECT,llama-3.3-70b-versatile,INDIRECT,True
O_ISAC_027,4D,intensity_only,strength,lexical,NONE,"The text discusses the sensor's performance and sensitivity in relation to wavelength and refractive index, but does not directly mention intensity-only concepts.","The influence of FMF waist diameter on sensor performance is studied. When the waist diameter of the FMF is too large, the modes cannot escape from the core confinement. Conversely, when the waist diameter is too small, the light energy will be leaky over a very short transmission length. Additionally, a small waist diameter can significantly reduce the mechanical strength of the sensor, especially during practical use. To ensure the robustness of the fiber sensor, the waist diameters of the FMF are designed to be 50 and 40  $\mu$ m. The beam propagation method is applied to study the performance of the fiber sensor. By parametrically scanning the wavelength parametrically, the interference spectra against the ambient refractive index near the 2  $\mu$ m wavelength band, which are summarized in Fig. 3. To optimize the fiber sensor performance, we design an FMF length of about 10 cm to obtain an FSR of about 25 nm. When the waist diameter of the FMF is set at 50  $\mu$ m, as shown in Fig. 3(a), the sensitivity of the resonant dip at 1993 nm is about 675 nm/RIU (a salinity sensitivity of 0.108 nm/%) and the sensitivity of the resonant dip at 2014 nm is 688.3 nm/RIU (a salinity sensitivity of 0.11 nm/%). When the waist diameter of the FMF is set at 40  $\mu$ m, as shown in Fig. 3(b), the sensitivity of the resonant dip at 1975 nm increases to 1216.7 nm/RIU (a salinity sensitivity of 0.195 nm/‰), and the sensitivity of the resonant dip at 2000 nm is 1256.7 nm/RIU (a salinity sensitivity of 0.201 nm/‰). By slightly adjusting the FMF waist diameter from 50 to 40  $\mu$ m, the value of the sensitivity",90,90,"<span id=""page-0-12""></span>Low Crosstalk Deep Ocean Salinity Monitoring at 2 µm Wavelength Band > <span id=""page-0-11""></span><span id=""page-0-10""></span><span id=""page-0-9""></span><span id=""page-0-8""></span><span id=""page-0-7""></span><span id=""page-0-6""></span><span id=""page-0-5""></span><span id=""page-0-3""></span><span id=""page-0-2""></span><span id=""page-0-0""></span>I. INTRODUCTION > II. PRINCIPLE AND DEVICE DESIGN",,,meta-llama/llama-4-scout-17b-16e-instruct,NONE,llama-3.3-70b-versatile,NONE,True
O_ISAC_027,4D,intensity_only,intensity,lexical,NONE,"The text discusses the experimental results of sensitivity against temperature variations and the selection of an optimal waist diameter, but does not directly mention intensity-only concepts.","sensitivity. However, an excessively thin waist diameter may also lead to the risk of optical fiber breakage due to the reduced mechanical strength of the fiber in practical applications. A waist diameter of 40 µm is selected as the optimal parameter in this experiment to strike a balance between sensitivity and fiber mechanical intensity.",136,136,"<span id=""page-0-12""></span>Low Crosstalk Deep Ocean Salinity Monitoring at 2 µm Wavelength Band > <span id=""page-0-11""></span><span id=""page-0-10""></span><span id=""page-0-9""></span><span id=""page-0-8""></span><span id=""page-0-7""></span><span id=""page-0-6""></span><span id=""page-0-5""></span><span id=""page-0-3""></span><span id=""page-0-2""></span><span id=""page-0-0""></span>I. INTRODUCTION > II. PRINCIPLE AND DEVICE DESIGN > III. RESULTS AND DISCUSSION",,,meta-llama/llama-4-scout-17b-16e-instruct,NONE,llama-3.3-70b-versatile,NONE,True
O_ISAC_027,4D,complex_field,complex domain,fuzzy:85.71428571428572,INDIRECT,"The concept 'complex_field' is related to 'complex environments' mentioned in the text, which refers to the marine environment where optical fiber sensors operate. The text does not directly define or explain 'complex_field', but it implies a connection through the description of the environment.","<span id=""page-1-11""></span><span id=""page-1-10""></span><span id=""page-1-9""></span><span id=""page-1-7""></span><span id=""page-1-6""></span><span id=""page-1-4""></span><span id=""page-1-3""></span><span id=""page-1-2""></span><span id=""page-1-1""></span><span id=""page-1-0""></span>method is highly susceptible to interference from other conductive ions [13]. Currently, the measurement precision can be improved by using conductivity-temperature-depth (CTD) systems; however, these CTD systems are bulky, complex in structure, and require the series connection of multiple units during sea trials, which significantly increases the overall cost [14], [15], [16]. Additionally, electronic sensors in seawater often face challenges such as electrode contamination and susceptibility to electromagnetic interference during the measurement procedure [17]. Conversely, optical fiber sensors provide advantages such as compact dimensions, electromagnetic interference resistance [18], and durability against corrosion [19], [20]. They are well suited for operation in complex environments such as the marine environment. Optical fiber sensing shows substantial potential for salinity monitoring and has garnered significant attention from numerous scholars [21], [22], [23], [24]. To date, a multitude of schemes based on fiber Bragg grating (FBG) [25], photonic crystal fiber (PCF) [26], polymer optical fiber [27], etc., have been extensively investigated and reported. Recently, an all-optical fiber salinity sensor based on SNS-FBG cascading was demonstrated, which exhibits a salinity sensitivity of 0.027 nm/‰ [12]. An  $\alpha$ -power RI profile circular core FBG sensor with a maximum sensitivity of 35 nm/RIU is also proposed (with a salinity sensitivity of 5.83 pm/‰ [28]. To enhance the device sensitivity, an underwater fiber-optic sensor leveraging surface plasmon resonance (SPR) and multimode interference (MMI) is reported to achieve a salinity sensitivity of 0.36 nm/‰ [29]. A probe-type multicore fiber sensor for seawater multiparameter measurement is also reported, where the sensor attains a salinity sensitivity of similar 0.36 nm/‰ [30]. A dual-hole single-mode fiber (SMF) with two segments of multimode fiber was fused to create an optical-fiber sensor via the double SPR effect, which yields a salinity sensitivity of 0.33 nm/‰ [31]. However, when the sensitivity of the fiber sensors is enhanced, the design and fabrication of such fiber sensors are increasingly challenging. Meanwhile, the intricate structures of the fiber sensors pose significant challenges for practical implementation in complex marine environments. Instead of designing complex structures to enhance the sensor sensitivity, an available way is to explore longer wavelength bands.",37,37,"<span id=""page-0-12""></span>Low Crosstalk Deep Ocean Salinity Monitoring at 2 µm Wavelength Band > <span id=""page-0-11""></span><span id=""page-0-10""></span><span id=""page-0-9""></span><span id=""page-0-8""></span><span id=""page-0-7""></span><span id=""page-0-6""></span><span id=""page-0-5""></span><span id=""page-0-3""></span><span id=""page-0-2""></span><span id=""page-0-0""></span>I. INTRODUCTION",,,meta-llama/llama-4-scout-17b-16e-instruct,INDIRECT,llama-3.3-70b-versatile,INDIRECT,True
O_ISAC_028,4D,coherent,coherent detection,lexical,INDIRECT,"The concept 'coherent' is related to the context through the mention of 'self-coherent detection technique' and its application in optical transmission solutions, but it is not the primary focus of the snippet.","Abstract-Driven by emerging applications originated from the Internet technologies, artificial intelligence (AI), big data and so on, high-speed short-reach optical transmission solutions have attracted more and more attentions such as data center interconnection (DCI). Although the developed intensity modulation direct detection (IMDD) technology has been widely used in DCI, it is necessary to adopt the new transmission system with higher data rate and larger capacity with facing the rapid growth of traffic in the future. Recently, a self-coherent detection technique has been proposed, which can overcome the frequency selective fading caused by fiber dispersion. But most of the techniques are limited to single sideband (SSB) modulated signals. Recently, symmetric carrier-assisted differential detection (S-CADD) has been proposed to realize complex-valued double sideband (DSB) signal transmission, but the intrinsic imperfect transfer function leads to a color signal-to-noise ratio (SNR) effect, which makes the performance of different subcarriers differ, and then results in the overall system performance degradation. In order to alleviate this phenomenon, we propose and numerically verify the S-CADD receiver detection method based on pairwise coding (PWC) to improve the SNR imbalance among different subcarriers. After numerical verification of 64 Gbaud 16-ary quadrature amplitude modulation (16-QAM) orthogonal frequency division multiplexing (OFDM) signal transmission over 80km standard single mode fiber (SSMF), the BER performance of S-CADD receiver under optimal carrier-tosignal-power-ration (CSPR) can be greatly improved. Moreover, an optical signal-to-noise ratio (OSNR) gain of 1.5dB can be achieved under the 7% hard-decision forward-error-correction (HD-FEC) threshold, which will reduce the sensitivity requirement of the receiver and then the hardware cost. Thus, this PWC based method can find the potential in the high-speed large-capacity short-reach optical interconnections.",15,15,Performance Improvement for Symmetric Carrierassisted Differential Detection Receiver by Pairwise Coding,,,meta-llama/llama-4-scout-17b-16e-instruct,INDIRECT,llama-3.3-70b-versatile,INDIRECT,True
O_ISAC_028,4D,coherent,coherent detection,lexical,INDIRECT,"The concept 'coherent' is mentioned in the context of 'coherent detection receiver' and its advantages, but it is compared to another type of receiver, making the relation indirect.","rapid traffic growth, short-range optical communication systems have been desired to provide high-speed and largecapacity communication services for data centers, metropolitan area network and access network application scenarios. In these applications, a large number of transceivers between the server and the site will be adopted and then the cost will become the most concern. Therefore, short-range optical communication systems need to increase capacity without much costly. The current mainstream receivers consist of two types, coherent detection receiver and intensity modulation direct detection (IMDD) receiver. Coherent detection has the advantages of high spectral efficiency and sensitivity [5], while the need of expensive narrow linewidth local oscillator (LO) laser accounts for the vast majority of receiver costs [6]. In contrast, traditional IMDD does not require LO laser, which has the advantages of low cost and simple structure [7]. But, its inherent frequency-selective fading effect limits the transmission data rate and distance [8].",23,23,Performance Improvement for Symmetric Carrierassisted Differential Detection Receiver by Pairwise Coding > I. INTRODUCTION,,,meta-llama/llama-4-scout-17b-16e-instruct,INDIRECT,llama-3.3-70b-versatile,INDIRECT,True
O_ISAC_028,4D,coherent,coherent detection,lexical,INDIRECT,"The concept 'coherent' is related to the context through the mention of 'coherent detection receiver' and 'self-coherent detection schemes', but it is part of a broader discussion on optical communication systems.","In recent years, a series of cost-effective self-coherent detection schemes have been proposed, which can overcome the frequency-selective fading caused by dispersion. By inserting the optical carrier into one side of a single sideband (SSB) signal, after the single-ended photodiode (PD) detection, the field information can be retrieved from the carrier-signal beating term, while the undesired signal-signal beat interference (SSBI) will have an significant influence on the system performance. Therefore, it is usually necessary to insert a frequency gap equivalent to the signal bandwidth between the optical carrier and the modulated signal [9] or adopt an interleaved frequency loading scheme [10]. But these schemes will decrease the spectral efficiency (SE). In order to improve spectral efficiency, SSBI iterative cancellation (IC) receivers [11, 12] and KK receivers [13, 14] have been proposed, which can respectively reduce the interference of SSBI through iterative cancellation algorithm and KK relationship. However, compared with coherent detection, the above schemes are limited to SSB modulation and cannot fully utilize the receiver bandwidth. Therefore, it is necessary to research the selfcoherent detection of signals with double sideband (DSB) modulation to improve SE and relax the bandwidth requirements of receiver.",25,25,Performance Improvement for Symmetric Carrierassisted Differential Detection Receiver by Pairwise Coding > I. INTRODUCTION,,,meta-llama/llama-4-scout-17b-16e-instruct,INDIRECT,llama-3.3-70b-versatile,INDIRECT,True
O_ISAC_028,4D,coherent,coherent detection,lexical,NONE,"The concept 'coherent' is not directly related to the context, which focuses on the conclusion of a paper and the proposal of a specific detection scheme, without explicitly mentioning 'coherent' in this part.","In the last decade, large-capacity short-to-medium range optical networks have been developed rapidly. Therefore, a cost-effective detection scheme with optical field recovery is on demand. The conventional IMDD systems have the disadvantage of CD induced power fading, while coherent detection is limited due to its high cost.",147,147,IV. RESULTS AND DISCUSSIONS > V. CONCLUSION,,,meta-llama/llama-4-scout-17b-16e-instruct,NONE,llama-3.3-70b-versatile,NONE,True
O_ISAC_028,4D,coherent,coherent detection,lexical,INDIRECT,"The concept 'coherent' is related to 'coherent detection receivers' which is mentioned in the context, but it is not the main focus of the text. The text discusses future work and potential solutions, with coherent detection being one aspect of traditional IMDD systems.","Considering the increase of data center applications in the future, the demand for low-cost high-capacity transmission links over short and medium distances will increase. To break the bottleneck of limited transmission range and complex structure of coherent detection receivers in traditional IMDD systems, novel cost-effective direct detection schemes with field recovery will become promising solutions in the near future. Considering that spectral efficiency is a valuable resource in the scenario of short-range transmission, the CADD receiver needs a guard band around the inserted carrier, which still has room for improvement in future research. And from the power consumption point of view, it is expected that more effective DSP technologies can be applied to reduce the demand for carrier power in the future.",153,153,IV. RESULTS AND DISCUSSIONS > VI. FUTURE WORK,,,meta-llama/llama-4-scout-17b-16e-instruct,INDIRECT,llama-3.3-70b-versatile,INDIRECT,True
O_ISAC_028,4D,intensity_only,intensity,lexical,INDIRECT,"The text discusses the limitations of intensity modulation direct detection (IMDD) technology and the need for new transmission systems with higher data rates and larger capacities, but does not directly mention intensity-only concepts.","Abstract-Driven by emerging applications originated from the Internet technologies, artificial intelligence (AI), big data and so on, high-speed short-reach optical transmission solutions have attracted more and more attentions such as data center interconnection (DCI). Although the developed intensity modulation direct detection (IMDD) technology has been widely used in DCI, it is necessary to adopt the new transmission system with higher data rate and larger capacity with facing the rapid growth of traffic in the future. Recently, a self-coherent detection technique has been proposed, which can overcome the frequency selective fading caused by fiber dispersion. But most of the techniques are limited to single sideband (SSB) modulated signals. Recently, symmetric carrier-assisted differential detection (S-CADD) has been proposed to realize complex-valued double sideband (DSB) signal transmission, but the intrinsic imperfect transfer function leads to a color signal-to-noise ratio (SNR) effect, which makes the performance of different subcarriers differ, and then results in the overall system performance degradation. In order to alleviate this phenomenon, we propose and numerically verify the S-CADD receiver detection method based on pairwise coding (PWC) to improve the SNR imbalance among different subcarriers. After numerical verification of 64 Gbaud 16-ary quadrature amplitude modulation (16-QAM) orthogonal frequency division multiplexing (OFDM) signal transmission over 80km standard single mode fiber (SSMF), the BER performance of S-CADD receiver under optimal carrier-tosignal-power-ration (CSPR) can be greatly improved. Moreover, an optical signal-to-noise ratio (OSNR) gain of 1.5dB can be achieved under the 7% hard-decision forward-error-correction (HD-FEC) threshold, which will reduce the sensitivity requirement of the receiver and then the hardware cost. Thus, this PWC based method can find the potential in the high-speed large-capacity short-reach optical interconnections.",15,15,Performance Improvement for Symmetric Carrierassisted Differential Detection Receiver by Pairwise Coding,,,meta-llama/llama-4-scout-17b-16e-instruct,INDIRECT,llama-3.3-70b-versatile,INDIRECT,True
O_ISAC_028,4D,intensity_only,intensity,lexical,INDIRECT,"The text mentions intensity modulation direct detection (IMDD) as a current mainstream receiver type, but does not directly focus on intensity-only concepts.","rapid traffic growth, short-range optical communication systems have been desired to provide high-speed and largecapacity communication services for data centers, metropolitan area network and access network application scenarios. In these applications, a large number of transceivers between the server and the site will be adopted and then the cost will become the most concern. Therefore, short-range optical communication systems need to increase capacity without much costly. The current mainstream receivers consist of two types, coherent detection receiver and intensity modulation direct detection (IMDD) receiver. Coherent detection has the advantages of high spectral efficiency and sensitivity [5], while the need of expensive narrow linewidth local oscillator (LO) laser accounts for the vast majority of receiver costs [6]. In contrast, traditional IMDD does not require LO laser, which has the advantages of low cost and simple structure [7]. But, its inherent frequency-selective fading effect limits the transmission data rate and distance [8].",23,23,Performance Improvement for Symmetric Carrierassisted Differential Detection Receiver by Pairwise Coding > I. INTRODUCTION,,,meta-llama/llama-4-scout-17b-16e-instruct,INDIRECT,llama-3.3-70b-versatile,INDIRECT,True
O_ISAC_028,4D,intensity_only,magnitude,lexical,NONE,"The text describes the structure of a S-CADD receiver and the representation of a received complex-valued DSB signal, but does not mention intensity-only concepts.","Fig. 1. (a) Structures of S-CADD receiver. (b) Magnitude of transfer function H(f) for S-CADD,  $\tau = 12.5$  ps.",39,39,II. PRINCIPLE > A. Principle of S-CADD receiver,,,meta-llama/llama-4-scout-17b-16e-instruct,NONE,llama-3.3-70b-versatile,NONE,True
O_ISAC_028,4D,intensity_only,magnitude,lexical,NONE,"The text discusses the transfer function of S-CADD and its impact on SNR, but does not mention intensity-only concepts.","Where F[.] represents the Fourier transform, H(f) represents the transfer function of S-CADD related to delay of  $\tau$ . The magnitude of H(f) changes with frequency is shown in Fig. 1(b). If the SSBI cannot be completely eliminated and is located in the range of |H(f)| < 1, the SSBI will be enhanced. Namely, the SNR of different frequency subcarriers of the S-CADD receiver will be different inherently.",64,64,II. PRINCIPLE > A. Principle of S-CADD receiver,,,meta-llama/llama-4-scout-17b-16e-instruct,NONE,llama-3.3-70b-versatile,NONE,True
O_ISAC_028,4D,json:rx_detection_type,,json,DIRECT,Structured receiver field,,,,,scenario_level[0].receiver.rx_detection_type,direct,json,DIRECT,,,False
O_ISAC_029,4D,imdd,im/dd,lexical,DIRECT,The concept 'imdd' is directly mentioned in the snippet as 'IM/DD system'.,"- <span id=""page-12-32""></span>[\[52\]](#page-11-23) Z. Li et al., ""Model-free end-to-end deep learning of joint geometric and probabilistic shaping for optical fiber communication in IM/DD system,"" *J. Lightw. Technol.*, vol. 43, no. 5, pp. 2163–2175, Mar. 1, 2025, doi: [10.1109/JLT.2024.3488121.](http://dx.doi.org/10.1109/JLT.2024.3488121)",335,335,THz Integrated Sensing and Communication With Full-Photonic Direct LFM Reception and De-Chirping for D-Band Fiber-Wireless Network > REFERENCES,,,meta-llama/llama-4-scout-17b-16e-instruct,NONE,llama-3.3-70b-versatile,DIRECT,True
O_ISAC_029,4D,coherent,coherent detection,lexical,INDIRECT,"The concept 'coherent' is related to the context through the mention of 'self-coherent detection' in one of the references, but it is not the main focus of the provided text snippets.","- <span id=""page-12-6""></span>[\[26\]](#page-1-6) W. Bai et al., ""Photonic super-resolution millimeter-wave joint radarcommunication system using self-coherent detection,"" *Opt. Lett.*, vol. 48, no. 3, pp. 608–611, Feb. 2023, doi: [10.1364/OL.472155.](http://dx.doi.org/10.1364/OL.472155)",308,308,THz Integrated Sensing and Communication With Full-Photonic Direct LFM Reception and De-Chirping for D-Band Fiber-Wireless Network > REFERENCES,,,meta-llama/llama-4-scout-17b-16e-instruct,INDIRECT,llama-3.3-70b-versatile,INDIRECT,True
O_ISAC_030,4D,coherent,coherent recognition,fuzzy:85.0,NONE,"The concept 'coherent' is not mentioned or implied in the given snippet, which discusses the performance of bReflexGest under varying luminances and the impact of different factors on hand gesture recognition.","becomes spread with the PTD decreasing to 0.2, and finally appears a distinct scatter when the PTD is 0.1. Specifically, we further use three confusion matrices to show the detailed recognition performance of the ten classes of hand gestures with 0.8 PTD, 0.5 PTD, and 0.2 PTD shown in Fig. 13(b) and (c). It can be observed that the performance of 0.8 PTD obviously outperforms the other two PTD results. Additionally, we find that the worst recognized performance of hand gestures are most likely to fall into ""PF"" (Palm-Fist) and ""FP"" (Fist-Palm), with average accuracy rates of 96.9% and 93.8% in 0.8 PTD, 91.2% and 87.5% in 0.5 PTD, 76.6% and 85.9% in 0.2 PTD, respectively. This reason may be explained that the two hand gestures' movement ranges are smaller than the others, and the extraction of hand gestures features is relatively indistinguishable compared with other hand gestures, hence resulting in the incorrect recognitions. Consequently, bReflexGest shows a better performance at high PTD, thus we properly fix the PTD at 0.8 hereafter.",244,244,D. Base-Design of ReflexGest (bReflexGest) > E. Cross-Scene ReflexGest (cReflexGest) > IV. PERFORMANCE EVALUATION > B. Performance of bReflexGest,,,meta-llama/llama-4-scout-17b-16e-instruct,NONE,llama-3.3-70b-versatile,NONE,True
O_ISAC_030,4D,intensity_only,intensity,lexical,NONE,"The text does not explicitly discuss the concept of intensity_only, it provides an introduction to the topic of hand gesture recognition and visible light communication.","Abstract—As a main approach towards touch-free humancomputer interaction, hand gesture recognition (HGR) has long been a research focus for both academia and industry. Meanwhile, visible light communication (VLC) has become increasingly popular with VLC-ready commercial products (e.g., Philips lamps) available on the market. These facts provoke us to ask: can we leverage a VLC-ready lamp to realize integrated sensing and communication (ISAC) by conducting both HGR and VLC simultaneously? To this end, we propose ReflexGest as our answer to this question. ReflexGest is implemented upon a table lamp for the sake of practicality; this VLC-ready lamp is equipped with a ring-shaped light-emitting diode (LED) array and a photodiode (PD, for light intensity sensing) originally aiming for up/down-link VLCs. Demanding hand gestures to be performed between the lamp and a table surface, ReflexGest exploits the variation of the reflection and their unique correlation with the corresponding hand gestures to achieve HGR. In particular, ReflexGest first handles the limited sensing ability of the PD by enhancing the LED lamp and thus diversifying the light emission patterns. Moreover, ReflexGest combats the reflection interference from varying table surfaces via an adversarial learning technique to distill only the features relevant to hand gestures. Our extensive evaluations demonstrate that ReflexGest is able to deliver accurate HGR under realistic VLC traffic.",9,9,"<span id=""page-0-0""></span>ReflexGest: Recognizing Hand Gestures Under VLC-Capable Lamps",,,meta-llama/llama-4-scout-17b-16e-instruct,NONE,llama-3.3-70b-versatile,NONE,True
O_ISAC_030,4D,intensity_only,intensity only,fuzzy:85.71428571428572,INDIRECT,"The text mentions that the photodiode can obtain only light intensity, which implies the concept of intensity_only, but it does not directly discuss the concept.","one hand, a *photodiode* (PD) is adopted as the sensor for cost reduction, but PD can obtain only light intensity (one-dimensional information). As intensity sensing can hardly capture any directional information, part of the spatial information concerning hand gestures gets lost. Therefore, one challenge is how to obtain more spatial information with only intensity sensing. On the other hand, since our design piggybacks on a table lamp, the table surface reflections could severely interfere with our gesture sensing function. Basically, the captured information by the PD contains reflections from both the hand and table surface, while the latter may vary significantly from specular to diffuse reflections respectively caused by smooth and rough surfaces. Therefore, another challenge is to recognize hand gestures under the reflection interference caused by the table surface.",41,41,I. INTRODUCTION,,,meta-llama/llama-4-scout-17b-16e-instruct,INDIRECT,llama-3.3-70b-versatile,INDIRECT,True
O_ISAC_030,4D,intensity_only,intensity,lexical,INDIRECT,"The text mentions reflected light intensity, which is related to the concept of intensity_only, but it does not directly discuss the concept.","<span id=""page-2-0""></span>all the above weaknesses by putting the PD receiver on the same side as the LED transmitter; performing HGR via the reflected light intensity also spare the table surface potentially reused by VLC down-links.",62,62,II. BACKGROUND AND MOTIVATION > *A. Primers for Reflected HGR (r-HGR)*,,,meta-llama/llama-4-scout-17b-16e-instruct,INDIRECT,llama-3.3-70b-versatile,INDIRECT,True
O_ISAC_030,4D,intensity_only,intensity,lexical,DIRECT,"The context explicitly mentions characterizing the 'reflected light intensity' and provides a mathematical representation of the light channel gain, which directly relates to 'intensity_only'.","In order to characterize the reflected light intensity, we leverage the Lambertian radiation pattern [40] shown in Fig. 2. Since reflected light is a case of non-line-of-sight propagation, the light channel gain can be represented as [41]:",64,64,II. BACKGROUND AND MOTIVATION > *A. Primers for Reflected HGR (r-HGR)*,,,meta-llama/llama-4-scout-17b-16e-instruct,DIRECT,,,False
O_ISAC_030,4D,intensity_only,intensity,lexical,INDIRECT,"The concept of intensity_only is related to the light intensity received by the PD, but the provided snippet discusses various factors affecting the light intensity, such as emission angle, receiving angle, distances, and reflection points, without directly focusing on the intensity itself.","In our r-HGR design, the overall light intensity received by PD is divided into two parts: reflected light from the hand and the table surface as illustrated in Fig. 2. Assuming in total L LED chips in the ring-shaped array with a homogeneous transmitting power p, the time-varying (reflection) channel gain  $h_i(t)$  for the i-th chip during HGR process can be divided into  $h_i^{\rm hand}(t)$  and  $h_i^{\rm surf}(t)$ , representing the varying reflections from the hand and table surface, respectively. Consequently, the light intensity r(t) received by the PD becomes:",74,74,II. BACKGROUND AND MOTIVATION > *A. Primers for Reflected HGR (r-HGR)*,,,meta-llama/llama-4-scout-17b-16e-instruct,INDIRECT,llama-3.3-70b-versatile,INDIRECT,True
O_ISAC_030,4D,complex_field,sophisticated area,fuzzy:88.88888888888889,NONE,The provided snippet does not mention or relate to the concept of 'complex_field' in any direct or indirect manner.,"We further propose the cross-scene ReflexGest (or cReflexGest) to handle the cross-scene problem by adopting a more sophisticated recognition algorithm, yet decreasing the hardware complexity via removing the dark pad. Inspired by [35], we integrate an adversarial domain adaption scheme into the CNN for achieving cross-scene HGR. Built upon the idea, cReflexGest eliminates the distribution discrepancy of hand gesture features from different scenes (e.g., table surfaces) in latent space, and correctly classifies the cross-scene hand gesture labels. Specifically, the adversarial domain adaption scheme embeds a domain discriminator structure [46] into the standard feed-forward architecture formed by the feature extractor  $G^{f}$  and the gesture recognizer  $G^{r}$ . The domain adaptation is achieved by the domain discriminator  $G^{d}$  connected to the  $G^{f}$  via a gradient reversal layer (GRL) that multiplies the gradient by a certain negative constant during the backpropagation-based training, as shown in Fig. 9. Mathematically, let x and x' respectively denote preprocessed reflected light intensity data from distinct scenes with the same hand gesture class labels y. Our goal is to jointly train the  $G^{\rm f}$  and  $G^{\rm d}$ , hence reconciling the distribution discrepancy between the x and x', making  $G^f$  extract the hand gesture features irrelevant to the scenes, then  $G^{\mathrm{r}}$  accurately classifying the label y. We assume that  $\tilde{x}=x\cup x'$  and d represents domain label of the  $\tilde{x}$ . Thus, the cross entropy loss function  $\mathcal{L}_{\tilde{\mathbf{x}},\mathrm{d}}(\theta^{\mathrm{f}},\theta^{\mathrm{d}})$  can be implemented as:",174,174,D. Base-Design of ReflexGest (bReflexGest) > E. Cross-Scene ReflexGest (cReflexGest),,,meta-llama/llama-4-scout-17b-16e-instruct,NONE,llama-3.3-70b-versatile,NONE,True
O_ISAC_031,4D,intensity_only,strength,lexical,NONE,"The provided snippet does not directly discuss or imply the concept of 'intensity_only'. It focuses on the challenges and solutions related to self-interference in full-duplex ISAC systems, particularly the use of radio-frequency self-interference cancellation technology.","However, full-duplex operation introduces challenges, particularly as the receiver faces strong self-interference from its own transmitter [7-8]. Figure 1 illustrates this phenomenon, where the emitted signal from the transmitter can be directly captured by its own receiver. When the self-received signal significantly surpasses the strength of the return signal, it deteriorates the signal-to-noise ratio, negatively affecting subsequent processing [9-10]. To counteract self-interference, radio-frequency self-interference cancellation (SIC) technology is utilized. Notably, optical-domain RF SICs offer several advantages, including resistance to electromagnetic interference, consistent bandwidth, high-speed performance, and low signal loss [11].",49,49,I. INTRODUCTION,,,meta-llama/llama-4-scout-17b-16e-instruct,NONE,llama-3.3-70b-versatile,NONE,True
O_ISAC_033,4D,intensity_only,intensity,lexical,NONE,"The concept 'intensity_only' is not mentioned or implied in the given snippet, which focuses on the measurement of DAS performance, phase noise power spectral density, and the calculation of measurand resolution.","In addition to the offline results above, we also tested a real-time (RT) CP-DAS prototype during the field trial. The real-time system used similar components, while DSP for signal generation and vibration estimation was implemented on a fieldprogramable gate array (FPGA) platform based on Xilinx XCZU7EV with two DAC channels and four ADC channels. Due to FPGA resource limitations. frequency diversity was not implemented, and the coding gain is 27 dB. We reduced the sensing distance to ~210 km by retaining only the last three spans in Fig. 2(a). Fig. 3(b) shows a real-time waterfall plot, demonstrating the capability to monitor the full 210 km of fiber at a spatial resolution of 13.05 meter and a gauge length of 20 m. Vibration intensity was calculated by band-passing the recovered phase at each fiber position between 2 and 100 Hz, followed by intensity accumulation over multiple samples to obtain an update rate of 10 Hz. The inset in Fig. 3(b) shows two commuter trains passing each other.",57,57,"Simultaneous Sensing and Communication in Optical Fibers > **Event Localization by Data Transponders** > 1,007-km All-Raman Link DAS Monitoring",,,meta-llama/llama-4-scout-17b-16e-instruct,NONE,llama-3.3-70b-versatile,NONE,True
O_ISAC_034,4D,imdd,im/dd,lexical,INDIRECT,"The concept 'imdd' is mentioned as 'intensity modulation and direct detection (IM/DD)' which is a scheme adopted by OWC and optical sensing devices, indicating an indirect relationship with the main topic of ISAC.","<span id=""page-0-5""></span>Compared with the emerging research on RF-based ISAC, much less research is conducted on optical ISAC. However, since the optical spectrum has a much larger bandwidth than its RF counterpart, it can provide high-speed, short-range communication ability. With the advantages of large capacity, high security, and license-free spectrum, optical wireless communication (OWC) can operate in both indoor and outdoor scenarios [\[7\]. M](#page-4-6)eanwhile, optical sensing devices like laser radars provide non-contact methods for target localization [\[8\].](#page-4-7) Furthermore, the intensity modulation and direct detection (IM/DD) scheme is frequently adopted by both OWC and optical sensing devices [\[9\]. Th](#page-4-8)erefore, integrating OWC and optical sensing in a single system becomes a promising trend.",29,29,"Pulse Sequence Sensing and Pulse Position Modulation for Optical Integrated Sensing and Communication > <span id=""page-0-1""></span>I. INTRODUCTION",,,meta-llama/llama-4-scout-17b-16e-instruct,INDIRECT,llama-3.3-70b-versatile,INDIRECT,True
O_ISAC_034,4D,imdd,im/dd,lexical,DIRECT,"The snippet directly mentions and explains the 'IM/DD scheme' in the context of the proposed PSS-PPM method for the ISAC system, indicating a direct relation to the concept 'imdd'.","<span id=""page-4-13""></span>The proposed PSS-PPM method provides communication and sensing abilities for the ISAC system. The unipolar ISAC signal is generated by modulating the position of pulse sequences in each slot so that the IM/DD scheme can be adopted. Correlation-based methods are utilized by both communication and sensing receivers to demodulate information and measure target distance, respectively. Theoretical analysis and simulation results show that communication and sensing can be carried out simultaneously, even in the multi-user scenario. By adjusting the system parameters, the PSS-PPM method can be adopted by different optical ISAC systems, which will play an important role in future optical wireless networks.",238,238,V. CONCLUSION,,,meta-llama/llama-4-scout-17b-16e-instruct,DIRECT,,,False
O_ISAC_034,4D,intensity_only,intensity,lexical,INDIRECT,"The text discusses the integration of sensing and communication abilities in future wireless networks, specifically using optical spectrum and pulse sequence sensing. While it mentions intensity modulation, it does not directly focus on intensity-only concepts.","*Abstract*— The future wireless network is expected to provide communication and sensing abilities simultaneously, and the optical spectrum brings a promising candidate for integrated sensing and communication. In this letter, an integrated sensing and communication scheme based on pulse sequence sensing and pulse position modulation is proposed for free space optics. By generating a unipolar optical signal, optical wireless communication and optical sensing can adopt the intensity modulation and direct detection scheme simultaneously. Benefited from the nearly-ideal correlation properties of the pulse sequence, the communication receiver can detect the pulse position, and the sensing receiver can estimate the target distance. Moreover, different performance metrics of communication and sensing are derived theoretically. Simulations show that the proposed method can carry out communication and sensing simultaneously, even in the multi-user scenario. Furthermore, different optical systems can adjust system parameters to adapt to different scenarios, so that they will enhance the ability of the future wireless network.",9,9,Pulse Sequence Sensing and Pulse Position Modulation for Optical Integrated Sensing and Communication,,,meta-llama/llama-4-scout-17b-16e-instruct,INDIRECT,llama-3.3-70b-versatile,INDIRECT,True
O_ISAC_034,4D,intensity_only,intensity,lexical,INDIRECT,"This snippet compares RF-based ISAC to optical ISAC, highlighting the advantages of optical wireless communication, including its large bandwidth and high-speed capabilities. It mentions intensity modulation and direct detection but does not delve into intensity-only aspects directly.","<span id=""page-0-5""></span>Compared with the emerging research on RF-based ISAC, much less research is conducted on optical ISAC. However, since the optical spectrum has a much larger bandwidth than its RF counterpart, it can provide high-speed, short-range communication ability. With the advantages of large capacity, high security, and license-free spectrum, optical wireless communication (OWC) can operate in both indoor and outdoor scenarios [\[7\]. M](#page-4-6)eanwhile, optical sensing devices like laser radars provide non-contact methods for target localization [\[8\].](#page-4-7) Furthermore, the intensity modulation and direct detection (IM/DD) scheme is frequently adopted by both OWC and optical sensing devices [\[9\]. Th](#page-4-8)erefore, integrating OWC and optical sensing in a single system becomes a promising trend.",29,29,"Pulse Sequence Sensing and Pulse Position Modulation for Optical Integrated Sensing and Communication > <span id=""page-0-1""></span>I. INTRODUCTION",,,meta-llama/llama-4-scout-17b-16e-instruct,INDIRECT,llama-3.3-70b-versatile,INDIRECT,True
O_ISAC_034,4D,intensity_only,intensity,lexical,INDIRECT,"The context provided here discusses simulations and parameters for sensing and communication, including the modulation order, length of PN codes, and distribution of time delays. While it mentions mean intensity, the focus is not solely on intensity-only concepts but rather on the broader integration of sensing and communication.","for sensing. The simulations are carried out on the condition of K = 64 and L = 127, except for Fig. [3,](#page-3-2) which shows the achievable rate C (K) with respect to the modulation order K and the length L of PN codes. The log<sup>2</sup> K binary numbers in each slot are transformed into decimals to get the pulse positions, so that {ai} are randomly selected from {0, 1, · · · , K − 1} with an equal probability. Time delay τ<sup>0</sup> of s<sup>T</sup> (t) is uniformly distributed on the interval [0, Tg], while τ<sup>m</sup> of s<sup>m</sup> (t) is uniformly distributed on the interval [−Ts, Ts]. The mean intensity of each s<sup>m</sup> (t) is the same as that of s<sup>T</sup> (t). h<sup>m</sup> (t) (0 ≤ m < Nu) follows log-normal distribution, whose mean and variance can be calculated by Beers-Lambert Law and Rytov approximation, respectively, which can be further adopted to evaluate the influences of atmospheric losses and turbulence in the simulations [\[15\].](#page-4-15)",213,213,IV. NUMERICAL RESULTS,,,meta-llama/llama-4-scout-17b-16e-instruct,INDIRECT,llama-3.3-70b-versatile,INDIRECT,True
O_ISAC_035,4D,imdd,im and dd,fuzzy:88.88888888888889,NONE,"The provided snippet does not contain any direct or indirect mention of the concept 'imdd'. The references listed pertain to various topics in optical communications and signal processing, but none of them explicitly or implicitly relate to 'imdd'.","- [33] Y. Kim and D. Yoon, ""Moment-based estimation for Gamma-Gamma fading parameters in free-space optical links,"" *IEEE J. Sel. Areas Commun.*, vol. 43, no. 5, pp. 1582–1589, May 2025.",356,356,*C. Ranging and Communication Subcarrier Power Allocation* > REFERENCES,,,meta-llama/llama-4-scout-17b-16e-instruct,NONE,llama-3.3-70b-versatile,NONE,True
O_ISAC_035,4D,coherent,coherent demodulation,fuzzy:85.71428571428572,INDIRECT,"The concept 'coherent' is related to the demodulation process in OCDM communications, where the received CS-ODSB signal would be coherently demodulated, but it is not the main focus of the passage, which is about the design of the OCDM-based ISAC waveform and the optical-assisted FMCW ranging receiver.","FMCW ranging reciever, while the other one carries the ranging and communication information to the target end-users. At the target end-user, the CS-ODSB signal would be both echoed and received. In terms of FMCW ranging, the echo signal is bounced backed to the transmitter, of which the FMCW ranging receiver performs the sensing by mixing the echo signal with the local reference signal, making a beat frequency for FMCW ranging. In terms of the OCDM communications, the received CS-ODSB signal would be coherently demodulated using a local laser pump and converted back to the RF signal using a PD. Finally, both the ranging and communication data are caught and visualised by the oscilloscope for off-line processing, where, in order to comprehensively analyse the communication performance, the received communication data at the target end-user will feed the simulation-based Gamma-Gamma FSO channel model for further assessment.",186,186,III. EXPERIMENT DEMONSTRATION AND DISCUSSION,,,meta-llama/llama-4-scout-17b-16e-instruct,INDIRECT,llama-3.3-70b-versatile,INDIRECT,True
O_ISAC_035,4D,intensity_only,magnitude,lexical,INDIRECT,"The text discusses the integration of sensing and communication technologies, including the use of free space optics (FSO) and orthogonal chirp division multiplexing (OCDM) with frequency modulated continuous wave (FMCW) light detection and ranging (LiDAR), but does not directly mention intensity-only concepts.","Abstract—The integrated sensing and communication (ISAC) is emerging as a crucial technology due to its reduced hardware costs and broad application scenarios, where the free space optics (FSO) based ISAC can potentially support both wide-bandwidth communication and high-accuracy ranging. However, the majority of the FSO ISAC designs in the literature can only achieve low data-rate communications. In order to simultaneously transmit high-quality communication data and high-accuracy ranging information using a single FSO waveform, in this paper, we propose an integrated waveform design that combines orthogonal chirp division multiplexing (OCDM) with frequency modulated continuous wave (FMCW) light detection and ranging (LiDAR). To elaborate, one subcarrier from OCDM is selected as the FMCW ranging at the LiDAR receiver, while the remaining OCDM subcarriers can be used to enhance communication data rate. Experiments demonstrate the feasibility of our proposed scheme, centimeterlevel ranging accuracy is achieved, with acceptable error vector magnitude (EVM) performance, while simultaneously achieving a communication rate of 3.182 Gbps.",9,9,OCDM-Based FMCW Waveform Design for FSO Integrated Sensing and Communications,,,meta-llama/llama-4-scout-17b-16e-instruct,INDIRECT,llama-3.3-70b-versatile,INDIRECT,True
O_ISAC_035,4D,intensity_only,magnitude,lexical,INDIRECT,"Similar to the first snippet, this text also discusses the integration of sensing and communication technologies using FSO and OCDM with FMCW LiDAR, without directly referencing intensity-only concepts.","Index Terms—Integrated sensing and communication (ISAC), free space optics (FSO), light detection and ranging, orthogonal chirp division multiplexing, error vector magnitude (EVM).",11,11,OCDM-Based FMCW Waveform Design for FSO Integrated Sensing and Communications,,,meta-llama/llama-4-scout-17b-16e-instruct,INDIRECT,llama-3.3-70b-versatile,INDIRECT,True
O_ISAC_035,4D,intensity_only,intensity,lexical,INDIRECT,"This snippet mentions various FSO-ISAC schemes, including those that exploit optical intensity modulation, but does not explicitly focus on intensity-only concepts, instead discussing the broader integration of sensing and communication.","In order to integrate FSO with ISAC, designing FSO-based ISAC waveform is essencial. In the literature, an FSO-ISAC scheme based on pulse sequence sensing and pulse position modulation is proposed, enabling simultaneous communication and sensing functions [3]. Then, a FMCW-based coherent Li-DAR system is proposed in the context of FSO system, allowing simultaneous laser ranging, velocimetry, and free-space optical communication, but only for downlink communication [4]. Furthermore, a light detection and ranging (LiDAR) scheme named phase-shift laser ranging with communication enables simple short-range communication via FSO during each scan time-slot [5]. Additionally, a novel FSO-ISAC scheme combines linear frequency modulation and continuous phase modulation, exploiting optical intensity modulation and direct detection, highlighting its superiority over other constant-modulus signals [6]. However, the majority of the existing FSO-ISAC waveform designs apply only pulses or single-carrier continuous waves, which limits the communication capacity, while being susceptible to the nonlinear distortions given by the optical systems [2]. Moreover, the multi-carrier-based FSO-ISAC schemes can not achieve high sensing accuracy [7]. Thus, in order to support both the high-quality communications and the improved ranging accuracy, it is crucial to investigate the optimal ISAC waveform design in the context of FSO system.",29,29,OCDM-Based FMCW Waveform Design for FSO Integrated Sensing and Communications > I. INTRODUCTION,,,meta-llama/llama-4-scout-17b-16e-instruct,INDIRECT,llama-3.3-70b-versatile,INDIRECT,True
O_ISAC_035,4D,intensity_only,intensity,lexical,DIRECT,"This snippet directly discusses the Gamma-Gamma model for illustrating the FSO channel's atmospheric turbulence, where the received intensity I is considered as the product of two independent Gamma random variables. This directly relates to intensity modulation, supporting the 'intensity_only' concept.","Gamma-Gamma model is used for illustrating the FSO channel's atmospheric turbulence. [22]. In the Gamma-Gamma model, the received intensity I is considered as the product of two independent Gamma random variables. The probability density function of I can be expressed by:",78,78,OCDM-Based FMCW Waveform Design for FSO Integrated Sensing and Communications > I. INTRODUCTION > II. SYSTEM MODEL AND METHODOLOGY > B. FSO Channel,,,meta-llama/llama-4-scout-17b-16e-instruct,DIRECT,,,False
O_ISAC_035,4D,intensity_only,intensity,fuzzy:88.88888888888889,INDIRECT,"The concept of intensity is mentioned in the context of turbulence intensities, but it is not the primary focus of the snippet. The snippet discusses the scintillation index and atmospheric loss, which are related to intensity but do not directly define or measure it.","where a and b represent the effective numbers of large- and small-scale turbulence cells, and  $\Gamma(.)$  is the Gamma function. Also, the scintillation index is given by  $\sigma_I^2 = (1/a) + (1/b) + (1/ab)$ , which indicates the turbulence intensities. The atmospheric loss is determined by the exponential Beers-Lambert Law as [23]:",83,83,OCDM-Based FMCW Waveform Design for FSO Integrated Sensing and Communications > I. INTRODUCTION > II. SYSTEM MODEL AND METHODOLOGY > B. FSO Channel,,,meta-llama/llama-4-scout-17b-16e-instruct,INDIRECT,llama-3.3-70b-versatile,INDIRECT,True
O_ISAC_036,4D,coherent,coherent recognition,fuzzy:85.0,NONE,"The concept 'coherent' is not mentioned or implied in the given snippet, which primarily discusses the deployment of 5G and 6G technologies, Integrated Sensing and Communication (ISAC) functions, and their applications.","The deployment of 5G for Radio Access Networks (RANs), the use of different Frequency Range (FR), including FR1 (0.4 − 7 ), FR2 (24 −70 ) and FR3 (7 − 24 ), and the demand for continuous, ultra-high data rate beyond the current 24.33 of CPRI/e-CPRI Rate-10 and low latency, down to <1 , in various applications have necessitate efficient utilization of the limited spectrum, and massive deployment of energy-efficient devices [1, 2]. In parallel, RANs are evolving towards a new era of concurrent environmental 'sensing', introducing Integrated Sensing and Communication (ISAC) functions in 6G, which are standardized by NextG, 6G-IA, ETSI and 3GPP alliances [3] – [6]. Recent roadmaps suggest steadily more stringent localizationsensing KPIs and Use cases, such as accuracy of 0.2 − 0.5 for human movement recognitions to airborne-environmental sensing and automotive scenarios, 100 sweeping-cycle times for traffic coordination or collision avoidance or 0.375 resolution for gesture recognition and motion monitoring [2]. Such ISAC applications request precise localization of a User Equipment (UE) or distance object, that has been so far performed in lidars/radars, stimulating a strong interest in sharing hardware with conventional communications to facilitate joint ISAC transmitters with reduced cost, weight and size [5][6], especially as 6G scale in the vertical dimension with battery operated UAVs, drones or low/high altitude platform stations as depicted in Fig. 1(a).",17,17,Heterogeneous Integrated III-V-on-SOI Transmitter for 6G FiWi mmWave/FSO Integrated Sensing and Communication > **Introduction**,,,meta-llama/llama-4-scout-17b-16e-instruct,NONE,llama-3.3-70b-versatile,NONE,True
O_ISAC_036,4D,intensity_only,magnitude,lexical,NONE,"The concept 'intensity_only' is not directly or indirectly related to the provided snippet, which discusses the performance of a Free Space Optics (FSO) link, Error Vector Magnitude (EVM), and radar sensing using a sawtooth LFMCW signal.","the FSO link. The received constellation diagrams are depicted in Fig. 3(b) and (d), featuring Error Vector Magnitude (EVM) of 12.035 % and 12.105 % respectively at a received optical power of −3 and −5 at the photodiode. This satisfies the 3GPP threshold values, thus confirming the capability of the PIC to transport user data of 4 and peak traffic capacities up to 24 respectively. EVMs measured over a range of received optical powers plotted in Fig. 3(c) show higher path loss in the Fi-Wi link.",53,53,Heterogeneous Integrated III-V-on-SOI Transmitter for 6G FiWi mmWave/FSO Integrated Sensing and Communication > **Experimental Results**,,,meta-llama/llama-4-scout-17b-16e-instruct,NONE,llama-3.3-70b-versatile,NONE,True
O_ISAC_036,4D,json:rx_detection_type,,json,DIRECT,Structured receiver field,,,,,scenario_level[0].receiver.rx_detection_type,direct,json,DIRECT,,,False
O_ISAC_037,4D,coherent,coherent detection,lexical,DIRECT,"The abstract directly mentions 'coherent receivers' and 'coherent detection' in the context of mode division multiplexing (MDM) fiber communication systems, indicating a direct relationship with the concept of coherent.","*Abstract***—In order to address the challenges of complex optical front ends of coherent receivers in mode division multiplexing (MDM) fiber communication systems, we propose a linearly polarized (LP) mode de-multiplexing hybrid (MDH) to implement the coherent detection of multiple MDM channels simultaneously based on the multi-plane light conversion technology. This MDH realizes the functions of mode demultiplexing and optical 90-deg mixing with combination of multiple input LP mode signals and the required local oscillator signal, using seven phase plates. After the theoretical modeling and parameter optimization, the proposed MDH can achieved significant performance improvements with insertion loss (IL) of only 1.62dB, mode dependent loss (MDL) of 0.34dB, and crosstalk of -17.42dB. The results show that the proposed MDH has the advantage of greatly simplifying the complex coherent optical front end of large-capacity MDM coherent fiber communication systems.**",15,15,Linearly Polarized Mode Demultiplexing Hybrid based on Multi-Plane Light Conversion,,,meta-llama/llama-4-scout-17b-16e-instruct,DIRECT,,,False
O_ISAC_037,4D,coherent,coherent detection,lexical,INDIRECT,"The concept 'coherent' is related to 'coherent detection' and 'coherent communication systems' in the context, but it is not the main focus of the passage. The passage primarily discusses the development of communication technology and space division multiplexing (SDM) technology, with 'coherent' being a secondary aspect of the mode division multiplexing (MDM) system.","With the vigorous development of the communication technology and the continuous surge of data traffic, the increasing demand for high speed and large capacity communication is urgently desired to improve the performance of optical fiber communication systems. In order to improve the communication rate, the use of space, polarization, time, frequency, quadrature and other physical dimensions has been exploited widely [1]. Among them, the space division multiplexing (SDM) technology shows great potential for capacity increase with the combination of multiple independent data transmission over the SDM fibers. Researchers have made major breakthroughs by using technologies such as multi-core fiber (MCF), few-mode-fiber (FMF)/ multi-mode fiber (MMF), and the jointed FM-MCF. Recently, experiments have even achieved 55 modes of fiber transmission [2-3] and communication data rates as high as 3.56Pb/s [4]. In mode division multiplexing (MDM) coherent communication systems, the amplitude and phase of signal are recovered by coherent detection and digital signal processing. However, as the number of modes increases, so does the increase of the coherent receivers, which will result in complexity of the optical front ends under the simultaneously reception of multiple parallel mode channels, including the required mode de-multiplexers [5]. Therefore, it is of great demand to use a single device to replace these complex structures, which will simplify the system architecture and improve the efficiency and performance of the communication system.",21,21,Linearly Polarized Mode Demultiplexing Hybrid based on Multi-Plane Light Conversion > I. INTRODUCTION,,,meta-llama/llama-4-scout-17b-16e-instruct,INDIRECT,llama-3.3-70b-versatile,INDIRECT,True
O_ISAC_037,4D,intensity_only,intensity,lexical,INDIRECT,"The concept of intensity_only is related to the mode field intensity profiles, but the text discusses the transformation of modes to desired field strengths and ideal outputs, which is an indirect relation to intensity_only.","The simulation is implemented by the MATLAB. The input mode fields for different LP modes and local oscillator signal at the input ports are shown in Fig. 3(a) with the independent mode field intensity profile. The actual output field intensity profiles of different LP modes and local oscillator signal at the output port are shown in Fig. 3(b). It can be seen that each LP mode is mapped to four Gaussian mode points at the output end, which have the same amplitude and have phases of  $\pi$ ,  $\pi/2$ , 0, and  $-\pi/2$ , respectively. In contrast, the local oscillator signal is mapped to a set of 6×4 Gaussian mode points of the same amplitude, all with a phase delay of 0. Fig. 3(c) shows the ideal output field intensity profiles for different LP modes and local oscillator signal. By comparing the actual output field intensity with the ideal output field intensity, each mode can be successfully converted to the desired field strength by using seven phase masks.",71,71,Linearly Polarized Mode Demultiplexing Hybrid based on Multi-Plane Light Conversion > II. PRINCIPLE OF INVERSE DESIGN ALGORITHM > III. RESULTS AND DISCUSSION,,,meta-llama/llama-4-scout-17b-16e-instruct,INDIRECT,llama-3.3-70b-versatile,INDIRECT,True
O_ISAC_037,4D,intensity_only,intensity only,fuzzy:85.71428571428572,DIRECT,"The snippet directly mentions 'Total intensity evolution of the six LP modes' and 'Intensity evolution of LO', which directly relates to the concept of 'intensity_only'.",Fig. 4. (a) Total intensity evolution of the six LP modes. (b) Intensity evolution of LO. (c) Calculated phase mask patterns.,75,75,Linearly Polarized Mode Demultiplexing Hybrid based on Multi-Plane Light Conversion > II. PRINCIPLE OF INVERSE DESIGN ALGORITHM > III. RESULTS AND DISCUSSION,,,meta-llama/llama-4-scout-17b-16e-instruct,DIRECT,,,False
O_ISAC_037,4D,intensity_only,intensity,lexical,INDIRECT,"Similar to the first snippet, the text describes the variation of mode field intensity profiles and the conversion to ideal outputs, which is an indirect relation to the concept of intensity_only.","Fig. 4(a) and Fig. 4(b) show the variation of the mode field intensity profiles of MDM signal and local oscillator signal passing through each phase plate, respectively. Through observation, it can be found that with the propagation of signal light and local oscillator signal, they are gradually transformed to the desired ideal outputs. Namely, each mode successfully achieves the conversion to the ideal output after passing through phase plates. The calculated phase masks are shown in Fig. 4(c), by which the input signal can be smoothly converted to the ideal outputs.",79,79,Linearly Polarized Mode Demultiplexing Hybrid based on Multi-Plane Light Conversion > II. PRINCIPLE OF INVERSE DESIGN ALGORITHM > III. RESULTS AND DISCUSSION,,,meta-llama/llama-4-scout-17b-16e-instruct,INDIRECT,llama-3.3-70b-versatile,INDIRECT,True
O_ISAC_038,4D,json:rx_detection_type,,json,DIRECT,Structured receiver field,,,,,scenario_level[0].receiver.rx_detection_type,coherent,json,DIRECT,,,False
O_ISAC_039,4D,imdd,im/dd,lexical,DIRECT,The snippet directly mentions 'intensity modulation/direct detection (IM/DD)' which matches the concept 'imdd'.,"A typical multi-LED orthogonal frequency division multiplexing (OFDM)-based VLC system using intensity modulation/direct detection (IM/DD) is shown in Fig. 1a. The input data bits are first mapped to *M*-ary quadrature amplitude modulation (QAM) symbols, and the pilot signals for channel estimation are inserted. To obtain real-valued signals required by VLC transmission, Hermitian symmetry is implemented before imposing the inverse fast Fourier transform (IFFT) processing. After adding the cyclic prefix (CP), the resulting digital signal is converted to an analog electric signal by the digital-to-analog converter (DAC). Then, a biased direct current (DC) is added to the electric signal to generate a positive current that drives the LED light intensity with an electro-optical conversion efficiency denoted by",72,72,2.1 System Model of Indoor Visible Light Positioning and Communication,,,meta-llama/llama-4-scout-17b-16e-instruct,DIRECT,,,False
O_ISAC_039,4D,intensity_only,intensity,lexical,INDIRECT,"The concept of intensity_only is related to the system model of indoor visible light positioning and communication, which uses intensity modulation/direct detection (IM/DD). The text mentions the conversion of digital signals to analog electric signals and then to light intensity, but it does not directly focus on the intensity_only concept.","A typical multi-LED orthogonal frequency division multiplexing (OFDM)-based VLC system using intensity modulation/direct detection (IM/DD) is shown in Fig. 1a. The input data bits are first mapped to *M*-ary quadrature amplitude modulation (QAM) symbols, and the pilot signals for channel estimation are inserted. To obtain real-valued signals required by VLC transmission, Hermitian symmetry is implemented before imposing the inverse fast Fourier transform (IFFT) processing. After adding the cyclic prefix (CP), the resulting digital signal is converted to an analog electric signal by the digital-to-analog converter (DAC). Then, a biased direct current (DC) is added to the electric signal to generate a positive current that drives the LED light intensity with an electro-optical conversion efficiency denoted by",72,72,2.1 System Model of Indoor Visible Light Positioning and Communication,,,meta-llama/llama-4-scout-17b-16e-instruct,INDIRECT,llama-3.3-70b-versatile,INDIRECT,True
O_ISAC_039,4D,intensity_only,strength,lexical,NONE,The text does not mention the concept of intensity_only. It discusses the receiver's processing of the received visible light signal and the estimation of position coordinates and channel impulse response (CIR) using a multi-task learning (MTL) network.,"In a traditional VLP system, the position is usually estimated by some certain metrics of the received visible light signal, such as received signal strength and angle of arrival [8]. In the proposed VIPAC framework, the position coordinates and the CIR can be simultaneously obtained from the received pilot signal using the proposed MTL network. The detailed signal model of VIPAC is introduced in next subsection.",104,104,2.1 System Model of Indoor Visible Light Positioning and Communication,,,meta-llama/llama-4-scout-17b-16e-instruct,NONE,llama-3.3-70b-versatile,NONE,True
O_ISAC_039,4D,intensity_only,intensity,lexical,INDIRECT,"The concept of intensity_only is indirectly related to the multi-lamp cellular cluster architecture design. The text mentions the decay of light intensity with propagation distance, which affects the coverage area of an LED. However, the primary focus is on the design of the cellular cluster architecture, not the intensity_only concept.","To improve the spatial generalization ability of the learnt MTL-based network, a multi-lamp cellular cluster architecture is designed in this paper, which provides a systematic and spatially transferrable VIPAC model enabling the proposed MTFL framework. Specifically, as illustrated in Fig. 1c, the VLC coverage area in an arbitrary indoor environment with many LEDs can be divided into multiple hexagonal VLC cells as is done in mobile cellular networks [30], [31], where each VLC cell contains an LED in the center on the ceiling. A certain number of VLC cells constitute a multi-lamp *cellular cluster*. Since the light intensity decays with the propagation distance, the coverage of an LED is mostly limited in the cell and the same subcarriers can be reused in different cellular clusters, which is like the frequency reuse technology in mobile cellular networks.",161,161,2.2.2 Multi-Lamp Cellular Cluster Architecture Design for Multi-User Cooperative VIPAC,,,meta-llama/llama-4-scout-17b-16e-instruct,INDIRECT,llama-3.3-70b-versatile,INDIRECT,True
O_ISAC_039,4D,intensity_only,strength,lexical,NONE,"The text does not mention the concept of intensity_only. It appears to be a list of references or citations, which do not provide any direct or indirect relation to the intensity_only concept.","- [36] X. Zhang, J. Duan, Y. Fu, and A. Shi, ""Theoretical accuracy analysis of indoor visible light communication positioning system based on received signal strength indicator,"" J. Lightw. Technol., vol. 32, no. 21, pp. 4180–4186, Nov. 2014.",776,776,REFERENCES,,,meta-llama/llama-4-scout-17b-16e-instruct,NONE,llama-3.3-70b-versatile,NONE,True
O_ISAC_041,4D,coherent,coherent recognition,fuzzy:85.0,NONE,The concept 'coherent' is not mentioned in this snippet.,"This article presents an ISAC architecture in transport network, which capable of online co-cable fiber identification, optical cable trench characterization, and fiber vibration event recognition. This architecture enables real-time warning of optical cable status and identification of co-route fiber. The architecture begins by constructing a feature extraction algorithm (FEA) to extract the signal's time–frequency domain characteristics. In the time domain, statistical properties of the time series are extracted, while in the frequency domain, features are extracted using fast Fourier transform (FFT) and wavelet packet decomposition (WPD). This FEA used in this work is denoted as FEA-TFW (FEA with Time, FFT, and WPD). The ISU extracts both dynamic and static sensory data from the fiber and utilizes the custom-built FEA-TFW to extract feature vectors (FVs). These FVs are then transmitted in real time to the IRU. Subsequently, the IRU employs feature dimension reduction (FDR) algorithms to reduce the dimensionality of the FVs, which are then fed into pretrained machine learning (ML) models to accomplish the recognition tasks for co-route fibers and fiber vibration event types.",39,39,"Co-Route Fiber Recognition and Status Diagnosis Based on Integrated Sensing and Communication in 6G Transport Networks > <span id=""page-0-2""></span><span id=""page-0-1""></span><span id=""page-0-0""></span>I. INTRODUCTION",,,meta-llama/llama-4-scout-17b-16e-instruct,NONE,llama-3.3-70b-versatile,NONE,True
O_ISAC_041,4D,coherent,coherent identification,fuzzy:86.95652173913044,NONE,The concept 'coherent' is not mentioned in this snippet.,"We collected a significant amount of fiber sensing data from the operator's live network environments and validated the performance of our proposed architecture using open available data sets of fiber vibration events. Experimental results demonstrate a co-cable fiber identification accuracy of 99.7%, optical fiber trench identification accuracy of 97.7%, and fiber vibration event identification accuracy of 98%. Its key points lie in the following aspects.",41,41,"Co-Route Fiber Recognition and Status Diagnosis Based on Integrated Sensing and Communication in 6G Transport Networks > <span id=""page-0-2""></span><span id=""page-0-1""></span><span id=""page-0-0""></span>I. INTRODUCTION",,,meta-llama/llama-4-scout-17b-16e-instruct,NONE,llama-3.3-70b-versatile,NONE,True
O_ISAC_041,4D,coherent,coherent detection,lexical,INDIRECT,"The concept 'coherent' is related to the phase variation of Brillouin scattered signals in optical fibers, which is mentioned in this snippet.","<span id=""page-1-10""></span>In addition to intensity, the phase variation of Brillouin scattered signals in optical fibers can be utilized as a sensing parameter through coherent detection techniques, enabling the measurement of extremely subtle vibrations at any location along tens of kilometers of fiber [\[38\]](#page-10-6).",56,56,"Co-Route Fiber Recognition and Status Diagnosis Based on Integrated Sensing and Communication in 6G Transport Networks > <span id=""page-0-2""></span><span id=""page-0-1""></span><span id=""page-0-0""></span>I. INTRODUCTION > <span id=""page-1-6""></span><span id=""page-1-5""></span><span id=""page-1-3""></span><span id=""page-1-2""></span><span id=""page-1-1""></span>II. RELATED WORK",,,meta-llama/llama-4-scout-17b-16e-instruct,INDIRECT,llama-3.3-70b-versatile,INDIRECT,True
O_ISAC_041,4D,coherent,coherent recognition,fuzzy:85.0,NONE,The concept 'coherent' is not mentioned in this snippet.,"For different recognition tasks, improving model performance may require different feature sets as FVs. In this work, we compared the performance gains of three different feature dimensionality reduction algorithms in recognition tasks, including principal component analysis (PCA), linear discriminant analysis (LDA), and independent component analysis (ICA).",184,184,"Co-Route Fiber Recognition and Status Diagnosis Based on Integrated Sensing and Communication in 6G Transport Networks > <span id=""page-2-0""></span>III. SYSTEM ARCHITECTURE AND MATHEMATICAL MODEL > *A. System Architecture* > C. Feature Dimensionality Reduction",,,meta-llama/llama-4-scout-17b-16e-instruct,NONE,llama-3.3-70b-versatile,NONE,True
O_ISAC_041,4D,coherent,coherent recognition,fuzzy:85.0,NONE,"The provided snippet does not contain any information related to the concept of 'coherent'. It appears to be a list of references to academic papers, and there is no direct or indirect mention of the concept.","- <span id=""page-10-7""></span>[\[39\]](#page-1-12) Y. Shi, Y. Wang, L. Zhao, and Z. Fan, ""An easy access method for event recognition of -OTDR sensing system based on transfer learning,"" *J. Lightw. Technol.*, vol. 39, no. 13, pp. 4548–4555, Jul. 1, 2021, doi: [10.1109/JLT.2021.3070583.](http://dx.doi.org/10.1109/JLT.2021.3070583)",492,492,Co-Route Fiber Recognition and Status Diagnosis Based on Integrated Sensing and Communication in 6G Transport Networks > *B. Trench Characterization* > *C. Fiber Vibration Pattern Recognition* > REFERENCES,,,meta-llama/llama-4-scout-17b-16e-instruct,NONE,llama-3.3-70b-versatile,NONE,True
O_ISAC_041,4D,intensity_only,intensity,lexical,NONE,"The text does not mention intensity directly in relation to the concept, but rather discusses related topics such as communication systems and transport networks.","<span id=""page-1-4""></span><span id=""page-1-0""></span>The advancement of 6G has drawn researchers' attention to enhancing the capacity [\[17\]](#page-9-17), [\[18\]](#page-9-18), [\[19\]](#page-9-19) and efficiency [\[20\]](#page-9-20), [\[21\]](#page-9-21), [\[22\]](#page-9-22) of communication systems. The improvement in capacity and efficiency necessitates a highly reliable transport network to ensure communication quality [\[23\]](#page-9-23), [\[24\]](#page-9-24), [\[25\]](#page-9-25). In efforts to enhance the survivability of transport networks, researchers have dedicated considerable efforts to path planning [\[26\]](#page-9-26), [\[27\]](#page-9-27), [\[28\]](#page-9-28), spectrum allocation [\[29\]](#page-9-29), [\[30\]](#page-9-30), [\[31\]](#page-9-31), and network device fault detection [\[32\]](#page-10-0), [\[33\]](#page-10-1). However, these endeavors have not fundamentally addressed the issue of coroute fiber. It is crucial to identify co-route fiber based on the characteristics of optical fibers themselves. Extracting the characteristics of optical fibers necessitates the use of the ""probe radar"" within the fiber—OTDR, which utilizes intensity of backscattered signals to collect information about events such as loss and bending in optical fibers, making it widely used for fault localization in engineering practice [\[34\]](#page-10-2).",52,52,"Co-Route Fiber Recognition and Status Diagnosis Based on Integrated Sensing and Communication in 6G Transport Networks > <span id=""page-0-2""></span><span id=""page-0-1""></span><span id=""page-0-0""></span>I. INTRODUCTION > <span id=""page-1-6""></span><span id=""page-1-5""></span><span id=""page-1-3""></span><span id=""page-1-2""></span><span id=""page-1-1""></span>II. RELATED WORK",,,meta-llama/llama-4-scout-17b-16e-instruct,NONE,llama-3.3-70b-versatile,NONE,True
O_ISAC_041,4D,intensity_only,intensity,lexical,INDIRECT,"The text mentions 'In addition to intensity' which implies that intensity is a relevant concept, but it is not the primary focus of the discussion.","<span id=""page-1-10""></span>In addition to intensity, the phase variation of Brillouin scattered signals in optical fibers can be utilized as a sensing parameter through coherent detection techniques, enabling the measurement of extremely subtle vibrations at any location along tens of kilometers of fiber [\[38\]](#page-10-6).",56,56,"Co-Route Fiber Recognition and Status Diagnosis Based on Integrated Sensing and Communication in 6G Transport Networks > <span id=""page-0-2""></span><span id=""page-0-1""></span><span id=""page-0-0""></span>I. INTRODUCTION > <span id=""page-1-6""></span><span id=""page-1-5""></span><span id=""page-1-3""></span><span id=""page-1-2""></span><span id=""page-1-1""></span>II. RELATED WORK",,,meta-llama/llama-4-scout-17b-16e-instruct,INDIRECT,llama-3.3-70b-versatile,INDIRECT,True
O_ISAC_041,4D,intensity_only,intensity,lexical,DIRECT,"The text explicitly mentions 'intensity' in the equation, specifically 'Rayleigh scattering echo intensity' ($I_R(z)$) and 'intensity of local oscillator light' ($I_L$), directly relating to the concept.","where  $I_R(z)$  is the Rayleigh scattering echo intensity, while  $\varphi_R(z,t)$  represents the phase of the Rayleigh scattering echo.  $I_L$  and  $\varphi_L$  are the intensity and phase of local oscillator light, respectively.",95,95,"Co-Route Fiber Recognition and Status Diagnosis Based on Integrated Sensing and Communication in 6G Transport Networks > <span id=""page-2-0""></span>III. SYSTEM ARCHITECTURE AND MATHEMATICAL MODEL > *A. System Architecture*",,,meta-llama/llama-4-scout-17b-16e-instruct,NONE,llama-3.3-70b-versatile,DIRECT,True
O_ISAC_041,4D,intensity_only,intensity,lexical,DIRECT,"The snippet mentions 'vibration intensity' and describes a process where 'the demodulated data, representing vibration intensity, undergoes threshold segmentation and binary image filtering', which implies a focus on intensity only.","When processing the co-cable fiber identification task, ISU first fuses the OTDR curves of two fiber pairs to be identified to form a new curve. After that, the data preprocessing work of the same cable fiber is based on the newly generated fiber for the fusion curve. When analyzing fiber vibration information, the collected raw data is initially demodulated using in-phase and quadrature demodulators, as shown in Fig. 4. The demodulated data, representing vibration intensity, undergoes threshold segmentation and binary image filtering. Finally, it is subjected to vibration region localization, completing the extraction of vibration events. For characterizing optical fiber trenches, we utilize the vibration curve of the optical fiber, which represents the relationship between amplitude and time. As for pattern recognition of optical fiber vibrations, we employ waterfall plots that encompass the relationship of optical fiber vibrations in both time and space.",118,118,"Co-Route Fiber Recognition and Status Diagnosis Based on Integrated Sensing and Communication in 6G Transport Networks > <span id=""page-2-0""></span>III. SYSTEM ARCHITECTURE AND MATHEMATICAL MODEL > *A. System Architecture* > B. Feature Extraction",,,meta-llama/llama-4-scout-17b-16e-instruct,DIRECT,,,False
O_ISAC_041,4D,intensity_only,magnitude,lexical,NONE,"The provided text does not mention intensity or any related concept directly, it discusses PCA and ICA techniques for dimensionality reduction.","When projecting the original sample set X with d-dimensional features onto a space Y with k-dimensional features, PCA first creates a  $d \times k$  transformation matrix W. Next, it performs eigen-decomposition on the covariance matrix  $(X.X^T)$ , followed by sorting the eigenvalues in descending order and selecting the k largest eigenvalues' corresponding eigenvectors [52]. Eigenvalues represent the magnitude of the data, while eigenvectors represent the direction of the data. The steps of PCA are summarized in Algorithm 1, m is the number of data points.",188,188,"Co-Route Fiber Recognition and Status Diagnosis Based on Integrated Sensing and Communication in 6G Transport Networks > <span id=""page-2-0""></span>III. SYSTEM ARCHITECTURE AND MATHEMATICAL MODEL > *A. System Architecture* > C. Feature Dimensionality Reduction",,,meta-llama/llama-4-scout-17b-16e-instruct,NONE,llama-3.3-70b-versatile,NONE,True
O_ISAC_042,4D,intensity_only,intensity,lexical,NONE,"The provided snippet does not directly discuss the concept of intensity_only, and the context revolves around distributed acoustic sensors, optical fibers, and their applications in telecommunications and environmental monitoring, without explicitly mentioning intensity-only related concepts.","Data center interconnects(DCI) continue to evolve with ever-increasing capacity for and have undergone tremendous developments [1]. Besides telecommunications, optical fibers have also find extensive applications as distributed sensors, one of which is distributed acoustic sensor (DAS) based on the principle of phase-sensitive optical time-domain reflectometry (ϕ-OTDR). Given the pre-existing abundance of deployed fibers all across the World, adding sensing capabilities to communication links is conceivable to leverage these fibers for the purpose of environmental monitoring, thereby realizing extra values for these optical networks. A DAS co-propagation experiment with coherent transmission over 1000 km was carried out using bi-directional inline Raman amplification [2] followed by field trials of DAS in short-reach coherent communication were successfully demonstrated [3]. For most integrated sensing and communication (ISAC) systems, sensing and communication actually run independently and only the optical fiber is shared. Moreover, dedicated channels are reserved for sensing to avoid crosstalks between sensing and communication, which is not desirable for telecomm. operators. With the aim to make ISAC systems more compact, the spectrum and communication hardware can be shared by sensing, such that the system's cost can be reduced. Some recent proposals include [4] which recovers the vibration signal during the phase recovery stage of digital signal processing (DSP), while the forward transmission-based sensing scheme imposes fundamental limitations on the localization accuracy and the handling of multiple vibration sources. An ISAC paradigm merges DAS and intensity-modulation direct-detection (IM-DD) transmission by replacing the optical carrier with the linear frequency modulation (LFM) carrier is reported in [5]. However, this integration scheme only works for IMDD systems.",15,15,High-efficiency ISAC to enable sub-meter level vibration sensing for coherent fiber networks > 1. Introduction,,,meta-llama/llama-4-scout-17b-16e-instruct,NONE,llama-3.3-70b-versatile,NONE,True
O_ISAC_042,4D,json:rx_detection_type,,json,DIRECT,Structured receiver field,,,,,scenario_level[0].receiver.rx_detection_type,coherent,json,DIRECT,,,False
O_ISAC_043,4D,json:rx_detection_type,,json,DIRECT,Structured receiver field,,,,,scenario_level[0].receiver.rx_detection_type,coherent,json,DIRECT,,,False
O_ISAC_044,4D,coherent,coherent detection,lexical,INDIRECT,"The concept 'coherent' is related to the context through the mention of 'self-coherent detection' in reference [31], but it is not the primary focus of the text, which discusses various photonic systems for radar and communication.","- [31] W. Bai et al., ""Photonic super-resolution millimeter-wave joint radarcommunication system using self-coherent detection,"" *Opt. Lett.*, vol. 48, no. 3, pp. 608–611, Feb. 2023, doi: [10.1364/OL.472155.](https://dx.doi.org/10.1364/OL.472155)",506,506,VI. CONCLUSION > REFERENCES,,,meta-llama/llama-4-scout-17b-16e-instruct,INDIRECT,llama-3.3-70b-versatile,INDIRECT,True
O_ISAC_044,4D,intensity_only,intensity,fuzzy:88.88888888888889,NONE,"The text does not mention intensity in the context of a signal or a physical phenomenon, but rather discusses the emergence of 6G and its impact on daily life.","HE emergence of advanced technologies has enabled the gradual realization of the ""Internet of Everything"" in 5G, significantly impacting our daily lives. The upcoming 6G, as the next generation of mobile communication networks, is expected to provide a 100 times higher access speed and 1000 times higher capacity than 5G, leading to an explosive growth in the wireless communication industry. By 2025, it is estimated that the number of globally connected devices will reach 75 billion [1]. Furthermore, this number is expected to grow exponentially with the higher speed offered by 6G. However, the increasing number of mobile communication devices presents a challenge by intensifying the scarcity and value of spectrum resources, especially as the frequency bands for traditional communication have gradually depleted. Hence, enabling the use of higher frequency bands, especially in the millimeter wave (MMW) or terahertz band, is regarded as a critical technology for the successful implementation of 6G [2].",33,33,Photonic-Based W-Band Integrated Sensing and Communication System With Flexible Time-Frequency Division Multiplexed Waveforms for Fiber-Wireless Network > I. INTRODUCTION,,,meta-llama/llama-4-scout-17b-16e-instruct,NONE,llama-3.3-70b-versatile,NONE,True
O_ISAC_044,4D,intensity_only,intensity,lexical,INDIRECT,"The text discusses the impact of phase noise on system performance and mentions that the random noise will be modulated onto the intensity of the light, but the primary focus is on the phase noise and its effects.","In [\[43\],](#page-14-0) it is mentioned that when heterodyning two freerunning ECLs to generate MMW signal, the phase noise of the generated signal is equal to twice the laser phase noise. This inevitably leads to a degradation in performance. When the laser linewidth is wide enough, the frequency spurious components introduced by the laser linewidth cannot be disregarded in comparison to the bandwidth of the signal modulated onto the light. Consequently, this random noise will also be modulated onto the intensity of the light, causing interference to the modulated signal and affecting the overall system performance. Therefore, it is imperative to pay significant attention to the phase noise resulting from the laser linewidth, considering its potential impact on the system.",313,313,Photonic-Based W-Band Integrated Sensing and Communication System With Flexible Time-Frequency Division Multiplexed Waveforms for Fiber-Wireless Network > *D. The Influence of Phase Noise*,,,meta-llama/llama-4-scout-17b-16e-instruct,INDIRECT,llama-3.3-70b-versatile,INDIRECT,True
O_ISAC_044,4D,intensity_only,intensity,lexical,INDIRECT,"The text mentions the intensity of the LO light, but the primary focus is on the carrier-to-signal power ratio and its impact on system performance, with intensity being a secondary aspect.","The carrier-to-signal ratio (CSPR) of transmitted signals plays a crucial role in determining the performance of the system. Notably, the intensity of the LO light does not impact the CSPR of the transmitted signal. This is due to the fact that during the heterodyne beating process, the optical carrier undergoes changes proportional to the modulated signal. As a result, the",319,319,Photonic-Based W-Band Integrated Sensing and Communication System With Flexible Time-Frequency Division Multiplexed Waveforms for Fiber-Wireless Network > *E. The Influence of the Carrier-to-Signal Power Ratio*,,,meta-llama/llama-4-scout-17b-16e-instruct,INDIRECT,llama-3.3-70b-versatile,INDIRECT,True
O_ISAC_045,4D,intensity_only,intensity,lexical,INDIRECT,"The concept of intensity_only is related to optical fiber sensing technology, which is based on changes in optical parameters such as light intensity. Although the text does not directly focus on intensity_only, it discusses optical fiber sensing and its applications, including the use of micro-ring resonator for optical refractive index sensing, which is indirectly related to intensity_only.","At present, the informationization of the ocean mainly depends on the application of submarine optical cable, in which the research of submarine seismic detection technology is very popular [1], which uses optical fiber sensing technology. Optical fiber sensing is based on the changes of optical parameters such as light intensity, wavelength, frequency, phase and polarization, however, it is difficult to realize the perception of biochemical information based on all-fiber link, so seawater salinity is difficult to be detected by submarine optical cables. Micro-ring resonator is one of the most attractive devices in both optical sensing and communication. Its applications include laser external cavity (adjusting linewidth) [2], generation of optical frequency comb [3], micro-ring modulator [4] and optical refractive index sensing [5] and so on. As different salinity of seawater with different refractive index, so we propose to integrate the micro-ring sensor chip into the optical fiber communication system, so that it cannot only transmit information, but also detect biochemical information at the same time. In this work, we have experimentally demonstrated a real-time IOSAC (integrated optical sensing and communication) system via micro-ring resonator over a 20 km fiber. We simulated sea water with 3.5% salt water, a sensitivity of 294 nm/RIU in refractive index sensing and 1.25-Gbit/s OOK (on-off-keying) optical signal transmission is verified simultaneously based on the specially designed micro-ring resonator.",20,20,Simultaneous Sensing and Communication Over 20 km Fiber Based on Si<sub>3</sub>N<sub>4</sub> Micro-Ring > 1. Introduction,,,meta-llama/llama-4-scout-17b-16e-instruct,NONE,llama-3.3-70b-versatile,INDIRECT,True
O_ISAC_045,4D,json:rx_detection_type,,json,DIRECT,Structured receiver field,,,,,scenario_level[0].receiver.rx_detection_type,direct,json,DIRECT,,,False
O_ISAC_046,4D,coherent,coherent detection,lexical,NONE,"The concept 'coherent' is not mentioned in the given snippet, which primarily discusses the generation and transmission of WDM channels, modulation, and signal processing in an optical communication system.","After 38-km seven-core-fibre transmission and space division demultiplexing, a piezoelectric transducer (PZT) is applied to generate an ultra-low-frequency acoustic wave. At the communication receiver (Rx), the forward propagated signal is first filtered for wavelength division demultiplexing, then amplified and finally filtered again to reject the out-ofband noise. Another tunable ECL with a linewidth of 100 kHz is used as the local oscillator (LO) for coherent detection. After being sampled by an 80-GSa/s digital sampling oscillator (DSO), the Rx digital signal processing (DSP) for communication mainly includes chromatic dispersion (CD) compensation, coarse frequency offset compensation, subcarrier demultiplexing along with sensing signal removal utilizing, and BER calculation among four subcarriers. At the sensing Rx, we first utilize an optical filter to remove both the communication signal and out-of-band noise, after the RBS signal is amplified. Then, a photodetector (PD) is used to detect the filtered RBS signal, and the received signal is recorded by another 2-GSa/s DSO. As for the sensing DSP, the spatial resolution of 20 m is used as the moving correlation window, in order to determine local temporal delay. The strain temporal waveform is reconstructed, using the linear relationship between temporal delay and external strain.",48,48,Co-wavelength-channel Integration of Ultra-lowfrequency Distributed Acoustic Sensing and High-Capacity Communication > I. INTRODUCTION > II. EXPERIMENTAL SETUP,,,meta-llama/llama-4-scout-17b-16e-instruct,NONE,llama-3.3-70b-versatile,NONE,True
O_ISAC_047,4D,coherent,coherent detection,lexical,INDIRECT,"The concept 'coherent' is related to the context through the mention of 'self-coherent detection' in one of the references, but it is not the main focus of the provided text snippets.","- [9] W. Bai et al., ""Photonic super-resolution millimeter-wave joint radarcommunication system using self-coherent detection,"" *Opt. Lett.*, vol. 48, no. 3, pp. 608–611, Jan. 2023, doi: [10.1367/OL.472155.](https://dx.doi.org/10.1367/OL.472155)",244,244,*B. Radar Sensing Performance* > REFERENCES,,,meta-llama/llama-4-scout-17b-16e-instruct,INDIRECT,llama-3.3-70b-versatile,INDIRECT,True
O_ISAC_047,4D,intensity_only,intensity,lexical,INDIRECT,"The concept 'intensity_only' is related to the modulation method used in the setup, which is intensity modulation. However, the text does not directly state that only intensity is being considered or measured, but rather it is a part of the overall system. Therefore, the connection is indirect.","In the ISAC transmitter, the OTFS ISAC signal generated by a software-defined DSP routine (Tx DSP) is digital-to-analog converted by an arbitrary waveform generator (AWG) with a sampling rate of 5 GSa/s. The bandwidth of the OTFS ISAC baseband signal is about 1.36 GHz. The converted electrical signal then passes through a bias-tee with a bias voltage of 2.1 V and drives a Mach-Zehnder modulator (MZM) via intensity modulation. The MZM operates at the quadrature bias point.",154,154,Zero-Padding 2D-DFT Scheme for Photonics-Assisted W-Band Fiber-Wireless ISAC System With Orthogonal Time Frequency Space Modulation > III. OTFS-BASED PHOTONICS-ASSISTED W-BAND FIBER-WIRELESS ISAC SYSTEM,,,meta-llama/llama-4-scout-17b-16e-instruct,INDIRECT,llama-3.3-70b-versatile,INDIRECT,True
O_ISAC_048,4D,imdd,im/dd,lexical,INDIRECT,"The concept 'imdd' is mentioned in snippet [17], which is part of the provided context, but it is not the main focus of the surrounding text. The main focus is on various research papers and their topics, with 'imdd' being a specific term used within one of the paper titles, indicating an indirect relationship.","- [17] S. D. Dissanayake and J. Armstrong, ""Comparison of ACO-OFDM, DCO-OFDM and ADO-OFDM in IM/DD systems,"" *J. Lightw. Technol.*, vol. 31, no. 7, pp. 1063-1072, Apr. 2013.",354,354,ACKNOWLEDGMENT > REFERENCES,,,meta-llama/llama-4-scout-17b-16e-instruct,INDIRECT,llama-3.3-70b-versatile,INDIRECT,True
O_ISAC_048,4D,intensity_only,intensity,lexical,NONE,"The provided snippet does not directly discuss or imply the concept of intensity_only. It focuses on various optical signal design schemes for FSO-ISAC, including pulse-based and continuous-wave methods, but does not specifically address intensity-only concepts.","Among widely utilized multi-carrier schemes, orthogonal frequency division multiplexing (OFDM) has gained popularity in RF-ISAC systems due to its time-frequency interpretation. To overcome the limitations of time-domain cross correlation, an element-wise-division method can be adopted for OFDM-based ISAC to achieve a higher peak-to-sidelobe ratio [13]. Besides, the maximum-likelihood (ML) method can also be utilized to approach the Cramer-Rao Bound (CRB) ` asymptotically for point targets in a prior [14]. Moreover, power minimization presents another objective for OFDMbased ISAC, with constraints on the quality of communication and sensing services [15]. Considering practical limitations in capturing a precise channel response, an uncertainty model is exploited to obtain robust solutions for power minimization [16]. Nevertheless, most of the RF-ISAC waveforms cannot be directly extended to FSO-ISAC, since an optical waveform based on the intensity modulation and direct detection scheme is restricted to being real and non-negative [17].",23,23,Power Allocation for OFDM-Based Free Space Optical Integrated Sensing and Communication > I. INTRODUCTION,,,meta-llama/llama-4-scout-17b-16e-instruct,NONE,llama-3.3-70b-versatile,NONE,True
O_ISAC_049,4D,imdd,instant messaging and data download,fuzzy:100.0,NONE,The given snippet does not provide any direct or indirect information related to the concept 'imdd'. The mathematical equation provided seems unrelated to the concept.,and,228,228,"<span id=""page-3-0""></span>III. JOINT OPTIMIZATION OF SLOT SELECTION AND POWER ALLOCATION > IV. PROPOSED OPTIMIZATION ALGORITHMS > A. Problem Partition",,,meta-llama/llama-4-scout-17b-16e-instruct,NONE,llama-3.3-70b-versatile,NONE,True
O_ISAC_049,4D,intensity_only,intensity,lexical,INDIRECT,"The text mentions 'ambient light intensity' and 'intensity modulation', which are related to the concept of intensity_only, but it does not directly discuss the concept itself.","<span id=""page-2-0""></span>as a light detector to sense the variation of the ambient light intensity caused by mobile users [28], [35]. To reduce errors caused by mutual interferences among received signals, we assume that the users are relatively dispersed.",65,65,"Joint Optimization of Slot Selection and Power Allocation in Integrated Visible Light Communication and Sensing Systems > <span id=""page-0-2""></span><span id=""page-0-1""></span><span id=""page-0-0""></span>I. INTRODUCTION > II. SYSTEM MODEL",,,meta-llama/llama-4-scout-17b-16e-instruct,INDIRECT,llama-3.3-70b-versatile,INDIRECT,True
O_ISAC_049,4D,intensity_only,intensity,lexical,INDIRECT,"Similar to the first snippet, this text also mentions 'ambient light intensity' and 'intensity modulation', but does not directly address the concept of intensity_only.","In this article, intensity modulation and direct detection are employed. For simplicity, the on-off keying is used as the modulation scheme. To eliminate interference among users, we assume that orthogonal channels (such as nonoverlapping time/frequency slot, or orthogonal signature) can be used for each user. This assumption holds for most practical systems, such as TDMA, frequency-division multiple access, and orthogonal code-division multiple access systems. Without loss of generality, the TDMA-type multislot signals are utilized. The set of available slots is denoted as  $\mathcal{M} = \{1, \dots, M\}$ . For each slot, either communication or sensing is performed. We assume that the primary purpose is sensing and the secondary purpose is communication.<sup>2</sup> That is, the communication purpose is performed only after the sensing purpose is performed. To facilitate the description, we define a binary selection vector as  $\mathbf{u} = [u_1, \dots, u_m, \dots, u_M]^T$ , where  $u_m$  is given by",67,67,"Joint Optimization of Slot Selection and Power Allocation in Integrated Visible Light Communication and Sensing Systems > <span id=""page-0-2""></span><span id=""page-0-1""></span><span id=""page-0-0""></span>I. INTRODUCTION > II. SYSTEM MODEL",,,meta-llama/llama-4-scout-17b-16e-instruct,INDIRECT,llama-3.3-70b-versatile,INDIRECT,True
O_ISAC_050,4D,intensity_only,strength,lexical,NONE,"The text discusses various approaches to VLC-based positioning, but does not directly relate to the concept of intensity_only.","A number of research works have been reported for VLCbased positioning (VLP) using various measurement signals, e.g., visible-light received signal strength (RSS) [12], [13], [14], [15], [16], [17], [18], [19], [20], [21], [22] and angleof-arrival (AOA) [23], [24], [25], [26], [27], [28], [29], [30]. Specifically, in [23], narrow field-of-view (FOV) of transmitters in a two-dimensional scenario was assumed to exploit angular knowledge for UD localization. In [17], the pointing directions of LED transmitters and UD receiver are assumed to be vertical downwards and upwards, respectively, to room ceiling, and knowledge of the UD altitude is required. Similarly, in [22], an upward orientation direction is required by UD. In [12], inertial measurement units (IMUs) are used to measure the UD pose angle, in order to facilitate the associated position estimation. We can see that these works require particular transceiver layout, prior knowledge of UD pose, UD altitude and/or LED emission power, or perfect alignment of transceiver orientation directions. Such requirement on prior knowledge or ideal settings limits the applicability of these VLP solutions.",39,39,"<span id=""page-0-6""></span>Visible Light Communication-Enabled Simultaneous Position and Orientation Detection for Harnessing Multipath Interference and Random Fading > I. INTRODUCTION > A. Research Motivation",,,meta-llama/llama-4-scout-17b-16e-instruct,NONE,llama-3.3-70b-versatile,NONE,True
O_ISAC_050,4D,intensity_only,intensity,lexical,DIRECT,"The text explicitly mentions intensity modulation of VLC signals and provides a formula for the time-domain signal, which is real-valued and non-negative for intensity modulation.","where  $j=\sqrt{-1}$ . We assume that  $a_{n,m}^{(t)}$  is conjugate symmetric, i.e.,  $a_{n,m}^{(t)}=(a_{N-n+1,m}^{(t)})^*$ , such that the time-domain symbol  $\check{a}_{k,m}^{(t)}$  is real-valued and non-negative for intensity modulation of VLC signals, where \* is the complex conjugate. Then, the time-domain signal  $\check{a}_{k,m}^{(t)}\in\mathbb{R}$  is given by",175,175,C. Channel Model > D. Received OFDM Signal Model,,,meta-llama/llama-4-scout-17b-16e-instruct,NONE,llama-3.3-70b-versatile,DIRECT,True
O_ISAC_050,4D,intensity_only,intensity,lexical,DIRECT,The context mentions that the time-domain signal is 'directly modulated on the instantaneous light intensity of visible light'.,"which is directly modulated on the instantaneous light intensity of visible light [11], [40], where  $| \bullet |$  denotes the magnitude, and  $f_{n,m} = \frac{n}{T_{\rm S}N}$  is the sub-carrier frequency of the mth LED on baseband,  $\forall m=1:M$ , while  $T_{\rm S}$  is the sampling period.<sup>4</sup>",179,179,C. Channel Model > D. Received OFDM Signal Model,,,meta-llama/llama-4-scout-17b-16e-instruct,DIRECT,,,False
O_ISAC_050,4D,intensity_only,intensity,lexical,INDIRECT,"The text mentions intensity modulation-based VLC signal wavelength in the context of random fading, but does not directly focus on the concept of intensity_only.","<span id=""page-3-8""></span><span id=""page-3-6""></span><span id=""page-3-0""></span><sup>&</sup>lt;sup>3</sup>Random fading is caused by multipath distance dispersion (which is comparable to intensity modulation-based VLC signal wavelength), atmospheric absorption [71], [72], [73], dynamic reflection and scattering [43], [44], [45], [46], e.g., metro station with moving crowds [74], [75], [76].",202,202,C. Channel Model > D. Received OFDM Signal Model,,,meta-llama/llama-4-scout-17b-16e-instruct,INDIRECT,llama-3.3-70b-versatile,INDIRECT,True
O_ISAC_050,4D,intensity_only,strength,lexical,INDIRECT,"The concept of intensity_only is not explicitly mentioned in the snippet, but the discussion of SNR, multipath interference, and diffuse scattering implies a relationship with signal intensity, making it an indirect reference.","- 2) Effect of SNR: The achieved localization error of various SPAO methods versus SNR is plotted in Fig. 8, where the SNR varies from -20 dB to 80 dB via reducing the measurement noise strength and keeping the emitting power fixed. It is shown that a higher SNR leads to a lower SPAO error, and the SPAO error approximately scales with  $\mathcal{O}(\mathsf{SNR}^{-1})$ . In addition, we can observe that Baselines 1 and 2 have an obvious SPAO error floor in the high SNR region, which stems from multipath inference. Hence, diffuse scattering will become the dominant error source of LOS channel-based SPAO methods in high SNR environments, if diffuse scattering effect is not well harnessed. In contrast, the localization error of the proposed SPAO algorithm always reduce with the increase of SNR and the negative effect of diffuse scattering interference is removed due to the estimation/equalization of scattering channel states.",575,575,B. Simulation Results,,,meta-llama/llama-4-scout-17b-16e-instruct,INDIRECT,llama-3.3-70b-versatile,INDIRECT,True
O_ISAC_051,4D,coherent,coherent demodulation,lexical,DIRECT,The snippet directly mentions 'coherent demodulation' which implies the concept of coherence.,"In the FSO receiver embedded to the target, the carrier recovery is required to realize coherent demodulation. Thus, the received signal (5) is demodulated synchronously and then passes through a low-pass filter, and the resulted message chip stream is",202,202,"II. MODEL OF PHASE-SHIFT LASER RANGING WITH COMMUNICATION > III. SOLUTIONS FOR RANGING, COMMUNICATION AND OPTIMIZATION > A. Ranging > B. Communication",,,meta-llama/llama-4-scout-17b-16e-instruct,DIRECT,,,False
O_ISAC_051,4D,coherent,coherent detection,lexical,NONE,"The concept 'coherent' is not explicitly mentioned in the given snippet, and there is no clear indication of its relevance to the discussed technology.","The PLRC system for ISAC realizes both functions containing the laser ranging and FSO communication (a time-division access system) using the same transmitted waveform. That is, the emitted signal from the LiDAR is not only used as a sensing signal but also carries a stream of data. In terms of ranging, the technology combines the advantages of the phase-shift and RMCW to obtain the best distance precision and the maximum unambiguous range simultaneously by processing the echo and local signals. As for communication, the technology integrates DPSK subcarrier modulation and direct sequence spread spectrum communication. The architecture of the transmitter side is equivalent to a direct sequence spread spectrum system with DPSK subcarrier modulation. The structure of the spread spectrum correlation receiver is modified at the receiver side of LiDAR. The encoded DPSK waveform is acquired from the transmitter side as a local signal, while the correlation reception and phase difference measurement are executed. When the LiDAR scans 3D space, if it scans a target embedded with a communication receiver inside, part of the optical power enters the communication receiver and part of the light is reflected into the LiDAR transceiver. As a result, the light power at the target surface is split into two paths for the LiDAR echo and the communication demodulation, respectively. In general, the emitted power of the PLRC system can be considered constant, which is related to the power of the laser and the optical efficiency of the transmitter and is limited by the safety of the human eye. If only one function is implemented, the emitted power has to satisfy the performance demands. However, the joint LiDAR-communication system design needs to consider the power requirements for ISAC to ensure the ranging precision and BER under limited power conditions. Therefore, the power allocation problem of the PLRC system is raised. The essence of power allocation is the structural optimization of the communication receiver and the LiDAR transceiver. In particular, the light ratio is available to help to select the design parameters of the PLRC system to avoid the interruption of the optical path due to power fading. In addition, the coherent detection can also be employed to process the echo signal to enhance the SNR.",358,358,II. MODEL OF PHASE-SHIFT LASER RANGING WITH COMMUNICATION > *A. Ranging* > B. Communication > C. Discussion,,,meta-llama/llama-4-scout-17b-16e-instruct,NONE,llama-3.3-70b-versatile,NONE,True
O_ISAC_051,4D,intensity_only,intensity,lexical,NONE,"The text discusses LiDAR, phase-shift, and ranging, but does not mention intensity_only directly.","On the other hand, the communication data is required to load into the carrier of the LiDAR. The technique related to coded modulation in LiDAR is the random-modulation continuous-wave (RMCW) LiDAR using a pseudo-random noise (PRN) code to modulate the light intensity proposed by Takeuchi in 1983 [19]. The distance is derived from the time of flight calculated by the correlation between the echo signal and a local copy of the PRN code. The coherent",29,29,Remote Phase-Shift LiDAR With Communication > I. INTRODUCTION,,,meta-llama/llama-4-scout-17b-16e-instruct,NONE,llama-3.3-70b-versatile,NONE,True
O_ISAC_051,4D,intensity_only,intensity,lexical,DIRECT,The text mentions 'light intensity modulation' which directly relates to the concept of intensity_only.,"The subcarrier signal s(t) is then split into two routes, one is used as the local signal in ranging, and the other is the detection/communication signal. The detection/communication signal is modulated with the laser beam in the Mach-Zehnder Modulator (MZM) for light intensity modulation to load the RF subcarrier signal to optical power. The output optical power for MZM is [27]",63,63,II. MODEL OF PHASE-SHIFT LASER RANGING WITH COMMUNICATION,,,meta-llama/llama-4-scout-17b-16e-instruct,NONE,llama-3.3-70b-versatile,DIRECT,True
O_ISAC_051,4D,intensity_only,intensity,lexical,DIRECT,The context explicitly mentions 'intensity modulator' and 'optical power' which implies intensity-only modulation.,"where P is the average optical power,  $\mu$  is the modulation index, and  $\mu = \pi A_c/V_\pi$ . It is necessary to maintain  $0 < \mu < 1$  to ensure that the MZM operates within the linear region to avoid over-modulation-induced clipping.  $V_\pi$  is the half-wave voltage of the electro-optic intensity modulator. The output beam of the intensity modulator is then sent to the target via the circulator and lens after being amplified by the erbium doped fiber amplifier (EDFA). On the target surface, the projected light is split into two parts: one is reflected by the target surface, and the other goes to the communication receiver  $R_x$ .",67,67,II. MODEL OF PHASE-SHIFT LASER RANGING WITH COMMUNICATION,,,meta-llama/llama-4-scout-17b-16e-instruct,DIRECT,,,False
O_ISAC_051,4D,intensity_only,intensity,lexical,INDIRECT,"The text discusses received irradiance, scintillation index, and light intensity variation, which are related to intensity_only, but not directly stated.","where  $A_{Rx}$  indicates the received signal amplitude, and  $A_{Rx} = \mu \Re P_C R_L$ , in which  $P_C$  is the light power received by communication receiver.  $n_{Rx}(t)$  is zero-mean white noise with variance  $\sigma_c^2$ . I denotes the received irradiance caused by atmospheric turbulence. The scintillation index  $\sigma_I^2$  is commonly used to characterize the strength of atmospheric turbulence in FSO communication,  $\sigma_I^2 = \mathbb{E}\left\{I^2\right\}/(\mathbb{E}\left\{I\right\})^2 - 1$ , and the mean of the light intensity variation is regarded as normalized, namely  $\mathbb{E}\left\{I\right\} = 1$ . The received signal during the communication is a direct sequence spread spectrum signal, from which the message can be decoded by carrier recovery and synchronous demodulation.",91,91,II. MODEL OF PHASE-SHIFT LASER RANGING WITH COMMUNICATION,,,meta-llama/llama-4-scout-17b-16e-instruct,INDIRECT,llama-3.3-70b-versatile,INDIRECT,True
O_ISAC_051,4D,intensity_only,intensity,lexical,DIRECT,The text mentions 'intensity modulation' which directly relates to the concept of intensity_only.,"memory (RAM) mode of the AD9910. The output DPSK signal amplified by microwave amplifier (MA) is split into two routes, one to the RF input port of the MZM modulator for intensity modulation as well as one to serve as a local signal. A lightwave around the 1550 nm waveband generated by the 8164B lightwave measurement system is modulated by a MZM modulator, and the modulated beam is amplified in an EDFA. Single-mode fibers of different lengths with a refractive index of 1.4682 are regarded as the distance to be measured. The amplified beam is divided into two parts after traveling a distance *R* (FDL1) in the fiber, one part is used as the reflected echo, while the other part enters the communication receiver for message decoding. The return beam is then propagated over a distance *R* (FDL2) and fed into a PIN detector (PD1) with bandwidth of 1.2 GHz for photoelectric detection. A digital storage oscilloscope (DSO) is selected at a sampling rate of 1 GHz to sample the detector output signal and the local signal simultaneously. The beam entering the communication receiver is focused to the PIN detector (PD2), the converted DPSK electrical signal is demodulated, and the filtered chip stream is despread with the m-sequence to obtain the data stream.",304,304,II. MODEL OF PHASE-SHIFT LASER RANGING WITH COMMUNICATION > IV. EXPERIMENTAL RESULTS AND DISCUSSION,,,meta-llama/llama-4-scout-17b-16e-instruct,NONE,llama-3.3-70b-versatile,DIRECT,True
O_ISAC_052,4D,imdd,im/dd,lexical,DIRECT,The concept 'imdd' is directly mentioned in the context as 'intensity modulation and direct detection (IM/DD) scheme'.,"To conduct adaptive resource allocation, orthogonal frequency division multiplexing (OFDM) becomes a promising scheme for OW-ISAC. To obtain an OFDM waveform compatible with the intensity modulation and direct detection (IM/DD) scheme, the original OFDM signal can be biased by a direct-current (DC) component to become real and nonnegative. Thereby, an experimental prototype based on DCbiased optical OFDM (DCO-OFDM) has been demonstrated for OW-ISAC [8]. Nonetheless, the DC bias neither carries communication data nor contributes to target sensing. On the contrary, asymmetrically clipped optical OFDM (ACO-OFDM), which does not contain a DC bias, achieves a higher power efficiency than that of DCO-OFDM at the expense of a deteriorated spectral efficiency due to the severe clipping noise on even subcarriers. Moreover, asymmetrically clipped DC-biased optical OFDM (ADO-OFDM) combines DCO-OFDM and ACO-OFDM, thus making a compromise between spectral efficiency and power efficiency [9].",19,19,I. INTRODUCTION,,,meta-llama/llama-4-scout-17b-16e-instruct,INDIRECT,llama-3.3-70b-versatile,DIRECT,True
O_ISAC_052,4D,imdd,im/dd,lexical,INDIRECT,"Although 'imdd' is not directly mentioned, the references provided contain studies related to IM/DD systems, indicating an indirect connection to the concept.","- [9] S. D. Dissanayake and J. Armstrong, ""Comparison of ACO-OFDM, DCO-OFDM and ADO-OFDM in IM/DD systems,"" *J. Lightw. Technol.*, vol. 31, no. 7, pp. 1063–1072, Jan. 2013.",356,356,ACKNOWLEDGMENT > REFERENCES,,,meta-llama/llama-4-scout-17b-16e-instruct,NONE,llama-3.3-70b-versatile,INDIRECT,True
O_ISAC_052,4D,intensity_only,intensity,lexical,INDIRECT,"The concept of intensity_only is related to the intensity modulation and direct detection (IM/DD) scheme, which is mentioned in the context as a method to obtain an OFDM waveform compatible with the scheme, but it is not the primary focus of the passage.","To conduct adaptive resource allocation, orthogonal frequency division multiplexing (OFDM) becomes a promising scheme for OW-ISAC. To obtain an OFDM waveform compatible with the intensity modulation and direct detection (IM/DD) scheme, the original OFDM signal can be biased by a direct-current (DC) component to become real and nonnegative. Thereby, an experimental prototype based on DCbiased optical OFDM (DCO-OFDM) has been demonstrated for OW-ISAC [8]. Nonetheless, the DC bias neither carries communication data nor contributes to target sensing. On the contrary, asymmetrically clipped optical OFDM (ACO-OFDM), which does not contain a DC bias, achieves a higher power efficiency than that of DCO-OFDM at the expense of a deteriorated spectral efficiency due to the severe clipping noise on even subcarriers. Moreover, asymmetrically clipped DC-biased optical OFDM (ADO-OFDM) combines DCO-OFDM and ACO-OFDM, thus making a compromise between spectral efficiency and power efficiency [9].",19,19,I. INTRODUCTION,,,meta-llama/llama-4-scout-17b-16e-instruct,INDIRECT,llama-3.3-70b-versatile,INDIRECT,True
O_ISAC_052,4D,intensity_only,intensity,lexical,DIRECT,The snippet directly discusses 'intensity modulation of the laser driver' and 'non-negative clipping' which implies a focus on intensity.,"where the notation  $\{\cdot\}^+$  denotes non-negative clipping and is defined as  $\{x\}^+ = \max\{x,0\}$ , while b is the DC bias for DCO-OFDM. In addition, a guard interval is concatenated in front of each OFDM symbol to resist inter-symbol interference and is filled with a cyclic prefix (CP). Then, the real and non-negative ADO-OFDM signal is transmitted to free space with the intensity modulation of the laser driver.",48,48,I. INTRODUCTION > II. SYSTEM MODEL FOR ADO-OFDM,,,meta-llama/llama-4-scout-17b-16e-instruct,DIRECT,,,False
O_ISAC_053,4D,intensity_only,intensity,lexical,NONE,"The provided snippet does not mention intensity_only, and the discussion revolves around Visible Light Communication (VLC) technology, its principles, and its advantages, without directly referencing the concept of intensity_only.","When visible light is used to perform sensing tasks, the common abbreviation for this technology, covering many diverse applications such as presence detection [10], identification [11] or gesture recognition [12], is Visible Light Sensing (VLS). The basic concept of VLS is that the light intensity and/or the spectral composition of the light impinging on a photosensitive device is analyzed to infer information. VLS can be subdivided in two main categories, Line-of-Sight (LoS) and non Line of Sight (nLoS) [13]. In the following, we will utilize an nLoS VLS approach, with the major advantage, compared to LoS systems, that the receiving photosensitive device(s) is not placed on the object itself or in its environment, but that the light source and the receiving element can be collocated in close vicinity to each other. This enables the integration into the same housing (for example a luminaire). Such nLoS VLS systems are also often referred to as backscattered VLS systems, because the information inferred about the object (or person) is solely based on light that is reflected from the object. For further details about the different categories of VLS systems, please see [13]. The basic potentials of coating objects of interest with distinct ""codes"", and investigating the reflected light have already been investigated since more than two decades, for example in the context of optical tachometers [14]. This demonstrates that the potentials of VLS for sensing tasks are",21,21,Integrated Sensing and Communication in the Visible Spectral Range: A Novel Closed Loop Controller > I. INTRODUCTION,,,meta-llama/llama-4-scout-17b-16e-instruct,NONE,llama-3.3-70b-versatile,NONE,True
O_ISAC_053,4D,intensity_only,intensity,lexical,DIRECT,"The snippet directly mentions the intensity of the reflected light and its relationship with the angular position of the cylinder, which implies the concept of 'intensity_only'.","In order to establish our proposed closed loop controller, the Coordinator unit is constantly monitoring the angle of the 3D-printed cylinder. At the beginning of each loop-iteration, the receiver subsystem of the Coordinator acquires the intensity of the reflected light from the triangularly shaped retroreflective foil fixed on the rotating cylinder. Due to the linearity between the received reflected light intensities and the angular position of the cylinder, the actual rotation angle can be continuously determined. This implies that a change of the rotation angle of the cylinder of the Worker, also changes the size of the area of the retroreflective foil pointing towards the Coordinator, consequently changing the intensity of received reflected light at the Coordinator. Depending on the direction of the rotation, the Coordinator therefore acquires a linear rising or falling output voltage as the output of the receiver subsystem. By utilizing a simple calibration step (see chapter III), the linear relationship between the output voltage of the receiver subsystem and the rotation angle of the cylinder is generated, enabling the continuous monitoring based on VLS. With the current rotation angle of the cylinder determined, it is now possible to calculate the difference value to a defined rotation angle with the help of the Coordinator (desired angle), for example by an operator. This offset between the desired angle and the measured angle (Error value) is then used as the input of our implemented PID controller. The gain factors, thus the tuning parameters of the PID controller, were chosen in a way that a steady state control output is reached as fast as possible. Based on the calculated Error value, the Coordinator then sends the respective commands to the Worker by the means of VLC. These commands are transmitted by modulating the frequency of the light emitted by the circular LED module of the transmitter subsystem (see Fig. 1). The respective frequencies are defined in a range from 500 to 700 Hz, where 600 Hz represents a stop command, 500 Hz the command to perform a clockwise rotation with maximum velocity and 700 Hz the command for a counterclockwise rotation with maximum velocity. The frequencies between the minimum and maximum values are linearly mapped to the respective direction and velocity. A visualization of this Coordinator and Worker based control loop is provided in Fig. 2.",63,63,*A. Coordinator* > *C. Control Loop*,,,meta-llama/llama-4-scout-17b-16e-instruct,DIRECT,,,False
O_ISAC_053,4D,intensity_only,intensity,fuzzy:88.88888888888889,DIRECT,"The snippet mentions the change in reflected light intensities acquired by the Coordinator due to the rotation of the cylinder, which is related to the concept of 'intensity_only'.","or stopping the rotation, in case the stop command was sent by the Coordinator, accordingly. As the cylinder with the retroreflective foils is then rotated (except when the stop command is sent), consequently also the reflected light intensities acquired by the Coordinator will change. Therefore, the Coordinator will then determine an updated rotation angle, as the input for the described PID controller. The PID controller will calculate a new Error value and based on this new Error value will adapt the command that is sent to the Worker accordingly. This ""normal"" control loop sequence is continued until the calculated Error value of the PID controller is zero, meaning that the rotating cylinder has reached the desired rotation angle and the stop command (600 Hz) has been sent to the Worker.",73,73,*A. Coordinator* > *C. Control Loop*,,,meta-llama/llama-4-scout-17b-16e-instruct,DIRECT,,,False
O_ISAC_053,4D,intensity_only,intensity,fuzzy:88.88888888888889,DIRECT,"The snippet discusses the measurement of light intensities using the Coordinator and its relation to the angle determination, which is directly related to the concept of 'intensity_only'.","The first set of experiments focuses mainly on the control accuracy and the smoothness of the control algorithm. As already mentioned in section II, one of the crucial parameters in the implemented control loop is the angle determination based on the reflected light from the retroreflective foil. To establish the mapping between the rotation angle and the ADC values of the measured light intensities, the Coordinator has to be calibrated, utilizing the internal Hall sensor of the servomotor. In order to perform this synchronized calibration between Coordinator and Worker, we implemented the following calibration procedure. During the calibration, the Coordinator emits frequency modulated light with a frequency of 1000 Hz, which in the following, activates a timer in the Coordinator and Worker simultaneously, with equal interrupt intervals. For every timer update interrupt, the Worker rotates the servomotor by 1°, starting from 0°. The Coordinator counts this timer interrupts and stores the captured ADC values in the flash memory of the microcontroller until the defined maximum angle is reached. When this process is finished, the index of the stored array containing the ADC measurements indicates the respective angles. This array is stored in non-volatile memory, having the advantage that the calibration process need not be performed at every power-reset of the system. An example of such a calibration curve ranging from 0° rotation angle to 205° is shown in Fig. 4, performed in one of our laboratory rooms with the window shades closed and the artificial room lighting (fluorescent tubes) turned off.",89,89,III. EXPERIMENTAL SETUP,,,meta-llama/llama-4-scout-17b-16e-instruct,DIRECT,,,False
O_ISAC_053,4D,intensity_only,intensity,lexical,INDIRECT,"The concept 'intensity_only' is related to the VLS system utilizing solely the intensity of the reflected light, but the text does not directly discuss the concept. Instead, it mentions the system's characteristics and potential issues, implying the relevance of intensity in an indirect manner.","In [12] we already discussed, that thermal effects on the emitting as well as on the receiving parts of such a VLS system and different ambient light conditions are problematic and result in offsets between the acquired calibration curve and the actual acquired voltages for the changed conditions. In [12], we furthermore outlined two different solution approaches to avoid these issues. First, a thermal management system to keep the temperatures always at a constant level, as presented in [15], or second, introducing a correction step that measures the offset between the calibration curve and the current value at a known position, and consequently a modification of the calibration curve based on the determined offset. As also discussed in [12], for the VLS implementation discussed here, which utilizes solely the intensity of the reflected light (in contrast to the VLS implementation shown in [15] that is based on the spectral composition of the reflected light), the thermal effects and the effects induced by the introduction of additional ambient light are linear and the course of the error is constant. Based on this, we devised the following procedure for compensating these effects. When a correction of the calibration curve deems necessary, the Coordinator transmits the command (frequency modulation set to 800 Hz), to perform the correction step. This forces the Worker to set the angular position of the rotating cylinder to the angle of 0°. Subsequently the Coordinator is then acquiring the actual voltage level at the angular position of 0°. By calculating the offset between the voltage value of the initial calibration curve at 0° and the current value at 0°, it is possible to adapt the stored calibration array to the current situation. This procedure has the advantage that the system can be easily adapted to changed ambient conditions. With the calibration curve established, following the described calibration workflow, the first set of experiments focusing on verifying the correct operation of our proposed ISAC system was performed. Initially the rotation angle of the Worker was set to 0°. Then the desired angle was set in the Coordinator to 200°, thus triggering the Coordinator to send commands to the Worker to change the rotation angle until the desired angle is reached.",101,101,III. EXPERIMENTAL SETUP,,,meta-llama/llama-4-scout-17b-16e-instruct,INDIRECT,llama-3.3-70b-versatile,INDIRECT,True
O_ISAC_054,4D,imdd,im/dd,lexical,DIRECT,The concept 'imdd' is directly mentioned in the snippet as 'intensity modulation and direct detection (IM/DD)',"We put forth a new O-ISAC framework tailored for cost-effective commercial LEDs. To tackle the challenge of incoherent light, we leverage the noncoherent detection method, intensity modulation and direct detection (IM/DD), for optical communication, and the pinhole imaging principle, which relies solely on light intensity detection, for optical sensing. Another notable advantage of the pinhole imaging sensing principle lies in its ability to project reflected light from both the object of interest and unwanted objects onto distinct spatial coordinates within a pinhole plane. This spatial isolation of the echo signals reduces interference from nontarget scatters, thereby addressing the massive echo challenge.",48,48,"<span id=""page-0-0""></span>I. INTRODUCTION",,,meta-llama/llama-4-scout-17b-16e-instruct,INDIRECT,llama-3.3-70b-versatile,DIRECT,True
O_ISAC_054,4D,imdd,im/dd,lexical,DIRECT,"This snippet directly mentions and explains 'IM/DD' as a modulation and demodulation scheme in optical communication, specifically stating 'The modulation and demodulation schemes that find wide applications in optical communication systems are IM/DD.'","Unlike radio communication, phase modulation and coherent detection in optical communication are very expensive to realize, as it is challenging to match the frequency and polarization of the local laser with that of the incoming optical signal, or even impossible due to the incoherent light emitted by light sources such as LED [32]. The modulation and demodulation schemes that find wide applications in optical communication systems are IM/DD.",128,128,II. RELATED WORK > III. PROBLEM FORMULATION > B. Optical Communication,,,meta-llama/llama-4-scout-17b-16e-instruct,DIRECT,,,False
O_ISAC_054,4D,imdd,im/dd,lexical,DIRECT,"The snippet directly refers to 'IM/DD' and explains its implications on signal reception, emphasizing that it 'exclusively relies on measuring the intensity of light rather than its phase.'","where  $\Delta_k = [e^{-j2\pi(n/N)(d_{1,k}/[cT_{sam}])}, e^{-j2\pi(n/N)(d_{2,k}/[cT_{sam}])}, \ldots, e^{-j2\pi(n/N)(d_{\mu,k}/[cT_{sam}])}]^{\top}$  is a phase matrix,  $\boldsymbol{h}_k = [h_{1,k}, h_{2,k}, \ldots, h_{\mu,k}]^{\top}$  is the channel coefficient vector, and  $\boldsymbol{w}_k[n+\ell N] \sim \mathcal{N}(0, \sigma^2)$ . Compared to RF communication, IM/DD exclusively relies on measuring the intensity of light rather than its phase. Consequently, optical carriers do not introduce extra phase shifts at the baseband due to time offsets.",175,175,II. RELATED WORK > III. PROBLEM FORMULATION > B. Optical Communication,,,meta-llama/llama-4-scout-17b-16e-instruct,DIRECT,,,False
O_ISAC_054,4D,imdd,im/dd,lexical,DIRECT,"This snippet directly discusses the implications of 'IM/DD' on the receiver's measurement and decoding process, stating 'IM/DD—the receiver measures the amplitude, as opposed to the phase, of the received signal for decoding.'","where (a) follows thanks to IM/DD—the receiver measures the amplitude, as opposed to the phase, of the received signal for decoding. As a result, only the baseband subcarrier can cause phase shifts on the received symbols. Since the time delays are relatively small compared with the OFDM symbol duration, the additional phase shifts on different subcarriers are approximately the same. (b) follows from (7). Overall, the equivalent channel gain in optical communication is proportional to the received light intensity at each PD  $\sum_{m=1}^{\mu} I_{m,k}^{rx}$ .",322,322,A. Synergies Between Optical Sensing and Optical Communication and Two-Phase Operation Mechanism,,,meta-llama/llama-4-scout-17b-16e-instruct,DIRECT,,,False
O_ISAC_054,4D,coherent,coherent detection,lexical,INDIRECT,"The concept of coherence is mentioned in the context of incoherent light emitted by LEDs, which affects the feasibility of phase modulation and coherent detection.","- Incoherent Light: LEDs emit incoherent light, rendering phase modulation and coherent detection unattainable. Additionally, this incoherence makes beamforming impossible, as we cannot manipulate the phase of light emitted by distinct LEDs.",41,41,"<span id=""page-0-0""></span>I. INTRODUCTION",,,meta-llama/llama-4-scout-17b-16e-instruct,INDIRECT,llama-3.3-70b-versatile,INDIRECT,True
O_ISAC_054,4D,coherent,coherent detection,lexical,INDIRECT,The concept of coherence is implied through the discussion of noncoherent detection methods and the challenges posed by incoherent light in O-ISAC systems.,"We put forth a new O-ISAC framework tailored for cost-effective commercial LEDs. To tackle the challenge of incoherent light, we leverage the noncoherent detection method, intensity modulation and direct detection (IM/DD), for optical communication, and the pinhole imaging principle, which relies solely on light intensity detection, for optical sensing. Another notable advantage of the pinhole imaging sensing principle lies in its ability to project reflected light from both the object of interest and unwanted objects onto distinct spatial coordinates within a pinhole plane. This spatial isolation of the echo signals reduces interference from nontarget scatters, thereby addressing the massive echo challenge.",48,48,"<span id=""page-0-0""></span>I. INTRODUCTION",,,meta-llama/llama-4-scout-17b-16e-instruct,INDIRECT,llama-3.3-70b-versatile,INDIRECT,True
O_ISAC_054,4D,coherent,coherent detection,lexical,INDIRECT,"The concept of coherence is mentioned in the context of optical communication, highlighting the challenges and expenses associated with achieving phase modulation and coherent detection.","Unlike radio communication, phase modulation and coherent detection in optical communication are very expensive to realize, as it is challenging to match the frequency and polarization of the local laser with that of the incoming optical signal, or even impossible due to the incoherent light emitted by light sources such as LED [32]. The modulation and demodulation schemes that find wide applications in optical communication systems are IM/DD.",128,128,II. RELATED WORK > III. PROBLEM FORMULATION > B. Optical Communication,,,meta-llama/llama-4-scout-17b-16e-instruct,INDIRECT,llama-3.3-70b-versatile,INDIRECT,True
O_ISAC_054,4D,coherent,coherent sensing,fuzzy:87.5,NONE,"The concept of coherence is not directly mentioned or implied in this snippet, which focuses on the mathematical representation of the optical ISAC system and the synergy between optical sensing and communication.","where  $I_{m,k}^{\text{TX}}$  is defined in (2), and the first term (i.e., the summation) represents the superposition of the intensities of all light sources on the reflectors;  $\rho_{\text{ref}}$  is the reflection coefficient of the reflector;  $A_{\text{unit}}$  represents the area of the reflector;  $\varphi_m$  is the Angle of Incidence (AoI) of the reflected signal, which is equal to the AoD of the mth O-AP. Equations (2) and (17) also highlight the synergy between optical sensing and optical communication. Our proposed optical ISAC system is designed to utilize data transmission signals for sensing purposes, addressing the absence of inherent sensing signals. This innovative approach negates the necessity for additional light sources and circumvents reliance on ambient light, streamlining the system for enhanced efficiency.",259,259,"II. RELATED WORK > III. PROBLEM FORMULATION > <span id=""page-4-4""></span>C. Optical Sensing",,,meta-llama/llama-4-scout-17b-16e-instruct,NONE,llama-3.3-70b-versatile,NONE,True
O_ISAC_054,4D,intensity_only,intensity,lexical,NONE,"The text does not directly discuss the concept of intensity_only. It provides an overview of integrated sensing and communication (ISAC) and its application in different frequency bands, including the optical band, but does not specifically focus on intensity.","<span id=""page-0-6""></span><span id=""page-0-5""></span><span id=""page-0-4""></span><span id=""page-0-3""></span><span id=""page-0-2""></span>Compared to radio communication, the optical band is ultrawide and license-free [\[18\]](#page-14-0)—it consists of three sub-bands: 1) the infrared (IR); 2) the visible; and 3) the ultraviolet (UV). Therefore, optical communication is viewed as a promising complement to radio communication in next-generation communication systems [\[19\]](#page-14-1) to address the problem of spectrum scarcity. Recent advancements in light-emitting diode (LED)-based optical wireless communication (OWC), notably visible light communication (VLC), have catalyzed significant developments that are particularly advantageous for IoT applications. On the other hand, optical sensing is an estimation technology that detects the physical state of mobile users such as their position, shape, size, and temperature—and enables the environment to respond dynamically, becoming smarter and more adaptive [\[20\]](#page-14-2). It achieves high precision by capturing the intensity of incident light rays and converting it into a format readable by a measuring device. Particularly, given the limitations of GPS in indoor IoT scenarios, the optical spectrum's wide bandwidth and electromagnetic interference immunity offer significant advantages for visible light positioning [\[21\]](#page-14-3).",31,31,"<span id=""page-0-0""></span>I. INTRODUCTION",,,meta-llama/llama-4-scout-17b-16e-instruct,NONE,llama-3.3-70b-versatile,NONE,True
O_ISAC_054,4D,intensity_only,intensity only,fuzzy:85.71428571428572,DIRECT,"The text directly discusses issues related to the intensity of light, such as the reduction in intensity due to the divergent nature of light emitted by LEDs, which is relevant to the concept of intensity_only.","- 2) Divergent Light: LEDs emit light in a scattered manner, covering a broad area. This divergence leads to a significant reduction in the intensity of light received by the target device, even when the LED is aligned directly to the target.",42,42,"<span id=""page-0-0""></span>I. INTRODUCTION",,,meta-llama/llama-4-scout-17b-16e-instruct,NONE,llama-3.3-70b-versatile,DIRECT,True
O_ISAC_054,4D,intensity_only,intensity,lexical,DIRECT,"The context explicitly mentions 'intensity modulation and direct detection (IM/DD)' and 'pinhole imaging principle, which relies solely on light intensity detection', directly related to the concept of 'intensity_only'.","We put forth a new O-ISAC framework tailored for cost-effective commercial LEDs. To tackle the challenge of incoherent light, we leverage the noncoherent detection method, intensity modulation and direct detection (IM/DD), for optical communication, and the pinhole imaging principle, which relies solely on light intensity detection, for optical sensing. Another notable advantage of the pinhole imaging sensing principle lies in its ability to project reflected light from both the object of interest and unwanted objects onto distinct spatial coordinates within a pinhole plane. This spatial isolation of the echo signals reduces interference from nontarget scatters, thereby addressing the massive echo challenge.",48,48,"<span id=""page-0-0""></span>I. INTRODUCTION",,,meta-llama/llama-4-scout-17b-16e-instruct,DIRECT,,,False
O_ISAC_054,4D,intensity_only,intensity,lexical,DIRECT,"The context explicitly mentions 'intensity modulation and direct detection (IM/DD)' and 'maximizing the received light intensity at the target device', directly related to the concept of 'intensity_only'.","Within the O-ISAC framework, we reveal the synergistic effect of optical communication and optical sensing—they share the common goal of maximizing the received light intensity at the target device. Recognizing this synergy, we formulate a received light intensity maximization problem to address the challenge of divergent light emission from LEDs. To solve the maximization problem, our proposed approach",50,50,"<span id=""page-0-0""></span>I. INTRODUCTION",,,meta-llama/llama-4-scout-17b-16e-instruct,DIRECT,,,False
O_ISAC_054,4D,intensity_only,intensity,lexical,INDIRECT,"The concept of intensity_only is related to the optimization of the received light intensity, which is mentioned in the context as exceeding a threshold and being enhanced through optical beamforming, but it is not the sole focus of the text.","- Source Layout Optimization: In contrast to conventional source layout optimization in optical communication, we propose a new optimization criterion that maximizes the coverage area where the received light intensity exceeds a threshold. Given the new criterion, we analytically solve the optimization problem and give a closed-form approximation to the optimal source distribution.",54,54,"<span id=""page-0-0""></span>I. INTRODUCTION",,,meta-llama/llama-4-scout-17b-16e-instruct,INDIRECT,llama-3.3-70b-versatile,INDIRECT,True
O_ISAC_055,4D,imdd,im/dd,lexical,NONE,The concept 'imdd' is not mentioned in this snippet.,"<span id=""page-0-8""></span><span id=""page-0-7""></span><span id=""page-0-6""></span>Linear frequency modulation (LFM) is widely adopted by radar systems, and therefore numerous radio-frequencybased ISAC schemes have been proposed based on LFM. An LFM signal can be modulated by a minimum shift keying (MSK) signal to provide simultaneous communication and sensing abilities, at the expense of a deteriorated ambiguity function [\[8\]. A](#page-4-7)dditionally, MSK can be further extended to continuous phase modulation (CPM), which can be adopted to generate high-resolution images for airborne radars [\[9\].](#page-4-8) The LFM-CPM signal can be viewed as a generalization of constant-modulus signal like LFM and CPM, providing higher power efficiency than non-constant-modulus signal like quadrature amplitude modulation [\[10\],](#page-4-9) [\[11\]. N](#page-4-10)onetheless, LFM-CPM is a double-sideband complex signal in nature and therefore cannot be directly adopted by optical intensity modulation and direct detection (IM/DD).",31,31,"Free Space Optical Integrated Sensing and Communication Based on LFM and CPM > <span id=""page-0-1""></span>I. INTRODUCTION",,,meta-llama/llama-4-scout-17b-16e-instruct,NONE,llama-3.3-70b-versatile,NONE,True
O_ISAC_055,4D,imdd,im/dd,lexical,INDIRECT,"The concept 'imdd' is mentioned as 'optical intensity modulation and direct detection (IM/DD)' which is related to the concept, but not directly explaining it.","<span id=""page-0-10""></span><span id=""page-0-9""></span><span id=""page-0-3""></span><span id=""page-0-2""></span><span id=""page-0-0""></span>In this letter, we propose a novel optical ISAC scheme based on the modified LFM-CPM signal, which is compatible with the optical IM/DD scheme. Moreover, different performance metrics of the proposed scheme are derived, and an optimization problem for system parameters is established and solved. Meanwhile, numerical simulations demonstrate the simultaneous communication and sensing abilities of the proposed scheme and reveal the trade-off between communication and sensing functionalities in system parameters. In consequence, the proposed scheme provides insights into the optimal waveform design for optical ISAC under the constant-modulus constraint.",33,33,"Free Space Optical Integrated Sensing and Communication Based on LFM and CPM > <span id=""page-0-1""></span>I. INTRODUCTION",,,meta-llama/llama-4-scout-17b-16e-instruct,INDIRECT,llama-3.3-70b-versatile,INDIRECT,True
O_ISAC_055,4D,imdd,im/dd,lexical,DIRECT,The snippet directly mentions 'IM/DD' in the context of generating an optical LFM-CPM signal compatible with it.,"Furthermore, an optical LFM-CPM signal compatible with IM/DD is generated as",63,63,II. SYSTEM MODEL > A. LFM-CPM Transmitter for FSO,,,meta-llama/llama-4-scout-17b-16e-instruct,DIRECT,,,False
O_ISAC_055,4D,imdd,im/dd,lexical,INDIRECT,"The concept 'imdd' is mentioned as part of the system being studied, but the focus is on the ISAC scheme based on LFM-CPM, not directly explaining 'imdd'.","In this letter, an ISAC scheme based on LFM-CPM was studied to provide simultaneous communication and sensing abilities for FSO, in which the complex LFM-CPM signal was modified to be compatible with optical IM/DD. Based on the theoretical analysis of the achievable data rate, BER, and CRB, an optimization problem was established to reveal the trade-off between communication and sensing, and an elliptical search algorithm for parameters was proposed to obtain the optimal system parameters effectively. Moreover, numerical simulations indicated that LFM-CPM could guarantee the sensing precision and avoid the BER deterioration caused by phase ambiguities of CPM, which was the superiority of LFM-CPM over other constant-modulus signal.",245,245,"<span id=""page-3-2""></span>Algorithm 1 Elliptical Search Algorithm. > D. Optimal Parameter Setup > V. Conclusion",,,meta-llama/llama-4-scout-17b-16e-instruct,INDIRECT,llama-3.3-70b-versatile,INDIRECT,True
O_ISAC_055,4D,coherent,coherent demodulation,lexical,DIRECT,"The snippet directly mentions 'coherent demodulation', which implies the concept of coherence. The term 'coherent' is used explicitly in the context.","Then, the recovered CPM signal can be optimally detected by coherent demodulation followed by Viterbi decoding [13].",98,98,II. SYSTEM MODEL > A. LFM-CPM Transmitter for FSO > B. FSO Channel > C. LFM-CPM Receiver for FSO,,,meta-llama/llama-4-scout-17b-16e-instruct,DIRECT,,,False
O_ISAC_055,4D,intensity_only,intensity,lexical,INDIRECT,"The text discusses optical ISAC and modulation schemes, but does not directly mention intensity_only. However, it mentions optical intensity modulation, which is related to the concept.","*Abstract*— Integrated sensing and communication (ISAC) is a crucial component of future wireless networks, with optical ISAC regarded as a promising complement to its radio-frequency counterpart. In this letter, an ISAC scheme combining linear frequency modulation (LFM) and continuous phase modulation (CPM) is proposed for free space optics. The generalized intermediate frequency, the direct-current bias, and the Hilbert transform are adopted to make the complex LFM-CPM signal compatible with optical intensity modulation and direct detection. Additionally, various performance metrics are derived theoretically to establish an optimization problem that reveals the trade-off between communication and sensing. Furthermore, numerical simulations demonstrate the simultaneous communication and sensing abilities of LFM-CPM and reveal its superiority over other constant-modulus signal.",9,9,Free Space Optical Integrated Sensing and Communication Based on LFM and CPM,,,meta-llama/llama-4-scout-17b-16e-instruct,INDIRECT,llama-3.3-70b-versatile,INDIRECT,True
O_ISAC_055,4D,intensity_only,intensity,lexical,NONE,The text does not mention intensity_only or any related concepts directly.,"<span id=""page-0-8""></span><span id=""page-0-7""></span><span id=""page-0-6""></span>Linear frequency modulation (LFM) is widely adopted by radar systems, and therefore numerous radio-frequencybased ISAC schemes have been proposed based on LFM. An LFM signal can be modulated by a minimum shift keying (MSK) signal to provide simultaneous communication and sensing abilities, at the expense of a deteriorated ambiguity function [\[8\]. A](#page-4-7)dditionally, MSK can be further extended to continuous phase modulation (CPM), which can be adopted to generate high-resolution images for airborne radars [\[9\].](#page-4-8) The LFM-CPM signal can be viewed as a generalization of constant-modulus signal like LFM and CPM, providing higher power efficiency than non-constant-modulus signal like quadrature amplitude modulation [\[10\],](#page-4-9) [\[11\]. N](#page-4-10)onetheless, LFM-CPM is a double-sideband complex signal in nature and therefore cannot be directly adopted by optical intensity modulation and direct detection (IM/DD).",31,31,"Free Space Optical Integrated Sensing and Communication Based on LFM and CPM > <span id=""page-0-1""></span>I. INTRODUCTION",,,meta-llama/llama-4-scout-17b-16e-instruct,NONE,llama-3.3-70b-versatile,NONE,True
O_ISAC_055,4D,intensity_only,intensity,lexical,NONE,"The text provides references to other works, but does not discuss intensity_only or any related concepts directly.","- <span id=""page-4-14""></span>[15] H. Liu, R. Liao, Z. Wei, Z. Hou, and Y. Qiao, ""BER analysis of a hybrid modulation scheme based on PPM and MSK subcarrier intensity modulation,"" *IEEE Photon. J.*, vol. 7, no. 4, pp. 1–10, Aug. 2015.",263,263,"<span id=""page-3-2""></span>Algorithm 1 Elliptical Search Algorithm. > D. Optimal Parameter Setup > V. Conclusion > REFERENCES",,,meta-llama/llama-4-scout-17b-16e-instruct,NONE,llama-3.3-70b-versatile,NONE,True
O_ISAC_056,4D,imdd,im/dd,lexical,DIRECT,"The snippet directly mentions 'IM/DD' which stands for Intensity Modulation Direct Detection, indicating a direct reference to the concept of imdd.","We consider a point-to-point O-ISAC system as illustrated in Fig. 1. This system comprises a single-antenna transmitter (Tx), an  $n_s$ -antenna monostatic sensing receiver (Sens. Rx) that is collocated with the Tx, a single-antenna communication receiver (Com. Rx), and a point-wise target. This configuration is typical for LiDAR evaluations [13]. In this setup, data is transmitted to the Com. Rx while simultaneously estimating the target distance  $R_s \in \mathbb{R}_0^+$ , with the realization denoted as  $r_s$ . The distance estimation is based on echoes received at the Sens. Rx. Additionally, we use a state-dependent FSO ISAC channel with intensity modulation direct detection (IM/DD), which is detected by both receivers [14], [15]. The input signal is constrained to be nonnegative due to the optical nature of the system, and its average power must satisfy a given optical power budget.",35,35,I. INTRODUCTION > II. SYSTEM MODEL,,,meta-llama/llama-4-scout-17b-16e-instruct,DIRECT,,,False
O_ISAC_056,4D,imdd,im/dd,lexical,DIRECT,"The snippet directly mentions 'IM/DD' and explains that phase shifts are immeasurable in IM/DD, providing further context about the implications of IM/DD in the system.","where  $\rho = A^2 R_0(\phi_s) T_s(0) g(0) R_0(0) T_s(\psi_s) g(\psi_s) \cos \phi_s$  denotes the reflectivity coefficient, assumed to be a constant deterministic value without reflection-induced noise [16]. This assumption simplifies the analysis and offers baseline insights into system performance. With Sens. Rx antennas in a uniform linear array (ULA) and the target moving straight, both  $\psi_s$  and  $\psi_c$  remain constant. Assuming  $r_s \gg \Delta r_s$ , we have  $r_{s,j,i} \approx r_{s,i}$  for all i,j, justifying the straight-line assumption since phase shifts are immeasurable in IM/DD [14]. A uniform  $8 \times 8$  array with  $11.2 \, \mu m$  spacing achieves an FOV of  $8^{\circ}$  [17].",58,58,I. INTRODUCTION > II. SYSTEM MODEL,,,meta-llama/llama-4-scout-17b-16e-instruct,DIRECT,,,False
O_ISAC_056,4D,imdd,im/dd,lexical,INDIRECT,"The concept 'imdd' is mentioned in the context of 'IM/DD Free-Space Optical Backhauling' in reference [14], indicating an indirect relationship with the concept.","- [14] A. Elzanaty and M.-S. Alouini, ""Adaptive Coded Modulation for IM/DD Free-Space Optical Backhauling: A Probabilistic Shaping Approach,"" *IEEE Trans. Commun.*, vol. 68, no. 10, pp. 6388–6402, Oct. 2020.",290,290,IV. NUMERICAL RESULTS > REFERENCES,,,meta-llama/llama-4-scout-17b-16e-instruct,INDIRECT,llama-3.3-70b-versatile,INDIRECT,True
O_ISAC_056,4D,intensity_only,intensity,lexical,NONE,"The text does not explicitly mention the concept of intensity_only, but rather discusses the system model and state-dependent FSO ISAC channel with intensity modulation direct detection (IM/DD).","We consider a point-to-point O-ISAC system as illustrated in Fig. 1. This system comprises a single-antenna transmitter (Tx), an  $n_s$ -antenna monostatic sensing receiver (Sens. Rx) that is collocated with the Tx, a single-antenna communication receiver (Com. Rx), and a point-wise target. This configuration is typical for LiDAR evaluations [13]. In this setup, data is transmitted to the Com. Rx while simultaneously estimating the target distance  $R_s \in \mathbb{R}_0^+$ , with the realization denoted as  $r_s$ . The distance estimation is based on echoes received at the Sens. Rx. Additionally, we use a state-dependent FSO ISAC channel with intensity modulation direct detection (IM/DD), which is detected by both receivers [14], [15]. The input signal is constrained to be nonnegative due to the optical nature of the system, and its average power must satisfy a given optical power budget.",35,35,I. INTRODUCTION > II. SYSTEM MODEL,,,meta-llama/llama-4-scout-17b-16e-instruct,NONE,llama-3.3-70b-versatile,NONE,True
O_ISAC_056,4D,intensity_only,intensity,lexical,INDIRECT,"The text mentions the Tx radiant intensity gain, which is related to the concept of intensity_only, but does not directly discuss it.","Tx radiant intensity gain is  $R_0(\phi) = \frac{(m+1)}{2\pi} \cos^m \phi$ , where  $m = -\frac{\ln 2}{\ln (\cos \Phi_{1/2})}$  [14].",47,47,I. INTRODUCTION > II. SYSTEM MODEL,,,meta-llama/llama-4-scout-17b-16e-instruct,INDIRECT,llama-3.3-70b-versatile,INDIRECT,True
O_ISAC_056,4D,intensity_only,intensity,lexical,INDIRECT,"The text discusses the reflectivity coefficient, which involves the radiant intensity gain, but does not directly address the concept of intensity_only.","**Code Definition:** A  $(2^{nR}, n)$  code for state-dependent memoryless channel with delayed feedback (SDMC-DF) includes several components. First, there is a discrete message set M with  $|M| = 2^{nR}$ . Second, encoding functions  $\phi_i: \mathcal{M} \times \mathcal{Y}_s^{i-1} \mapsto \mathcal{X}$  are defined for  $i = 1, 2, \dots, n$ . Third, a decoding function  $f: \mathcal{R}^n_s \times \mathcal{Y}^n_c \mapsto \mathcal{M}$  is provided. Fourth, a state estimator  $h: \mathcal{X} \times \mathcal{Y}_s^n \mapsto \hat{R}_s^n$  is included, with  $\hat{R}_s$  as the reconstruction alphabet. For a given code, the random message M is uniformly distributed over  $\mathcal{M}$ . Inputs are generated as  $X_i = \varphi_i(W, Y_s^{i-1})$  for  $i = 1, \dots, n$ . The channel outputs  $Y_{c,i}$  and  $Y_{s,i}$  at time i depend on the state  $R_{s,i}$  and the input  $X_i$ . These dependencies are governed by the transition laws  $P_{Y_c|X,R_s}(\cdot \mid x_i,r_{s,i})$  and  $P_{Y_s|X,R_s}(\cdot \mid x_i,r_{s,i})$ , as given in (3) and (1). Let  $\hat{R}_s^n \triangleq (\hat{R}_{s_{s,1}}, \dots, \hat{R}_{s_{s,n}}) = h(X^n, Y_c^n)$ denote state estimate at Tx, and  $\hat{W} = g(R_s^n, Y_c^n)$  the decoded message at Com. Rx. The quality of state estimation is measured by the expected average per-block distortion:  $\Delta^{(n)} \triangleq \mathbb{E}[d(R_s^n, \hat{R}_s^n)] = \frac{1}{n} \sum_{i=1}^n \mathbb{E}[d(R_{s,i}, \hat{R}_{s,i})], \text{ where}$  $d: \mathcal{R}_{s} \times \hat{R}_{s} \to \mathbb{R}_{0}^{+}$  is a bounded distortion function with  $\max_{(r_s,\hat{r_s})\in\mathcal{R}_s\times\hat{\mathcal{R}}_s}d(r_s,\hat{r_s})<\infty$ . In practical optical systems, X is proportional to optical intensity and thus nonnegative:  $X \in \mathbb{R}_0^+$ . Then,  $\mathbb{E}[|X^n|] = \frac{1}{n} \sum_{i=1}^n \mathbb{E}[|X_i|]^1$ .",60,60,I. INTRODUCTION > II. SYSTEM MODEL,,,meta-llama/llama-4-scout-17b-16e-instruct,INDIRECT,llama-3.3-70b-versatile,INDIRECT,True
O_ISAC_056,4D,intensity_only,strength,lexical,NONE,"The text does not mention the concept of intensity_only, but rather discusses the expected BCRB, sensing performance, and the modified DRT trade-off.","<sup>2</sup>This trade-off relates to the bias-variance tradeoff, prior-data balance, and prior vs. likelihood strength, which are discussed in statistical inference and machine learning literature [12].",218,218,I. INTRODUCTION > II. SYSTEM MODEL > III. MAIN RESULT,,,meta-llama/llama-4-scout-17b-16e-instruct,NONE,llama-3.3-70b-versatile,NONE,True
O_ISAC_056,4D,intensity_only,intensity,lexical,INDIRECT,"The concept 'intensity_only' is related to optical intensity channels, which are mentioned in references [19] and implicitly in [17] and [18]. However, the term 'intensity_only' itself is not explicitly mentioned, indicating an indirect relationship.","- [19] S. M. Moser, ""Capacity Results of an Optical Intensity Channel With Input-Dependent Gaussian Noise,"" *IEEE Trans. Inf. Theory*, vol. 58, no. 1, pp. 207–223, Jan. 2012.",295,295,IV. NUMERICAL RESULTS > REFERENCES,,,meta-llama/llama-4-scout-17b-16e-instruct,INDIRECT,llama-3.3-70b-versatile,INDIRECT,True
O_ISAC_057,4D,intensity_only,intensity,lexical,NONE,"The text discusses joint radar-communication systems, microwave photonics, and their applications, but does not mention intensity-only concepts.","On the other hand, microwave photonics with the advantages of high operation frequency, large instantaneous bandwidth, and strong immunity to electromagnetic interference have been widely applied in the independent radar imaging [2] and wireless communication [3], joint radarcommunication system [4]-[7], demonstrating a promising alternative for high-resolution radar detection and highcapacity communication transmission. There are three categories of photonic joint radar-communication system being reported, including the dual-band system [4], integrated waveform [5] and millimeter/terahertz-wave (mm/THz-wave) system [6][7]. The dual-band and dual-use radar & communication based on a single photonics-based transceiver [4] mitigates the integration and cost problems, but it suffers from the deficiency of spectrum inefficiency. The integrated waveform scheme, encodes an amplitude shift keying (ASK) modulation signal onto a linearly frequency modulated continuous wave (LFMCW) radar signal [5] by using the cascaded intensity modulators. Nevertheless, a limited only data rate of 100 Mbit/s is presented. Thus, the mm/THz-waveover-fiber integrated system [6][7] is introduced to enhance the data rate. For instance, in [6], a unified data communication and radar sensing mm-wave system employing the orthogonal frequency division multiplexing (OFDM) signal is successfully achieved with a 1.56 Gbit/s data rate. But it demonstrates a poor (meter-level) radar detection resolution. Therefore, a high-resolution and highcapacity joint radar and communication system is very important.",15,15,60-GHz photonic millimeter-wave joint radarcommunication system > I. Introduction,,,meta-llama/llama-4-scout-17b-16e-instruct,NONE,llama-3.3-70b-versatile,NONE,True
O_ISAC_057,4D,intensity_only,intensity,lexical,DIRECT,"The context mentions 'intensity modulator 1 (IM1)' and describes its operation, which directly relates to intensity modulation.","Figure 1(a) shows the schematic diagram of the proposed a 60-GHz mm-wave joint radar-communication system. Two optical tones with frequency spacing ( $\Delta F_c$ ) close to the desired mm-wave carrier frequency from the laser diode 1 (LD1) and LD2 are fed to the upper and lower branches, respectively. In the upper branch, the optical carrier  $E_{LD1}(t) = E_1 \exp(j2\pi f_c t)$  is launched to an intensity modulator 1 (IM1), which is driven by a single-tone RF signal  $V_{RF}(t) = V_{RF} \cos(2\pi f_{RF} t)$ . Under large-signal modulation, an optical frequency comb with a  $f_{RF}$  comb spacing can be generated as shown Fig. 1(b)-A. Thus, the electrical field  $E_{OFC}$  at the output of the IM1 can be expressed as",21,21,60-GHz photonic millimeter-wave joint radarcommunication system > I. Introduction > II. PRINCIPLE,,,meta-llama/llama-4-scout-17b-16e-instruct,DIRECT,,,False
O_ISAC_057,4D,intensity_only,intensity,lexical,DIRECT,"The figure and its description mention 'intensity modulator' and 'OFC: optical frequency comb', which are related to intensity modulation, thus directly related to the 'intensity_only' concept.",Figure 1. (a) Schematic diagram of proposed photonic mm-wave joint radar-communication system. mmW: millimeter-wave; LD: laser diode; IM: intensity modulator; OFC: optical frequency comb; SSB: single sideband; LFM: linearly frequency modulated; OC: optical coupler; EDFA: erbium-doped fiber amplifier; OOK: on-off keying; PD: photodetector; PA: power amplifier; LNA: low noise amplifier; ADC: analog-to-digital converter; DSP: digital signal process. (b),35,35,60-GHz photonic millimeter-wave joint radarcommunication system > I. Introduction > II. PRINCIPLE,,,meta-llama/llama-4-scout-17b-16e-instruct,DIRECT,,,False
O_ISAC_057,4D,json:rx_detection_type,,json,DIRECT,Structured receiver field,,,,,scenario_level[0].receiver.rx_detection_type,coherent,json,DIRECT,,,False
O_ISAC_058,4D,imdd,im/dd,lexical,NONE,"The provided snippet does not mention the concept 'imdd' directly or indirectly, hence it is labeled as NONE.","Afterward, the IF echoes are modulated onto the reference signal through MZM-2 for PDC. In our previous studies [\[31\],](#page-13-30) [\[32\],](#page-13-31) [\[33\], w](#page-13-32)e employed the intensity modulation and direct detection (IM/DD) scheme. By modulating the downconverted echo signal to the intensity of the reference light signal through MZM-2, we could effectively use a single PD for opticalto-electrical conversion in the CO. Thus, we set MZM-2 to operate at the QBP. However, it is worth noting that the MZM, being a nonlinear optical device, can induce the false target problem when operating at different bias points.",204,204,"Photonic-Based Flexible Integrated Sensing and Communication With Multiple Targets Detection Capability for *W*-Band Fiber-Wireless Network > <span id=""page-0-0""></span>I. INTRODUCTION > II. PRINCIPLE",,,meta-llama/llama-4-scout-17b-16e-instruct,NONE,llama-3.3-70b-versatile,NONE,True
O_ISAC_058,4D,coherent,coherent detection,lexical,INDIRECT,"The concept 'coherent' is related to the context of photonic systems, radar-communication systems, and signal detection, but it is not explicitly mentioned in the given snippet. However, the term 'self-coherent detection' is mentioned in one of the references, indicating an indirect connection to the concept.","- <span id=""page-13-21""></span>[\[22\]](#page-1-16) W. Bai et al., ""Photonic super-resolution millimeter-wave joint radarcommunication system using self-coherent detection,"" *Opt. Lett.*, vol. 48, no. 3, pp. 608–611, Feb. 2023.",520,520,VI. CONCLUSION > REFERENCES,,,meta-llama/llama-4-scout-17b-16e-instruct,INDIRECT,llama-3.3-70b-versatile,INDIRECT,True
O_ISAC_058,4D,intensity_only,intensity,lexical,NONE,"The text does not mention intensity directly in relation to the concept, but rather discusses coherent reception and its challenges.","Afterward, the IF echoes are modulated onto the reference signal through MZM-2 for PDC. In our previous studies [\[31\],](#page-13-30) [\[32\],](#page-13-31) [\[33\], w](#page-13-32)e employed the intensity modulation and direct detection (IM/DD) scheme. By modulating the downconverted echo signal to the intensity of the reference light signal through MZM-2, we could effectively use a single PD for opticalto-electrical conversion in the CO. Thus, we set MZM-2 to operate at the QBP. However, it is worth noting that the MZM, being a nonlinear optical device, can induce the false target problem when operating at different bias points.",204,204,"Photonic-Based Flexible Integrated Sensing and Communication With Multiple Targets Detection Capability for *W*-Band Fiber-Wireless Network > <span id=""page-0-0""></span>I. INTRODUCTION > II. PRINCIPLE",,,meta-llama/llama-4-scout-17b-16e-instruct,NONE,llama-3.3-70b-versatile,NONE,True
O_ISAC_058,4D,intensity_only,intensity,lexical,NONE,The text discusses the effect of MZM-2 operating points on the false target problem but does not directly relate to intensity.,"The correlation peaks under different operating points are also presented in Fig. [6\(b\)–\(d\),](#page-6-3) enabling a clear observation of the effect of different operating points on multitarget detection. These simulation results align with the derivation presented in the previous section. From Fig. [6\(b\),](#page-6-3) it is evident that there are both real targets and false targets. This observation suggests that when MZM-2 operates at the QBP, the echoes of different targets undergo both dechirping with the reference signal and inter-mixing between the different echoes, resulting in the presence of false targets. This finding also verifies the derivation provided in [\(20\).](#page-5-3) Furthermore, in Fig. [6\(d\),](#page-6-3) we can observe that when MZM-2 operates at the MATP, the intensity of the false target significantly increases, completely overshadowing the real target. This implies that the PDC scheme is completely ineffective. Only when MZM-2 operates at the MITP, can effective detection of multiple targets be ensured while avoiding the generation of false targets.",362,362,"Photonic-Based Flexible Integrated Sensing and Communication With Multiple Targets Detection Capability for *W*-Band Fiber-Wireless Network > <span id=""page-0-0""></span>I. INTRODUCTION > III. SIMULATION",,,meta-llama/llama-4-scout-17b-16e-instruct,NONE,llama-3.3-70b-versatile,NONE,True
O_ISAC_058,4D,intensity_only,intensity,fuzzy:88.88888888888889,INDIRECT,"The text mentions that in the low-frequency part of the image, numerous false targets appear with intensities even exceeding that of the real targets, indirectly relating to the concept of intensity.","From the results shown in Fig. 16(d), (h), and (k), it is evident that in the low-frequency part of the image, numerous false targets appear with intensities even exceeding that of the real targets, leading to overwhelming of the real targets. A comparison of the imaging results of the two system structures demonstrates that the proposed system structure in this article effectively achieves the detection of multitarget scenes. Furthermore, through a comparative analysis of the scanning imaging results using different waveform cases, we can observe that the implementation of different bandwidth and power allocation strategies does not lead to the occurrence of false targets. This finding highlights the robustness of the system and reinforces the effectiveness of the chosen waveform configurations in avoiding false target generation.",470,470,*C. ROP and Power Allocation* > *D. Range Resolution and Distance Error of Radar Sensing* > E. Scanning Imaging Results for Multiple Targets,,,meta-llama/llama-4-scout-17b-16e-instruct,INDIRECT,llama-3.3-70b-versatile,INDIRECT,True
O_ISAC_058,4D,intensity_only,intensity,lexical,INDIRECT,"The text discusses how the intensity of false targets incrementally intensifies throughout the processes and occasionally exceeds that of true targets, indirectly relating to the concept of intensity.","echoes, leading to the generation of the false target. Post downconversion by the ED, PDC by MZM-2, and opticalto-electrical conversion by the PD, false targets emerge at each stage. The intensity of these false targets incrementally intensifies throughout these processes, with the amplitude of false targets occasionally exceeding that of true targets. Nevertheless, as depicted in Figs. [6](#page-6-3) and [10,](#page-9-0) by systematically varying only one among the three variables in the simulation or experiment, we observed a scenario where the intensity of false targets does not exceed that of the real targets. This finding indicates that there are multiple factors contributing to the generation of false targets in the system structure [\[31\],](#page-13-30) [\[32\],](#page-13-31) [\[33\].](#page-13-32)",484,484,*C. ROP and Power Allocation* > *D. Range Resolution and Distance Error of Radar Sensing* > E. Scanning Imaging Results for Multiple Targets,,,meta-llama/llama-4-scout-17b-16e-instruct,INDIRECT,llama-3.3-70b-versatile,INDIRECT,True
O_ISAC_060,4D,coherent,coherent detection,lexical,INDIRECT,"The concept 'coherent' is related to 'coherent detection' in the context, which is a specific technique used in the system, implying an indirect relationship with the overall concept of coherence in a broader sense.","modulation was proposed. The detection distance of LiDAR is increased, but the decoding process at the receiving end is relatively cumbersome and the communication rate is difficult to meet the actual demand. In [12], a method based on dual pulse interval modulation (DPIM) was proposed to simultaneously realize LiDAR ranging and communication, which also reduced the complexity of the communication system. However, the time-of-flight (TOF) sensor has certain limitations and the external background light will affect both the detection range and detection accuracy of the system. In [13], it proposed a method to insert ranging frames into the communication data sequence to realize the integrated LiDAR of ranging and communication. Although the BPSK modulation/heterodyne coherent detection system has the advantages of high sensitivity reception and anti-interference,",49,49,A Unified Waveform for Optical Wireless Integrated Sensing and Communication > I. INTRODUCTION,,,meta-llama/llama-4-scout-17b-16e-instruct,INDIRECT,llama-3.3-70b-versatile,INDIRECT,True
O_ISAC_060,4D,intensity_only,intensity,lexical,INDIRECT,"The concept of intensity is related to the light intensity fading coefficient of the atmospheric channel, but it is not directly mentioned as 'intensity_only'.","where z(t) is the noise and h is the light intensity fading coefficient of the atmospheric channel. It should be noted that h usually follows the Gamma-Gamma distribution, and its probability density function can be expressed as [14]",96,96,A Unified Waveform for Optical Wireless Integrated Sensing and Communication > I. INTRODUCTION > II. SYSTEM MODEL,,,meta-llama/llama-4-scout-17b-16e-instruct,INDIRECT,llama-3.3-70b-versatile,INDIRECT,True
O_ISAC_060,4D,intensity_only,intensity,lexical,INDIRECT,"The concept of turbulence intensity is mentioned, but it is not directly related to 'intensity_only'. The focus is on the BER performance under different turbulence conditions.","Fig. 2 shows the BER of received ISAC-OW signals versus signal-to-noise ratio (SNR) with and without spectrum-spreading process under different turbulence channels. It is evident from the figure that under the same turbulence intensity, the BER performance with spread spectrum is better than that of without spread spectrum. For example, when the average BER threshold is  $ABER_{th} = 3.8 \times 10^{-3}$ , the SNR can be improved by about 1.5dB and 7.5dB under weak and moderate turbulence conditions, respectively. The reason for this is that the SS technology expanding the noise signal, and a large number of noise can be filtered out through the matched filter, so that the system gets better BER performance. Moreover, the BER performance gradually deteriorates with the increase",181,181,A Unified Waveform for Optical Wireless Integrated Sensing and Communication > A. BER Performance,,,meta-llama/llama-4-scout-17b-16e-instruct,INDIRECT,llama-3.3-70b-versatile,INDIRECT,True
O_ISAC_060,4D,intensity_only,intensity,lexical,INDIRECT,"Similar to the previous snippet, the concept of turbulence intensity is mentioned, but it is not directly related to 'intensity_only'. The focus is on the BER performance under different turbulence conditions.","of the turbulence intensity. For example, when  $ABER_{th} = 3.8 \times 10^{-3}$ , the SNR of ISAC-OW system with spread spectrum loses about 1dB and 1.5dB under moderate and strong turbulence than that of weak turbulence, respectively. The reason for this may be that when the laser signal is transmitted in the atmospheric channel, it is affected by atmospheric turbulence and aerosol particles, such as reflection, refraction, scattering and attenuation. The ISAC-OW with spread spectrum performs well against strong turbulence.",183,183,A Unified Waveform for Optical Wireless Integrated Sensing and Communication > A. BER Performance,,,meta-llama/llama-4-scout-17b-16e-instruct,INDIRECT,llama-3.3-70b-versatile,INDIRECT,True
O_ISAC_060,4D,json:rx_detection_type,,json,DIRECT,Structured receiver field,,,,,scenario_level[0].receiver.rx_detection_type,coherent,json,DIRECT,,,False
O_ISAC_061,4D,coherent,coherent detection,lexical,DIRECT,"The concept 'coherent' is directly mentioned in the context as 'coherent detection' which is a specific technique used in RF-ISAC systems, making it a direct reference to the concept.","- <span id=""page-1-14""></span>• Coherent detection is generally exploited by an RF-ISAC system, whereas incoherent detection is more cost-effective for an OW-ISAC system. As a result, an OPA-based OW-ISAC system adopts photodiodes (PD) as C&S receivers and conducts *direct detection* (DD), imposing extra constraints on the beamforming process.",44,44,I. INTRODUCTION,,,meta-llama/llama-4-scout-17b-16e-instruct,NONE,llama-3.3-70b-versatile,DIRECT,True
O_ISAC_061,4D,intensity_only,magnitude,lexical,NONE,"The text discusses the generation and modulation of optical signals, but does not mention intensity directly.","In the optical part, the optical signal is generated by a coherent laser source, whose amplitude is first adjusted by a semiconductor optical amplifier (SOA). Subsequently, a star-coupler-based splitter network splits the optical signal into  $N_t$  branches, each of which contains an SOA and an electro-optic phase modulator (EOPM). Under the control of the precoded electrical signal  $x_{n_t}(t)$ , the SOA and EOPM in the  $n_t$ -th branch modulate the magnitude and phase of optical signal independently [37]. Once the electrical signal vector  $\boldsymbol{x}(t)$  is loaded on the optical signal, the edge emitters are ready to transmit optical beams to free space.",85,85,"I. INTRODUCTION > II. SYSTEM MODEL FOR OPA-BASED OW-ISAC > <span id=""page-2-2""></span>A. OPA-Based Optical Beamforming",,,meta-llama/llama-4-scout-17b-16e-instruct,NONE,llama-3.3-70b-versatile,NONE,True
O_ISAC_061,4D,intensity_only,magnitude,lexical,NONE,"The equation provided describes the calculation of the light field, but does not explicitly mention intensity.","where  $\iota_1(P_1)$  denotes a phase-shift term with a normalized magnitude, i.e.,",100,100,"I. INTRODUCTION > II. SYSTEM MODEL FOR OPA-BASED OW-ISAC > <span id=""page-2-2""></span>A. OPA-Based Optical Beamforming",,,meta-llama/llama-4-scout-17b-16e-instruct,NONE,llama-3.3-70b-versatile,NONE,True
O_ISAC_061,4D,intensity_only,intensity,lexical,INDIRECT,"The text mentions the far-field light field intensity in the angle domain, which implies a discussion of intensity, albeit indirectly through the calculation and display of beampatterns.","Towards this end, the far-field light field intensity in the angle domain can be calculated as (17), shown at the bottom of the page, and is also displayed in Fig. 3(a), where the azimuth and elevation angles are approximated as  $\theta_a \approx \arcsin{(x/z)}$  and  $\theta_e \approx \arcsin{(y/z)}$ , respectively. In addition, the beampattern at  $\theta_e = 0$  is shown in Fig. 3(b), where the",193,193,"I. INTRODUCTION > <span id=""page-4-0""></span>A. Multi-Beam Property of OPA",,,meta-llama/llama-4-scout-17b-16e-instruct,INDIRECT,llama-3.3-70b-versatile,INDIRECT,True
O_ISAC_061,4D,intensity_only,intensity,lexical,DIRECT,The context explicitly mentions that 'the communication data for the k-th UE should only be loaded on the intensity of $s_k(t)$' which implies intensity_only concept.,"Even if the baseband signal is complex, the communication data for the k-th UE should only be loaded on the intensity of  $s_k(t)$  to be compatible with the DD scheme. Specifically, the baseband signal for the k-th UE is decomposed into its magnitude and phase, i.e.,  $s_k(t) = \tilde{s}_k(t) e^{j\delta_k}$ , where the magnitude  $\tilde{s}_k(t)$  carries the communication data. Meanwhile, the phase term  $\delta_k$  of each UE follows an identical uniform distribution independently, i.e.,  $\delta_k \sim \mathcal{U}(0, 2\pi)$ , and thus the uncorrelated and normalized properties of baseband signals can be ensured as",204,204,"I. INTRODUCTION > <span id=""page-4-0""></span>A. Multi-Beam Property of OPA > <span id=""page-4-1""></span>B. Performance Metric of Communication Sub-System",,,meta-llama/llama-4-scout-17b-16e-instruct,DIRECT,,,False
O_ISAC_061,4D,intensity_only,intensity,lexical,INDIRECT,"The concept of intensity_only is related to the calculation of far-field light field intensity in the angle domain, which is presented in equation (35). However, the equation itself does not directly measure intensity, but rather calculates it as a product of the squared magnitude of a Fourier transform and the trace of a matrix product. This indirect calculation of intensity aligns with the provided hint_label.","Enlightened by the beampattern design in MIMO-based RF-ISAC, we optimize the power distribution in the angle domain instead, which is independent from a specific scene. For a sufficiently large z-coordinate z<sup>+</sup>, the far-field light field intensity in the angle domain is calculated as",309,309,"<span id=""page-5-0""></span>C. Performance Metric of Sensing Sub-System",,,meta-llama/llama-4-scout-17b-16e-instruct,INDIRECT,llama-3.3-70b-versatile,INDIRECT,True
O_ISAC_062,4D,intensity_only,strength,lexical,NONE,"The text discusses various VLP methods, such as using received signal strength (RSS), angle-of-arrival (AOA), and time-of-arrival (TOA), but does not specifically focus on intensity-only methods.","In a VLP system based on photodiodes (PDs), LEDs will work as source beacons, visible light signal is used as data carriers, and PD receiver is used as sensors, where UD's orientation direction is represented by its normal vector, and the PD will detect UD location via sensing visible light signals from LEDs [9]. A number of VLP methods have been devised, such as using received signal strength (RSS) [10], [11], [12], [13], [14], angle-of-arrival (AOA) [15], [16], [17], and time-of-arrival (TOA) [18], [19]. However, these works depend on prior knowledge of UD orientation direction, for instance, assuming UD orientation to be vertically upward [11], or assuming that transmitters and receivers have a parallel orientation direction [10].",29,29,6-DoF Location-and-Pose Estimation Toward Integrated Visible Light Communication and Sensing: Algorithm Design and Performance Limits > A. Research Motivation,,,meta-llama/llama-4-scout-17b-16e-instruct,NONE,llama-3.3-70b-versatile,NONE,True
O_ISAC_062,4D,intensity_only,strength,lexical,NONE,"The text discusses the effect of channel rank and NLOS interference on SLAP detection error, but does not mention intensity-only methods.","In addition, we have the following remark on how the number of scatters (or scattering interference strength) affects SLAP detection performance.",688,688,6-DoF Location-and-Pose Estimation Toward Integrated Visible Light Communication and Sensing: Algorithm Design and Performance Limits > D. Asymptotic CRLB Over Fading Environments,,,meta-llama/llama-4-scout-17b-16e-instruct,NONE,llama-3.3-70b-versatile,NONE,True
O_ISAC_062,4D,intensity_only,strength,lexical,NONE,"The text provides a proof and discusses the effect of NLOS paths on VLC-based SLAP detection, but does not mention intensity-only methods.","<span id=""page-9-4""></span><span id=""page-9-1""></span>This remark means that the error performance of VLC-based SLAP detection will almost remain invariant theoretically, even if the number of NLOS paths (also the NLOS interference strength) increases. This is because the NLOS path-caused interference for UD localization is already removed in the proposed SLAP detection method by joint channel estimation (i.e., scattering channel equalization).",694,694,6-DoF Location-and-Pose Estimation Toward Integrated Visible Light Communication and Sensing: Algorithm Design and Performance Limits > D. Asymptotic CRLB Over Fading Environments,,,meta-llama/llama-4-scout-17b-16e-instruct,NONE,llama-3.3-70b-versatile,NONE,True
O_ISAC_062,4D,intensity_only,strength,lexical,NONE,The text appears to be a figure caption and does not provide any relevant information about intensity-only methods.,Fig. 10. Location error versus NLOS-to-LOS strength ratio.,811,811,6-DoF Location-and-Pose Estimation Toward Integrated Visible Light Communication and Sensing: Algorithm Design and Performance Limits > *B. Result Analysis*,,,meta-llama/llama-4-scout-17b-16e-instruct,NONE,llama-3.3-70b-versatile,NONE,True
O_ISAC_062,4D,intensity_only,strength,lexical,NONE,"The concept 'intensity_only' is not mentioned or implied in the given snippet, which focuses on SLAP detection system performance over NLOS interference.","4) SLAP Detection Error Over NLOS Interference: SLAP detection performance w.r.t. NLOS-to-LOS ratio (NLR) in strength is plotted in Fig. 10, where NLR =  $\frac{\mathbb{E}\{\|\mathbf{z}_{\mathrm{nlos}}\|_{2}^{2}\}}{\mathbb{E}\{\|\mathbf{z}_{\mathrm{los}}\|_{2}^{2}\}},$  while  $\mathbf{z}_{\mathrm{nlos}}$  and  $\mathbf{z}_{\mathrm{los}}$  mean the NLOS and LOS component of  $\mathbf{z}$ , respectively. It is shown that, as NLR increases, our SLAP detection error almost remains invariant, since scattering interference (from cooperative LEDs) has been alleviated via scattering channel equalization. This complies with Remark 7. In contrast, the error of Baselines 1 and 3 without perfect channel state information (CSI) will be increased with NLR.<sup>6</sup> Although Baseline 2's performance looks invariant with NLR, its error is actually very high due to its limited timing",819,819,6-DoF Location-and-Pose Estimation Toward Integrated Visible Light Communication and Sensing: Algorithm Design and Performance Limits > *B. Result Analysis*,,,meta-llama/llama-4-scout-17b-16e-instruct,NONE,llama-3.3-70b-versatile,NONE,True
O_ISAC_063,4D,coherent,detection coherence,fuzzy:89.47368421052632,DIRECT,The term 'Coherent Detection' is directly mentioned in the context of the table.,|              |                   |                                |                                         |                  |                                  |                  |            |                                | Direct<br>Detection | Coherent<br>Detection |,37,37,I. INTRODUCTION,,,meta-llama/llama-4-scout-17b-16e-instruct,DIRECT,,,False
O_ISAC_063,4D,coherent,coherent detection,lexical,INDIRECT,"The concept 'coherent' is related to the context of optical frequency comb, coherent detection, and optical coherent transceivers, but it is not the main focus of the text. The text discusses various characterization schemes and their limitations, with 'coherent' being a relevant but secondary concept.","Therefore, a new characterization scheme that can acquire the full-filed frequency response of TOSA is urgently required. In [19], an ultrafine optical frequency comb is generated as a frequency ruler for the characterization, where each tone provides one sampling point and the full-field spectrum can be captured at the same time by the coherent detection. However, the used coherent receiver must have a bandwidth larger than that of the TOSA under test. In [20], [21], a precise calibration scheme for optical coherent transceivers based on specially designed interleaved IQ multi-tone signals is reported, to characterize the frequency response after the single-shot measurement. However, it cannot discriminate the frequency response between the TOSA and the ROSA. In [22], when the IQ responses are assumed to be the same, the frequency response is possible to be acquired by multi-tone signals, together with a low bandwidth PD. In [23], [24], [25], the IQ multiple dual-tone signals are generated when additional frequency components are inserted near the origin frequency comb, leading to the occurrence of beat signals after the direct detection by a low-bandwidth PD. Assuming that the frequency response of PD is flat, the AFR can be obtained by the beat signals. However, the PFR is impossible to obtain, and the IQ skew needs to be estimated by the use of additional coherent receiver. In [26], it is experimentally verified that, both the PFR and the delay of the fiber optics link can be obtained when the data originating from dual-tone signals are constantly processed after the direction detection. However, it needs multi-shot measurements to characterize the PFR of a single tributary for a coherent TOSA.",49,49,I. INTRODUCTION,,,meta-llama/llama-4-scout-17b-16e-instruct,INDIRECT,llama-3.3-70b-versatile,INDIRECT,True
O_ISAC_063,4D,coherent,coherent detection,lexical,DIRECT,The term 'coherent TOSA' and 'coherent detection' are directly mentioned in the context.,"only AFR calibration, and with full-field frequency response calibration. The AWG output is introduced to the coherent TOSA, in order to generate the 32 or 64 GBaud 16-OAM optical signal. The operation wavelength of optical carrier is 1550 nm, and another wavelength tunable laser operated at 1550 nm acts as the local oscillator (LO) at the Rx. Then, the Rx, including the tunable wavelength laser and an integrated coherent receiver (ICR) whose 3 dB bandwidth is 50 GHz, is used to complete the coherent detection. Therefore, even when the 64 GBaud 16-QAM is coherently detected, the B2B transmission is free of Rx bandwidth constraint. The DSO operated at 160 GSa/s is performed to record the receiver data. After the offline DSP, we are able to obtain various 16-QAM constellations. As shown in Fig. 9, after the full-field frequency response calibration of coherent TOSA, the BER of 32 GBaud 16-QAM signal is improved from  $4.6 \times 10^{-4}$  to  $1.9 \times 10^{-4}$ . Meanwhile, the BER of 64 Gbaud 16-QAM signals is improved from  $6.1 \times 10^{-3}$ to  $2.1 \times 10^{-3}$ , which can reach the threshold of 7% HD-FEC threshold at  $3.8 \times 10^{-3}$ . Moreover, the calibrated 16-QAM constellation based on the full-field frequency response becomes clearer than that without the TOSA calibration and with only AFR calibration.",225,225,*B. TOSA Calibration and Transmission Results*,,,meta-llama/llama-4-scout-17b-16e-instruct,DIRECT,,,False
O_ISAC_064,4D,json:rx_detection_type,,json,DIRECT,Structured receiver field,,,,,scenario_level[0].receiver.rx_detection_type,coherent,json,DIRECT,,,False
O_ISAC_065,4D,imdd,im/dd,lexical,INDIRECT,"The concept 'imdd' is mentioned in the context of 'IM/DD-based short-reach systems' in reference [17], indicating an indirect relationship with the provided snippet.","- [17] X. Ouyang, G. Talli, M. Power, and P. Townsend, ""Orthogonal chirp-division multiplexing for IM/DD-based short-reach systems,"" *Opt. Exp.*, vol. 27, no. 16, pp. 23620–23632, Aug. 2019, doi: [10.1364/OE.27.023620.](https://dx.doi.org/10.1364/OE.27.023620)",283,283,*D. Radar Images* > REFERENCES,,,meta-llama/llama-4-scout-17b-16e-instruct,NONE,llama-3.3-70b-versatile,INDIRECT,True
O_ISAC_065,4D,coherent,coherent detection,lexical,INDIRECT,"The concept 'coherent' is related to the context of radar and communication systems, but it is not explicitly mentioned in the given snippet. However, the term 'self-coherent detection' is mentioned in reference [25], which implies a connection to the concept of coherence, making it an indirect reference.","- [25] W. Bai et al., ""Photonic super-resolution millimeter-wave joint radarcommunication system using self-coherent detection,"" *Opt. Lett.*, vol. 48, no. 3, pp. 608–611, Feb. 2023, doi: [10.1364/OL.472155.](https://dx.doi.org/10.1364/OL.472155)",294,294,*D. Radar Images* > REFERENCES,,,meta-llama/llama-4-scout-17b-16e-instruct,INDIRECT,llama-3.3-70b-versatile,INDIRECT,True
O_ISAC_065,4D,intensity_only,magnitude,lexical,INDIRECT,"The concept of intensity_only is not directly mentioned in the snippet, but the discussion of constellation diagrams, BER, and ISI implies a relationship with signal intensity, which is an indirect indication of the concept.","Moreover, we compare the non-linear equalization constellations of the OCDM and OFDM. Given the same number of constellation points of two signals, the non-linear equalization constellation of OCDM has darker color around the standard constellation points, whereas the color of OFDM is dispersed and light. Besides, the constellation of OCDM have better aggregation and clearer spacing, which indicates that the OCDM has more consistent BER over the sub-chirps and lower BER in total with smaller error vector magnitude.",185,185,III. PHOTONIC THZ ISAC LINK > B. Waveform Parameters Setting > B. Bit Error Ratio,,,meta-llama/llama-4-scout-17b-16e-instruct,INDIRECT,llama-3.3-70b-versatile,INDIRECT,True
O_ISAC_066,4D,coherent,coherent detection,lexical,DIRECT,"The concept 'coherent' is directly mentioned in the snippet as 'coherent detection techniques', which implies a direct relationship with the concept.","*Abstract***—Nonlinear frequency division multiplexing (NFDM) is an innovative strategy for communication over the nonlinear optical fiber channel. Utilizing the Nonlinear Fourier Transform (NFT) coupled with coherent detection techniques, NFDM encodes and decodes the information on the nonlinear spectrum of signal. For discrete-spectrum modulation, interaction-tolerant (IT) soliton signal has been proposed to enhance the transmission capacity by inducing a group velocity difference between adjacent solitons. Previous study has demonstrated the performance gain of the IT signal in scenario of single-polarization transmission. However, when the discrete spectrum is modulated in dual polarization, the transmission distance is limited by the soliton collisions inherent in the configuration of IT signal. To address this, we derive the explicit formula for the collision distortion on the soliton quantities, utilizing the asymptotic solutions of two-soliton model in the Manakov equation. The formula reveals that the distortion is determined by the polarization angle and polarization differential phase of two solitons. To mitigate the symbol-dependent distortion on the quantities, a pre-distortion scheme is proposed to cancel the collision distortion, incorporating with a detection scheme by using the asymptotic solution. Numerical results indicate the notable performance enhancement of the IT signals incorporating the proposed pre-distortion scheme, in comparison with the normal soliton signals.**",9,9,Pre-Distortion of Soliton Collision in Dual-Polarization Interaction-Tolerant Soliton Transmission,,,meta-llama/llama-4-scout-17b-16e-instruct,INDIRECT,llama-3.3-70b-versatile,DIRECT,True
O_ISAC_066,4D,intensity_only,magnitude,lexical,NONE,"The snippet discusses soliton temporal location, polarization angle, and differential phase, but does not mention intensity directly or indirectly in relation to the concept of intensity_only.","- For the symbol detection, the differential quantities  $\theta$  and  $\phi^d$  exhibit substantial robustness to noise after transmission, enabling their accurate detection even without intricate equalization processes [40]. Additionally, the magnitude of the norming constants may either exponentially increase or decrease as solitons approach the boundaries of the NFT temporal window.",128,128,III. INTERACTION-TOLERANT SOLITON SIGNAL AND PRECODING SCHEME > A. Interaction-Tolerant Soliton Signal > B. Precoding Scheme for Norming Constants,,,meta-llama/llama-4-scout-17b-16e-instruct,NONE,llama-3.3-70b-versatile,NONE,True
O_ISAC_068,4D,intensity_only,strength,lexical,NONE,"The text discusses IRS approaches and their applications in wireless communication systems, but does not mention intensity-only concepts.","IRS approaches represent a novel paradigm within JCS, leveraging programmable metasurfaces to control and manipulate RF signals in the environment. This technology is also known as Large Intelligent Surfaces (LIS), or Software-Controlled Metasurfaces (SCM) [19]. By intelligently adjusting the phase and amplitude of reflected signals, IRS can enhance coverage, improve signal strength, and mitigate interference. This approach offers unprecedented flexibility and adaptability in shaping the RF environment to optimize communication performance [20]-[21]. IRSs operate in the same frequency bands as the wireless signals they reflect, which can include microwave frequencies (e.g., sub-6 GHz bands) and mmWave frequencies used in modern wireless communication systems [22].",59,59,*A. Sender Approaches* > *C. Intelligent Reflective Surface (IRS) Approaches*,,,meta-llama/llama-4-scout-17b-16e-instruct,NONE,llama-3.3-70b-versatile,NONE,True
O_ISAC_068,4D,intensity_only,strength,lexical,NONE,"The text talks about materials with backscatter behavior and their applications in RFID tags and IRSs, but does not specifically discuss intensity-only concepts.","Another application is in the field of smart surfaces or IRSs, where materials are engineered to manipulate RF signals for enhanced communication performance as mentioned earlier. By controlling the phase and amplitude of reflected RF waves, these surfaces can optimize signal strength, mitigate interference, and improve coverage in wireless communication systems. Materials with tailored backscatter properties are essential components of IRS, enabling dynamic control of the RF environment to adapt to changing communication requirements [26].",67,67,*A. Sender Approaches* > *D. IRS Approaches aided Backscatter Communication*,,,meta-llama/llama-4-scout-17b-16e-instruct,NONE,llama-3.3-70b-versatile,NONE,True
O_ISAC_068,4D,intensity_only,strength,lexical,NONE,"The text describes various applications of cognitive radio devices, MIMO systems, and IRS panels, but does not explicitly mention intensity-only concepts.","In smart buildings or shopping malls, IRS panels that are installed on walls or ceilings can dynamically adjust the phase and amplitude of reflected RF signals to steer beams towards specific locations or users. This improves signal strength, reduces interference, and enables seamless connectivity for IoT devices, mobile users and other wireless applications [30].",79,79,*A. Sender Approaches* > *E. Application Examples*,,,meta-llama/llama-4-scout-17b-16e-instruct,NONE,llama-3.3-70b-versatile,NONE,True
O_ISAC_068,4D,intensity_only,intensity,lexical,INDIRECT,"The text mentions improvements in light intensity, which is related to the concept of intensity-only, but it is not a direct discussion of intensity-only concepts.","[47] introduced Optical Joint Communication And Sensing (O-JCAS), a novel optical integrated sensing and communication system with two key phases. In the first phase, directionless O-JCAS employs optical Access Points (AP) to broadcast non-directed light for communication and environmental sensing via reflected light. The second phase, directional O-JCAS, enhances both communication and sensing by having optical APs transmit focused light to users. To achieve this, the authors proposed optical beamforming using a collimating lens. The simulation results demonstrated notable improvements: directionless O-JCAS boosts sensing accuracy and communication Bit Error Rate (BER) by 3.76 dB and 3.01 dB, respectively. In the second phase, optical beamforming significantly increases light intensity, improving sensing accuracy and communication BER by 62.06 dB and 65.52 dB, respectively.",141,141,*C. VL Comparison to RF Approaches* > *D. VL Approaches applications*,,,meta-llama/llama-4-scout-17b-16e-instruct,INDIRECT,llama-3.3-70b-versatile,INDIRECT,True
O_ISAC_069,4D,imdd,im and dd,fuzzy:88.88888888888889,NONE,"The provided snippet does not mention the concept 'imdd' at all, hence it is labeled as NONE.","due to its multi-channel array sensing ability. By displaying the processed data from the underwater DAS in two dimensions of time and distance, we can get an efficient 2D spectrum after the 2D FFT operation for additional feature extraction. This will show a frequency-wavenumber (*f-k*) spectrum for the further seismic analysis[\[5\],](#page-10-0) [\[38\].](#page-10-0) Fig. 5 shows a calculated *f-k* spectrum when a nearby earthquake is recorded by our underwater DAS, as an example. As shown in the red boxes, we can identify the earthquake using the data with the frequency from 4 Hz to 15 Hz and the wavenumber from 0.005 m−<sup>1</sup> to 0.018 m−1. Compared with using 1-D time or frequency information, the feature extraction from 2-D *f-k* spectrum can have better performance to distinguish seismic signals from other oceanic signals.",115,115,II. ADVANCED SIGNAL PROCESSING OF UNDERWATER DISTRIBUTED ACOUSTIC SENSING FOR SEISMOLOGY APPLICATION > *A. Data Preprocessing* > B. Seismic Recognition,,,meta-llama/llama-4-scout-17b-16e-instruct,NONE,llama-3.3-70b-versatile,NONE,True
O_ISAC_069,4D,coherent,coherent detection,lexical,DIRECT,"The concept of 'coherent' is directly mentioned in the snippet, specifically in reference [21] 'coherent detection of phase-OTDR', and also in reference [23] 'Coherent Φ-OTDR'.","- [21] Y. Lu, T. Zhu, L. Chen, and X. Bao, ""Distributed vibration sensor based on coherent detection of phase-OTDR,"" *J. Lightw. Technol.*, vol. 28, no. 22, pp. 3243–3249, Nov. 2010.",293,293,II. ADVANCED SIGNAL PROCESSING OF UNDERWATER DISTRIBUTED ACOUSTIC SENSING FOR SEISMOLOGY APPLICATION > *A. Data Preprocessing* > REFERENCES,,,meta-llama/llama-4-scout-17b-16e-instruct,DIRECT,,,False
O_ISAC_069,4D,intensity_only,magnitude,lexical,NONE,The concept of intensity_only is not mentioned or implied in this snippet.,"Abstract—Photonic integrated sensing and communication technology based on optical fibers has recently attracted great research attention. In particular, distributed acoustic sensing (DAS) with telecommunication fibers is an emerging technology in the research areas of geology and seismology. With the massive deployment of telecommunication submarine cables, it provides an effective and low-cost approach for studying various oceanic geological and seismic activities. Though there have been some demonstrations of using DAS with submarine cables for the oceanic and geological analysis, no systematic analysis of the method has been presented, especially the signal processing techniques employed for the study. In this work, we discuss the signal processing procedure adopted to carry out seismic analysis using data obtained with the underwater DAS in detail, including the preprocessing of raw DAS data, the seismic recognition after feature extraction and event classification, and the seismic analysis of localization and magnitude estimations. Based on these signal processing methods, we successfully detect and analyze different seismic activities with our underwater DAS testbed, which utilizes the telecommunication submarine cable between two islands in the Pearl River estuary area of South",11,11,Advanced Signal Processing in Distributed Acoustic Sensors Based on Submarine Cables for Seismology Applications,,,meta-llama/llama-4-scout-17b-16e-instruct,NONE,llama-3.3-70b-versatile,NONE,True
O_ISAC_069,4D,intensity_only,magnitude,lexical,NONE,The concept of intensity_only is not mentioned or implied in this snippet.,"In this paper, we discuss a systemic signal processing approach of using underwater DAS with submarine cables for seismology applications, including the preprocessing of raw DAS data, the seismic recognition after feature extraction and event classification, and the seismic analysis of localization and magnitude estimations. Though there are works of either qualitative geological analysis using DAS data or algorithm development for specific problem reported, a systematic work focusing on signal processing with DAS data for seismic analysis has not been seen yet. Based on our testbed with the telecommunication submarine cable between two islands in the Pearl River estuary area of South China Sea, we experimentally demonstrate the results of seismic activity detection using our advanced signal processing algorithms. The rest of this paper is organized as follows. In Section II, the signal processing using the data from underwater DAS is discussed in detail for seismology application. In this section, we describe the characteristics of underwater DAS with submarine cables, the overall signal processing architecture for seismology, the raw DAS data preprocessing, the seismic recognition scheme, and the seismic evaluation of magnitude and localization. In Section III, we draw our field test environment and show the experimental results of the signal processing methods discussed above. Finally, the conclusion is given in Section IV.",41,41,Advanced Signal Processing in Distributed Acoustic Sensors Based on Submarine Cables for Seismology Applications > I. INTRODUCTION,,,meta-llama/llama-4-scout-17b-16e-instruct,NONE,llama-3.3-70b-versatile,NONE,True
O_ISAC_069,4D,intensity_only,intensity,lexical,INDIRECT,"The concept of intensity_only is related to the recovery of intensity in the context of $\Phi$-OTDR systems, but it is not the primary focus.","underwater DAS with submarine cables for seismic detection. It is worth noticing that we can fully utilize telecommunication facilities in this scenario, including both the submarine optical cables and some of the onshore facilities. As shown in Fig. 1, the DAS interrogator can be placed in the telecommunication control room onshore, and the submarine optical fiber is buried or directly laid on the seabed to feel the vibration or acoustic signals. It should be mentioned that although there are different deployment schemes for submarine cables, the DAS interrogator and the signal processing approach should be universal. The basic principle of DAS is from the technology called phase-sensitive optical time-domain reflectometry ( $\Phi$ -OTDR), which utilizes the Rayleigh backscattering light to detect the dynamic disturbance around the sensing fibers [21], [22], [23], [24], [25], [26], [27]. In the early days,  $\Phi$ -OTDR systems with direct detection scheme were developed to detect the vibration's position without knowing its amplitude or frequency, since such systems can only recover the intensity or amplitude of Rayleigh backscattering light whose change is not linear to external vibration. To achieve quantitative detection of the external vibration, advanced  $\Phi$ -OTDR systems are developed to extract the phase information from Rayleigh backscattering signals, such as the coherent  $\Phi$ -OTDR scheme with heterodyne detection, the coherent  $\Phi$ -OTDR scheme with homodyne detection using IQ demodulation, the  $\Phi$ -OTDR scheme using dual pulses with certain frequency difference, etc. [21], [22], [23], [24], [25], [26], [27]. In the field test of this work, we use a standard DAS interrogator (SILIXA iDAS) with the capability of phase demodulation of Rayleigh backscattering light for quantitative vibration signal analysis. Since this distributed sensing technology has been well developed, we will not discuss it in detail in this work. However, we can see that the underwater DAS for seismology is different from both the traditional ocean-bottom seismometer (OBS) scheme and the onshore DAS system. To better understand the underwater DAS system and investigate corresponding signal processing methods accordingly, here we list some important features of the underwater DAS for seismology as follows,",51,51,II. ADVANCED SIGNAL PROCESSING OF UNDERWATER DISTRIBUTED ACOUSTIC SENSING FOR SEISMOLOGY APPLICATION,,,meta-llama/llama-4-scout-17b-16e-instruct,INDIRECT,llama-3.3-70b-versatile,INDIRECT,True
O_ISAC_069,4D,intensity_only,intensity,fuzzy:88.88888888888889,INDIRECT,"The concept of intensity_only is related to the intensities of ocean waves and microseisms, but it is not the primary focus of the snippet.","As discussed above, we know that the measured seismic data of the underwater DAS is affected by many noise signals. In particular, the intensities of the ocean waves are sometimes larger than those of the microseisms. Thus, we can not use the raw DAS data to identify earthquakes directly. Besides, since the acquired data of underwater DAS is huge and different from the OBS, we need to investigate a novel and systematic signal processing procedure for the seismic recognition and analysis. Fig. 2 shows the architecture of our proposed DAS signal processing procedure for seismology applications. Three parts are included in general. In the preprocessing part, the raw data from the DAS firstly goes through the filtering and normalization module and the denoising module to remove the noise in different domains. After that, wavefront alignment algorithm is used to calibrate the arrival time difference of the seismic waves between the adjacent fiber sensors. In the recognition part, feature extraction and event classification algorithms are used to fast detect the seismic signals from the huge volume of DAS data. Unsupervised learning is introduced to the seismic recognition on the denoised data, which is based on the unique frequency and wavenumber feature clustering method. After an earthquake is identified, the seismic analysis part is used for acquiring the detailed seismic information, such as the epicenter and the magnitude. In this part, the arrival time differences from the wavefront aligning are used for estimating the distance from the epicenter, and the magnitude is evaluated based on the distance and historical seismic data measured by the DAS. In the following, we will discuss the three parts in detail, respectively.",66,66,II. ADVANCED SIGNAL PROCESSING OF UNDERWATER DISTRIBUTED ACOUSTIC SENSING FOR SEISMOLOGY APPLICATION,,,meta-llama/llama-4-scout-17b-16e-instruct,INDIRECT,llama-3.3-70b-versatile,INDIRECT,True
O_ISAC_069,4D,intensity_only,strength,lexical,NONE,"The provided snippet does not directly discuss or imply the concept of 'intensity_only'. It appears to focus on signal processing, noise suppression, and wavefront alignment in the context of seismic wave detection using an optical fiber sensor array, without explicitly addressing intensity as a standalone concept.","which can be multiplied on the original 2D signal to suppress the noise. This masking function can help provide a linear region for small inputs, followed by a suppression region for large inputs. In the equation, 1/b defines the extent of linear region and a defines the suppression strength, e.g., for infinite large input, the output after this masking function would be 1/a of the largest linear value. Here we empirically choose a=3 and b=1, and suppose  $S_{mean}(t)=1$ .  $S(t,L)M(t,L)\,{\rm vs.}\,S(t,L)\,{\rm is}$  plotted as in Fig. 3. In the denominator we use  $S^2_{mean}(t)$  instead of  $S_{mean}(t)$  because additional  $S_{mean}(t)$  in denominator can dynamically extend the linear region, and suppress the denoising effect in the present of earthquake.",95,95,II. ADVANCED SIGNAL PROCESSING OF UNDERWATER DISTRIBUTED ACOUSTIC SENSING FOR SEISMOLOGY APPLICATION > *A. Data Preprocessing*,,,meta-llama/llama-4-scout-17b-16e-instruct,NONE,llama-3.3-70b-versatile,NONE,True
O_ISAC_070,4D,coherent,coherent detection,lexical,INDIRECT,"The concept 'coherent' is related to 'self-coherent detection' in the context, which implies an indirect connection to the concept.",|                               |                    | Dual-band<br>CE-LFM-OFDM | ~60                        | 6                   | 64QAM          | 1.76                       | Self-coherent detection                      | [48] |,65,65,I. INTRODUCTION,,,meta-llama/llama-4-scout-17b-16e-instruct,INDIRECT,llama-3.3-70b-versatile,INDIRECT,True
O_ISAC_070,4D,coherent,coherent detection,lexical,INDIRECT,"The concept 'coherent' is related to 'coherent receiving' in one of the references, which implies an indirect connection to the concept.","- <span id=""page-9-23""></span>[48]W. Bai et al., ""Photonic super-resolution millimeter-wave joint radar communication system using self-coherent detection,"" *Opt. Lett*., vol. 48, no. 3, pp. 608–611, Feb. 2023.",284,284,REFERENCES,,,meta-llama/llama-4-scout-17b-16e-instruct,NONE,llama-3.3-70b-versatile,INDIRECT,True
O_ISAC_071,4D,json:rx_detection_type,,json,DIRECT,Structured receiver field,,,,,scenario_level[0].receiver.rx_detection_type,direct,json,DIRECT,,,False
O_ISAC_072,4D,json:rx_detection_type,,json,DIRECT,Structured receiver field,,,,,scenario_level[0].receiver.rx_detection_type,coherent,json,DIRECT,,,False
O_ISAC_074,4D,coherent,coherent detection,lexical,DIRECT,"The concept 'coherent' is directly mentioned in the context as 'coherent receiver' and 'coherent communication side', indicating a clear and direct relationship with the concept.","To validate endogenous ISAC using DP chirp TSs, we implemented 50-GBaud 16QAM transmission system, as illustrated in Fig. 2 (a). In transmitter, a 1550.12-nm narrow-linewidth laser (NKT E15, ~100 Hz) is split divided into two branches. One branch serves as local oscillator for self-homodyne sensing detection, while the other is modulated by electrical signals generated via 90GSa/s arbitrary waveform generator (AWG, Keysight M8196A). The sweep bandwidth and probe width of chirp TSs are 200MHz and 182ns, respectively. The telecom payload shares bandwidth with chirp TSs through inserting them at spectrum edge to minimize the influence, which is shown in Fig. 2(b). A semiconductor optical amplifier (SOA) is utilized to cut off the ISAC signal at the period (120μs) of round trip time to avoid RBS lightwave superposition due to AWG memory constraints. After amplified and filtered, the ISAC signal is injected into two fibers (10km and 400m) which are connected through piezoelectric transducer (PZT). The fiber with length of 1m is wrapped on the PZT. At the coherent communication side, the signal for ISAC is detected by an coherent receiver which consists of hybrid and 43GHz balanced photodiode (BPD). After coherent detection, the received analog signal is digitized by a digital storage oscilloscope (DSO, Keysight DSAZ594A) with a sampling rate of 80 GSa/s per channel. Simultaneously, the sensing path employs an integrated coherent receiver (ICR, Neophotonic class 40) to acquire RBS signals, sampled at 1 GSa/s via DSO and processed offline in MATLAB.",46,46,Endogenous ISAC Enabled Interference Fading Free Sensing via Telecom Training Sequence > I. INTRODUCTION > II. OPERATING PRINCIPLES > III. EXPERIMENTAL RESULTS,,,meta-llama/llama-4-scout-17b-16e-instruct,INDIRECT,llama-3.3-70b-versatile,DIRECT,True
O_ISAC_074,4D,intensity_only,intensity,lexical,NONE,"The text does not mention intensity-only concepts, instead focusing on integrated sensing and communication (ISAC) and the use of coherent optical communication systems.","In this paper, we propose using telecom training sequences (TSs) originally designed for polarization rotation estimation to achieve interference fading-free DAS. The proposed chirp TSs characterized by identical spectrums but opposite frequency modulation (FM) slopes are deployed in dual polarizations. Through fractional Fourier transform (FrFT) processing, the chirp TSs are orthogonal to each other and can be distinguished in matched fraction domain, thereby realizing SOP rotation estimation for forward communication. For backward sensing, the Rayleigh backscattering (RBS) signals of different chirp TSs can be compressed and extracted via matched FrFT. Consequently, the RBS signals with distinct spectrum component can be used to suppress interference fading due to frequency selectivity of interference fluctuation. Endogenous ISAC is experimentally verified through 50GBaud 16-QAM transmission co-existing with vibration sensing at 1m spatial resolution, achieving the lowest intensity of synthesized trace 4.9 dB above noise floor.",23,23,Endogenous ISAC Enabled Interference Fading Free Sensing via Telecom Training Sequence > I. INTRODUCTION,,,meta-llama/llama-4-scout-17b-16e-instruct,NONE,llama-3.3-70b-versatile,NONE,True
O_ISAC_074,4D,intensity_only,intensity,lexical,INDIRECT,"The text mentions intensity traces obtained using matched FrFTs, which implies that intensity is being measured or considered, but it is not the sole focus of the discussion.",Fig. 1 (a) Frame structure. (b) *t-f* distribution of chirp TSs. (c) The converged peaks occur after matched FrFTs. (d) converged peaks after -cotα rotation FrFT. (e) zoom-in view of peak. (f) and (g) Intensity trace obtained using matched FrFTs (h) zoom-in view of intensity traces.,38,38,Endogenous ISAC Enabled Interference Fading Free Sensing via Telecom Training Sequence > I. INTRODUCTION > II. OPERATING PRINCIPLES,,,meta-llama/llama-4-scout-17b-16e-instruct,INDIRECT,llama-3.3-70b-versatile,INDIRECT,True
O_ISAC_074,4D,intensity_only,intensity,lexical,INDIRECT,"Similar to the previous snippet, the text discusses the extraction performance of FrFT and the emergence of converged peaks, which may involve intensity measurements, but it is not the primary concept being explored.","Owing to identical spectrum but different FM slopes of chirp TSs, there exist two RBS light-waves with distinct frequencies at each time, except when two RBS light-waves coincide. The spectrum component at same time for chirp TSs or probes can be regarded as having independent intensity fluctuation since the impulse response with homodyne detection of fiber is statistically independent on each frequency. To extract the RBS of chirp TS, the matched FrFT is applied. It is noteworthy that the FrFT can converge the chirp TS, which means that it can compress the amplitude envelope of the sensing probe. According to zoom-in figure Fig. 1(e), the peak attained after the matched FrFT exhibits high performance with high peak to side lobe ratio (PSLR) approximate to 31.1 dB. The ultra-narrow full width of peak for 3 dB is 1 sample. Fig. 1(f) shows the RBS signals from different received SOPs are aggregated utilizing the rotated vector sum method. The synthesized intensity trace depicted in blue (orange) color is recovered using p (-p) FrFT operations on dual SOPs of receiver. It is observed that many locations have very weak optical intensity due to interference fading. The zoom-in view of the traces from 4000m to 4020m are also investigated. The RBS traces obtained from different FM slopes vary, and the locations where interference fading occurs are also distinct. Therefore, the RBS light-waves from TSs originally designed for SOP rotation estimation can be used for eliminating interference fading.",42,42,Endogenous ISAC Enabled Interference Fading Free Sensing via Telecom Training Sequence > I. INTRODUCTION > II. OPERATING PRINCIPLES,,,meta-llama/llama-4-scout-17b-16e-instruct,INDIRECT,llama-3.3-70b-versatile,INDIRECT,True
O_ISAC_074,4D,intensity_only,intensity,lexical,NONE,"The text does not focus on intensity-only concepts, instead discussing the experiment setup, power allocation, and performance of SOP rotation estimation, without emphasizing intensity as a primary aspect.","To investigate power allocation between chirp TSs and telecom payload sharing the transmitter, the sensing-tocommunication power ratio (SCPR) is defined. Fixing optical power launched into the fiber to 3 dBm, the SCPR is adjusted to explore the performance of SOP rotation estimation, which is shown in Fig. 3(a) and (b). The yellow circular and green triangle dots denote reference and measured SOPs. It can be observed that RMSEs degrade at SOP rotation corresponding to  $(2n+1)\pi/2$  due to incomplete energy transfer between chirp TSs of orthogonal SOPs. The mean root mean square error (RMSE) corresponding to SCPR from -37 to -12 dB improves from 1.62 to 0.48 owing to more powerful convergence peak, as shown in Fig. 3(c). Fig. 3(d) demonstrates the improvement of signal to noise ratio (SNR) of vibration power spectrum density (PSD) alongside bit rate ratio (BER) degradation with rising SCPR. The SCPR is selected as -6 dB to balance the effect of quantization noise and RBS intensity. To compress the RBS signal while reduce the measured noise, the FrFT combined with moving rotated vector-average (MRVA) is used [11, 12]. The sliding times and the differential distance are selected as 3 and 2 sampling points, resulting in an approximate final spatial resolution of 1 m. Fig. 3(e) compares RBS intensity traces retrieved using single chirp TSs (exceeding 38 dB fluctuations) versus dual chirp TSs (about 17 dB intensity fluctuation). Superior to result using only one chirp TSs, the lowest optical intensity of trace obtained by dual TSs is 4.9 dB higher than the noise floor, achieving interference fading free performance. Fig. 3(f) shows the demodulated differential phases obtained using single and dual chirp TSs, and contains 100 differential phase traces. As shown in Fig. 3(g) and (h), 500 Hz sinusoidal vibration is successfully demodulated with a resolution of 1 m, and the inset of (h) indicates that the SNR of demodulated vibration in PSD is about 20.3 dB.",54,54,Endogenous ISAC Enabled Interference Fading Free Sensing via Telecom Training Sequence > I. INTRODUCTION > II. OPERATING PRINCIPLES > III. EXPERIMENTAL RESULTS,,,meta-llama/llama-4-scout-17b-16e-instruct,NONE,llama-3.3-70b-versatile,NONE,True
O_ISAC_074,4D,intensity_only,intensity,lexical,NONE,"The snippet discusses various figures and performance metrics related to SOP estimation, BER, and PSD SNR, but does not directly relate to the concept of intensity_only.",Fig. 3. The SOP estimation performance of when SCPR=-32dB. (b) The SOP estimation performance when SCPR=-22dB. (c) RMSE of SOP estimation versus SCPR. (d) BER of comm. and PSD SNR of sensing performance versus SCPR. (e) Intensity trace obtained using single and dual FrFT orders. (f) The corresponding differential phases retrieved. (g) Temporal evolution of the phase. (h) Phase STD distribution along sensing fiber.,58,58,Endogenous ISAC Enabled Interference Fading Free Sensing via Telecom Training Sequence > I. INTRODUCTION > II. OPERATING PRINCIPLES > III. EXPERIMENTAL RESULTS,,,meta-llama/llama-4-scout-17b-16e-instruct,NONE,llama-3.3-70b-versatile,NONE,True
O_ISAC_074,4D,json:rx_detection_type,,json,DIRECT,Structured receiver field,,,,,scenario_level[0].receiver.rx_detection_type,coherent,json,DIRECT,,,False
O_ISAC_075,4D,intensity_only,intensity,lexical,DIRECT,"The snippet directly mentions 'modulate the intensity of the light emitted by the LED or LD transmitter', which implies the concept of intensity_only is directly discussed.","Fig. 1 depicts the schematic diagram of a RO-ISAC system using the proposed OFDM-MLS waveform. At the RO-ISAC transceiver, the OFDM-MLS modulation is first performed to generate a desired OFDM-MLS signal, which is then converted into an analog signal via digital-to-analog (D/A) conversion. After adding a direct current (DC) bias, the resultant real-valued non-negative OFDM-MLS signal is used to modulate the intensity of the light emitted by the LED or LD transmitter. At the RO-ISAC receiver, a photo-detector (PD) is employed to capture the light and convert it into an electrical signal. The detected electrical signal is further converted into a digital signal via analog-to-digital (A/D) conversion and OFDM-MLS demodulation is carried out subsequently to obtain the output bits. The detailed procedures of OFDM-MLS modulation and demodulation will be discussed in the next subsection.",49,49,"Flexible Waveform Design for RO-ISAC Based on OFDM-Embedded Maximum Length Sequence > <span id=""page-0-0""></span>I. Introduction > II. PRINCIPLE > A. Principle of RO-ISAC",,,meta-llama/llama-4-scout-17b-16e-instruct,DIRECT,,,False
O_ISAC_075,4D,json:rx_detection_type,,json,DIRECT,Structured receiver field,,,,,scenario_level[0].receiver.rx_detection_type,direct,json,DIRECT,,,False
O_ISAC_076,4D,coherent,coherent detection,lexical,DIRECT,"The concept 'coherent' is directly related to the context of the snippet, specifically in the phrase 'after coherent detection' and 'coherent detection' which implies a direct connection to the concept of coherence in signal processing and optics.","Fig. 2. At the transmitter side, four subcarriers are multiplexed in electrical domain. At the interval between subcarriers, two FPTs at frequencies of f<sup>1</sup> and f<sup>2</sup> are inserted on X and Y polarizations respectively, as shown in Fig. 2(a). At the receiver side, the electrical spectrum after coherent detection is shown in Fig. 2(b). The FPTs components are present at both polarizations due to crosstalk induced by random birefringence along fiber link. Meanwhile, the FPTs' spectral widths are related to the inherent linewidth of Tx and Rx lasers and time-varying FO. After polarization demultiplexing, fiber birefringence effects are compensated and no FPTs crosstalk between polarization is present. After ideal FO and phase noise compensation, the FPTs will be recovered with zero linewidth fully, as shown in Fig. 2(c).",55,55,Integrated Communication and Enhanced Forward Phase-Based Sensing Based on Frequency-Domain Pilot Tones in DSCM Systems Using 100 kHz ECLs > I. INTRODUCTION > II. PRINCIPLES,,,meta-llama/llama-4-scout-17b-16e-instruct,NONE,llama-3.3-70b-versatile,DIRECT,True
O_ISAC_077,4D,intensity_only,magnitude,lexical,NONE,"The snippet discusses OFDM's color distribution, OCDM's aggregation, and error vector magnitude, but does not directly or indirectly relate to the concept of intensity_only.","OFDM's color is light and unevenly distributed. Besides, the OCDM's have better aggregation and clearer spacing, intuitively smaller error vector magnitude.",96,96,B. Radar Receiver Processing > III. PHOTONIC THZ ISAC LINK > B. Waveform Parameters Setting > A. Bit Error Ratio,,,meta-llama/llama-4-scout-17b-16e-instruct,NONE,llama-3.3-70b-versatile,NONE,True
O_ISAC_077,4D,json:rx_detection_type,,json,DIRECT,Structured receiver field,,,,,scenario_level[0].receiver.rx_detection_type,coherent,json,DIRECT,,,False
O_ISAC_078,4D,imdd,im/dd,lexical,INDIRECT,"The concept 'imdd' is mentioned in the context of various research papers and conferences, but it is not directly defined or explained in the given snippet.","- [1] J. Zhang et al., ""280 Gb/s IM/DD PS-PAM-8 transmission over 10 km SSMF at O-band for optical interconnects,"" in *Proc. Opt. Fiber Commun. Conf. Exhib.*, 2020, pp. 1–3.",175,175,O-Band DML Enabled 4×100G Short-Reach Photonic Interconnections With Weighted Decision Aided Recurrent Neural Network > *C. Simplification and Computational Complexity Analysis of WD-RNN* > REFERENCES,,,meta-llama/llama-4-scout-17b-16e-instruct,INDIRECT,llama-3.3-70b-versatile,INDIRECT,True
O_ISAC_078,4D,imdd,im/dd,lexical,INDIRECT,"Similar to the previous snippet, 'imdd' is mentioned in the context of research papers and conferences, but its meaning or definition is not explicitly provided.","- [3] K. Wang, J. Zhang, M. Zhao, W. Zhou, L. Zhao, and J. Yu, ""High-speed PS-PAM8 transmission in a four-lane IM/DD system using SOA at O-band for 800G DCI,"" *IEEE Photon. Technol. Lett.*, vol. 32, no. 6, pp. 293–296, Mar. 2020.",177,177,O-Band DML Enabled 4×100G Short-Reach Photonic Interconnections With Weighted Decision Aided Recurrent Neural Network > *C. Simplification and Computational Complexity Analysis of WD-RNN* > REFERENCES,,,meta-llama/llama-4-scout-17b-16e-instruct,INDIRECT,llama-3.3-70b-versatile,INDIRECT,True
O_ISAC_078,4D,imdd,im/dd,lexical,INDIRECT,"The term 'imdd' appears in the context of research papers and conferences, but its definition or explanation is not directly provided in the snippet.","- [8] D. Zou et al., ""Comparision of bit-loading and DFT-spread DMT signal transmission in O-band IM/DD system utilizing DML,"" in *Proc. Asia Commun. Photon. Conf.*, 2018, pp. 1–3.",185,185,O-Band DML Enabled 4×100G Short-Reach Photonic Interconnections With Weighted Decision Aided Recurrent Neural Network > *C. Simplification and Computational Complexity Analysis of WD-RNN* > REFERENCES,,,meta-llama/llama-4-scout-17b-16e-instruct,INDIRECT,llama-3.3-70b-versatile,INDIRECT,True
O_ISAC_078,4D,imdd,im/dd,lexical,INDIRECT,"The concept 'imdd' is mentioned in the context of research papers and conferences, but its meaning or definition is not explicitly explained in the given snippet.","- [9] X. Pang et al., ""200 Gb/s optical-amplifier-free IM/DD transmissions using a directly modulated O-band DFB+R laser targeting LR applications,"" *J. Lightw. Technol.*, vol. 41, no. 11, pp. 3635–3641, Jun. 2023.",186,186,O-Band DML Enabled 4×100G Short-Reach Photonic Interconnections With Weighted Decision Aided Recurrent Neural Network > *C. Simplification and Computational Complexity Analysis of WD-RNN* > REFERENCES,,,meta-llama/llama-4-scout-17b-16e-instruct,INDIRECT,llama-3.3-70b-versatile,INDIRECT,True
O_ISAC_078,4D,imdd,im/dd,lexical,INDIRECT,"The concept 'imdd' is mentioned in multiple references ([8], [9], [10]) as 'IM/DD' which stands for Intensity Modulation/Direct Detection, indicating that the concept is related to the topic but not directly defined or explained in the given snippet.","- [10] Q. Zhang et al., ""An improved volterra nonlinear equalizer for 50 Gb/s PAM4 IM/DD transmission with 10G-Class optics,"" in *Proc. Asia Commun. Photon. Conf. Int. Conf. Inf. Photon. Opt. Commun.*, 2020, pp. 1–3.",187,187,O-Band DML Enabled 4×100G Short-Reach Photonic Interconnections With Weighted Decision Aided Recurrent Neural Network > *C. Simplification and Computational Complexity Analysis of WD-RNN* > REFERENCES,,,meta-llama/llama-4-scout-17b-16e-instruct,INDIRECT,llama-3.3-70b-versatile,INDIRECT,True
O_ISAC_078,4D,intensity_only,intensity,lexical,DIRECT,"The snippet mentions 'intensity modulation direct detection (IM-DD) short-reach transmission' and 'intensity modulation and direct detection (IM-DD) technique', directly relating to the concept of intensity_only.","Abstract—The severe bandwidth constraint along with nonlinearity introduced by the utilization of low-cost direct modulation laser (DML) hinders a higher data throughput for the photonic interconnection. Here, we propose a nonlinear equalizer based on weighted decision aided recurrent neural network (WD-RNN) for the four-level pulse amplitude modulation (PAM-4) intensity modulation direct detection (IM-DD) short-reach transmission, when the average 10-dB bandwidth of four used DMLs is only 20.2 GHz. After optimizing the WD-RNN equalization parameters for one wavelength channel at fixed received optical power (ROP) and applying the same parameters to other channels, we can experimentally realize the  $4 \times 100$  Gb/s transmission over 10 km standard single-mode fiber (SSMF) and verify the generalization of the WD-RNN enabled nonlinear equalizer under the wavelength channel variation, when the 7% HD-FEC threshold is considered. Furthermore, the proposed nonlinear equalizer is experimentally verified to outperform the conventional model-driven Volterra equalizer, data-driven nonlinear equalizers based on feedforward network, and auto regressive recurrent neural network (AR-RNN), in term of the BER performance under various ROP conditions. Meanwhile, the training process of WD-RNN can be simplified with reduced data size and epochs, in comparison with its AR-RNN enabled counterpart, leading to the mitigation of decision errors arising in the feedback structure. The required computational complexity (CC) of the WD-RNN based nonlinear equalizer is found to be only 11.85%, 26.14%, 71.88% of that for VNLE, FNN and AR-RNN, in terms of achieving the same equalization performance. With the introduction of weight pruning, the CC of WD-RNN can be further reduced by 40%, without any performance penalty.",9,9,O-Band DML Enabled 4×100G Short-Reach Photonic Interconnections With Weighted Decision Aided Recurrent Neural Network,,,meta-llama/llama-4-scout-17b-16e-instruct,DIRECT,,,False
O_ISAC_078,4D,intensity_only,intensity,lexical,DIRECT,"Similar to idx 0, this snippet also directly mentions 'intensity modulation direct detection (IM-DD) short-reach transmission', relating to the concept of intensity_only.","Index Terms—Intensity modulation direct detection (IM-DD), multiple lanes, O-band, weighted decision aided recurrent neural network (WD-RNN).",11,11,O-Band DML Enabled 4×100G Short-Reach Photonic Interconnections With Weighted Decision Aided Recurrent Neural Network,,,meta-llama/llama-4-scout-17b-16e-instruct,DIRECT,,,False
O_ISAC_078,4D,intensity_only,intensity,lexical,DIRECT,"This snippet discusses 'intensity modulation and direct detection (IM-DD) technique' and 'four-level pulse amplitude modulation (PAM-4) intensity modulation direct detection', directly referencing the concept of intensity_only.","RECENTLY, due to the rapid development of the Internet and artificial intelligence (AT) there. growth in data traffic [1], [2]. In this context, an urgent demand arises for short-reach photonic interconnection systems capable of supporting higher throughput with low-cost and low power consumption. With the intensity modulation and direct detection (IM-DD) technique, achieving a transmission rate of 400 Gb/s is challenging for single-lane transmission [3]. Alternatively, a four-lane wavelength division multiplexing (WDM) IM-DD scheme is adopted to achieve 400 Gb/s photonic interconnections, which is operated at O-band, instead of C-band, for the purpose of minimizing the impact of chromatic dispersion induced power fading. Moreover, four-level pulse amplitude modulation (PAM-4) has been recommended as the optimal choice for 400-Gigabit Ethernet (400GE) applications, owing to its ability to increase the spectral efficiency (SE) while maintaining a low system complexity [4]. Furthermore, utilizing direct modulation laser (DML) for the PAM-4 signal modulation is ideally preferred, in comparison with Mach-Zehnder modulator (MZM) and electro-absorption modulator (EAM), due to its advantages of low cost, small footprint, and low power consumption.",23,23,O-Band DML Enabled 4×100G Short-Reach Photonic Interconnections With Weighted Decision Aided Recurrent Neural Network > I. INTRODUCTION,,,meta-llama/llama-4-scout-17b-16e-instruct,DIRECT,,,False
O_ISAC_078,4D,intensity_only,intensity,lexical,INDIRECT,"The provided snippets discuss various aspects of optical communication systems, including PAM modulation formats, DSP-aided PON, and chirp compensation. While these topics are related to intensity modulation, they do not directly focus on intensity-only concepts. Instead, they explore broader themes in optical communication, making the connection to intensity-only concepts indirect.","- [6] K. Zhang et al., ""Intensity-directed equalizer for chirp compensation enabling DML-based 56Gb/s PAM4 C-band delivery over 35.9 km SSMF,"" in *Proc. Eur. Conf. Opt. Commun.*, 2017, pp. 1–3.",180,180,O-Band DML Enabled 4×100G Short-Reach Photonic Interconnections With Weighted Decision Aided Recurrent Neural Network > *C. Simplification and Computational Complexity Analysis of WD-RNN* > REFERENCES,,,meta-llama/llama-4-scout-17b-16e-instruct,INDIRECT,llama-3.3-70b-versatile,INDIRECT,True
O_ISAC_079,4D,coherent,coherent detection,lexical,DIRECT,"The term 'coherent' is directly mentioned in the context as 'Self-homodyne Coherent Detection Transmission System', indicating a clear and direct relationship with the concept.",# LFM Carrier Enabled Integrated Sensing and Communication in Self-homodyne Coherent Detection Transmission System,5,5,LFM Carrier Enabled Integrated Sensing and Communication in Self-homodyne Coherent Detection Transmission System,,,meta-llama/llama-4-scout-17b-16e-instruct,NONE,llama-3.3-70b-versatile,DIRECT,True
O_ISAC_079,4D,coherent,coherent detection,lexical,DIRECT,The abstract mentions 'self-homodyne coherent detection' which directly relates to the concept of coherent.,"**Abstract**: We demonstrate integrated communication (25-Gbaud DP-16QAM, <1 dB penalty) and distributed sensing (2-cm spatial resolution) over 10-km MCF using linear-frequency-modulated carriers and self-homodyne coherent detection. Simultaneous optical multipath interference, transmission loss, and vibration monitoring are achieved without spectral overhead. ©2025 The Author(s)",11,11,LFM Carrier Enabled Integrated Sensing and Communication in Self-homodyne Coherent Detection Transmission System,,,meta-llama/llama-4-scout-17b-16e-instruct,DIRECT,,,False
O_ISAC_079,4D,coherent,coherent detection,lexical,DIRECT,The text mentions 'Self-homodyne coherent detection (SHCD)' which directly relates to the concept of coherent.,"Self-homodyne coherent detection (SHCD) emerges as a low-cost and simplified solution in higher-speed data center interconnects (DCI), utilizing spatial-division-multiplexed (SDM) local oscillator (LO) and signal transmission to eliminate phase noise, thereby reducing digital signal processing (DSP) complexity [1]. While a critical challenge lies in constructing integrated sensing and communication (ISAC) systems capable of monitoring SHCD link health parameters, particularly optical multipath interference (MPI), transmission loss (TL), and vibration disturbances.",15,15,LFM Carrier Enabled Integrated Sensing and Communication in Self-homodyne Coherent Detection Transmission System > Introduction,,,meta-llama/llama-4-scout-17b-16e-instruct,DIRECT,,,False
O_ISAC_079,4D,coherent,coherent detection,lexical,DIRECT,The text mentions 'self-homodyne coherent detection (SHCD) systems' which directly relates to the concept of coherent.,"In this paper we propose, for the first time, a linear frequency-modulated (LFM) carrier-enabled SHCD architecture to integrate high-fidelity communication and optical frequency-domain reflectometry (OFDR)-based sensing without additional spectrum occupation. Our design leveraging multicore fiber (MCF) for spatially isolated LO/signal transmission. For data transmission, the LFM-induced phase noise can be cancelled by coherent detection through precise signal-LO relative-time-delay (RTD) alignment. For sensing application, by establishing an intrinsic OFDR",19,19,LFM Carrier Enabled Integrated Sensing and Communication in Self-homodyne Coherent Detection Transmission System > Introduction,,,meta-llama/llama-4-scout-17b-16e-instruct,DIRECT,,,False
O_ISAC_079,4D,coherent,coherent detection,lexical,DIRECT,"The concept 'coherent' is directly related to the experimental setup, specifically in the context of 'remote coherent detection' and the use of a 'coherent' detection method in the receiver.","We demonstrate ISAC in an SHCD system using a 10-km 7-core multicore fiber as the SDM transmission link. A 5-meter section of the MCF is wound around a piezoelectric ceramic (PZT) cylinder (radius=2.5 cm) to simulate environmental disturbances. Fig. 2(a) illustrates the experimental configuration. A narrow-linewidth fiber laser (NKT E15) generates the optical carrier, which undergoes LFM via a single-sideband modulator. The LFM waveform with 5 GHz bandwidth is synthesized using a wideband voltagecontrolled oscillator (ADF5709). The modulated carrier is then injected into an injection-locked DFB laser, amplifying the power to 13 dBm while suppressing residual sidebands. The LFM optical carrier splits via an 80:20 coupler into two branches: upper for data transmission and lower for LO. The upper branch modulates a signal using an IQ modulator, transmitting through an outer MCF core. An erbium-doped fiber amplifier and optical bandpass filter precondition the signal before transmission. The lower branch routes the LO through the central MCF core for remote coherent detection. At the receiver, an optical delay line compensates RTD between two paths. Received optical power (ROP) is adjusted via a variable optical attenuator before the ICR (NeoPhotonics μ40) [8]. Offline DSP is shown in Fig.2(a).",53,53,**Operation Principle** > Experimental Setup,,,meta-llama/llama-4-scout-17b-16e-instruct,INDIRECT,llama-3.3-70b-versatile,DIRECT,True
O_ISAC_079,4D,intensity_only,intensity,lexical,INDIRECT,"The concept 'intensity_only' is related to the measurement of intensity, but the provided snippet discusses various aspects of the OFDR sensing performance, including vibration detection, spatial resolution, and loss measurement, without solely focusing on intensity.","3(a) displays the RBS intensity profile along the fiber length, showing two Fresnel reflection peaks at the MCF end (upper inset) with measured 2 cm spatial resolution, close to the theoretical limit according to (4). The 5-m fiber section coiled on the 2.5-cm radius PZT exhibits ~3.6 dB intensity reduction (lower inset), quantifying bending loss for tight coiling. The calculated transmission loss over 10-km MCF exceeds 0.221 dB/km, demonstrating precise loss measurement capability. Vibration detection was tested using 50-Hz sinusoidal PZT excitation at 20 V amplitude. Figure 3(b) presents the time-distance frequency shift distribution, with upper inset showing recovered timedomain vibration (150 MHz shift corresponding to ~1 strain) [10] and lower inset demonstrating 2.5-m spatial resolution. The linear response between applied voltage on PZT and measured strain amplitude yields a coefficient of determination (R²) of 0.998 and sensitivity of 0.0492 /, as shown in Figure 3(c) Figure 3(d) further verifies high-fidelity vibration waveform recovery for various frequencies and patterns, confirming the system's superior dynamic sensing capability.",69,69,**Operation Principle** > Experimental Setup > Results and discussions,,,meta-llama/llama-4-scout-17b-16e-instruct,INDIRECT,llama-3.3-70b-versatile,INDIRECT,True
O_ISAC_080,4D,coherent,coherent detection,lexical,INDIRECT,"The concept 'coherent' is related to the context of optical communication and signal processing, but it is not explicitly mentioned in the given snippet. However, the mention of 'root raised cosine (RRC) filter' and 'arbitrary waveform generator (AWG1, Keysight 8196)' implies a connection to coherent signal processing.","To validate the feasibility of in-band spectrum sensing via FD-NOMA signal, a bidirectional experiment employing 60-Gbaud 16QAM signals is conducted with the setup illustrated in Fig. 3(a). The downstream (DS) and upstream (US) paths, depicted in red and blue respectively, are separated via wavelength. In the DS transmitter, an integrated tunable laser assembly (ITLA) operating at 1550.1 nm (linewidth ~200 kHz) serves as the optical source. A sequence of 16QAM symbols with length of 215 are generated and shaped by root raised cosine (RRC) filter. After resampling, the 16QAM signal is generated via an 90GSa/s arbitrary waveform generator (AWG1, Keysight 8196). A chirp probe corresponding to a 0.1-order FrFT rotation is introduced in the Y-SOP. The purpose of utilizing 0.1-order FrFT rotation is to prevent energy dispersion induced by emergence of multiple convergence peaks [22]. This can lead to degradation of estimation performance of SOP rotation since low-peak-value convergence peak is more susceptible to the influence of teleom signal and noise. This probe spanning 2<sup>14</sup> samples, is superimposed onto the telecom payloads to form the FD-NOMA signal. The electrical FD-NOMA signal subsequently drives a coherent driver modulator (CDM, NeoPhotonics). The downstream signal is received using an optical 90° hybrid and four balanced photodiodes (BPDs) for coherent detection of the dual-polarization signal. For the US path, an ITLA at",120,120,B. Principle of In-band Spectrum Polarization sensing To enable polarization-based sensing without > III. EXPERIMENT SETUP,,,meta-llama/llama-4-scout-17b-16e-instruct,INDIRECT,llama-3.3-70b-versatile,INDIRECT,True
O_ISAC_080,4D,coherent,coherent sensing,lexical,DIRECT,"The concept 'coherent' is directly related to the context of optical communication, as evident from the mention of 'digital coherent sensing system' and 'self-homodyne coherent detection' in the references.","- [11] S. Guerrier, K. Benyahya, C. Dorize., et al, Vibration detection and localization in buried fiber cable after 80 km of SSMF using digital coherent sensing system with co-propagating 600Gb/s WDM channels, in *Optical Fiber Communication Conference* (*OFC*), paper M2F.3, 2022.",227,227,REFERENCES,,,meta-llama/llama-4-scout-17b-16e-instruct,INDIRECT,llama-3.3-70b-versatile,DIRECT,True
O_ISAC_080,4D,coherent,coherent detection,lexical,DIRECT,"This snippet directly mentions 'digital coherent sensing system' and 'coherent detection', which are directly related to the concept of coherent.","- [12] E. Ip, Y. Huang, T. Wang., et al, Distributed acoustic sensing for datacenter optical interconnects using self-homodyne coherent detection. in *Optical Fiber Communication Conference* (*OFC*)., p. W1G. 4, 2022.",228,228,REFERENCES,,,meta-llama/llama-4-scout-17b-16e-instruct,DIRECT,,,False
O_ISAC_080,4D,intensity_only,intensity,lexical,INDIRECT,"The concept of intensity_only is related to the elevation of the normalized intensity of the signal, but it is not directly stated. Instead, the text discusses the effects of the sensing probe on the spectrum and the extraction of the sensing signal, which implies an indirect relationship with intensity_only.","consisting of telecom payload and sensing probe. When the SCPR is -6 dB, the normalized intensity of signal within bandwidth from -7.5 to 7.5 GHz is elevated. This elevation is attributed to the presence of a high-power sensing probe resulting in an uneven spectrum across the entire FD-NOMA signal. The spectrum of FD-NOMA signal is relatively flat with SCPR=-18dB. Although the sensing signal is not discernible on the spectrum at this SCPR, it can be extracted due to energy-compaction property, resulting in a convergence peak in the fractional domain. The fractional peak is depicted in Fig. 5(d). After SIC, the convergence peak is reduced significantly in fractional domain. Constellation diagrams for 16QAM after MIMO adaptive equalization and phase recovery without SIC are presented in Fig. 5(e). The Y-SOP constellation samples exhibit decision boundary ambiguity due to superposition with the sensing probe signal. Compared to Y-SOP constellation samples, the X-SOP constellation demonstrates clearer boundaries. This is because over half of the telecom payload does not undergo non-orthogonal access",146,146,B. Principle of In-band Spectrum Polarization sensing To enable polarization-based sensing without > III. EXPERIMENT SETUP > IV. EXPERIMENTAL RESULTS AND DISCUSSIONS,,,meta-llama/llama-4-scout-17b-16e-instruct,INDIRECT,llama-3.3-70b-versatile,INDIRECT,True
O_ISAC_081,4D,intensity_only,magnitude,lexical,NONE,"The provided snippet does not directly discuss or imply the concept of 'intensity_only'. It focuses on integrated sensing and communication systems, antenna-in-package, and traveling wave antennas, without mentioning intensity as a standalone concept.","Integrated sensing and communication (ISAC) systems have been receiving significant attention due to enhanced spatial efficiency and functional versatility [1]. Conventional microwave and mmWave antenna-in-package (AiP) for ISAC are separately realized for radar and communication, which requires vast number of antenna elements [2], [3], [4]. In Table I, conventional ISAC antenna design [3], [4] faces physical challenges due to the large antenna size. In addition, the topology results in interference between the two respective antenna beams for radar and communication resulting in degraded EVM (Error Vector Magnitude), low SNR (Signal to Noise Ratio), and degraded accuracy.",17,17,I. INTRODUCTION,,,meta-llama/llama-4-scout-17b-16e-instruct,NONE,llama-3.3-70b-versatile,NONE,True
O_ISAC_081,4D,json:rx_detection_type,,json,DIRECT,Structured receiver field,,,,,scenario_level[0].receiver.rx_detection_type,coherent,json,DIRECT,,,False
O_ISAC_082,4D,coherent,coherent sensing,lexical,DIRECT,"The snippet directly discusses the concept of 'coherent' in the context of a self-coherent ISAC framework and sensing system. The term 'self-coherent' and the discussion around coherent processing (e.g., square-law detection for downconversion) directly relate to the concept of coherence.","The sensing system uses the same waveform and hardware transceiver architecture as the communication system in the self-coherent ISAC framework, but it processes SSBI differently in digital signal processing. In the self-coherent sensing system, the receiver uses square-law detection for downconversion, which causes both the OFDM signal and its SSBI to appear at baseband simultaneously. To improve sensing performance, it is important to analyze the ambiguity functions of these two signals separately. By multiplying the OFDM signal by its complex conjugate, the SSBI signal without additional time delay can be obtained. It is also crucial to remove the dc component from the SSBI signal, because its zero-Doppler cut of the ambiguity function would otherwise form a large triangular shape, reducing the PSLR.",130,130,A. Communication Model > B. Sensing Model,,,meta-llama/llama-4-scout-17b-16e-instruct,DIRECT,,,False
O_ISAC_082,4D,intensity_only,magnitude,lexical,INDIRECT,"The concept 'intensity_only' is not explicitly mentioned in the snippet, but the discussion of power spectral densities and the comparison of OFDM and SSBI signals in terms of 3-dB resolution and PSLR implies a focus on signal intensity, which is an indirect indication of the concept.","1) Performance Analysis of PSLR and 3-dB Resolution: As an example, consider an OFDM signal with a 5-GHz bandwidth and its SSBI signal. Their respective power spectral densities and zero-Doppler cuts of the ambiguity functions are shown in Fig. 4. While both signals have an effective bandwidth of 5 GHz, SSBI provides significant advantages in both 3-dB resolution and PSLR. Specifically, the 3-dB resolution of SSBI improves from 2.6 to 1.9 cm, a 28% enhancement. Additionally, the PSLR of SSBI increases from 13 to 26 dB, offering a 13-dB gain. Since the SSBI signal equals the squared magnitude of the OFDM signal, the PSLR of the SSBI ambiguity function is also equal to the absolute square of the PSLR of the OFDM ambiguity function, which becomes twice as large in the dB domain. This higher PSLR enables clearer detection of weak reflected targets that might otherwise be obscured by sidelobes.",140,140,A. Communication Model > B. Sensing Model,,,meta-llama/llama-4-scout-17b-16e-instruct,INDIRECT,llama-3.3-70b-versatile,INDIRECT,True
O_ISAC_083,4D,complex_field,complex domain,fuzzy:85.71428571428572,NONE,"The provided snippet does not mention or relate to the concept of 'complex_field' in any direct or indirect manner. It discusses 6G fixed networks, mesh edge networks, and AI-native orchestration, which are unrelated to the concept in question.","Abstract— We provide a vision for 6G fixed networks based on flexible and scalable high-capacity transmission technologies that form mesh edge networks to achieve ultra energy-efficient highly available networks with low latency. These networks will be controlled by AI-native orchestration across mobile, fixed, and compute domains. Mesh networking at the edge will be enabled by a seamless 'confluence' of radio fixed wireless (RFW), free space optical (FSO), and switched flex grid wavelength division multiplexed (Flex-WDM) transport using optical-spectrum-as-a-service (OSaaS) and integrated sensing and communication capabilities. In addition, in the frame of the European Smart Network Services Joint Undertaking, the ECO-eNET project will investigate key technologies and concepts to determine the full potential of confluent networks as a viable and scalable platform for 6G.",15,15,Towards Efficient Confluent Edge Networks,,,meta-llama/llama-4-scout-17b-16e-instruct,NONE,llama-3.3-70b-versatile,NONE,True
O_ISAC_084,4D,coherent,coherent recognition,fuzzy:85.0,NONE,"The concept 'coherent' is not explicitly mentioned or implied in the given snippet, which discusses an intelligent interaction system and its technical aspects.","This paper introduces LumiPane, an intelligent interaction system based on gesture sensing and ambient light communication. By utilizing a LCLV and introducing the SCSD method, the system achieves dual functionality in communication and sensing by separating sensing signals from communication signals. Additionally, the paper designs a demodulation method that combines trend and threshold based on the unique electrical characteristics of the LCLV, enhancing the robustness of the communication system. In terms of gesture recognition, the 1DConvTrans model is proposed, which achieves excellent recognition performance. Extensive experiments have been conducted to validate the system's effective application in various everyday scenarios, such as different lighting conditions.",163,163,LumiPane: Intelligent Interaction through Gesture Sensing and Ambient Light Communication > IV. CONCLUSIONS & DISCUSSION,,,meta-llama/llama-4-scout-17b-16e-instruct,NONE,llama-3.3-70b-versatile,NONE,True
O_ISAC_084,4D,intensity_only,intensity,lexical,NONE,"The text does not mention intensity-only concepts directly, it discusses visible light communication and sensing in a broader context.","indoor localization [5] and human activity recognition [6]. Ubiquitous sensing takes the integration further by embedding sensors in multiple environments, facilitating more complex interactions between the physical and digital worlds. Among various wireless communication methods for ISAC, visible light communication (VLC) stands out as a robust alternative for mainstream communication methods due to its advantages of unlicensed frequency band, non-electromagnetic inference, and high security [7]. In addition, visible light sensing (VLS) has shown potential in various aspects, such as localization and user interaction. However, blockage is a troubling problem for ISAC systems, particularly for the VLC component, as the current VLC technology is predominantly based on line-of-sight (LOS) links. Furthermore, many VLS solutions currently achieve their functionality by blocking the receiver, which poses significant challenges to LOS communication [8]. Therefore, current research focuses on how to achieve visible light sensing while ensuring reliable VLC functionality under LOS conditions. For instance, the method discussed in [9] utilizes the intensity of reflected light signals to sense the position of devices. However, due to the weaker signal strength in this reflection-based approach, it imposes high demands on backend signal processing, making it challenging to implement",35,35,LumiPane: Intelligent Interaction through Gesture Sensing and Ambient Light Communication > I. INTRODUCTION > *A. Background*,,,meta-llama/llama-4-scout-17b-16e-instruct,NONE,llama-3.3-70b-versatile,NONE,True
O_ISAC_084,4D,intensity_only,intensity,lexical,INDIRECT,"The text mentions processing intensity fluctuations in the time domain, which is related to intensity-only concepts, but it does not explicitly focus on intensity-only.","*a) SCSD Method:* Considering that gestures occluding primarily affect the intensity fluctuations in the time domain, this study mainly focuses on processing the mixed signals through time-domain signal separation. As shown in Fig. 4, after hardware acquisition, the signal undergoes initial filtering and noise reduction. Subsequently, a segmented alternating least squares (ALS) approach is adopted to determine the baseline of each segment of the original signal. The segmented ALS method divides the signal into segments and applies the least squares method iteratively to estimate baseline and signal components within each segment. Following this, locally weighted scatterplot smoothing (LOWESS) is used to smooth the baseline, thereby enhancing the accuracy and stability of subsequent signal processing algorithms, making signal analysis and feature extraction more reliable.",86,86,LumiPane: Intelligent Interaction through Gesture Sensing and Ambient Light Communication > *B. Related Works* > *B. Algorithm Implementation*,,,meta-llama/llama-4-scout-17b-16e-instruct,INDIRECT,llama-3.3-70b-versatile,INDIRECT,True
O_ISAC_084,4D,intensity_only,intensity,lexical,DIRECT,"The context explicitly discusses 'intensity changes at the transmitter' and 'rapid intensity changes', which directly relates to the concept of 'intensity_only'.","*b) Signal Demodulation:* In VLC systems, thresholdbased demodulation are typically employed due to the rapid intensity changes at the transmitter [20]. However, in liquid crystal modulation, the response time of the LCLV refers to the time it takes for the liquid crystal molecules to reach the desired state after being subjected to an electric field. As shown in Fig. 5a, the application and removal of the electric field lead to asymmetric changes in the state of the liquid crystal molecules. Therefore, there is a significant difference between the rise and fall times, with the rise time taking approximately 20 ms to complete, while the fall time only requires 2 ms. Meanwhile, when the transmitter sends signals alternating between 0 and 1, due to the short symbol period, the liquid crystal is forced to switch to another state before fully reaching the opposite state. Consequently, as shown in Fig. 5b, a peak may appear without reaching the maximum value. These factors contribute to the failure of threshold-based demodulation schemes. Therefore, the trendbased demodulation scheme has been proposed, which can partially mitigate these issues [21].",92,92,LumiPane: Intelligent Interaction through Gesture Sensing and Ambient Light Communication > *B. Related Works* > *B. Algorithm Implementation*,,,meta-llama/llama-4-scout-17b-16e-instruct,DIRECT,,,False
O_ISAC_084,4D,intensity_only,strength,lexical,NONE,"The text does not mention intensity-only concepts, it discusses a 1DConvTrans model for gesture recognition, focusing on spatial and temporal features.","*c) 1DConvTrans model:* Convolutional Neural Networks (CNNs) excel in tasks like image recognition and object detection, while 1D CNNs specialize in extracting temporal features from sequential data [22]. Transformers, known for their effectiveness in modeling sequential data, are suited for tasks such as natural language processing and time series analysis [23]. To leverage the strengths of both architectures, the 1DConvTrans model combining 1D CNNs and Transformers is introduced, enabling simultaneous extraction of spatial and temporal features. This approach significantly enhances performance in tasks requiring comprehensive consideration of both spatial and temporal information, such as gesture recognition. Fig. 6 illustrates the framework of the 1DConvTrans model utilized in this paper.",105,105,LumiPane: Intelligent Interaction through Gesture Sensing and Ambient Light Communication > *B. Related Works* > *B. Algorithm Implementation*,,,meta-llama/llama-4-scout-17b-16e-instruct,NONE,llama-3.3-70b-versatile,NONE,True
O_ISAC_084,4D,intensity_only,intensity,lexical,INDIRECT,"The concept 'intensity_only' is related to the experimental setup, where light intensity is controlled and measured, but it is not the primary focus of the experiment. The experiment involves gesture recognition and communication performance, with light intensity being one of the factors considered.","Communication performance experiments were conducted under indoor and outdoor conditions. However, achieving stable light intensity in outdoor environments is challenging due to factors such as weather and obstructions. Therefore, diffusers with different transmittance rates were used, and experiments were conducted at different times to control the light intensity received by the photodiodes. Regarding the frame structure, the synchronization frame header was configured as 11111100. The frame data is transmitted through four channels, each sending different ASCII code sequences. And the BER was determined by averaging the values from all channels.",117,117,LumiPane: Intelligent Interaction through Gesture Sensing and Ambient Light Communication > *A. Experimental Setup*,,,meta-llama/llama-4-scout-17b-16e-instruct,INDIRECT,llama-3.3-70b-versatile,INDIRECT,True
O_ISAC_084,4D,json:rx_detection_type,,json,DIRECT,Structured receiver field,,,,,scenario_level[0].receiver.rx_detection_type,direct,json,DIRECT,,,False
O_ISAC_086,4D,intensity_only,intensity,lexical,INDIRECT,"The concept of intensity_only is related to the modulation of amplitude, phase, and frequency, which is mentioned in the context as 'LFM signals are utilized as the radio carrier, whose key parameters, i.e., amplitude, phase, and frequency, are modulated by communication information.' This indicates an indirect relationship with intensity_only.","network is proposed, having a maximum 41.48 Gbit/s data rate and a maximum 1.53 cm sensing resolution [20]. Furthermore, the W-band [21] and THz-band [22] photonics-assisted ISAC systems operating at the TDM mode are successively proposed to generate the LFM and QPSK signal with the bandwidths above 15 GHz, which demonstrates the communication data rate as high as 38.1 Gbit/s and the radar range resolution up to 9.4 mm level. Nonetheless, these FDM/TDM efforts impose concerns on the spectral and temporal efficiency. For the integrated waveform strategies, linear frequency modulation (LFM) chirp and orthogonal frequency division multiplexing (OFDM) signals are two common choices corresponding to the sensing and communication-centric design strategies [2]. In the sensing-centric photonics-based ISAC systems, the LFM signals are utilized as the radio carrier, whose key parameters, i.e., amplitude, phase, and frequency, are modulated by communication information. In [23], [24], the LFM-encoded amplitude shift keying (ASK) integrated waveforms are synthesized by cascaded and paralleled optical intensity modulators, which experimentally demonstrate a data rate of  $\sim$ 100 Mbit/s and a two-dimensional radar imaging resolution of  $\sim$ 1.8 cm  $\times$ 2 cm. In [25], a quadrature phase-shift keying (QPSK)-sliced LFM ISAC waveform is generated based on a dual-polarization dual-parallel Mach-Zehnder modulator (DPol-DPMZM). It shows a 210.52 Mbit/s data rate and a 3.25 cm range resolution, respectively. Subsequently, a DC-offset QPSK-encoded LFM MMW integrated signal is obtained to provide a 10.4 cm ranging resolution and an 11.5 Gbit/s communication data rate [26]. In addition, in our previous work [27], an MMW ISAC system based on photonic-multiplying is proposed to generate a 60 GHz constant envelop LFM-OFDM ISAC signal with a 10 GHz IBW, showing a 1.5 cm radar range resolution and an 8 Gbit/s communication data rate. In the photonics-based communication-centric ISAC systems, the high spectralefficient OFDM signal is widely developed. In [28], an OFDMbased ISAC system using the OEO technique is proposed and experimentally rendered a data rate of 6.4 Gbit/s and a radar range resolution of 7.5 cm. Subsequently, tunable K/W-band ISAC system based on OEO with a 7.5/1.5 cm range resolution and 12.8/32 Gbit/s communication capacity is realized [29]. Although the great contributions to the photonics-based radar and communication-centric ISAC systems, these efforts only work in the single-band and cannot meet the requirements of multiple bands or applications for future wireless networks.",31,31,Photonics-assisted Millimeter-Wave Multiband Integrated Sensing and Communication System Using Coherent Receiving > I. INTRODUCTION,,,meta-llama/llama-4-scout-17b-16e-instruct,INDIRECT,llama-3.3-70b-versatile,INDIRECT,True
O_ISAC_086,4D,intensity_only,magnitude,lexical,NONE,"There is no mention of intensity_only or related concepts such as amplitude modulation in the context, which focuses on BER performances, down-conversion, and demodulation.","down-conversion using the LFM carrier, phase demodulation, OFDM demodulation, and error vector magnitude (EVM)/BER calculations.",178,178,*B. Demonstrations of MMW Wireless Communication and Radar Detection Functions for Ka-Band and V-Band*,,,meta-llama/llama-4-scout-17b-16e-instruct,NONE,llama-3.3-70b-versatile,NONE,True
O_ISAC_089,4D,coherent,coherent demodulation,fuzzy:90.47619047619048,NONE,"The concept 'coherent' is not mentioned or implied in the given snippet, which discusses satellite communication systems, their limitations, and advancements.","Different bands can be selected for ISLs, as shown in Fig. 1. The millimeter-wave (mmWave) is well-researched and has been utilized in 5G. However, its bandwidth is insufficient for future satellite communication. Meanwhile, the beam width is positively correlated with the wavelength, and so the mmWave beam is wide, which limits the communication distance and rate. The Terahertz has huge bandwidth, which makes communication up to Tb/s possible, and in addition, the beam width is appropriate for inter-satellite communication, theoretically allowing data transmission at Gb/s rates over a distance of more than 1,000 km. However, the energy efficiency of current Terahertz devices still needs to be improved for satellites with limited SWaP. The optical band provides plenty of unlicensed spectrum. The intensity modulation direct detection (IM-DD) that is widely applied in the optical band, does not utilize the frequency and phase of the carrier to carry information, and thus the impact of the Doppler shift is small. However, the coherent modulation still requires additional processing to counteract the Doppler shift. Light-emitting diodes (LEDs) have wide applications in visible light communication with high efficiency. Nonetheless, LEDs emit diffuse and incoherent beams, and have long response times, making them inadequate for ISLs. On the contrary, lasers have good monochromaticity, high energy concentration, and strong directivity, while the response time is also short, allowing wide-band modulation. Therefore, existing terminals can transmit data over thousands of kilometers at 10 Gb/s. Solid-state lasers have high output power and high beam quality, but the disadvantages are low energy efficiency and high heat generation. Laser diodes are power efficient and easy to be integrated on a chip, but the output beam quality is not sufficiently good and needs to be collimated through an optical system. In addition, a new type of laser diode called vertical-cavity surface-emitting laser can improve the beam quality. These transmission approaches are compared in Table 1.",19,19,Introduction,,,meta-llama/llama-4-scout-17b-16e-instruct,NONE,llama-3.3-70b-versatile,NONE,True
O_ISAC_089,4D,coherent,coherent detection,lexical,DIRECT,The term 'coherent detection' is explicitly mentioned in this snippet.,"Due to the high frequency of the optical band, it is diffi cult to obtain the local oscillator for coherent detection which has better performance. Adopting the signal intensity to carry information is widely used in optical communication sys-",101,101,enhAncIngthe communIcAtIon rAte > modulAtIon schemes,,,meta-llama/llama-4-scout-17b-16e-instruct,DIRECT,,,False
O_ISAC_089,4D,coherent,coherent demodulation,fuzzy:90.47619047619048,DIRECT,"The concept of 'optical coherent modulation' is explicitly mentioned in this snippet, and its advantages are discussed.","In recent years, with the development of optical phase-locked loops and other devices, optical coherent modulation has been fully studied and demonstrated. Moreover, the CCSDS 141.10-O-1 specifi cation suggests a combination of phase and intensity modulation. Optical communication based on coherent modulation has a lower receiving sensitivity requirement, can better suppress background light noise, and has higher spectrum effi ciency, which is adopted by the EDRS. Moreover, re-using the coherent transceiver from fi ber optics to realize the coherent modulation in free space was adopted in TeraByte InfraRed Delivery program. Furthermore, taking advantage of the fact that the polarization direction of electromagnetic waves has two degrees of freedom, the information can be carried by the modulation of the polarization direction, which is called polarization shift keying.",111,111,enhAncIngthe communIcAtIon rAte > modulAtIon schemes,,,meta-llama/llama-4-scout-17b-16e-instruct,DIRECT,,,False
O_ISAC_089,4D,intensity_only,intensity,lexical,NONE,"The text does not mention intensity directly in relation to the concept, it discusses satellite communication systems, their benefits, and limitations.","Different bands can be selected for ISLs, as shown in Fig. 1. The millimeter-wave (mmWave) is well-researched and has been utilized in 5G. However, its bandwidth is insufficient for future satellite communication. Meanwhile, the beam width is positively correlated with the wavelength, and so the mmWave beam is wide, which limits the communication distance and rate. The Terahertz has huge bandwidth, which makes communication up to Tb/s possible, and in addition, the beam width is appropriate for inter-satellite communication, theoretically allowing data transmission at Gb/s rates over a distance of more than 1,000 km. However, the energy efficiency of current Terahertz devices still needs to be improved for satellites with limited SWaP. The optical band provides plenty of unlicensed spectrum. The intensity modulation direct detection (IM-DD) that is widely applied in the optical band, does not utilize the frequency and phase of the carrier to carry information, and thus the impact of the Doppler shift is small. However, the coherent modulation still requires additional processing to counteract the Doppler shift. Light-emitting diodes (LEDs) have wide applications in visible light communication with high efficiency. Nonetheless, LEDs emit diffuse and incoherent beams, and have long response times, making them inadequate for ISLs. On the contrary, lasers have good monochromaticity, high energy concentration, and strong directivity, while the response time is also short, allowing wide-band modulation. Therefore, existing terminals can transmit data over thousands of kilometers at 10 Gb/s. Solid-state lasers have high output power and high beam quality, but the disadvantages are low energy efficiency and high heat generation. Laser diodes are power efficient and easy to be integrated on a chip, but the output beam quality is not sufficiently good and needs to be collimated through an optical system. In addition, a new type of laser diode called vertical-cavity surface-emitting laser can improve the beam quality. These transmission approaches are compared in Table 1.",19,19,Introduction,,,meta-llama/llama-4-scout-17b-16e-instruct,NONE,llama-3.3-70b-versatile,NONE,True
O_ISAC_089,4D,intensity_only,intensity,lexical,INDIRECT,"The text mentions 'detect light intensity distribution' which is related to the concept of intensity, but it is not the primary focus of the passage.","The primary function of the APT mechanism is to establish a precise beam alignment between the transmitter and receiver ends to maintain link connectivity during communication. Due to the large relative motion range between satellites and their mechanical vibration, the system requires a coarse pointing assembly (CPA) with a broad detection range, typically realized through a highspeed gimbal or telescope, as well as a fine pointing assembly (FPA), which utilizes a fast steering mirror (FSM) driven by piezoelectric or electromagnetic actuators, for high precision and fast response to maintain link stability. Additionally, an inertial measurement unit (IMU), generally a gyroscope, is utilized to measure satellite vibration, while a quadrant detector or focal plane array is employed to detect light intensity distribution and assess the incident beam.",83,83,"Introduction > SATELLITE NETWORK SYSTEM ARCHITECTURE > EXTENDING THE COMMUNICATION DISTANCE > ACQUISITION, POINTING, AND TRACKING",,,meta-llama/llama-4-scout-17b-16e-instruct,NONE,llama-3.3-70b-versatile,INDIRECT,True
O_ISAC_089,4D,intensity_only,intensity,lexical,DIRECT,The text explicitly mentions ' Adopting the signal intensity to carry information' which directly relates to the concept of intensity.,"Due to the high frequency of the optical band, it is diffi cult to obtain the local oscillator for coherent detection which has better performance. Adopting the signal intensity to carry information is widely used in optical communication sys-",101,101,enhAncIngthe communIcAtIon rAte > modulAtIon schemes,,,meta-llama/llama-4-scout-17b-16e-instruct,INDIRECT,llama-3.3-70b-versatile,DIRECT,True
O_ISAC_089,4D,intensity_only,intensity,lexical,DIRECT,"The context discusses various modulation schemes including those based on intensity, such as OOK, PPM, and SIM, which are related to 'intensity_only' concept.","tems. On-off keying (OOK) modulation decides whether to send a pulse within a symbol based on the information bit. The capacity of the direct detection photon channel is investigated in [7], and it is pointed out that there is a positive correlation between the channel capacity and the symbol peak-to-average power ratio (PAPR). Therefore, pulse position modulation (PPM) with higher PAPR is more effi cient than OOK. Meanwhile, PPM also has some derivative types such as differential PPM (DPPM) to further improve its efficiency. Besides, the sub-carrier intensity modulation (SIM) utilizes the phase information by modulating the signal on the intermediate frequency signal and then using the intermediate frequency signal to modulate the intensity of the light source.",107,107,enhAncIngthe communIcAtIon rAte > modulAtIon schemes,,,meta-llama/llama-4-scout-17b-16e-instruct,DIRECT,,,False
O_ISAC_089,4D,intensity_only,intensity,lexical,INDIRECT,"The text mentions intensity modulation, but it is part of a broader discussion on optical communication systems, modulation schemes, and their trade-offs, rather than focusing solely on intensity.","In recent years, with the development of optical phase-locked loops and other devices, optical coherent modulation has been fully studied and demonstrated. Moreover, the CCSDS 141.10-O-1 specifi cation suggests a combination of phase and intensity modulation. Optical communication based on coherent modulation has a lower receiving sensitivity requirement, can better suppress background light noise, and has higher spectrum effi ciency, which is adopted by the EDRS. Moreover, re-using the coherent transceiver from fi ber optics to realize the coherent modulation in free space was adopted in TeraByte InfraRed Delivery program. Furthermore, taking advantage of the fact that the polarization direction of electromagnetic waves has two degrees of freedom, the information can be carried by the modulation of the polarization direction, which is called polarization shift keying.",111,111,enhAncIngthe communIcAtIon rAte > modulAtIon schemes,,,meta-llama/llama-4-scout-17b-16e-instruct,NONE,llama-3.3-70b-versatile,INDIRECT,True
O_ISAC_089,4D,json:rx_detection_type,,json,DIRECT,Structured receiver field,,,,,scenario_level[0].receiver.rx_detection_type,direct_detection,json,DIRECT,,,False
O_ISAC_090,4D,coherent,coherent detection,lexical,INDIRECT,"The concept 'coherent' is related to 'coherent detection' mentioned in snippet [2], which implies a connection to the concept, but it is not a direct definition or explanation of the concept itself.","- [2] E. Ip, Y.-K. Huang, T. Wang, Y. Aono, and K. Asahi, ""Distributed acoustic sensing for datacenter optical inter-connects using self-homodyne coherent detection,"" in *Proc. Opt. Fiber Commun. Conf. Exhib.*, San Diego, CA, USA, 2022, pp. 1–3, doi: [10.1364/OFC.2022.W1G.4.](https://dx.doi.org/10.1364/OFC.2022.W1G.4)",250,250,II. CARRIER LASER PN RETRIEVAL > ACKNOWLEDGMENT > REFERENCES,,,meta-llama/llama-4-scout-17b-16e-instruct,INDIRECT,llama-3.3-70b-versatile,INDIRECT,True
O_ISAC_090,4D,intensity_only,strength,lexical,NONE,"The text primarily discusses the setup and configuration of a bidirectional, dual fiber, single polarization coherent optical fiber transmission system, without directly addressing the concept of intensity_only.","Fig. [4\(a\)](#page-4-0) shows a device schematic, and Fig. [4\(b\)](#page-4-0) shows a picture of the transducer. Referring to Fig. [4\(a\),](#page-4-0) two separate SMF strands of equal length are wound around a PZT cylinder to ensure that the strength of the induced vibrations is the same irrespective of the transmission direction. We verified this calibration by analyzing the amount of induced phase variation for the light through each fiber coil on the PZT. At the coherent receiver, initially configured in a homodyne detection setup, we measured the beat signal between the laser propagating through the transducer and with respect to a pass through branch. We calculate the phase of the beat signal while applying a sinusoid",130,130,II. CARRIER LASER PN RETRIEVAL > III. EXPERIMENTAL DESIGN,,,meta-llama/llama-4-scout-17b-16e-instruct,NONE,llama-3.3-70b-versatile,NONE,True
O_ISAC_090,4D,intensity_only,magnitude,lexical,NONE,"This snippet focuses on verifying the performance of a proposed method in a CW transmission case, discussing the introduction of a signal, its capture, and the retrieval and subtraction of laser phase noise. It does not directly relate to the concept of intensity_only.","In Fig. 6, for each direction, we show two overlaid frequency noise spectra of the phase perturbation, demonstrating the effect of the denoising method. The blue traces show the original spectra while the orange traces show the spectra resulting from applying the proposed method. At 3 kHz, the noise level around the target vibration signal is reduced by more than one order of magnitude, a significant improvement in SNR. This improvement in SNR increases the detection sensitivity for both the W-E and E-W transmission directions.",178,178,II. CARRIER LASER PN RETRIEVAL > IV. EXPERIMENTAL RESULTS > *A. Standalone Sensing*,,,meta-llama/llama-4-scout-17b-16e-instruct,NONE,llama-3.3-70b-versatile,NONE,True
O_ISAC_091,4D,intensity_only,magnitude,lexical,NONE,"The text describes the generation of an optical signal and its modulation, but does not directly relate to the concept of intensity_only.","In the optical part, the optical signal is generated by a coherent laser source, whose amplitude is first adjusted by a semiconductor optical amplifier (SOA). Subsequently, a star-coupler-based splitter network splits the optical signal into  $N_t$  branches uniformly, each of which contains an SOA and an electro-optic phase modulator (EOPM). Under the control of the precoded electrical signal  $x_{n_t}(t)$ , the SOA and EOPM in the  $n_t$ -th branch modulate the magnitude and phase of optical signal independently [13]. Once the electrical signal vector x(t) is loaded on the optical signal, the edge emitters are ready to transmit optical beams to free space.",41,41,Optimal Beamforming for Optical Wireless Integrated Sensing and Communication Based on Optical Phased Array > I. INTRODUCTION > II. SYSTEM MODEL FOR OPA-BASED OW-ISAC > A. OPA-Based Optical Beamforming,,,meta-llama/llama-4-scout-17b-16e-instruct,NONE,llama-3.3-70b-versatile,NONE,True
O_ISAC_091,4D,intensity_only,magnitude,lexical,NONE,"This snippet introduces the expression for the light field at a given azimuth angle, but does not explicitly discuss intensity_only.","where  $A_t$ ,  $k_0$ , and d denote the magnitude of light field in each branch, optical wavenumber, and distance between adjacent edge emitters, respectively. For notational convenience, the steering vector for  $\theta_a$  is defined as",47,47,Optimal Beamforming for Optical Wireless Integrated Sensing and Communication Based on Optical Phased Array > I. INTRODUCTION > II. SYSTEM MODEL FOR OPA-BASED OW-ISAC > A. OPA-Based Optical Beamforming,,,meta-llama/llama-4-scout-17b-16e-instruct,NONE,llama-3.3-70b-versatile,NONE,True
O_ISAC_091,4D,intensity_only,intensity,lexical,INDIRECT,"The text mentions the light field intensity, which is related to the concept of intensity_only, but does not directly focus on it.","Specifically, if the optical beam is steered to  $\vartheta_a$ , i.e.,  $\boldsymbol{x}(t) = \boldsymbol{h}(\vartheta_a)$ , the light field intensity can be written as",54,54,Optimal Beamforming for Optical Wireless Integrated Sensing and Communication Based on Optical Phased Array > I. INTRODUCTION > II. SYSTEM MODEL FOR OPA-BASED OW-ISAC > A. OPA-Based Optical Beamforming,,,meta-llama/llama-4-scout-17b-16e-instruct,INDIRECT,llama-3.3-70b-versatile,INDIRECT,True
O_ISAC_091,4D,intensity_only,intensity,lexical,NONE,"This snippet discusses atmospheric turbulence and its effect on the optical link, but does not directly relate to the concept of intensity_only.","2) Atmospheric turbulence: The inhomogeneities in the atmospheric temperature and pressure arise from solar heating and wind, which result in the variations of refractive index along the optical path. In consequence, the optical link suffers from the scintillation brought by the atmospheric turbulence, i.e., random fluctuations of the received light field intensity. For weak turbulence, the scintillation can be modelled by the log-normal distribution, which can be depicted by a stochastic scintillation term  $L_t\left(D\right)$  as",86,86,Optimal Beamforming for Optical Wireless Integrated Sensing and Communication Based on Optical Phased Array > I. INTRODUCTION > II. SYSTEM MODEL FOR OPA-BASED OW-ISAC > B. Channel Model,,,meta-llama/llama-4-scout-17b-16e-instruct,NONE,llama-3.3-70b-versatile,NONE,True
O_ISAC_092,4D,intensity_only,intensity,lexical,INDIRECT,"The concept 'intensity_only' is related to the experimental setup, specifically the maximization of the intensity of the received signals, but it is not explicitly mentioned as the sole focus of the experiment. The text discusses various aspects of the experimental settings, including distance, light source, and detection targets, indicating an indirect relationship with the concept.","- 1) Short Distance Case: The experimental system is shown in Fig. 10. A green LED (Cree XPG2) is driven by a Bias-Tee. The direct current (DC) is driven by a DC power supply (Rigol DP832A), and the PAM signal (1 MSa/s) is generated by an arbitrary waveform generator (Keysight 33600A). The light beam angle is approximately 41.2°, so that the spot size is comparable to the area of the target, thus maximizing the intensity of the received signals. The detection target and communication receiver are both 1 m from the LED, representing the short distance case.",328,328,"IV. NUMERICAL EVALUATIONS > <span id=""page-5-2""></span>A. Experimental Settings",,,meta-llama/llama-4-scout-17b-16e-instruct,INDIRECT,llama-3.3-70b-versatile,INDIRECT,True
O_ISAC_092,4D,complex_field,sophisticated area,fuzzy:88.88888888888889,NONE,"The text does not mention the concept of 'complex_field' directly or indirectly, it discusses waveform design for communication and target detection.","With the help of pulse-shaping and channel equalization, PAM-based integrated waveforms can achieve a lower average BER than OFDM-based ones at high symbol rates [36]. For MIMO-based integrated waveforms, the optimization objective is typically formulated as a high-dimensional matrix optimization problem, which requires more sophisticated data processing than PAM-based ones [8]. Therefore, the PAM-based integrated waveform is simpler and easier to realize with the consideration of system performance and data processing complexity.",43,43,"PAM Waveform Design for Joint Communication and Sensing Based on Visible Light > <span id=""page-0-0""></span>I. INTRODUCTION",,,meta-llama/llama-4-scout-17b-16e-instruct,NONE,llama-3.3-70b-versatile,NONE,True
O_ISAC_093,4D,coherent,coherent measurement,fuzzy:85.0,NONE,"The concept 'coherent' is not explicitly mentioned or implied in the provided snippet, which focuses on the types and reliability of M-ISAC datasets and their application in LLMs.","M-ISAC datasets are now categorized into two types: real-world datasets acquired through actual collecting and simulated datasets produced using powerful simulation platforms [15]. The actual collected dataset possesses a high level of reliability and can precisely represent the intricate environmental attributes of the real world. Nonetheless, it is constrained by labor and expenses, rendering it incapable of adaptively addressing the specific requirements of researchers. Conversely, simulated datasets mitigate this constraint by lowering expenses and enabling researchers to tailor the simulation environment. The simulation platform's reliability has been validated through current measurement efforts; yet, a discrepancy persists between its outputs and actual test scenarios",166,166,III. LLMs > A. MULTI-MODAL LLMS > B. LLM-ENHANCED M-ISAC > C. M-ISAC DATASETS,,,meta-llama/llama-4-scout-17b-16e-instruct,NONE,llama-3.3-70b-versatile,NONE,True
O_ISAC_093,4D,intensity_only,strength,lexical,NONE,"The text discusses the limitations of various sensors and the benefits of Multi-modal Integrated Sensing and Communication (M-ISAC) in overcoming these limitations, but does not mention intensity-only concepts.","Multi-modal Integrated Sensing and Communication (M-ISAC) overcomes the limitations of single-modal ISAC by synthesizing multidimensional perception data with communication data. These perception data, sourced from various sensors comprising radar, LiDAR and RGB-D cameras, and Global Positioning System (GPS), enables the capture of multilevel multi-perspective environmental information, significantly enhancing perception accuracy and strengthening communication capabilities [5].",21,21,Multi-Modal Integrated Sensing and Communication in Internet of Things With Large Language Models > **ABSTRACT** > I. INTRODUCTION,,,meta-llama/llama-4-scout-17b-16e-instruct,NONE,llama-3.3-70b-versatile,NONE,True
O_ISAC_093,4D,intensity_only,only intensity,fuzzy:85.71428571428572,NONE,"The text focuses on positioning challenges in M-ISAC systems, discussing various estimation techniques and their limitations, but does not address intensity-only concepts.","- Positioning: In M-ISAC systems, precise positioning hinges on accurately estimating angle, distance, and Doppler parameters, yet this remains a complex challenge. Traditional approaches, such as the cross-spectrum algorithm, are straightforward but constrained by limited resolution and noise susceptibility. Two-dimensional fast Fourier transform (2D-DFT) effectively estimates distance and Doppler parameters [9], though it incurs high computational complexity and grid-based resolution limitations. Subspace decomposition techniques, including MUSIC and ESPRIT, achieve superior resolution but are sensitive to model assumptions and computationally intensive. Maximum likelihood estimation delivers high accuracy yet proves impractical for real-time applications due to its complexity. Compressed sensing exploits channel sparsity to lower computational demands, but its efficacy diminishes when sparsity assumptions fail. Collectively, these methods exhibit drawbacks such as limited resolution, high computational cost, sensitivity to assumptions, and inadequate real-time performance, constraining their effectiveness in dynamic M-ISAC positioning scenarios [10].",100,100,C. METHODS > 1) Signal Processing:,,,meta-llama/llama-4-scout-17b-16e-instruct,NONE,llama-3.3-70b-versatile,NONE,True
O_ISAC_093,4D,complex_field,sophisticated area,fuzzy:88.88888888888889,INDIRECT,"The concept of complex_field is related to the intricate nonlinear interactions and interdependencies across multi-modal perception and communication in M-ISAC systems, which is indirectly addressed through the use of artificial intelligence (AI) and Large Language Models (LLMs) for data processing and fusion.","To address the challenges inherent in M-ISAC, the adoption of artificial intelligence (AI) is crucial [6]. Leveraging its sophisticated data processing, learning, and reasoning capabilities, AI autonomously models the complex nonlinear relationships within multimodal data, extracts key features, and enables effective fusion. Large Language Models (LLMs) exhibit exceptional proficiency in comprehending and processing multi-modal data, leveraging capabilities such as robust cross-modal transfer, contextual learning, and the handling of high-dimensional complex datasets. These attributes render LLMs inherently suitable for integrated multi-modal perception and communication systems. Through pre-training and fine-tuning, LLMs minimize reliance on extensive annotated datasets and swiftly adapt to new tasks. Their crossdomain learning and efficient reasoning outperform",25,25,Multi-Modal Integrated Sensing and Communication in Internet of Things With Large Language Models > **ABSTRACT** > I. INTRODUCTION,,,meta-llama/llama-4-scout-17b-16e-instruct,INDIRECT,llama-3.3-70b-versatile,INDIRECT,True
O_ISAC_093,4D,complex_field,sophisticated area,fuzzy:88.88888888888889,INDIRECT,"The concept of complex_field is related to the intricate tasks and subtasks in M-ISAC systems, which are indirectly addressed through the use of LLMs as central controllers, decision-makers, and semantic enhancers to improve system performance and task efficiency.","In M-ISAC systems, LLMs utilize their sophisticated semantic comprehension and reasoning abilities to improve system performance and task efficiency. LLMs function as central controllers by breaking down intricate tasks into subtasks by chain-of-thought reasoning, allocating them to suitable tools or modules, as demonstrated by Vesprog's application of GPT-3 to produce structured visual programs with optimized prompts enhanced by human examples. LLMs, as decision-makers, integrate contextual and historical data across iterative tasks, evaluate data adequacy for informed judgments, and provide userfriendly responses to facilitate engagement. As semantic enhancers, LLMs amalgamate multi-modal input, generating coherent natural language outputs customized to particular needs, so augmenting the semantic representation of sensory and communicative data. LLMs promote task decomposition, resource coordination, and information processing in M-ISAC systems by contributing to control, decisionmaking, and semantic augmentation.",133,133,III. LLMs > A. MULTI-MODAL LLMS > B. LLM-ENHANCED M-ISAC,,,meta-llama/llama-4-scout-17b-16e-instruct,INDIRECT,llama-3.3-70b-versatile,INDIRECT,True
O_ISAC_094,4D,coherent,coherent sensing,fuzzy:87.5,NONE,"The concept 'coherent' is not explicitly mentioned or implied in the given snippet, which focuses on multimodal semantic communication and UAV-ISAC networks.","A perception-enhanced multitask multimodal semantic communication framework for UAV-ISAC networks is studied in this paper. We consider UAVs equipped with multimodal sensors capable of collecting complementary hyperspectral (HSI) and LiDAR remote sensing data. These data are transmitted to the base station (BS), which concurrently executes two mission-critical tasks: target classification and data reconstruction. Building upon the synergistic design of ISAC, we propose to exploit the UAV's inherent sensing capabilities to optimize semantic information fusion and transmission efficiency. The principal contributions of this work are as follows:",25,25,Perception-Enhanced Multitask Multimodal Semantic Communication for UAV-Assisted Integrated Sensing and Communication System > I. INTRODUCTION,,,meta-llama/llama-4-scout-17b-16e-instruct,NONE,llama-3.3-70b-versatile,NONE,True
O_ISAC_094,4D,intensity_only,intensity,lexical,INDIRECT,"The concept of intensity_only is related to the perception of the prediction probabilities for each category, which is reflected in the intensity of $C^{\rm pre}$, but it is not directly mentioned.","The PE module is introduced in this section. In contrast to traditional semantic fusion approaches, where  $S^{\rm HSI}$  and  $S^{\rm HSI}$  are merely concatenated and input into the fusion module, we propose to input  $C^{\rm pre}$  into the semantic fusion encoder. This serves as a guidance for the attention weight adjustment of each modality, as depicted in Fig. 2, the intensity of  $C^{\rm pre}$  reflects the prediction probabilities for each category, with red lines indicating enhanced semantic feature weights and blue lines indicating reduced semantic feature weights. The",114,114,Perception-Enhanced Multitask Multimodal Semantic Communication for UAV-Assisted Integrated Sensing and Communication System > A. Perception Enhanced Module,,,meta-llama/llama-4-scout-17b-16e-instruct,INDIRECT,llama-3.3-70b-versatile,INDIRECT,True
O_ISAC_094,4D,intensity_only,strength,lexical,INDIRECT,"The concept of intensity_only is related to the dynamic adjustment mechanism that optimizes attention weights based on the classification probabilities, but it is not directly mentioned.","WS21 IEEE ICC 2025 Workshop on Integrated Sensing and Communications for Low-Altitude Intelligent Network During continuous training stage, the NN identifies semantic fusion encoder fuses the complementary characteristics and seelements correlated with the max classification probability  $p_{\text{max}}^{\text{pre}}$ and strengthens their weights through binding mechanisms. Conversely, semantic elements related to min classification probability  $p_{\min}^{\text{pre}}$  undergo weight reduction. This dynamic adjustment mechanism optimizes attention weights, ensuring that features strongly correlated with the primary classification obtain increased focus, thereby improving overall classification performance.",124,124,Perception-Enhanced Multitask Multimodal Semantic Communication for UAV-Assisted Integrated Sensing and Communication System > A. Perception Enhanced Module,,,meta-llama/llama-4-scout-17b-16e-instruct,INDIRECT,llama-3.3-70b-versatile,INDIRECT,True
O_ISAC_094,4D,intensity_only,strength,lexical,NONE,There is no mention of intensity_only or related concepts in this snippet.,"- Guiding feature selection:  $C^{\text{pre}}$  enables the semantic fusion encoder to selectively strengthen the most relevant features to the task, while suppressing irrelevant features.",130,130,Perception-Enhanced Multitask Multimodal Semantic Communication for UAV-Assisted Integrated Sensing and Communication System > A. Perception Enhanced Module,,,meta-llama/llama-4-scout-17b-16e-instruct,NONE,llama-3.3-70b-versatile,NONE,True
O_ISAC_095,4D,intensity_only,magnitude,lexical,NONE,"The text discusses a spectrum-efficient and user-friendly MoF architecture, but does not directly mention intensity-only concepts.","Fig. 1. Schematic diagram of our proposed spectrum-efficient and user-friendly MoF architecture. ECL: External cavity laser, OC: Optical coupler, I/Q: I/Q modulator, MZM: Mach-Zehnder modulator, Sen.: Sensing signal, Com.: communication signal, LO: Local oscillator signal, IL: interleaver, PC: Polarization controller, PBC: Polarization beam combiner, SMF: single-mode fiber, EDFA: erbium-doped fiber amplifier, OS: optical splitter, OBPF: Optical band-pass filter, PD: photodetector, PA: power amplifier, HA: Horn antenna, EVM: Error vector magnitude, CU: Central unit, DU: Distributed unit, RU: Remote unit.",51,51,A Spectrum-Efficient MoF Architecture for Joint Sensing and Communication in B5G Based on Polarization Interleaving and Polarization-Insensitive Filtering > I. INTRODUCTION,,,meta-llama/llama-4-scout-17b-16e-instruct,NONE,llama-3.3-70b-versatile,NONE,True
O_ISAC_095,4D,intensity_only,magnitude,lexical,NONE,"The text focuses on MMW wireless communications, discussing the generation of a 16QAM signal and its amplification, but does not explicitly address intensity-only concepts.","For wireless communication, the OBPF is set to remove the -LO-OSB instead. Also, no polarization tuning is performed before the OBPF. The filtered optical sidebands are shown by the blue curve in Fig. 7. By beating the filtered signals in the 40-GHz PD, a MMW 16QAM signal is generated. The generated 16QAM signal is amplified by the same PA and then radiated into the air through the HA1 to communicate with a user. The HA2 is moved 2m away from the transmitting end to act as the user1 for receiving the 16QAM signal. The received signal is captured by the OSC for offline DSP, which includes down-conversion, resample, retiming, constant modulus algorithm (CMA), carrier phase recovery (CPE), and error vector magnitude (EVM) evaluation. The commonly used FOE and least mean square (LMS) algorithm are not required here, thus reducing the complexity and power consumption of the DSP, which are critical for terminals in practical applications.",192,192,III. EXPERIMENTAL SET-UP AND RESULTS > *A. MMW Radar Sensing* > *B. MMW Wireless Communications*,,,meta-llama/llama-4-scout-17b-16e-instruct,NONE,llama-3.3-70b-versatile,NONE,True
O_ISAC_095,4D,complex_field,field complexity,fuzzy:85.71428571428572,NONE,"The text does not mention or imply the concept of 'complex_field' directly or indirectly. It discusses a novel spectrum-efficient MMW-over-fiber architecture for joint sensing and communication in B5G optical-wireless converged networks, which does not relate to the concept of 'complex_field'.","Abstract—The intelligentization of future society puts forward an urgent demand for high-precision sensing and ultra-high-speed wireless communications in the upcoming beyond fifth-generation (B5G) era. We propose and experimentally demonstrate a novel spectrum-efficient MMW-over-fiber (MoF) architecture for joint sensing and communication in B5G optical-wireless converged networks. The proposed MoF architecture is based on polarization interleaving and polarization-insensitive filtering. In the proposed architecture, the sensing and communication sidebands are generated simultaneously through asymmetrical single-sideband (ASSB) modulation, whereas the two local oscillator (LO) sidebands up-converting the sensing and communication signals to MMW band are obtained by carrier-suppressed double-sideband (CS-DSB) modulation. By interleaving the two sets of sidebands for sensing and communication in two orthogonal polarizations, the demand for higher bandwidth devices and the occupied spectral grid can thus be effectively reduced. The ASSB modulation eliminates the chromatic-dispersion- (CD) induced power fading for long-reach services. The polarization-insensitive filtering removes the need for complicated polarization tracking, resulting in a simple structure at the remote units (RUs) and polarization-free digital signal processing (DSP) at the user ends (UEs). Moreover, the two sets of sidebands originate from a shared laser, so frequency offset estimation (FOE) can be avoided to further reduce the complexity",9,9,A Spectrum-Efficient MoF Architecture for Joint Sensing and Communication in B5G Based on Polarization Interleaving and Polarization-Insensitive Filtering,,,meta-llama/llama-4-scout-17b-16e-instruct,NONE,llama-3.3-70b-versatile,NONE,True
O_ISAC_096,4D,intensity_only,intensity,lexical,INDIRECT,"The concept of intensity_only is related to the gain of an antenna, which is defined as the ratio of the intensity in a specific direction to the total input power dissipated by a hypothetical lossless isotropic reference antenna. Although the term 'intensity_only' is not explicitly mentioned, the discussion about gain and intensity in a specific direction implies an indirect connection.","<span id=""page-5-6""></span><span id=""page-5-4""></span><span id=""page-5-2""></span>4) Gain: The gain of an antenna can be defined as the ratio of the intensity in a specific direction (typically chosen as the direction of maximum radiation or maximum directivity) to the total input power dissipated by a hypothetical lossless isotropic reference antenna (P), whose gain is known, i.e., [18],",188,188,"<span id=""page-4-0""></span>III. NANOANTENNAS AND TERAHERTZ RADIATION > *A. Nano-Antenna Theory* > B. Antenna Parameters",,,meta-llama/llama-4-scout-17b-16e-instruct,INDIRECT,llama-3.3-70b-versatile,INDIRECT,True
O_ISAC_096,4D,intensity_only,intensity,lexical,DIRECT,The snippet explicitly mentions 'Emission Intensity' which directly relates to the concept of intensity.,<sup>&</sup>lt;sup>3</sup> This value represents the Emission Intensity (10<sup>6</sup> counts/s).,282,282,"<span id=""page-4-0""></span>III. NANOANTENNAS AND TERAHERTZ RADIATION > *A. Nano-Antenna Theory* > B. Antenna Parameters",,,meta-llama/llama-4-scout-17b-16e-instruct,DIRECT,,,False
O_ISAC_096,4D,intensity_only,strength,lexical,NONE,"The snippet does not mention intensity or any related concept, instead focusing on the advancements and capabilities of 6G technology, such as reliability, data transfer rates, and latency. There is no apparent connection to the concept of intensity_only.","<span id=""page-8-6""></span>i.e., 5G, 6G offers noteworthy advancements. It is expected to be 100 times more reliable, possessing increased stability and dependability for various applications. Additionally, 6G offers data transfer rates that are 50 times faster, enabling even more efficient communication. Furthermore, 6G reduces latency by 10 times, resulting in significantly faster response times for in-time applications. These improvements in reliability, data transfer rate, and latency introduce 6G as a highly promising technology for future communication systems [\[262\]](#page-23-14), [\[263\]](#page-23-15), [\[264\]](#page-23-16). To enable the advanced capabilities of 6G, it is essential to identify a suitable operational frequency range within the spectrum and establish a wellaligned infrastructure. The most promising and untapped frequency range for 6G implementation, which can support faster data transfer rates and wider bandwidth, is known as the *Terahertz Gap*. This frequency range lies between 0.1 to 10 THz and offers exceptional potential for exceeding the limits of wireless communication in terms of speed and capacity. By exploring the capabilities of the Terahertz Gap, 6G can unlock new opportunities for hyper-connected and high-speed digital applications. The choice of the Terahertz Gap as the preferred frequency range for 6G implementation stems from several fundamental reasons. These reasons include limitations in the sub-6GHz band due to spectrum scarcity, insufficient bandwidth available in the millimeter wave (mmWave) range, constraints associated with the optical bands, and potential adverse effects of higher frequencies on the human body. These factors collectively highlight the need to explore alternative frequency ranges, such as the Terahertz Gap, to overcome these limitations and drive the development of 6G technology [\[125\]](#page-20-8). Terahertz waves possess several advantageous characteristics, making them well-suited for a range of applications. Their abilities include high resolution, the capability to penetrate non-conductive materials, sufficient bandwidth, and non-destructive properties–especially beneficial for medical purposes like cancer detection. These <span id=""page-8-5""></span><span id=""page-8-4""></span><span id=""page-8-3""></span><span id=""page-8-0""></span>properties enable terahertz waves to provide important benefits and find applications in wireless communications and the upcoming 6G era. Along with many other usages, terahertz waves find applications in THz radars and sensing, enabling advanced navigation, collision avoidance for autonomous vehicles, and improved security screening [\[147\]](#page-20-9). They also offer wireless backhaul solutions, supporting the increasing demand for data transfer between base stations and core networks [\[148\]](#page-20-10). On the other hand, terahertz waves do face some limitations that should be taken into consideration. One of these limitations is the current lack of high-power THz wave transmitters. This means that the transmission distance of terahertz waves can be limited, affecting their range in certain applications. Additionally, terahertz waves are sensitive to high absorption coefficients caused by molecular absorptions in the propagation environment. This means that when terahertz waves interact with objects and obstacles, they can experience significant signal loss. This absorption phenomenon limits the ability of terahertz waves to penetrate certain materials and reduces their effectiveness in certain scenarios. To compensate for these limitations and harness the exceptional features of 6G communications, the implementation of highly directional antennas with sufficient gains and bandwidth is a must. These specialized antennas play a crucial role in overcoming the drawbacks associated with terahertz waves, enabling enhanced range and coverage. By offering high directivity, they focus the transmission beam in a specific direction, improving the efficiency of terahertz communication systems. Additionally, the large gains provided by these antennas boost signal strength, facilitating long-range communication capabilities. Furthermore, their wide bandwidth capabilities accommodate the high data rates required in 6G communications, supporting bandwidth-intensive applications and ensuring optimal performance. In this domain, antennas that operate in the frequency range of 0.1 to 10 THz are typically extremely small, often measuring in the nanoscale or sub-wavelength scale. Due to the reduced wavelength of electromagnetic waves within this range (ranging from 0.1 to 1 millimeter), conventional antennas designed for 4G or 5G communications (below 100 GHz) become ineffective. Hence, the field of antenna engineering and technologies faces numerous challenges in order to surpass these constraints and unlock the full potential of 6G applications, necessitating the utilization of nanoantennas. Terahertz antennas as the crucial components with the capability of addressing the challenges posed by 6G communications, can be divided into three major groups based on the manufacturing material: metallic or plasmonic antennas, novel antenna structures such as Metamaterial (MtM)-based and Graphene-based antennas, and dielectric antennas, which are outlined below, and compared in Table [III.](#page-9-0)",338,338,"<span id=""page-4-0""></span>III. NANOANTENNAS AND TERAHERTZ RADIATION > *A. Nano-Antenna Theory* > B. Antenna Parameters > A. 6G Wireless Communications",,,meta-llama/llama-4-scout-17b-16e-instruct,NONE,llama-3.3-70b-versatile,NONE,True
O_ISAC_096,4D,intensity_only,intensity,lexical,DIRECT,"The snippet discusses 'The intensity of the back-reflected electromagnetic waves' and 'The intensity of the scattered waves', directly referring to intensity.","<span id=""page-13-1""></span>Fig. 5. (a) The intensity of the back-reflected electromagnetic waves as a function of the scattering angle for a homogeneous particle having a radius approximately equivalent to the incident light's wavelength (around 500 nm and 428 nm, respectively). In this case, (31) can be used. (b) The intensity of the scattered waves as a function of the scattering angle for a homogeneous spherical particle with a radius much smaller than the incident light's wavelength, i.e.,  $r \ll \lambda$  (around 50 nm and 428 nm, respectively). In these figures, RRI is the abbreviation of Relative Refractive Index and denotes the ratio of the refractive index of the nano-particle to the surrounding medium.",469,469,C. Nanoantennas for Enhanced Sensing in Nanoradar Systems,,,meta-llama/llama-4-scout-17b-16e-instruct,DIRECT,,,False
O_ISAC_096,4D,intensity_only,intensity,fuzzy:88.88888888888889,INDIRECT,"The concept of intensity_only is related to the scattering phenomenon and the ability of nano-particles to reflect light with high intensities, but it is not directly mentioned. Instead, the text discusses the limitations of nano-particles in reflecting light with high intensities and the effects of refractive index on scattering properties, which is an indirect relation to the concept of intensity_only.","scenario, size ≪ wavelength is met, allowing for the utilization of the RGD approximation. Conversely, in the second scenario, where this condition does not hold, the more sophisticated Mie's algorithm must be employed to accurately model the scattering phenomenon. As shown in Fig. 5, due to their minuscule dimensions, nano-particles exhibit limited capability in reflecting light with high intensities. Consequently, the received signals (echo-signals) are weak, especially within certain scattering angle intervals, such as between 50 to 150 degrees, which makes the process of detecting and analyzing the back-reflected signals, practically complex for the processing unit of the nanoantenna. One way to overcome this issue is to increase the refractive index of the particle as its inherent physical aspect. This index signifies the ability of the nano-particle to repel incident waves. Notably, an increase in the refractive index often leads to enhanced scattering properties of the particle, which makes it more feasible for the radar to correctly detect the nano-particle. In radar systems, received signals often include both echoes and undesired signals, known as noise. A simple method to mitigate noise effects is through threshold detection. This involves selecting an appropriate threshold value based on the signal's strength. This threshold helps distinguish between received signals that could be representative of a target's presence and those that are mere noise.",479,479,C. Nanoantennas for Enhanced Sensing in Nanoradar Systems,,,meta-llama/llama-4-scout-17b-16e-instruct,INDIRECT,llama-3.3-70b-versatile,INDIRECT,True
O_ISAC_096,4D,complex_field,sophisticated area,fuzzy:88.88888888888889,INDIRECT,"The concept of complex_field is related to the processing and interpretation of complex output information contained within nanoscale signals in the NR system, which is mentioned in the snippet. However, the term 'complex_field' itself is not explicitly mentioned, indicating an indirect relationship.","The processor would assume the responsibility of analyzing radar echo signals, extracting pertinent data, and formulating decisions predicated on the received signals. This unit could be seamlessly integrated within the radar system or function autonomously, establishing connectivity to the radar through suitable interfaces. Additionally, comprehensive oversight and regulation of all signals within the NR system are imperative across various tiers. The radar system's operation, encompassing parameter configuration, configuration adjustments, and overall performance monitoring, necessitates meticulous supervision facilitated through software interfaces or internal components and controllers. By leveraging Machine Learning (ML) and Deep Learning (DL) techniques, the complex output information contained within nanoscale signals in the NR system can be efficiently processed and interpreted. This enables researchers and practitioners to gain deeper insights into the data, enabling more precise monitoring and visualization of targets of interest [75]. Moreover, ML and DL models contribute to the task of detecting and classifying targets, providing enhanced capabilities in accurate identification and categorization. Therefore, the utilization of ML and DL models in analyzing nanoscale signals offers a practical solution that empowers sophisticated data processing, enabling comprehensive understanding and improved decision-making based on the captured information [75], [76], [77], [78]. The processing unit might be empowered by different components and modules. Some of these are as follows:",546,546,"<span id=""page-14-2""></span>*B. Photo-Detectors (PDs)* > <span id=""page-15-9""></span><span id=""page-15-7""></span><span id=""page-15-6""></span><span id=""page-15-4""></span>C. Signal Processing and Monitoring",,,meta-llama/llama-4-scout-17b-16e-instruct,INDIRECT,llama-3.3-70b-versatile,INDIRECT,True
O_ISAC_097,4D,complex_field,advanced field,fuzzy:85.71428571428572,NONE,"The text does not mention or imply a 'complex_field' concept. It discusses a microwave photonic integrated sensing and communication system, its capabilities, and experimental results, but does not relate to the concept of complex fields in mathematics or physics.","In this work, we show a microwave photonic integrated sensing and communication system based on polarization multiplexing and FTTM. To our knowledge, this is the first time that radar ranging and imaging, high-speed communication, and transverse load sensing are realized simultaneously in a microwave photonic system. Furthermore, the transverse load sensing function can be easily replaced with the spectrum sensing function to achieve a more flexible system configuration. The proposed approach is evaluated experimentally. An ASK-LFM signal is generated to support both radar and communication functions, achieving 2-Gbit/s wireless communication and 4.8-cm radar ranging resolution; while an LFM optical sideband is used in conjunction with a PS-FBG to implement transverse load sensing or frequency measurement functions, achieving a maximum mean weight measurement error of less than 2.4×10−<sup>3</sup> N and a maximum frequency measurement error of less than 20 MHz. The proposed system realizes multiple functions at a relatively low cost, meeting the requirements for miniaturization and integration of multifunctional systems. After further introducing photonic integration for chip-level design and integration, the proposed system will be exceptionally well-suited for offering advanced sensing capabilities of physical targets, parameters, and electromagnetic environments, as well as high-speed information interaction abilities, with a more compact system architecture in the forthcoming interconnected world of everything. This will provide robust support for the further realization of advanced intelligent decision-making and automation.",243,243,IV. CONCLUSION,,,meta-llama/llama-4-scout-17b-16e-instruct,NONE,llama-3.3-70b-versatile,NONE,True
O_ISAC_098,4D,imdd,im/dd,lexical,INDIRECT,"The concept 'imdd' is mentioned indirectly in the context through the use of related terms and equations, but not explicitly defined or explained.","<span id=""page-2-3""></span><span id=""page-2-2""></span>where  $r_c(t) = h_{s,o,r}(\frac{S_n}{S} + \frac{S_w S_{r_c}}{2S\pi l_{o,r}^2} \cos^m(\xi_w))\alpha_o\eta_{r_n}s(t) + n_{r_n}$ , represents the signal used for communication, which includes narrow-beam signals  $h_{s,o,r} \frac{S_n}{S} \alpha_o \eta_{r_n} s(t)$  and wide-beam signals partially illuminated to optical communication receivers  $h_{s,o,r} \frac{S_w S_{r_c}}{2S\pi l_o^2} \cos^m(\xi_w) \alpha_o \eta_{r_n} s(t)$ .  $r_c(t)$  is received by an optical communication receiver located in the center.  $r_p(t) =$  $\alpha_0 \frac{S_w}{S} \eta_{r_w} s(t) + n_{r_w}$  represents the signal used for positioning, which is received by the PD array located around.  $h_{s.o.r}$ represents the channel fading from the source via OIRS to the receiver;  $S_n$  is the area of the OIRS surface responsible for outputting the narrow beam,  $S_w$  is the area of the OIRS surface responsible for outputting the wide beam, S is the total area of the OIRS surface, where  $S_n + S_w = S$ ;  $S_{r_c}$ is the receiving area of the optical communication receiver;  $m = -\ln 2/\ln(\cos\theta_{w_{1/2}})$ , where  $\theta_{w_{1/2}}$  is the half power angle of the wide beam;  $l_{o,r}$  is the distance from OIRS to the receiver;  $\xi_w$  is the radiation angle from the OIRS to the user; s(t) is the optical signal transmitted by the source. We utilize intensity modulation direct detection (IM/DD) with on-off keying (OOK) modulation in this system and s(t) =0 or  $2P_t$ , where  $P_t$  is the transmitted optical power at the source.  $\alpha_o$  is the power attenuation coefficient introduced by OIRS, which includes the power loss introduced by OIRS reflection efficiency, OIRS unit gap and the size of OIRS. In the actual system, we need to make the beam aperture smaller than the OIRS size as much as possible to improve the OIRS output efficiency.  $\eta_{r_n}, \eta_{r_w}$  are the average receiving",70,70,II. SYSTEM MODEL,,,meta-llama/llama-4-scout-17b-16e-instruct,INDIRECT,llama-3.3-70b-versatile,INDIRECT,True
O_ISAC_098,4D,imdd,im/dd,lexical,DIRECT,The context explicitly mentions 'IM/DD with OOK modulation' which directly relates to the concept.,"Since IM/DD with OOK modulation is utilized in this system, the average BER of the system can be expressed as",327,327,B. Atmospheric Turbulence > A. Bit Error Rate,,,meta-llama/llama-4-scout-17b-16e-instruct,DIRECT,,,False
O_ISAC_098,4D,imdd,im/dd,lexical,INDIRECT,"The concept 'imdd' is implied through the discussion of 'IM/DD with OOK modulation' and its performance under different conditions, but the term 'imdd' itself is not directly mentioned.","<span id=""page-10-2""></span>In Fig. 5, we show the asymptotic BERs and the simulated BERs for our system at user's moving speed  $(v_u = 2m/s)$ under weak turbulence conditions with different jitter values. The asymptotic BER curves are based on (42). The outage probability curves for the same systems under weak turbulence conditions with SNR threshold  $\gamma_{th} = 5$  dB are presented in Fig. 6, where the asymptotic outage probability curves are obtained by (41). From Fig. 5, the simulated BER curves for IM/DD with OOK modulation agree with the asymptotic BER curves in high SNR regimes. The same behavior can be observed for the outage probability in Fig. 6. The numerical results indicate that the asymptotic estimation of system performance measures under weak turbulence conditions is accurate in large SNR regimes. We take the traditional FSO link without adaptive beam alignment as the baseline method and observe that the beam alignment of our system greatly improves the system performance in the mobile user scenario. Here, we use the system performance within the first  $\Delta t$  for the traditional FSO link. As time goes by, the performance of the FSO link will become worse or even interrupted.",447,447,B. Atmospheric Turbulence > V. NUMERICAL RESULTS > A. Asymptotic Performance Results,,,meta-llama/llama-4-scout-17b-16e-instruct,INDIRECT,llama-3.3-70b-versatile,INDIRECT,True
O_ISAC_098,4D,imdd,im/dd,lexical,INDIRECT,"Similar to the previous contexts, 'imdd' is not directly mentioned, but the discussion around 'IM/DD' and its performance in various turbulence conditions indirectly relates to the concept.","<span id=""page-11-0""></span>In Fig. [7,](#page-12-0) we show the approximate BERs and the simulated BERs for our system at user's moving speed (v<sup>u</sup> = 2m/s) under medium to strong turbulence conditions with different jitter values. The approximate BER curves are based on [\(35\).](#page-9-3) The outage probability curves for the same systems under medium to strong turbulence conditions with SNR threshold γth = 5 dB are presented in Fig. [8,](#page-12-1) where the asymptotic outage probability curves are obtained by [\(43\).](#page-11-0) From Fig. [7,](#page-12-0) the simulated BER curves for IM/DD with OOK modulation agree with the asymptotic BER curves in high SNR regimes. The same behavior can be observed for the outage probability in Fig. [8.](#page-12-1) The numerical results indicate that the asymptotic estimation of system performance measures under medium to strong turbulence conditions is accurate in large SNR regimes. From the curves, we can observe that compared with weak",465,465,B. Atmospheric Turbulence > V. NUMERICAL RESULTS > A. Asymptotic Performance Results,,,meta-llama/llama-4-scout-17b-16e-instruct,INDIRECT,llama-3.3-70b-versatile,INDIRECT,True
O_ISAC_098,4D,coherent,coherent detection,lexical,INDIRECT,"The concept of 'coherent' is related to the context of optical communications, but it is not directly defined or explained in the given snippet. Instead, it is used in various paper titles and descriptions, implying a connection to the topic, but requiring external knowledge to understand its relevance.","- <span id=""page-14-15""></span>[\[31\]](#page-3-1) K. P. Peppas and P. T. Mathiopoulos, ""Free-space optical communication with spatial modulation and coherent detection over H-K atmospheric turbulence channels,"" *J. Lightw. Technol.*, vol. 33, no. 20, pp. 4221–4232, Oct. 15, 2015.",559,559,VI. CONCLUSION > REFERENCES,,,meta-llama/llama-4-scout-17b-16e-instruct,INDIRECT,llama-3.3-70b-versatile,INDIRECT,True
O_ISAC_098,4D,intensity_only,intensity,lexical,INDIRECT,"The concept of intensity_only is related to the signal intensity used for communication and positioning, but it is not explicitly mentioned in the given context. However, the context discusses the signal used for communication and positioning, which includes terms related to intensity, such as $\alpha_o \frac{S_w}{S} \eta_{r_w} s(t)$, indicating an indirect relationship.","<span id=""page-2-3""></span><span id=""page-2-2""></span>where  $r_c(t) = h_{s,o,r}(\frac{S_n}{S} + \frac{S_w S_{r_c}}{2S\pi l_{o,r}^2} \cos^m(\xi_w))\alpha_o\eta_{r_n}s(t) + n_{r_n}$ , represents the signal used for communication, which includes narrow-beam signals  $h_{s,o,r} \frac{S_n}{S} \alpha_o \eta_{r_n} s(t)$  and wide-beam signals partially illuminated to optical communication receivers  $h_{s,o,r} \frac{S_w S_{r_c}}{2S\pi l_o^2} \cos^m(\xi_w) \alpha_o \eta_{r_n} s(t)$ .  $r_c(t)$  is received by an optical communication receiver located in the center.  $r_p(t) =$  $\alpha_0 \frac{S_w}{S} \eta_{r_w} s(t) + n_{r_w}$  represents the signal used for positioning, which is received by the PD array located around.  $h_{s.o.r}$ represents the channel fading from the source via OIRS to the receiver;  $S_n$  is the area of the OIRS surface responsible for outputting the narrow beam,  $S_w$  is the area of the OIRS surface responsible for outputting the wide beam, S is the total area of the OIRS surface, where  $S_n + S_w = S$ ;  $S_{r_c}$ is the receiving area of the optical communication receiver;  $m = -\ln 2/\ln(\cos\theta_{w_{1/2}})$ , where  $\theta_{w_{1/2}}$  is the half power angle of the wide beam;  $l_{o,r}$  is the distance from OIRS to the receiver;  $\xi_w$  is the radiation angle from the OIRS to the user; s(t) is the optical signal transmitted by the source. We utilize intensity modulation direct detection (IM/DD) with on-off keying (OOK) modulation in this system and s(t) =0 or  $2P_t$ , where  $P_t$  is the transmitted optical power at the source.  $\alpha_o$  is the power attenuation coefficient introduced by OIRS, which includes the power loss introduced by OIRS reflection efficiency, OIRS unit gap and the size of OIRS. In the actual system, we need to make the beam aperture smaller than the OIRS size as much as possible to improve the OIRS output efficiency.  $\eta_{r_n}, \eta_{r_w}$  are the average receiving",70,70,II. SYSTEM MODEL,,,meta-llama/llama-4-scout-17b-16e-instruct,INDIRECT,llama-3.3-70b-versatile,INDIRECT,True
O_ISAC_098,4D,intensity_only,intensity,fuzzy:88.88888888888889,NONE,"The concept of intensity_only is not related to the discussion of atmospheric turbulence intensities in this context. The context focuses on the distribution of channel fading caused by atmospheric turbulence, without mentioning signal intensity or its direct relation to the concept.","For different atmospheric turbulence intensities, the corresponding distribution of channel fading caused by atmospheric turbulence is different [30], [33]. For weak turbulence conditions, we utilize the lognormal fading model to characterize",122,122,B. Atmospheric Turbulence,,,meta-llama/llama-4-scout-17b-16e-instruct,NONE,llama-3.3-70b-versatile,NONE,True
O_ISAC_098,4D,intensity_only,intensity,lexical,DIRECT,"The snippet directly mentions 'turbulence intensity' and defines it using the Rytov variance $\sigma_R^2$, which is a measure of intensity.","<span id=""page-4-1""></span>The parameter defining the turbulence intensity here is the Rytov variance  $\sigma_R^2$ , where as  $\sigma_R^2 < 0.3$ , it is weak turbulence with lognormal distribution, and as  $\sigma_R^2 \geq 0.3$ , it is medium to strong turbulence with Gamma-Gamma distribution.",145,145,B. Atmospheric Turbulence,,,meta-llama/llama-4-scout-17b-16e-instruct,DIRECT,,,False
O_ISAC_099,4D,json:rx_detection_type,,json,DIRECT,Structured receiver field,,,,,scenario_level[0].receiver.rx_detection_type,direct,json,DIRECT,,,False
O_ISAC_100,4D,imdd,im/dd,lexical,INDIRECT,"The concept 'imdd' is not explicitly mentioned in the snippet, but the context discusses optical wireless communication (OWC) and optical sensors like light detection and ranging (LiDAR), which are related to intensity modulation and direct detection (IMDD).","<span id=""page-0-17""></span><span id=""page-0-16""></span><span id=""page-0-15""></span><span id=""page-0-14""></span><span id=""page-0-13""></span><span id=""page-0-12""></span><span id=""page-0-11""></span>However, an essential gap between RF-ISAC and OW-ISAC waveform design originates from the widely adopted intensity modulation and direct detection (IM/DD) scheme. Generally, optical C&S systems leverage direct detection to reduce the cost and complexity of hardware, which restricts the transmitted signal to be real and non-negative. As a result, the existing complex-value waveforms in RF-ISAC are not readily applicable to OW-ISAC. Therefore, dedicated OW-ISAC waveforms have been proposed, ranging from pulsed waveforms [\[16\],](#page-14-14) [\[17\]](#page-14-15) to constant-modulus waveforms [\[18\],](#page-14-16)",33,33,I. INTRODUCTION,,,meta-llama/llama-4-scout-17b-16e-instruct,INDIRECT,llama-3.3-70b-versatile,INDIRECT,True
O_ISAC_100,4D,imdd,im/dd,lexical,DIRECT,"The context explicitly mentions 'the Doppler shift is eliminated by the IM/DD scheme.' Here, 'IM/DD' stands for Intensity Modulation/Direct Detection, which directly relates to the concept of 'imdd'.","For the communication sub-system, we assume perfect synchronization between the OW-ISAC transceiver and the OWC receiver, while the Doppler shift is eliminated by the IM/DD scheme. Thereby, denoting the transmitted optical intensity as  $x\left(n\right)$ , the received communication signal can be written as",70,70,"I. INTRODUCTION > <span id=""page-1-15""></span>II. SYSTEM FRAMEWORK FOR OW-ISAC > <span id=""page-2-2""></span>A. Communication Model",,,meta-llama/llama-4-scout-17b-16e-instruct,DIRECT,,,False
O_ISAC_100,4D,imdd,instant messaging and data download,fuzzy:100.0,NONE,The snippet contains mathematical equations and does not mention 'imdd' or any related concepts.,and,144,144,"I. INTRODUCTION > <span id=""page-1-15""></span>II. SYSTEM FRAMEWORK FOR OW-ISAC > <span id=""page-2-2""></span>A. Communication Model > <span id=""page-3-2""></span>A. EADO-OFDM Signal Model",,,meta-llama/llama-4-scout-17b-16e-instruct,NONE,llama-3.3-70b-versatile,NONE,True
O_ISAC_100,4D,imdd,instant messaging and data download,fuzzy:100.0,NONE,The snippet contains mathematical equations and does not mention 'imdd' or any related concepts.,and,754,754,"<span id=""page-14-21""></span>APPENDIX B PROOF OF PROPOSITION 1",,,meta-llama/llama-4-scout-17b-16e-instruct,NONE,llama-3.3-70b-versatile,NONE,True
O_ISAC_100,4D,imdd,im/dd,lexical,INDIRECT,"The concept 'imdd' is related to intensity-modulated and direct-detection optical communication systems, which is mentioned in the provided context, but not explicitly defined or explained in the given snippet.","- <span id=""page-15-4""></span>[\[27\]](#page-1-10) S. D. Dissanayake and J. Armstrong, ""Comparison of ACO-OFDM, DCO-OFDM and ADO-OFDM in IM/DD systems,"" *J. Lightw. Technol.*, vol. 31, no. 7, pp. 1063–1072, Apr. 1, 2013.",807,807,"<span id=""page-14-21""></span>APPENDIX B PROOF OF PROPOSITION 1 > REFERENCES",,,meta-llama/llama-4-scout-17b-16e-instruct,INDIRECT,llama-3.3-70b-versatile,INDIRECT,True
O_ISAC_100,4D,intensity_only,intensity,lexical,INDIRECT,"The text mentions 'increasing communication rate, enhancing sensing precision, and reducing interference' which are related to the concept of intensity-only, but does not directly discuss intensity-only.","<span id=""page-0-17""></span><span id=""page-0-16""></span><span id=""page-0-15""></span><span id=""page-0-14""></span><span id=""page-0-13""></span><span id=""page-0-12""></span><span id=""page-0-11""></span>However, an essential gap between RF-ISAC and OW-ISAC waveform design originates from the widely adopted intensity modulation and direct detection (IM/DD) scheme. Generally, optical C&S systems leverage direct detection to reduce the cost and complexity of hardware, which restricts the transmitted signal to be real and non-negative. As a result, the existing complex-value waveforms in RF-ISAC are not readily applicable to OW-ISAC. Therefore, dedicated OW-ISAC waveforms have been proposed, ranging from pulsed waveforms [\[16\],](#page-14-14) [\[17\]](#page-14-15) to constant-modulus waveforms [\[18\],](#page-14-16)",33,33,I. INTRODUCTION,,,meta-llama/llama-4-scout-17b-16e-instruct,INDIRECT,llama-3.3-70b-versatile,INDIRECT,True
O_ISAC_100,4D,intensity_only,intensity,lexical,DIRECT,"The snippet explicitly mentions 'transmitted optical intensity' and received communication signal, directly relating to the concept of intensity.","For the communication sub-system, we assume perfect synchronization between the OW-ISAC transceiver and the OWC receiver, while the Doppler shift is eliminated by the IM/DD scheme. Thereby, denoting the transmitted optical intensity as  $x\left(n\right)$ , the received communication signal can be written as",70,70,"I. INTRODUCTION > <span id=""page-1-15""></span>II. SYSTEM FRAMEWORK FOR OW-ISAC > <span id=""page-2-2""></span>A. Communication Model",,,meta-llama/llama-4-scout-17b-16e-instruct,DIRECT,,,False
O_ISAC_100,4D,intensity_only,intensity,lexical,INDIRECT,"The text discusses the impact of scintillation index on BER, which is related to intensity-only, but does not directly discuss intensity-only.","scintillation index increases, the BER gradually deteriorates due to the enlarged flunctuations in light intensity. Moreover, the deterioration induced by the scintillation gets significant when  $C_n^2 \geq 5 \times 10^{-14} \ \mathrm{m}^{-2/3}$ , highlighting the influences of increased turbulence level.",652,652,"<span id=""page-11-0""></span>*B. Communication Performance Metrics*",,,meta-llama/llama-4-scout-17b-16e-instruct,INDIRECT,llama-3.3-70b-versatile,INDIRECT,True
O_ISAC_100,4D,intensity_only,intensity,lexical,NONE,The text is a list of references and does not discuss the concept of intensity-only.,"- <span id=""page-15-2""></span>[\[25\]](#page-1-8) S. C. J. Lee, S. Randel, F. Breyer, and A. M. J. Koonen, ""PAM-DMT for intensity-modulated and direct-detection optical communication systems,"" *IEEE Photon. Technol. Lett.*, vol. 21, no. 23, pp. 1749–1751, Dec. 1, 2009.",805,805,"<span id=""page-14-21""></span>APPENDIX B PROOF OF PROPOSITION 1 > REFERENCES",,,meta-llama/llama-4-scout-17b-16e-instruct,NONE,llama-3.3-70b-versatile,NONE,True
O_ISAC_102,4D,imdd,instant messaging and data download,fuzzy:100.0,NONE,"The provided snippet does not contain any direct or indirect information related to the concept 'imdd'. The context appears to be about an algorithm or a mathematical process, but it does not mention 'imdd' explicitly or implicitly.",N,352,352,Algorithm 3 Iterative Search and Update Framework of ABC Algorithm,,,meta-llama/llama-4-scout-17b-16e-instruct,NONE,llama-3.3-70b-versatile,NONE,True
O_ISAC_102,4D,coherent,coherent detection,fuzzy:100.0,NONE,The snippet does not provide any direct or indirect information related to the concept of coherence.,N,352,352,Algorithm 3 Iterative Search and Update Framework of ABC Algorithm,,,meta-llama/llama-4-scout-17b-16e-instruct,NONE,llama-3.3-70b-versatile,NONE,True
O_ISAC_102,4D,intensity_only,intensity,fuzzy:88.88888888888889,NONE,"The text discusses the role of infrastructures in real-time environmental data acquisition and the need for higher capacity, broader bandwidth, and enhanced adaptability in dynamic low-altitude environments. It does not directly relate to the concept of intensity_only.","infrastructures for real-time environmental data acquisition, are expected to play a central role in supporting such systems [2]. These networks must deliver higher capacity, broader bandwidth, and enhanced adaptability to meet the hybrid requirements of sensing and communication in dynamic low-altitude environments [3]. These application-layer and network-layer advances also intensify the demand on the optical backbone, as multi-time-scale hierarchical deep reinforcement learning and blockchain-enabled joint optimization have been adopted in air–ground and space–air–ground systems [4], [5]. At the edge of low-altitude systems, active inference–based reinforcement learning further underscores the need for a stable, wideband, and low-latency fiber backbone [6].",25,25,Machine Learning-Enhanced Multi-Pump RFA for High-Performance Optical Backbone in Low-Altitude Sensing and Communication > I. Introduction,,,meta-llama/llama-4-scout-17b-16e-instruct,NONE,llama-3.3-70b-versatile,NONE,True
O_ISAC_102,4D,intensity_only,only intensity,fuzzy:85.71428571428572,NONE,"The text focuses on ultra-wideband transmission, robust amplification, and the limitations of conventional designs in supporting integrated sensing and communication. It does not explicitly mention the concept of intensity_only.","Ultra-wideband (UWB) transmission has drawn attention for improving spectral efficiency in long-distance optical links [18], but its success hinges on robust amplification. Compared with erbium-doped fiber amplifiers, RFAs offer key benefits such as sub-picosecond response, flexible bandwidth, and low noise [19], which are essential for fast and accurate sensing in low-altitude settings. However, the nonlinear nature of the relationship between gain, pump power, and wavelength complicates the configuration process [20], [21], limiting conventional designs from fully supporting the needs of integrated sensing and communication under low-altitude economic conditions. Traditionally, numerical methods for calculating signal power, such as the Runge-Kutta method [22], the shooting method [23], and the average power method [24]. Nevertheless, these approaches are often cumbersome and computationally intensive. To overcome these limitations, optimization algorithms such as evolutionary algorithms [25], [26] and particle swarm optimization algorithms [27], [28] have been proposed and extensively studied over years of research.",37,37,Machine Learning-Enhanced Multi-Pump RFA for High-Performance Optical Backbone in Low-Altitude Sensing and Communication > I. Introduction,,,meta-llama/llama-4-scout-17b-16e-instruct,NONE,llama-3.3-70b-versatile,NONE,True
O_ISAC_102,4D,intensity_only,intensity-only,fuzzy:100.0,NONE,"The text appears to be a code snippet or a mathematical equation, but it does not provide enough context to determine its relevance to the concept of intensity_only.",N,352,352,Algorithm 3 Iterative Search and Update Framework of ABC Algorithm,,,meta-llama/llama-4-scout-17b-16e-instruct,NONE,llama-3.3-70b-versatile,NONE,True
O_ISAC_102,4D,intensity_only,strength,lexical,NONE,"The text discusses the assessment of a model's accuracy using mean square error and regression R-value, but it does not relate to the concept of intensity_only.","Additionally, the model's accuracy is assessed using mean square error (MSE) and the regression R-value. The MSE calculates the average squared error between the predicted values and the actual targets, the regression R-value measures the strength of the linear relationship between predicted outputs and actual values, where R = 1 implies perfect correlation and R = 0 implies no correlation. The training process is limited to a maximum of 1000 iterations, while the validation process allows up to six checks. Once either the maximum number of training epochs is reached or the peak validation error occurs for six consecutive checks, the training process is automatically terminated and the final results are recorded.",409,409,Algorithm 3 Iterative Search and Update Framework of ABC Algorithm,,,meta-llama/llama-4-scout-17b-16e-instruct,NONE,llama-3.3-70b-versatile,NONE,True
O_ISAC_102,4D,complex_field,complex domain,fuzzy:100.0,NONE,The provided snippet does not contain any information related to the concept of complex_field.,N,352,352,Algorithm 3 Iterative Search and Update Framework of ABC Algorithm,,,meta-llama/llama-4-scout-17b-16e-instruct,NONE,llama-3.3-70b-versatile,NONE,True
O_ISAC_102,4D,complex_field,sophisticated area,fuzzy:88.88888888888889,NONE,"The provided snippet discusses the performance of a neural network model, including its accuracy and generalization capability, but does not mention complex_field.","Throughout the training, validation, and testing stages, the 5000 data points align closely with the regression line, demonstrating the model's strong generalization capability and predictive accuracy. The consistently high R-values above 0.98 confirm the robustness of the model and its suitability for practical deployment. Furthermore, this exceptional predictive performance stems not only from well-curated training data but equally from the BPNN's optimized architecture, which facilitates robust pattern recognition and sophisticated data interpretation. This contributes to enhanced prediction precision and system reliability.",415,415,Algorithm 3 Iterative Search and Update Framework of ABC Algorithm > *B. Analysis of BPNN Model*,,,meta-llama/llama-4-scout-17b-16e-instruct,NONE,llama-3.3-70b-versatile,NONE,True
O_ISAC_106,4D,json:rx_detection_type,,json,DIRECT,Structured receiver field,,,,,scenario_level[0].receiver.rx_detection_type,direct,json,DIRECT,,,False
O_ISAC_107,4D,intensity_only,strength,lexical,NONE,"The text does not mention intensity_only explicitly, and the context does not imply its direct or indirect relevance.","Abstract—Whilethe contours of 6G are still being defined, integrated sensing and communication (ISAC) has been identified by the International Telecommunications Union (ITU) as a key feature of next-generation wireless communications. Given the maturity already demonstrated for data transmission on the one hand, and positioning on the other hand, optical wireless communications (OWC) could offer promising solutions for ISAC implementation, especially in indoor scenarios. In this paper, we propose and implement an OWC-based ISAC system that relies on multi-band carrierless amplitude and phase (m-CAP) modulation associated with received signal strength (RSS)-based positioning to achieve data transmission and localization from the same signal. This m-CAP/RSS system is deployed in a  $1.2 \times 1.2 \times 2.16$  m<sup>3</sup> room using four access points installed on the ceiling, and can provide a communication link at a data rate of 12 Mbps with a bit error rate of less than  $3.8\times 10^{-3}$  to any user in a reception plane 20 cm above the ground, while estimating its position with an error of less than 5.9 cm in 90% of cases.",9,9,Experimental Demonstration of Integrated Optical Wireless Sensing and Communication,,,meta-llama/llama-4-scout-17b-16e-instruct,NONE,llama-3.3-70b-versatile,NONE,True
O_ISAC_107,4D,intensity_only,strength,lexical,NONE,"Similar to the previous snippet, there is no explicit or implicit mention of intensity_only in this context.","Index Terms—Integrated sensing and communication (ISAC), multiband carrierless amplitude and phase (m-CAP), optical wireless communications (OWC), received signal strength (RSS).",11,11,Experimental Demonstration of Integrated Optical Wireless Sensing and Communication,,,meta-llama/llama-4-scout-17b-16e-instruct,NONE,llama-3.3-70b-versatile,NONE,True
O_ISAC_107,4D,intensity_only,magnitude,lexical,NONE,This snippet discusses ISAC systems and their applications but does not mention intensity_only or any related concepts directly or indirectly.,"As 6G is expected to also improve by an order of magnitude several key performance indicators, such as throughput and latency, new frequency bands will be required, among which millimeter, THz and optical waves are seen as promising candidates [6], [7], [8]. The use of the optical spectrum for communications has especially been intensively studied for several decades, for the transmission of data over long distances using optical fibers. The maturity of this technology then accelerated the emergence of optical wireless communications (OWC) for wireless data transmission over short distances indoors – including the implementation of optically-based wireless local area networks, known as light-fidelity (LiFi) networks [8] – as well as for outdoor communication over longer distances in free-space optics configurations.",31,31,Experimental Demonstration of Integrated Optical Wireless Sensing and Communication > I. INTRODUCTION,,,meta-llama/llama-4-scout-17b-16e-instruct,NONE,llama-3.3-70b-versatile,NONE,True
O_ISAC_107,4D,intensity_only,strength,lexical,INDIRECT,"The mention of 'received signal strength (RSS)' indirectly relates to the concept of intensity_only, as RSS is a measure of signal intensity.","phase (*m*-CAP) modulations, which offer better peak-to-average power ratio (PAPR) performance for a lower computational complexity [13], [14], [15], [16]. At the same time, remarkable efforts have been made to increase the data rate, with some works reaching Tbps [17]. In parallel, various solutions for optical-based positioning, gathered under the label of *visible light positioning*, have been proposed and studied. These include techniques such as received signal strength (RSS), time of arrival (TOA), time or phase difference of arrival (TDPA/PDOA) and angle of arrival (AOA), which all have their advantages and drawbacks, even though RSS remains less complex and can be used with a single PD, which is why it has been adopted in many works [18].",59,59,Experimental Demonstration of Integrated Optical Wireless Sensing and Communication > I. INTRODUCTION,,,meta-llama/llama-4-scout-17b-16e-instruct,INDIRECT,llama-3.3-70b-versatile,INDIRECT,True
O_ISAC_108,4D,imdd,im/dd,lexical,DIRECT,"The concept 'imdd' is directly related to the context, which discusses intensity modulation and direct detection (IM/DD) in optical communication systems.","Consider an OFDM-enabled O-ISAC system with N orthogonal subcarriers. Let  $\boldsymbol{U}=[\boldsymbol{u}_1,\boldsymbol{u}_2,...,\boldsymbol{u}_L]\in\mathbb{C}^{(N/2-1)\times L}$  be a matrix to be transmitted to the devices. For intensity modulation, we impose the Hermitian symmetry constraint [15] on the input of inverse discrete Fourier transform (IDFT) to perform OFDM modulation. That is, we construct a matrix  $\boldsymbol{X}=[\boldsymbol{x}_1,\boldsymbol{x}_2,...,\boldsymbol{x}_L]\in\mathbb{C}^{N\times L}$ , where  $\boldsymbol{x}_\ell=[0,u_{1,\ell},u_{2,\ell},...,u_{N/2-1,\ell},0,u_{N/2-1,\ell}^*,...,u_{2,\ell}^*,u_{1,\ell}^*]^{\top},\ \ell=1,2,...,L$ , and perform an N-point IDFT to obtain IM/DD-compatible real-valued OFDM samples  $\boldsymbol{V}\in\mathbb{R}^{N\times L}$ .",61,61,Optical Integrated Sensing and Communication with Light-Emitting Diode > I. INTRODUCTION > B. Optical communication,,,meta-llama/llama-4-scout-17b-16e-instruct,INDIRECT,llama-3.3-70b-versatile,DIRECT,True
O_ISAC_108,4D,imdd,im/dd,lexical,DIRECT,"The concept 'imdd' is directly related to the context, which compares IM/DD with radio frequency communication and discusses its application in optical communication systems.","where  $\Delta_k = \left[e^{-j2\pi\frac{n}{N}\frac{d_{1,k}}{cT_{\mathrm{sam}}}}, e^{-j2\pi\frac{n}{N}\frac{d_{2,k}}{cT_{\mathrm{sam}}}}, ..., e^{-j2\pi\frac{n}{N}\frac{d_{\mu,k}}{cT_{\mathrm{sam}}}}\right]^{\top}$  is a phase matrix,  $h_k = \left[h_{1,k}, h_{2,k}, ..., h_{\mu,k}\right]^{\top}$  is the channel coefficient vector, and  $w_k[n+\ell N] \sim \mathcal{N}(0,\sigma^2)$ . Compared to radio frequency communication, IM/DD exclusively relies on measuring the intensity of light rather than its phase. Consequently, optical carriers do not introduce extra phase shifts at the baseband due to time offsets. Overall, the signal received by all  $\kappa$  PDs can be written in a compact form as  $y=[y_1,y_2,...,y_\kappa]$ . To decode the transmitted signal, we employ the maximum ratio combining (MRC):",86,86,Optical Integrated Sensing and Communication with Light-Emitting Diode > I. INTRODUCTION > B. Optical communication,,,meta-llama/llama-4-scout-17b-16e-instruct,INDIRECT,llama-3.3-70b-versatile,DIRECT,True
O_ISAC_108,4D,imdd,im/dd,lexical,DIRECT,"The snippet explicitly mentions 'IM/DD – decoding relies on amplitude, causing only the baseband subcarrier to induce phase shifts on received symbols' and the performance reliance on 'the intensity of the light received by the target PD', directly relating to the concept of imdd and its implications on optical communication and sensing.","where (a) follows thanks to IM/DD – decoding relies on amplitude, causing only the baseband subcarrier to induce phase shifts on received symbols. As time delays are relatively small compared to the OFDM symbol duration, similar phase shifts occur on different subcarriers. (b) follows from (4). Overall, the equivalent channel gain is proportional to the received light intensity  $\sum_{m=1}^{\mu} I_{m,k}^{\rm rx}$  at each PD.",162,162,Optical Integrated Sensing and Communication with Light-Emitting Diode > III. SYNERGIES BETWEEN OPTICAL SENSING AND OPTICAL COMMUNICATION,,,meta-llama/llama-4-scout-17b-16e-instruct,DIRECT,,,False
O_ISAC_108,4D,intensity_only,intensity,lexical,NONE,The concept of intensity_only is not explicitly mentioned in the context.,"a promising complement to radio communication in nextgeneration communication systems [8] to address the problem of spectrum scarcity. On the other hand, optical sensing is an estimation technology [9] with high precision by capturing the intensity of incident light rays and converting it into a form readable by a measuring device. In this light, this paper aims to develop an optical-ISAC (O-ISAC) system.",25,25,Optical Integrated Sensing and Communication with Light-Emitting Diode > I. INTRODUCTION,,,meta-llama/llama-4-scout-17b-16e-instruct,NONE,llama-3.3-70b-versatile,NONE,True
O_ISAC_108,4D,intensity_only,intensity,lexical,INDIRECT,"The concept of intensity_only is related to the idea of maximizing received light intensity, but it is not directly mentioned.","We put forth a new O-ISAC framework tailored for costeffective commercial LEDs. We reveal the synergistic effect of optical communication and optical sensing – they share the common goal of maximizing the received light intensity at the target device, effectively eliminating the common tradeoff encountered by conventional RF-ISAC. Recognizing this synergy, we formulate a received light intensity maximization problem, involving a meticulous optimization of both *Source layout* and *LED radiation pattern*, to address the challenge of divergent light emission. Subsequently, these two optimization problems give rise to a two-phase operational mechanism: In phase 1, the system utilizes directionless light rays to broadcast control signals to all devices, while multiple distributed optical sensors collect reflected light and estimate the device positions. The LED locations are optimized following the solution of source layout optimization. In phase 2, a more refined operation unfolds, and each device is individually served in a Time Division Multiple Access (TDMA) fashion. The light intensities are significantly enhanced by optical beamforming, leading to more reliable communication and much more accurate device sensing and tracking.",29,29,Optical Integrated Sensing and Communication with Light-Emitting Diode > I. INTRODUCTION,,,meta-llama/llama-4-scout-17b-16e-instruct,INDIRECT,llama-3.3-70b-versatile,INDIRECT,True
O_ISAC_108,4D,intensity_only,strength,lexical,DIRECT,"The concept of intensity_only is directly mentioned in the context, specifically in the calculation of received light intensity of the k-th PD from the m-th O-AP.","The radiation patterns of LED light sources are starkly different from those of RF antennas. Hence, our initial step models LED propagation patterns to analyze received signal strength at devices effectively. Considering the m-th O-AP with Lambertian model [5], the LED has a semi-angle at half power  $\Phi_{1/2}$ , and the angle of emission (AoE) of light beams  $0 \le \phi_m \le \Phi_{1/2}$ . The angle of departure (AoD) of a light beam is denoted by  $\varphi_m$ , and we have  $\phi_m = \varphi_m$ .\(^1\) Consider a specific device. We index the  $\kappa$  PDs by  $\{k: k=1,2,...,\kappa\}$  and denote the coordinates of these PDs by  $p_{P,k} = (x_{P,k},y_{P,k},0)$ . Each PD has a half-angle field-of-view (FOV)  $\Psi_{\text{FOV}}$ , and the angle of arrival (AoA)  $\psi_m$ :  $0 \le \psi_m \le \Psi_{\text{FOV}}$ . When the O-APs and PDs are vertically oriented, we have  $\psi_m = \varphi_m$ .",47,47,Optical Integrated Sensing and Communication with Light-Emitting Diode > I. INTRODUCTION > A. Propagation model of light source,,,meta-llama/llama-4-scout-17b-16e-instruct,INDIRECT,llama-3.3-70b-versatile,DIRECT,True
O_ISAC_108,4D,intensity_only,intensity,lexical,DIRECT,"The context explicitly mentions 'received light intensity' and provides a formula for it, directly relating to the concept of 'intensity_only'.","Suppose the effective area of a PD is  $A_{\rm unit}$ , the received light intensity of the k-th PD from the m-th O-AP is",49,49,Optical Integrated Sensing and Communication with Light-Emitting Diode > I. INTRODUCTION > A. Propagation model of light source,,,meta-llama/llama-4-scout-17b-16e-instruct,DIRECT,,,False
O_ISAC_108,4D,intensity_only,intensity,lexical,INDIRECT,"The concept 'intensity_only' is related to the total light intensity emitted from the LED, denoted as $I^{\text{tx}}$, but the provided equation and context discuss a more complex scenario involving radiation patterns, solid angles, and distances, indicating an indirect relationship with the concept.","where  $I^{\rm tx}$  is the total light intensity emitted from the LED. Without loss of generality, we set  $I^{\rm tx}=1$ .  $R\left(\varphi_{m}\right)$  is the radiation pattern of the LED considering all wavelengths emitted by a single light source, and  $\chi(\lambda)$  is the distribution of wavelength  $\lambda.m_{0}$  is Lambert's mode number, and we set  $m_{0}=1$  as the typical value. In the absence of the collimating lens, we have  $\phi_{m}\left(\varphi_{m},\lambda\right)=\varphi_{m}$ , and  $R\left(\varphi_{m}\right)$  can be refined as  $R\left(\varphi_{m}\right)=\frac{1}{\pi}\cos\varphi_{m}$ .  $\Omega\left(\psi_{m}\right)$  is the solid angle, in which  $A_{\rm unit}$  is the unit area both for optical communication and optical sensing, and  $d_{m,k}$  represents the distance between the m-th O-AP and the k-th PD  $(x_{P,k},y_{P,k},0)$ .",57,57,Optical Integrated Sensing and Communication with Light-Emitting Diode > I. INTRODUCTION > A. Propagation model of light source,,,meta-llama/llama-4-scout-17b-16e-instruct,INDIRECT,llama-3.3-70b-versatile,INDIRECT,True
O_ISAC_108,4D,json:rx_detection_type,,json,DIRECT,Structured receiver field,,,,,scenario_level[0].receiver.rx_detection_type,direct,json,DIRECT,,,False
O_ISAC_109,4D,intensity_only,intensity,lexical,INDIRECT,"The concept 'intensity_only' is related to the unavailability of LiDAR intensity data from the Blenser API, which indirectly influences the choice of algorithm for detecting vehicle locations.","algorithm that can detect vehicle locations from point cloud data. Different types of methods such as machine learning and ground plane removal with cluster-based can be used to get vehicle locations. Since point cloud data is generated from a simulation platform, using a learning algorithm like in [13] has a high probability to over-fit the model to the data. Even if we make the simulation to more like practical environments, there is a high cost of training since the input data type (point cloud) consists of large size of data files. Also, most learning algorithms require LiDAR intensity data which is not available from Blenser API. Therefore, ground plane removal with cluster-based method [14] is identified as more suitable for the simulation platform.",96,96,LiDAR aided Simulation Pipeline for Wireless Communication in Vehicular Traffic Scenarios > *C. LiDAR point cloud generation for dynamic environment* > D. Vehicle detection using point cloud,,,meta-llama/llama-4-scout-17b-16e-instruct,INDIRECT,llama-3.3-70b-versatile,INDIRECT,True
O_ISAC_109,4D,intensity_only,intensity,lexical,DIRECT,"The snippet explicitly states that the clustering method 'only use[s] the coordinate information of the points... without intensity data', directly indicating that the approach does not consider intensity data, which aligns with the concept of intensity_only.","from LiDAR to global coordinates is used to generate point cloud data with global perspective. The vehicle detection algorithm consists of four parts i.e. (i) region of interest selection where it limits the actual point cloud processing region by removing not considered area and the LiDAR blind spot to improve the speed of detection, (ii) ground removal to remove the static environment and focus on the dynamic objects, here its vehicles, (iii) Euclidean distance-based clustering method to cluster the points with close distance into one class and only the coordinate information of the points is used in the clustering without intensity data finally (iv) Each detected cluster from the clustering part is converted to a bounding box detection (Fig. 4) with the format [x, y, z, θ, l, w, h]. Where x, y, z refers to the position, θ refers to the yaw angle, and l, w, h refers to its length, width, and height respectively of the bounding box.",102,102,LiDAR aided Simulation Pipeline for Wireless Communication in Vehicular Traffic Scenarios > *C. LiDAR point cloud generation for dynamic environment* > D. Vehicle detection using point cloud,,,meta-llama/llama-4-scout-17b-16e-instruct,DIRECT,,,False
O_ISAC_110,4D,coherent,coherent detection,lexical,DIRECT,"The snippet directly mentions 'coherent detection' in the context of communication experiments, indicating a direct relationship with the concept of coherence.","From Table 1, we show that it is possible to detect the dominant frequency in the received signal and thus enable coherent detection. Considering each event corresponds to a light intensity change and with the polarities of changes (low to high v/s high to low), the demodulation process can involve a simple judiciously selected threshold. We observe that the 60Hz signal in the ambient scenario had very low received signal power due to interference from ambient light, which is roughly 50Hz. These results show the possibility and set the foundation for building decoding optical wirelessly communicated data using a neuromorphic camera in a complete backscatter scenario.",67,67,**Poster Abstract: Joint Optical Wireless Communication and Sensing using Neuromorphic Cameras** > **2.1 Backscatter Optical Wireless Communication**,,,meta-llama/llama-4-scout-17b-16e-instruct,DIRECT,,,False
O_ISAC_110,4D,intensity_only,intensity,fuzzy:88.88888888888889,INDIRECT,"The text mentions 'capturing changes in the light intensities' which relates to the concept of intensity, but does not directly focus on intensity_only.","In this work, we propose a novel re-use of neuromorphic (event) cameras for joint sensing and communications. Event cameras work on the principle of capturing changes in the light intensities, essentially capturing events that lead to such changes. This makes them operable at low power and sample events at fast rates (equivalent to about 40K frames-per-second compared to RGB cameras). We propose a system design to leverage the time-sampling nature of events for optical wireless communication and the ability to sample a collective area of physical space for imaging. In particular, we propose to address the challenges to achieve passive optical wireless (backscatter) communication as well as computer vision functions such as object and path detection using a single neuromorphic camera device. We posit that such an integrated functioning through a single low-power device opens new avenues for visible/invisible light communication and visual scene processing.",15,15,**Poster Abstract: Joint Optical Wireless Communication and Sensing using Neuromorphic Cameras** > **ABSTRACT**,,,meta-llama/llama-4-scout-17b-16e-instruct,INDIRECT,llama-3.3-70b-versatile,INDIRECT,True
O_ISAC_110,4D,intensity_only,intensity,lexical,DIRECT,The text explicitly mentions 'each event corresponds to a light intensity change' which directly relates to the concept of intensity_only.,"From Table 1, we show that it is possible to detect the dominant frequency in the received signal and thus enable coherent detection. Considering each event corresponds to a light intensity change and with the polarities of changes (low to high v/s high to low), the demodulation process can involve a simple judiciously selected threshold. We observe that the 60Hz signal in the ambient scenario had very low received signal power due to interference from ambient light, which is roughly 50Hz. These results show the possibility and set the foundation for building decoding optical wirelessly communicated data using a neuromorphic camera in a complete backscatter scenario.",67,67,**Poster Abstract: Joint Optical Wireless Communication and Sensing using Neuromorphic Cameras** > **2.1 Backscatter Optical Wireless Communication**,,,meta-llama/llama-4-scout-17b-16e-instruct,DIRECT,,,False
O_ISAC_110,4D,intensity_only,intensity,fuzzy:88.88888888888889,INDIRECT,"The text discusses 'histogram (probability density function) of the pixel intensities' which is related to intensity, but the context is about comparing distributions between image and event frames, not solely about intensity_only.","To further understand this phenomenon, we chose the nonreflective object, removed the background, and cropped it tightly in both the image frame and the event frame. We calculated the histogram (probability density function) of the pixel intensities for the object in both types of frames. We observed that the distributions were starkly different. This implies that the extraction of computer vision features and further analysis require sophisticated correspondence matching and point tracking techniques.",73,73,**Poster Abstract: Joint Optical Wireless Communication and Sensing using Neuromorphic Cameras** > **2.1 Backscatter Optical Wireless Communication** > **2.2 Image Sensing and Processing**,,,meta-llama/llama-4-scout-17b-16e-instruct,INDIRECT,llama-3.3-70b-versatile,INDIRECT,True
O_ISAC_110,4D,json:rx_detection_type,,json,DIRECT,Structured receiver field,,,,,scenario_level[0].receiver.rx_detection_type,direct,json,DIRECT,,,False
O_ISAC_111,4D,intensity_only,magnitude,lexical,INDIRECT,"The concept of intensity_only is related to the power of the communication signal and the sensing signal, but the text discusses the impact of these signals on the BER and ROP, rather than directly measuring intensity.","Then, we investigate the impact of sensing signal power on the BER and ROP by modifying the EDFA2, as shown in Fig. 2(c). The observed trend shows that an increase in the power of the sensing signal leads to a reduction of the ROP, thereby resulting in an elevated BER. The magnitude of this effect escalates with the IOP. Therefore, following the application requirements, a slight decrease in the optical power within the radar path can be implemented to enhance communication performance.",76,76,A Sub-THz ISAC System with Simultaneous Real-Time 125.516-Gbps Communication Rate and Offline 10-mm Sensing Resolution Enabled by Photonics > **Introduction** > **Experimental setup** > **Results and Discussions**,,,meta-llama/llama-4-scout-17b-16e-instruct,INDIRECT,llama-3.3-70b-versatile,INDIRECT,True
O_ISAC_111,4D,json:rx_detection_type,,json,DIRECT,Structured receiver field,,,,,scenario_level[0].receiver.rx_detection_type,coherent,json,DIRECT,,,False
O_ISAC_112,4D,coherent,coherent identification,fuzzy:100.0,NONE,"The given snippet does not provide enough context to determine the relationship between the concept 'coherent' and the mathematical expression. The expression appears to be a conditional statement, but without further information, it is unclear how it relates to coherence.",if,345,345,B. Two-Step Localization Strategy-Based IRSPad VLP Algorithm,,,meta-llama/llama-4-scout-17b-16e-instruct,NONE,llama-3.3-70b-versatile,NONE,True
O_ISAC_112,4D,intensity_only,strength,lexical,NONE,"The text does not mention intensity-only localization, it discusses a visible light fingerprint localization technique enhanced by optical Intelligent Reflecting Surfaces (IRS) and utilizes Received Signal Strength (RSS) data.","*Abstract*—In response to the challenge of substantial localization inaccuracies in Line-of-Sight (LoS) obstructed areas within indoor Visible Light Positioning (VLP) systems, this study presents a visible light fingerprint localization technique enhanced by optical Intelligent Reflecting Surfaces (IRS). Initially, a fingerprint matrix database is established utilizing Received Signal Strength (RSS) data. The proposed method, termed IR-SPba, employs the Differential Evolution Based on Weight Issue (DE-WI) algorithm alongside the Weighted K-Nearest Neighbor (WKNN) algorithm to compute localization weight vectors. This integration proves particularly advantageous for Internet of Things (IoT) deployments in multipath-rich environments where traditional Radio-Frequency (RF)-based localization underperforms. To further enhance localization precision, the fingerprint matrix database is expanded into a fingerprint tensor database. This extension, in conjunction with the DE-WI and WKNN weight calculation algorithms and a two-step localization strategy, leads to the development of an improved optical IRS-assisted VLP method, designated as IRSPad. Simulation experiments substantiate the efficacy of both proposed localization methods, revealing that the IRSPad method achieves superior localization accuracy relative to the IRSPba method. Furthermore, within the same localization framework, the DE-WI weight calculation algorithm demonstrates superior performance compared to the WKNN algorithm regarding localization outcomes under the conditions examined in this research.",9,9,Optical IRS-Aided Indoor Visible Light Fingerprint Localization,,,meta-llama/llama-4-scout-17b-16e-instruct,NONE,llama-3.3-70b-versatile,NONE,True
O_ISAC_112,4D,intensity_only,strength,lexical,NONE,"Similar to the first snippet, this text does not mention intensity-only localization. It presents a visible light fingerprint localization technique and its enhancement for Internet of Things (IoT) deployments.","*Index Terms*—Integrated sensing and communication, visible light positioning, intelligent reflecting surface, received signal strength, fingerprint localization, weight calculation algorithm.",11,11,Optical IRS-Aided Indoor Visible Light Fingerprint Localization,,,meta-llama/llama-4-scout-17b-16e-instruct,NONE,llama-3.3-70b-versatile,NONE,True
O_ISAC_112,4D,intensity_only,strength,lexical,INDIRECT,"The text discusses Visible Light Positioning (VLP) technology, which employs signal characteristics for localization, including those that could be related to intensity, such as signal variations detected by receiving devices.","The anticipated sixth generation (6G) of wireless technology is expected to deliver intelligent and ubiquitous connectivity. To realize these objectives, the precise acquisition of location information for mobile terminals is increasingly essential, as it enhances not only location-based services but also the overall performance of wireless communication in multiple dimensions [\[14\]](#page-11-11). Visible Light Positioning (VLP) technology has attracted increasing attention due to the growing demand for high-accuracy indoor localization. This interest is largely driven by its inherent advantages, such as abundant spectral resources, minimal signal interference, enhanced confidentiality, and rapid development of optical signal resource allocation [\[15\]](#page-11-12)–[\[20\]](#page-11-13). VLP technology employs Light-Emitting Diode (LED) light sources to transmit light signals, which are subsequently detected by receiving devices, such as Photodiodes (PD), that monitor signal variations to facilitate localization. The predominant localization techniques utilized in VLP are primarily founded on signal characteristics, including Angle of Arrival (AOA), Time of Arrival (TOA), Time Difference of Arrival (TDOA), and Received Signal Strength (RSS) [\[21\]](#page-11-14). It is important to emphasize that compared to geometric techniques such as AOA and TOA, which require precise angle and time measurements, RSS-based methods are simpler to implement.They depend on signal attenuation rather than complex hardware [\[22\]](#page-11-15), [\[23\]](#page-12-0). Nevertheless, conventional RSS positioning approaches, including trilateration, remain vulnerable to measurement inaccuracies and computational challenges. Conversely, fingerprint-based RSS methodologies demonstrate enhanced robustness in intricate indoor settings through the process of data matching.",30,30,Optical IRS-Aided Indoor Visible Light Fingerprint Localization > I. INTRODUCTION,,,meta-llama/llama-4-scout-17b-16e-instruct,INDIRECT,llama-3.3-70b-versatile,INDIRECT,True
O_ISAC_112,4D,intensity_only,intensity,lexical,DIRECT,"The snippet mentions 'modulating light intensity based on the Lambertian light source model' and 'intensity of the radiation signal received across each unit area of the PD surface is uniform', which directly relates to intensity.","passive reflecting elements. These elements adjust the direction of incident signal reflection or refraction, focusing the signal on the receiver to enhance system performance [\[41\]](#page-12-15). This paper utilizes a metasurface-based optical IRS to enable intelligent control of the wireless environment while reducing energy consumption [\[36\]](#page-12-16). LEDs are strategically mounted on the ceiling, serving as both illumination sources and signal transmitters, modulating light intensity based on the Lambertian light source model. At the receiving end, a PD is utilized to capture the optical signal. Given that the size of the PD is significantly smaller than the distance separating the LEDs and the PD, it can be reasonably assumed that the intensity of the radiation signal received across each unit area of the PD surface is uniform.",72,72,Optical IRS-Aided Indoor Visible Light Fingerprint Localization > *B. Channel Model*,,,meta-llama/llama-4-scout-17b-16e-instruct,DIRECT,,,False
O_ISAC_112,4D,intensity_only,strength,lexical,NONE,"The text does not mention intensity-only, it talks about measuring and analyzing the characteristics of received optical signals, focusing on the strength of visible light signals, but does not explicitly state that only intensity is considered.","This paper proposes a fingerprint-based localization technique that employs optical IRSs. The core principle of this method is to determine the precise location of a user by measuring and analyzing the characteristics of received optical signals. In particular, it focuses on the strength of visible light signals measured in real-world environments. This approach is particularly beneficial in environments that are stable and exhibit minimal changes, as it effectively utilizes pre-existing data without necessitating frequent updates, thus facilitating rapid and reliable localization. The subsequent sections delineate the procedures involved in fingerprint localization, the development of various fingerprint databases, and the algorithmic process for weight computation employed in this research.",115,115,Optical IRS-Aided Indoor Visible Light Fingerprint Localization > III. OPTICAL IRS-AIDED FINGERPRINT DATABASES CONSTRUCTION AND WEIGHTS COMPUTATION,,,meta-llama/llama-4-scout-17b-16e-instruct,NONE,llama-3.3-70b-versatile,NONE,True
O_ISAC_112,4D,complex_field,multifaceted domain,fuzzy:100.0,NONE,The snippet does not mention or imply anything related to complex fields.,if,345,345,B. Two-Step Localization Strategy-Based IRSPad VLP Algorithm,,,meta-llama/llama-4-scout-17b-16e-instruct,NONE,llama-3.3-70b-versatile,NONE,True
O_ISAC_112,4D,complex_field,field complexity,fuzzy:87.5,INDIRECT,"The snippet discusses complexity analysis, which may involve complex mathematical fields, but does not directly mention 'complex_field'.","In the indoor visible light fingerprint positioning system delineated in this study, both the signal and channel models are characterized as positive real numbers. Consequently, we conducted an analysis of the complexity associated with the IRSPba and IRSPad methodologies, focusing on floating point operations (FLOPs). The detailed complexity calculations are presented in Table I.",363,363,B. Two-Step Localization Strategy-Based IRSPad VLP Algorithm > C. Complexity Analysis,,,meta-llama/llama-4-scout-17b-16e-instruct,INDIRECT,llama-3.3-70b-versatile,INDIRECT,True
O_ISAC_113,4D,coherent,coherent detection,lexical,NONE,"The concept 'coherent' is not explicitly mentioned in the given snippet, and there is no clear indication of its relevance to the discussed topic of optical SSB modulation and ISAC signal processing.","During the digital FOE procedure which is used to compensate the frequency offset between signals and LO during coherent detection, the unavoidable discrete Fourier transform (DFT) can be applied to demodulate the FM sensing information. At the sensing joint, the frequency mixing process generates multiple frequency harmonic waves at the radio frequency (RF) output of the mixer which can be indicated by the inset in Fig. [2.](#page-1-1) Relative frequency difference *N* · ∆*f* between the *N th* imaged frequency components dependents on the harmonic wave order *N* and the frequency of FM sensing information ∆*f*(*T*). Because the demodulation of sensing information *N* · ∆*f*(*T*) is conducted by the communicationcompatible DSP, the DFT resolution *fDFT* = *fs L* should be much smaller than *N* · ∆*f*(*T*) to ensure a precise temperature estimation.",65,65,"Advanced Integration of Sensing and Communication With High DSP Compatibility for SMART Network > <span id=""page-0-3""></span><span id=""page-0-2""></span><span id=""page-0-1""></span><span id=""page-0-0""></span>I. INTRODUCTION > II. EXPERIMENTAL DEMONSTRATION",,,meta-llama/llama-4-scout-17b-16e-instruct,NONE,llama-3.3-70b-versatile,NONE,True
O_ISAC_113,4D,json:rx_detection_type,,json,DIRECT,Structured receiver field,,,,,scenario_level[0].receiver.rx_detection_type,coherent,json,DIRECT,,,False
O_ISAC_114,4D,intensity_only,intensity,lexical,NONE,"The concept of intensity is mentioned in the context of intensity modulation, but it is not directly related to the concept of intensity_only.","where g is defined as the gain of the power amplifier and IDC is defined as the bias current. The LD employs intensity modulation, which requires the transmit signal to be nonnegative, i.e., <sup>√</sup>gs <sup>+</sup> <sup>I</sup>DC <sup>≥</sup> <sup>0</sup>.",110,110,I. INTRODUCTION > II. O-ICSPT SYSTEM FRAMEWORK,,,meta-llama/llama-4-scout-17b-16e-instruct,NONE,llama-3.3-70b-versatile,NONE,True
O_ISAC_114,4D,intensity_only,intensity,lexical,INDIRECT,"The intensity of incident light affects the output characteristics of the PV cell, which in turn influences its output power and internal impedance, indicating an indirect relationship with the concept of intensity_only.","The PV cell is a critical component of the EH module, with its output characteristics highly dependent on the intensity of incident light. Variations in light intensity lead to changes in the output current and voltage of the PV, directly influencing its output power and subsequently altering its internal impedance. To maximize the output power, the PV must operate at the maximum power point. Assuming a constant luminous flux incident on the PV and operation at the maximum power point, its electrical equivalent can be analyzed. The equivalent circuit model of the PV, as depicted in Fig. 1(f), comprises a photogenerated current source  $I_{\rm ph}$ , a dark current  $I_0$  generated by the diode, a shunt resistor  $R_{\rm SH}$ , and a series resistor  $R_{\rm S}$ .  $I_{\rm ph}$  represents the current generated by incident light.  $I_0$  simulates the direct current (DC), which is dependent on irradiance and temperature.  $R_{\rm SH}$  models the reactive leakage current path, accounting for impurities in the junction and defects in the crystal structure of the PV.  $R_{\rm S}$  represents losses attributed to resistance in the welded cell boundaries, interconnecting elements, and semiconductor materials comprising the PV. The current generated by the PV cell is expressed as",207,207,I. INTRODUCTION > II. O-ICSPT SYSTEM FRAMEWORK > A. Information Decoding Module > C. EH Module,,,meta-llama/llama-4-scout-17b-16e-instruct,INDIRECT,llama-3.3-70b-versatile,INDIRECT,True
O_ISAC_114,4D,intensity_only,intensity only,fuzzy:85.71428571428572,DIRECT,"The context mentions 'Iph is determined by the intensity of light incident on the PV', which directly relates to the concept of intensity.",$q_e$  is the electron charge.  $I_{\rm ph}$  is determined by the intensity of light incident on the PV and can be calculated by,220,220,I. INTRODUCTION > II. O-ICSPT SYSTEM FRAMEWORK > A. Information Decoding Module > C. EH Module,,,meta-llama/llama-4-scout-17b-16e-instruct,DIRECT,,,False
O_ISAC_114,4D,intensity_only,intensity,lexical,INDIRECT,"The intensity of the primary peak in the autocorrelation function is positively correlated with the sequence length, which is related to the concept of intensity, but not directly to intensity_only.","The number of OFDM symbols determines the length of the sequence used for cross-correlation in delay estimation. The autocorrelation function of this sequence exhibits a primary peak at zero delay, whose intensity is positively correlated with the sequence length. As illustrated in Fig. 3, increasing the number of OFDM symbols initially leads to a significant reduction in RMSE, which eventually converges. To minimize computational overhead, the ranging function can be fulfilled by extracting a segment of appropriate length from the ISAC signal acquired at the sensing receiver.",291,291,I. INTRODUCTION > II. O-ICSPT SYSTEM FRAMEWORK > A. Information Decoding Module > D. Numerical Evaluation,,,meta-llama/llama-4-scout-17b-16e-instruct,NONE,llama-3.3-70b-versatile,INDIRECT,True
O_ISAC_114,4D,intensity_only,intensity,lexical,INDIRECT,"The concept of intensity_only is related to the optimal matching impedance at a particular light intensity, which is mentioned in the snippet. However, the snippet does not directly discuss intensity_only, but rather its effect on the optimal matching impedance.","By varying the resistance of the load resistor, the V-I curves of the PV at different bias currents were measured, as shown in Fig. 8. For each V-I curve, there exists a specific maximum power point, and the associated resistance value represents the optimal matching impedance at that particular light intensity. In all the subsequent experiments involving EH, the optimal matching impedance, as determined by this",353,353,IV. EXPERIMENTAL RESULTS AND DISCUSSIONS > A. System Characteristic,,,meta-llama/llama-4-scout-17b-16e-instruct,NONE,llama-3.3-70b-versatile,INDIRECT,True
O_ISAC_115,4D,intensity_only,intensity,lexical,INDIRECT,"The concept of intensity_only is related to the field intensity calculation, which is formulated in the given equation, but it does not directly state the intensity value.","For the field intensity calculation, if reflection and transmission orders of single ray respectively are U and V , the field intensity of receiving point can be formulated as",86,86,*A. Deterministic Channel Model Methodologies*,,,meta-llama/llama-4-scout-17b-16e-instruct,INDIRECT,llama-3.3-70b-versatile,INDIRECT,True
O_ISAC_115,4D,intensity_only,intensity,lexical,NONE,"The concept of intensity_only is not directly related to the given context, which discusses the physic optics schematic diagram and the vector sum of fields of all rays, without explicitly mentioning intensity.","where the diffraction phenomena are not considered for simplicity. Hence, for M different rays, the field intensity at the receiver are the vector sum of fields of all rays, namely",99,99,*A. Deterministic Channel Model Methodologies*,,,meta-llama/llama-4-scout-17b-16e-instruct,NONE,llama-3.3-70b-versatile,NONE,True
O_ISAC_115,4D,intensity_only,intensity,fuzzy:88.88888888888889,DIRECT,"The snippet directly discusses 'backscattering intensities' and 'modulation radio', which is closely related to intensity",where  $I_{max}$  and  $I_{min}$  are respectively maximum and minimum backscattering intensities. The backscattering modulation  $M_{scene}$  of the real scene can be described by,176,176,*A. Deterministic Channel Model Methodologies* > B. THz Imaging and Assessment Approach,,,meta-llama/llama-4-scout-17b-16e-instruct,DIRECT,,,False
O_ISAC_115,4D,intensity_only,intensity,fuzzy:88.88888888888889,DIRECT,"The snippet directly mentions 'backscattering intensities' and 'modulation radio', which is closely related to intensity","in which  $P_{max}$  and  $P_{min}$  mean respectively maximum and minimum backscattering intensities in the real scene. Therefore, in the imaging system, the modulation radio  $R_M$  is defined as",180,180,*A. Deterministic Channel Model Methodologies* > B. THz Imaging and Assessment Approach,,,meta-llama/llama-4-scout-17b-16e-instruct,DIRECT,,,False
O_ISAC_115,4D,json:rx_detection_type,,json,DIRECT,Structured receiver field,,,,,scenario_level[0].receiver.rx_detection_type,direct_detection,json,DIRECT,,,False
O_ISAC_116,4D,intensity_only,intensity,lexical,INDIRECT,"The concept of intensity_only is related to the received signal power and its dependency on the alignment and environment, but it is not directly mentioned in the snippet. The text discusses the effects of misalignment and the use of reflection-assisted diffused-beam NLOS UV link to address coverage issues, which implies a consideration of intensity but does not directly focus on it.","While this data rate is impressive, it is highly dependent on maintaining very stringent direct LOS with 0° offset angle between the transmitter (Tx) and the receiver (Rx). The combined effects of limited divergence angle and the Lambertian emission pattern of the LED will result in a sharp decrease in received intensity off-axis. So, considering the 7% FEC limit, slightly misaligning the transmitter from 0° to 20° offset azimuth angle degraded the link to below 200 Mbps (Fig. 2) - a significant drop in performance. Thus, such a LOS link has limited coverage and is not quite suitable for most practical applications. To address this stringent alignment requirement and the resulting limited coverage, a reflection-assisted diffused-beam NLOS UV link is proposed as a practical solution, thus making it suitable for reliable OWC in practical scenarios.",49,49,II. LIMITATION OF LOS UV COMMUNICATION,,,meta-llama/llama-4-scout-17b-16e-instruct,INDIRECT,llama-3.3-70b-versatile,INDIRECT,True
O_ISAC_116,4D,intensity_only,intensity,lexical,DIRECT,"This snippet directly discusses signal quality in terms of BER and SNR maps for different scenarios, and mentions that 'The BER and SNR distributions align with the optical intensity', directly relating optical intensity to communication performance.","The BER and SNR maps for the three scenarios are shown in Fig. 6, with signal quality divided into four levels based on FEC thresholds. In the blue region, the BER is below  $2.18 \times 10^{-5}$ , meeting the 2.7% overhead FEC limit, while the green and orange regions correspond to the higher 7% and 20% overhead FEC limits, respectively. The red area indicates poor signal quality. The corresponding SNR maps are also provided to the right. In the first scenario (Fig. 6 (a)), omnidirectional coverage is achieved, but signal quality degrades towards the edges of the room due to limited 18° FWHM of the spotlight beam. In the second scenario (Fig. 6 (b)), orienting the receiver loosely toward the hotspot increases the blue and green regions, maintaining an SNR above 7.19 dB and BER below  $2.45 \times 10^{-4}$  throughout the area. In the third scenario (Fig. 6 (c)), the hotspot shifts and the illuminated area becomes elliptical, expanding the blue region and providing robust signal coverage even if the transmitter is placed at the edge of the room. The BER and SNR distributions align with the optical intensity patterns of ceiling reflection. As described,",93,93,"II. LIMITATION OF LOS UV COMMUNICATION > <span id=""page-2-2""></span>C. Enhanced Coverage Results and Discussions",,,meta-llama/llama-4-scout-17b-16e-instruct,DIRECT,,,False
O_ISAC_116,4D,intensity_only,strength,lexical,INDIRECT,"The snippet discusses the potential for sensing applications based on the dependency of received signal power on the level of scattering, which is related to intensity. However, the primary focus is on the joint sensing and communication experiment, and intensity is not directly addressed as a standalone concept.","Under smoke-free conditions, the system initially achieved an average BER of  $2.64 \times 10^{-3}$  and 5.13 dB SNR, fulfilling high-reliability communication. Subsequently, artificial smoke is introduced into the enclosure for 10 s, and a hole is left on one side of the box to allow it to gradually dissipate. Data are transmitted and recorded at 2-minute intervals over a total duration of 1.5 hours. The SNR as a function of time lapse, used as an indicator of smoke density, is plotted in Fig. 7, along with the baseline SNR (red dotted line) in smoke-free conditions. It can be seen that SNR increases notably from 5.13 dB to 11.33 dB, while BER decreases from  $2.64 \times 10^{-3}$  to  $3.47 \times 10^{-4}$ , in the presence of dense smoke. The SNR gradually decreases as the smoke dissipates. After 1.5 hours, even when the smoke is no longer visible to the naked eye, the SNR and BER remain at 8.77 dB and  $1.22 \times 10^{-3}$ , respectively. These results indicate that the system maintains high sensitivity to smoke while ensuring low-error-rate communication at 2 Mbps. This dependency of received signal power on scattering levels suggests applications for ISAC, such as smoke detection in enclosed environments. A control mechanism could monitor variations in signal strength to trigger a fire alarm while maintaining",107,107,"II. LIMITATION OF LOS UV COMMUNICATION > <span id=""page-2-2""></span>C. Enhanced Coverage Results and Discussions > IV. PROSPECT OF UV SENSING AND COMMUNICATION",,,meta-llama/llama-4-scout-17b-16e-instruct,INDIRECT,llama-3.3-70b-versatile,INDIRECT,True
O_ISAC_116,4D,json:rx_detection_type,,json,DIRECT,Structured receiver field,,,,,scenario_level[0].receiver.rx_detection_type,direct,json,DIRECT,,,False
O_ISAC_117,4D,imdd,instant messaging and data download,fuzzy:100.0,NONE,The given snippet does not provide any direct or indirect information related to the concept 'imdd'. It appears to be a mathematical equation related to IFFT (Inverse Fast Fourier Transform) and does not mention 'imdd' or any related terms.,and,68,68,A. Integrated Signal Generation,,,meta-llama/llama-4-scout-17b-16e-instruct,NONE,llama-3.3-70b-versatile,NONE,True
O_ISAC_117,4D,intensity_only,intensity,fuzzy:88.88888888888889,DIRECT,"The figure caption mentions 'BER performance of different turbulence intensities', which directly relates to the concept of intensity_only.",Fig. 3 BER performance of different turbulence intensities,181,181,A. BER,,,meta-llama/llama-4-scout-17b-16e-instruct,DIRECT,,,False
O_ISAC_117,4D,intensity_only,intensity,lexical,INDIRECT,"The provided snippets discuss various modulation techniques, including intensity modulation, but do not directly focus on 'intensity_only'. Instead, they explore related concepts such as adaptive modulation, coding, and performance enhancements in different communication systems, indicating an indirect relationship to the concept of 'intensity_only'.","- [7] Barakat J M H, El Falou A R, Gurkan Z N, et al. Enhanced Performance of Intensity Modulation with Direct Detection Using Golay Encoded Nyquist Pulses and Electronic Dispersion Compensation[J]. IEEE Photonics Journal, 2024",236,236,REFERENCES,,,meta-llama/llama-4-scout-17b-16e-instruct,INDIRECT,llama-3.3-70b-versatile,INDIRECT,True
O_ISAC_118,4D,json:rx_detection_type,,json,DIRECT,Structured receiver field,,,,,scenario_level[0].receiver.rx_detection_type,coherent,json,DIRECT,,,False
O_ISAC_121,4D,intensity_only,magnitude,lexical,NONE,"The provided snippet does not mention intensity-only concepts, but rather focuses on direction-of-arrival estimation, optical computing, and diffractive neural networks in the context of wireless signal processing.","In the fields of communications, radar, and navigation, the angles of spatial target sources are critical information for wireless signal processing. Consequently, direction-of-arrival (DOA) estimation techniques have been extensively studied [1]. However, due to the storage-compute separation architecture, the electronic processors require a large number of RF circuits, analog-to-digital converters, and digital signal processing, leading to high latency, energy consumption, and cost. As a result, there is an urgent need for advanced computing paradigms to replace electronic processors. Optical computing, as an in-memory computing architecture, offers advantages such as light-speed computation, no energy consumption, and high parallelism, making it a promising candidate to replace electronic wireless signal processors [2]. Diffractive neural networks can directly perceive and process spatial electromagnetic (EM) waves to perform tasks such as object recognition and wireless encoding [3]. However, diffractive neural networks are limited by the modeling of meta-atoms and training optimization methods, making it difficult to achieve spatial super-resolution wireless signal processing. Here, we propose the super-resolution diffractive neural network (S-DNN), an all-optical computing paradigm for DOA estimation beyond diffraction limits [4]. The S-DNN can perform broadband DOA estimation for multiple coherent sources, with a maximum bandwidth of 10 GHz. It generates super-oscillatory angular responses within a local angular range, enabling superresolution DOA estimation. Experimental results show that the angular resolution of the S-DNN surpasses the Rayleigh diffraction limit by four times. The all-optical DOA estimation delay is 1.67 microseconds, improving performance by four orders of magnitude.",13,13,**All-optical Computing for Direction-of-arrival Estimation Beyond Diffraction Limits** > **1. Introduction**,,,meta-llama/llama-4-scout-17b-16e-instruct,NONE,llama-3.3-70b-versatile,NONE,True
O_ISAC_122,4D,intensity_only,magnitude,lexical,NONE,"The text does not mention intensity-only measurements, but rather discusses the use of electromagnetic waves and super-resolution diffractive neural networks for direction of arrival estimation.","*Abstract***—Direction of arrival estimation technology is the foundation for communications, radar, navigation, etc. However, conventional electronic devices for DOA estimation require expensive RF circuits, high-precision analogue-todigital converters and complex digital signal processing algorithms. Here, we propose a super-resolution diffractive neural network (S-DNN) to directly process electromagnetic (EM) waves for super-resolution DOA estimation over a broadband frequency range. The multilayer meta-structures of the S-DNN produces super-oscillatory angular responses in local angular range, which can perform all-optical DOA estimation with angular resolution beyond the diffraction limit. Space-time multiplexing of passive and reconfigurable S-DNNs is used to achieve high-resolution DOA estimation over a wide field of view. Experiments show that the angular resolution of the S-DNN is four times higher than the diffraction limited resolution. The fabricated S-DNN can be used for superresolution DOA estimation of multiple coherent sources over a 5 GHz frequency bandwidth, with an estimation delay that is in principle two to four orders of magnitude lower than commercial devices. We also use the all-optical DOA estimation capability of the S-DNN to provide angular direction to reconfigurable intelligent surface, to achieve low-latency and low-power integrated sensing and communication. Our work is an important step towards enabling various wireless sensing and communication tasks using photonic computing processors that outperform electronic computing in both computational paradigm and performance.**",19,19,All-optical computing for super-resolution direction of arrival estimation,,,meta-llama/llama-4-scout-17b-16e-instruct,NONE,llama-3.3-70b-versatile,NONE,True
O_ISAC_122,4D,intensity_only,magnitude,lexical,NONE,"The text discusses the importance of direction of arrival estimation in wireless communication and phased array radar, but does not mention intensity-only measurements.","Photonics computing, using photons as information carriers, completely revolutionizes traditional electronic computing in terms of computational speed, throughput, and energy efficiency [6,7,8]. Photonics computing harnesses various optical characteristics including amplitude, phase, frequency, and polarization, thereby holding tremendous potential beyond Moore's law. In microwave photonics technology, RF signals are encoded onto optical signals to achieve bandwidth enhancement by several orders of magnitude, enabling superior performance in tasks such as filtering, time integration and differentiation, and blind source separation [9,10]. Diffractive neural networks, as a spatial optical computing paradigm, enable direct perception and computation of spatial electromagnetic (EM) waves. Leveraging the disruptive computational capabilities of diffractive neural networks, tasks like object recognition and wireless encoding/decoding have been achieved at light speed with minimal energy consumption [11,12]. Additionally, reconfigurable intelligent surfaces (RIS) modulate both amplitude and phase of spatial EM waves, serving as wireless relays to establish non-line-of-sight communication links between base stations and users [13]. However, RIS lacks perception and computation capabilities without RF circuit components, necessitating communication with base stations for control signals and user angle information. This limitation hinders RIS from providing low-latency beam tracking for applications like autonomous driving and high-speed rail communications.",27,27,All-optical computing for super-resolution direction of arrival estimation > I. INTRODUCTION,,,meta-llama/llama-4-scout-17b-16e-instruct,NONE,llama-3.3-70b-versatile,NONE,True
O_ISAC_122,4D,intensity_only,intensity,lexical,INDIRECT,"The text mentions measuring the intensity of the output EM field, but in the context of estimating elevation and azimuth angles, implying that intensity is used as part of a larger process to determine direction of arrival.","The fundamental principle of using the S-DNN for DOA estimation involves classifying the input EM field distribution of different target sources into distinct angular intervals. The architecture of the S-DNN consists of multiple cascaded diffraction modulation layers, followed by a detector array on the output plane (see Fig. 1). Each detection region corresponds to a specific input angular interval and is used to measure the intensity of the output EM field. The S-DNN can be designed to operate in either 1D or 2D estimation modes to estimate the elevation and azimuth angles of the targets individually or simultaneously. Assuming the center of the input plane of the S-DNN is the origin of the coordinate system, the EM field distribution of a target source at an elevation angle  $\theta$  and azimuth angle  $\varphi$  on the z-axis can be approximated as a far-field plane wave:",37,37,All-optical computing for super-resolution direction of arrival estimation > I. INTRODUCTION > II. PRINCIPLE OF PROPOSED S-DNN,,,meta-llama/llama-4-scout-17b-16e-instruct,INDIRECT,llama-3.3-70b-versatile,INDIRECT,True
O_ISAC_122,4D,intensity_only,intensity,lexical,DIRECT,"The snippet explicitly mentions 'The EM field intensity measured by the i-th detector' which directly refers to using intensity for a purpose, implying 'intensity_only' in the context of measurement.",The EM field intensity measured by the i-th detector at the (M+1)-th output layer of S-DNN can be expressed as,56,56,All-optical computing for super-resolution direction of arrival estimation > I. INTRODUCTION > II. PRINCIPLE OF PROPOSED S-DNN,,,meta-llama/llama-4-scout-17b-16e-instruct,DIRECT,,,False
O_ISAC_122,4D,intensity_only,intensity,lexical,INDIRECT,"The concept 'intensity_only' is related to the calculation of intensity measurements within detection regions, but the text does not directly state that only intensity is considered. Instead, it mentions the accumulation of energy and the use of phase modulation coefficients, indicating that other factors are also involved.","Based on the forward propagation model of the S-DNN, the network output error is calculated using a loss function, and the phase modulation coefficients of the PIS are updated through backpropagation. The S-DNN learns to accumulate the energy of the incident plane waves with unknown angle into their corresponding detection regions on the output plane. The K target angular intervals are determined by identifying the top K intensity measurements within the detection regions.",60,60,All-optical computing for super-resolution direction of arrival estimation > I. INTRODUCTION > II. PRINCIPLE OF PROPOSED S-DNN,,,meta-llama/llama-4-scout-17b-16e-instruct,INDIRECT,llama-3.3-70b-versatile,INDIRECT,True
O_ISAC_123,4D,coherent,coherent analysis,fuzzy:100.0,NONE,The snippet is a mathematical equation and does not provide any direct or indirect information about the concept of coherence.,is,122,122,A. Leader-Follower Kinematics,,,meta-llama/llama-4-scout-17b-16e-instruct,NONE,llama-3.3-70b-versatile,NONE,True
O_ISAC_123,4D,complex_field,sophisticated area,fuzzy:100.0,NONE,"The snippet does not mention or imply the concept of a complex field. It appears to be a mathematical equation related to time derivatives and kinematics, but does not contain any information about complex fields.",is,122,122,A. Leader-Follower Kinematics,,,meta-llama/llama-4-scout-17b-16e-instruct,NONE,llama-3.3-70b-versatile,NONE,True
O_ISAC_124,4D,intensity_only,strength,lexical,NONE,"The text discusses the impact of bending angles on radiation characteristics and impedance bandwidth, but does not directly mention intensity.","bandwidth. Radiation characteristics and impedance bandwidth are improved due to continuous wave propagation and phase progression. To further analyze this effect, the current distribution of Cell A is presented in Fig. 6(a). In EH1-mode operation, increasing bending angles reduces the impact of discontinuities, which strengthens the coupling effects within structure. This behavior extends the effective current path, enabling smoother wave propagation and improving the impedance bandwidth, particularly at lower frequencies. However, increasing the bending angle beyond 115° (e.g., 135°) introduces a trade-off by significantly reducing the gain at higher frequencies, as shown in Fig. 5(b). Therefore, the bending angle is optimized to a range of 118° to 120°, achieving balanced performance with adequate coverage at lower frequencies while maintaining boresight gain at 28 GHz, as shown in Fig. 5(a). In addition, the dispersion diagram confirms that the proposed unit cell is operated as *n*=-1 first higher-order harmonic within the fast-wave region from 22 to 38 GHz. However, the antenna gains and impedance matching at lower frequency bands are significantly reduced due to insufficient current paths [39]. To analyze insufficient current paths, Fig. 6(b) presents the electric field distribution of Cell A at the B-B' boundary. The coupling field is weak at the center of the Cell A due to the large spacing in the grid-shaped structure.",106,106,II. LEAKY-WAVE ANTENNA-ON-DISPLAY > *B. Operation Principle*,,,meta-llama/llama-4-scout-17b-16e-instruct,NONE,llama-3.3-70b-versatile,NONE,True
O_ISAC_124,4D,intensity_only,intensity,lexical,NONE,"The text discusses the optimization of bending angles for balanced performance, but does not directly mention intensity.","To address this limitation, the cross patch structure is introduced in Cell A, effectively enhancing antenna performance at lower frequencies. As shown in Fig. 7(a), the current distribution analysis reveals that the incorporation of the cross patch structure extends the effective current path along the y-direction, leading to improved impedance matching and enhanced antenna gain at lower frequency bands. To further investigate its impact on radiation characteristics, the electricfield distribution is evaluated in Fig. 7(b), demonstrating how the cross patch structure contributes to stronger and more uniform radiation. This structure not only reduces impedance mismatches but also minimizes losses, allowing for more efficient wave propagation within the unit cell. As a result, the optimized current path enhances radiation efficiency, leading to a more focused and directive radiation pattern, as shown in Fig. 8(a). To analyze the radiation characteristics, the E-field distribution demonstrates that the cross patch structure exhibits a field pattern similar to a quasi-dipole antenna, in Fig. 8(b). In lower band, the electric field distribution of the antenna is similar to the conventional dipole, exhibiting maximum intensity at the center and minimal intensity at the ends [40]. However, the electric-field strength is significantly reduced at higher frequencies due to the impedance mismatch. As a result, the impedance matching is poor at higher frequencies, as shown in Fig. 8(a).",108,108,II. LEAKY-WAVE ANTENNA-ON-DISPLAY > *B. Operation Principle*,,,meta-llama/llama-4-scout-17b-16e-instruct,NONE,llama-3.3-70b-versatile,NONE,True
O_ISAC_124,4D,intensity_only,magnitude,lexical,INDIRECT,"The text mentions the simulated realized gain as a function of element count, which is related to intensity, but does not directly discuss intensity.",Fig. 11. (a) Simulated realized gain as function of element count. (b) Simulated and calculated the magnitude electric field  $E_z(N)$  and cumulative loss  $L_{cum}$  as function of the number of unit cell (N).,122,122,*C. Unit Cell Optimization for Display Panel Integration*,,,meta-llama/llama-4-scout-17b-16e-instruct,INDIRECT,llama-3.3-70b-versatile,INDIRECT,True
O_ISAC_124,4D,intensity_only,magnitude,lexical,NONE,"The text discusses the propagation constant, attenuation constant, and electric field magnitude, but does not directly mention intensity.","where  $\gamma$  is the propagation constant, and  $\alpha$  represents the attenuation constant. The cumulative voltage and current propagation through the periodic structure follows (3). Where  $V_0$  is the initial voltage at the first unit cell. In addition, the electric field magnitude across the unit cell follows an exponential decay, given by (4).",133,133,*C. Unit Cell Optimization for Display Panel Integration*,,,meta-llama/llama-4-scout-17b-16e-instruct,NONE,llama-3.3-70b-versatile,NONE,True
O_ISAC_124,4D,intensity_only,magnitude,lexical,NONE,"The concept 'intensity_only' is not directly or indirectly related to the provided snippet, which discusses the optimization of unit cells and electric field attenuation in the context of LWAoD integrated with a display panel.","To determine the optimal number of unit cells, a convergence-based approach is applied. The difference in electric field magnitude between successive unit cells is evaluated, and the number of unit cells is optimized when the variation falls below a predefined threshold  $\epsilon = 1\%$ , leading to (5) and (6). The threshold is selected based on prior studies, where 1% criterion has been demonstrated to effectively indicate negligible additional energy contributions impedance matrix analysis of RF structure [43], [44].",145,145,*C. Unit Cell Optimization for Display Panel Integration*,,,meta-llama/llama-4-scout-17b-16e-instruct,NONE,llama-3.3-70b-versatile,NONE,True
O_ISAC_126,4D,intensity_only,strength,lexical,NONE,"The text discusses large-scale fading channels and their importance in network planning and optimization, but does not directly relate to intensity_only.","The large-scale fading reflects the power variation of wireless signals over long distances, which can be divided into the path loss (PL) and shadow fading (SF). The SF describes the change in signal strength caused by the obstruction of electromagnetic waves during propagation and describes the slow power variation of the received signal. The PL describes the power variation of the received signal between the transmitter (Tx) and receiver (Rx). The Okumura-Hata model extended the Okumura model to various propagation environments, considering urban, suburban, and open areas. In [6], the Lee model considered terrain influence and can be used to simulate macro cellular at 150-2000 MHz and micro cellular at 450-2000 MHz. In [7], the COST231-Hata model used a correction factor to extend the Okumura-Hata model's applicable frequency to 2000 MHz. In [8], the 3GPP TR 38.901 channel model provided path loss and shadow fading models for scenarios such as urban macro cells, urban micro cells, and industrial Internet of things (IIoTs) in the 0.5-100 GHz frequency bands, considering the influence of transmitting and receiving antenna heights. In [9], the IMT-2020 constructed the large-scale fading models of new frequencies and techniques, such as terahertz (THz), integrated sensing and communication (ISAC), and reconfigurable intelligent surface (RIS).",21,21,A General 6G Large-scale Fading Channel Model for Multiple Frequency Bands and Scenarios > I. INTRODUCTION,,,meta-llama/llama-4-scout-17b-16e-instruct,NONE,llama-3.3-70b-versatile,NONE,True
O_ISAC_126,4D,intensity_only,strength,lexical,INDIRECT,"The text mentions signal strength variations caused by ionospheric scintillation, which can be related to intensity, but does not directly discuss intensity_only.",1) Ionospheric Scintillation Loss: Ionospheric scintillation loss refers to the rapid variations in signal strength and phase caused by irregularities and disturbances in the ionosphere. Ionospheric scintillation can be expressed as,120,120,A General 6G Large-scale Fading Channel Model for Multiple Frequency Bands and Scenarios > I. INTRODUCTION > II. 6G GENERAL CHANNEL MODEL FOR LARGE-SCALE FADING > C. Scintillation Loss,,,meta-llama/llama-4-scout-17b-16e-instruct,INDIRECT,llama-3.3-70b-versatile,INDIRECT,True
O_ISAC_126,4D,intensity_only,strength,lexical,INDIRECT,"The text discusses tropospheric scintillation loss, which involves signal strength and phase variations, but does not directly address intensity_only.","2) Tropospheric Scintillation Loss: Tropospheric scintillation loss refers to the rapid variations in signal strength and phase caused by irregularities and turbulence in the troposphere, such as changes in temperature, humidity, and pressure, during electromagnetic wave propagation.",134,134,A General 6G Large-scale Fading Channel Model for Multiple Frequency Bands and Scenarios > I. INTRODUCTION > II. 6G GENERAL CHANNEL MODEL FOR LARGE-SCALE FADING > C. Scintillation Loss,,,meta-llama/llama-4-scout-17b-16e-instruct,INDIRECT,llama-3.3-70b-versatile,INDIRECT,True
O_ISAC_126,4D,complex_field,advanced field,fuzzy:85.71428571428572,NONE,"The provided snippet does not mention or relate to the concept of 'complex_field' directly or indirectly. It discusses large-scale fading, path loss, shadow fading, and various propagation models in the context of wireless signals, which does not explicitly or implicitly connect to the concept of 'complex_field'.","Future 6G networks aim to achieve allmultiple frequency band communications, global-coverage scenario communications, and full-application scenario communications. A major challenge in channel modeling for these advanced wireless systems lies in integrating large-scale electromagnetic propagation characteristics from multiple frequency bands and scenarios into a unified framework. This integration is essential to fulfill the diverse requirements of future 6G communication environments. To our knowledge, there are currently no largescale fading channels that comprehensively incorporates the propagation characteristics of multiple frequency bands and multiple scenarios. To fill this research gap, this paper aims to propose a 6G general large-scale fading channel model (6GLS-FCM) that integrates the electromagnetic propagation characteristics across multiple frequency bands and scenarios. Additionally, a parameter simplification and optimization method of the 6GLSFCM is provided for specific frequency bands and scenarios, which can be used to characterize the large-scale fading channel in these contexts. 6GLSFCM provides a simple method for modeling large-scale fading channels and a closed",23,23,A General 6G Large-scale Fading Channel Model for Multiple Frequency Bands and Scenarios > I. INTRODUCTION,,,meta-llama/llama-4-scout-17b-16e-instruct,NONE,llama-3.3-70b-versatile,NONE,True
O_ISAC_126,4D,json:rx_detection_type,,json,DIRECT,Structured receiver field,,,,,scenario_level[0].receiver.rx_detection_type,coherent,json,DIRECT,,,False
O_ISAC_127,4D,intensity_only,intensity,lexical,INDIRECT,"The text mentions 'turbulence intensity' which is related to the concept of intensity, but it is not the sole focus of the passage.","As shown in Fig. 1, the system comprises an ISAC-enabled base station (BS) deployed above the water surface, which simultaneously supports communication and radar functionalities. An RIS is placed underwater and dynamically adjusts optical signal reflections based on real-time predictions of environmental parameters such as salinity (31.9-34.4 PSU), temperature (9.9-10.66°C), and turbulence intensity. The RIS adapts beamforming to maintain secrecy, mitigate signal degradation, and improve transmission reliability.",91,91,"<span id=""page-2-1""></span><span id=""page-2-0""></span>**III. SYSTEM MODEL AND OPTIMIZATION FRAMEWORK**",,,meta-llama/llama-4-scout-17b-16e-instruct,INDIRECT,llama-3.3-70b-versatile,INDIRECT,True
O_ISAC_127,4D,intensity_only,strength,lexical,NONE,There is no mention of intensity in this snippet.,This formulation enables simultaneous enhancement of communication reliability and radar sensing while strengthening security against eavesdropping.,177,177,2) SCATTERING LOSS > 3) TURBULENCE-INDUCED FADING > 4) BEAM DIVERGENCE LOSS > 1) PHASE-SHIFT OPTIMIZATION FRAMEWORK,,,meta-llama/llama-4-scout-17b-16e-instruct,NONE,llama-3.3-70b-versatile,NONE,True
O_ISAC_127,4D,intensity_only,strength,lexical,NONE,This snippet appears to be an acknowledgement or reference section and does not mention intensity.,"parri Rey, and Dr. Tatiana Pugh Moreno, Vice-Minister for Asia, the Middle East, and Oceania at the Ministry of Popular Power for Foreign Affairs, whose efforts to strengthen international academic collaboration have contributed significantly to this work. They declare that they have no conflicts of interests.",593,593,**ACKNOWLEDGMENT**,,,meta-llama/llama-4-scout-17b-16e-instruct,NONE,llama-3.3-70b-versatile,NONE,True
O_ISAC_128,4D,intensity_only,intensity,lexical,INDIRECT,"The text mentions 'intensity' in the context of 'Intensity Modulated Direct Detection (IM-DD)' which implies that intensity is being used as a modulation technique, but it does not solely focus on intensity.","Coherent techniques[5] like Multiple Input Multiple Output (MIMO) used in phase-sensitive optical time-domain reflectometry (ø-OTDR) or distributed acoustic sensing (DAS) enable ultra-long range sensing for smart optical network monitoring. This technology has been applied to ISAC over submarine fibers through detection of phase changes[6] or polarization state rotations[7]. Additionally, a combination of Intensity Modulated Direct Detection (IM-DD) with Frequency Modulated Continuous Wave (FMCW) carriers supports integrated sensing and communication on single links, but multiple links require numerous ultra-narrow linewidth lasers[8]. Optical E-O combs offer a cost-effective alternative by generating multiple coherent lasers from one seed laser, useful for multi-path ISAC[9]. Moreover, fiber access networks often face multi-path interference in ø-OTDR traces, complicating event localization. Although Reflective Semiconductor Optical Amplifiers (RSOAs) can reduce this interference using Time-Domain Multiplexing (TDM) in Optical Network Units (ONUs), it necessitates user-end equipment modifications[10].",18,18,**Introduction**,,,meta-llama/llama-4-scout-17b-16e-instruct,INDIRECT,llama-3.3-70b-versatile,INDIRECT,True
O_ISAC_128,4D,intensity_only,intensity,lexical,INDIRECT,"The text mentions 'intensity' in the context of 'intensity and IQ modulation' which implies that intensity is being used as a modulation technique, but it does not solely focus on intensity.","We demonstrate ISAC over PON and RAN using five optical comb lines and four fiber spools to simulate a variety of optical access application scenarios, as depicted in Fig. 2(a). A narrow linewidth source (NKT E15) seeds the generation of the dual combs. The light passes through a polarization-maintaining coupler, which directs one path to the ISAC transmitter and the other to the sensing receiver. When the sensing switch is activated, the transmitter side first modulates the light with a FMCW of 200 MHz bandwidth starting from 70 MHz using an IQ modulator (Fujitsu 7962EP) and an Arbitrary Waveform Generator (AWG) (Keysight M8190A), followed by a Polarization-Maintaining Erbium-Doped Fiber Amplifier (PM-EDFA) and a narrow band-pass filter. The light then enters a dual-drive Mach-Zehnder modulator (DD-MZM) (Fujitsu 7937EZ) driven by a 25 GHz microwave signal generator (MSG1) (Agilent E8267C), creating optical combs. These combs are modulated with data sequences from another AWG (Keysight M8196A), using both intensity and IQ modulation across different lines. The combined signals pass through a high-power booster (Amonics BA-33) and a waveshaper (Finisar 4000A) before being transmitted over the fiber links. Three links (353m, 20 km, 50 km) carry the intensity-modulated signal, while one link (10 km) carries both the IQ-modulated signal and an unmodulated FMCW comb line, with signal processing realized by a K-K receiver. The four data streams are captured by a four-channel oscilloscope (Keysight DSAZ594A), followed by offline communication digital signal processing (DSP).",40,40,**Introduction** > **Operation theory** > **Experimental setup**,,,meta-llama/llama-4-scout-17b-16e-instruct,INDIRECT,llama-3.3-70b-versatile,INDIRECT,True
O_ISAC_128,4D,complex_field,advanced field,fuzzy:85.71428571428572,INDIRECT,"The concept of complex_field is related to the context of optical fibers, sensing, and communication, but it is not explicitly mentioned. The text discusses various techniques and technologies, such as MIMO, ø-OTDR, and DAS, which are related to complex fields, but the term itself is not used.","In the era of 5G and fifth-generation fixed networks (F5G), fiber access technologies are pivotal to the rapid growth of internet traffic speeds[1]. Future access networks based on both passive optical networks (PON) and radio access network (RAN) front-haul require massive data transmission[2], flexible network scheduling[3], and advanced intelligent functions[4]. Recently, integrated sensing and communication (ISAC) technology over optical fibers has garnered significant interest from network operators due to its potential to leverage existing telecommunication fibers for simultaneous sensing and communication.",16,16,**Introduction**,,,meta-llama/llama-4-scout-17b-16e-instruct,INDIRECT,llama-3.3-70b-versatile,INDIRECT,True
O_ISAC_128,4D,complex_field,advanced field,fuzzy:85.71428571428572,NONE,"The concept of complex_field is not mentioned or implied in the context, which appears to be a list of references with brief descriptions. There is no discussion of complex fields or related topics.","- [5] C. Dorize, S. Guerrier, E. Awwad, K. Benyahya, H. Mardoyan, and J. Renaudier, ""Advanced fiber sensing leveraging coherent systems technology for smart network monitoring"", in *Optical Fiber Communication Conference (OFC) 2022*, 2022, M2F.6. DOI: 10.1364/OFC.2022.M2F. 6.",78,78,**Results and discussions** > **Conclusions** > **References**,,,meta-llama/llama-4-scout-17b-16e-instruct,NONE,llama-3.3-70b-versatile,NONE,True
O_ISAC_128,4D,json:rx_detection_type,,json,DIRECT,Structured receiver field,,,,,scenario_level[0].receiver.rx_detection_type,coherent,json,DIRECT,,,False
O_ISAC_129,4D,intensity_only,strength,lexical,NONE,"The text does not mention intensity directly, it discusses platooning, V2V communication, and sensing, but does not explicitly mention intensity.","Abstract—Platooning has been proven to dramatically increase traffic flow and reduce fuel consumption, and vehicle-to-vehicle (V2V) communication and sensing are requisite for platooning stability. However, most of the existing works only address V2V communication or sensing functions respectively, which is far away from meeting the 6G requirements in availability and synchronization for platooning applications. Inspired by the recent advanced integrated sensing and communication (ISAC), in this paper, we propose VehicleTalk, a lightweight V2V communication and sensing framework. Essentially, VehicleTalk reuses the head/tail LED lights of the vehicles to construct communication/sensing channels for achieving concurrent message exchange and status awareness between adjacent vehicles. In particular, VehicleTalk innovates in both message transmission and vehicle sensing to improve communication robustness and lower system latency for platooning. It leverages Raptor Codes to combat serious packet loss in the V2V network. We also engineer a fast risk detection algorithm by simply monitoring the strength change of the received optical signals from the head/tail lights to improve safety in extreme cases such as emergency brake and cutting-in. Finally, we build a prototype of VehicleTalk with low-cost Commercial Off-The-Shelf (COTS) devices to quickly verify its effectiveness, and the extensive experimental results demonstrate the promising performance of VehicleTalk.",15,15,VehicleTalk: Lightweight V2V Network Enabled by Optical Wireless Communication and Sensing,,,meta-llama/llama-4-scout-17b-16e-instruct,NONE,llama-3.3-70b-versatile,NONE,True
O_ISAC_129,4D,intensity_only,intensity only,fuzzy:85.71428571428572,INDIRECT,"The text mentions 'restore the light level to its original intensity' which implies a discussion about intensity, but it is in the context of a larger topic and not the primary focus.","Based on the Lambertian attenuation model, we can calculate the distance to adjacent vehicles by reusing the communication signals to restore the light level to its original intensity. On this basis, we establish the symmetric channel and integrate it with perception algorithms to achieve sensing functions between adjacent vehicles. In Section II-C1, we demonstrate the distance sensing mechanism using the Lambertian model. In Section II-C2, we will elucidate the challenges present in the real-world scenarios for which our sensing capabilities are designed to provide solutions.",60,60,*A. System Overview* > *C. Status Change Sensing*,,,meta-llama/llama-4-scout-17b-16e-instruct,INDIRECT,llama-3.3-70b-versatile,INDIRECT,True
O_ISAC_129,4D,intensity_only,intensity only,fuzzy:85.71428571428572,INDIRECT,"Similar to the previous snippet, this text mentions 'restore the light level to its original intensity' and discusses the Lambertian radiation pattern which is related to intensity, but again, it's not the primary focus.","*1) Lambertian Model:* In a LoS optical wireless link, we typically assume that the radiation intensity of LEDs follows the Lambertian radiation pattern [12]. The received optical power can be described as [13]:",62,62,*A. System Overview* > *C. Status Change Sensing*,,,meta-llama/llama-4-scout-17b-16e-instruct,INDIRECT,llama-3.3-70b-versatile,INDIRECT,True
O_ISAC_129,4D,intensity_only,intensity,lexical,INDIRECT,"The text discusses the Lambertian radiation index and the equation for received optical power which involves intensity, but it's presented in a highly technical and indirect manner, focusing on the mathematical model rather than intensity itself.","where *A* denotes the physical area of the detector in a PD and g(ϕ) denotes the gain of an optical concentrator, which is a constant if the incidence angle falls within the field of view (FoV) of the detector. θ and ϕ denote the incidence angle and irradiation angle, respectively. m denotes the Lambertian radiation index of the LED, which is related to ϕ1/<sup>2</sup> (halfintensity radiation angle) by m = − ln 2 ln(cos ϕ1/2) . According to the physical meaning of the parameters, A, g(ϕ) and m are all constants in the same set of hardware. Therefore, we can simplify Equation (2) to the following equation:",70,70,*A. System Overview* > *C. Status Change Sensing*,,,meta-llama/llama-4-scout-17b-16e-instruct,INDIRECT,llama-3.3-70b-versatile,INDIRECT,True
O_ISAC_129,4D,intensity_only,strength,lexical,NONE,"The provided snippet does not directly relate to the concept of 'intensity_only'. It discusses status awareness in VehicleTalk, including emergency braking, turning, and cutting-in statuses, without explicitly focusing on intensity as the sole factor.","We refer to these three scenarios as *Emergency Braking Status* (Figure 2a), *Turning Status* (Figure 2b) and *Cuttingin Status* (Figure 2c). In the *Emergency Braking Status*, the optical signals within the symmetric channels undergo rapid amplification as the distance decreases. In the *Turning Status*, the distances from the vehicle's left and right taillights to the following vehicle are no longer equal, leading to a disparity in signal strength within the symmetric channel. Similarly, one side of the link will be blocked when a vehicle maneuvers into the space between two other vehicles, resulting in a noticeable disparity in signal strength on both sides. To be precise, we",90,90,*A. System Overview* > *C. Status Change Sensing*,,,meta-llama/llama-4-scout-17b-16e-instruct,NONE,llama-3.3-70b-versatile,NONE,True
O_ISAC_129,4D,json:rx_detection_type,,json,DIRECT,Structured receiver field,,,,,scenario_level[0].receiver.rx_detection_type,direct,json,DIRECT,,,False
O_ISAC_130,4D,intensity_only,intensity,lexical,NONE,"The text does not mention intensity directly, it talks about microalgae growth, density, and the need for monitoring devices.","<span id=""page-0-2""></span><span id=""page-0-1""></span>[2]. While they are commonly found in open water environments, microalgae are also cultivated on an industrial scale using closed systems, such as photobioreactors [3]. In these settings, manual interventions such as cleaning, sterilizing, sampling, inoculating, and harvesting should be minimized during the monitoring process until the microalgae reach maturity. As a result, continuously characterizing the reproductive rate of microalgae poses a significant technical challenge in cultivation and water quality monitoring. Among the various indices of microalgae growth, density is the most direct indicator of biomass and growth rate [4]. With the progression of ""marine ranching"" concepts in China, there is a growing demand for intelligent detection devices with integrated sensor-communication capabilities [5]. A flexible monitoring method for microalgae density is highly desired in both microalgae cultivation and marine environmental assessment [6]. Among all observable physical quantities, optical signals offer high adjustability in emission wavelength, modulation frequency, and light intensity, making them effective media for detecting and transmitting microalgae density without interference from radio frequency signals [7], [8], [9].",29,29,"Microalgae Density Measurement Using Quantum-Dot-Integrated Sensing and Communication System > <span id=""page-0-0""></span>I. INTRODUCTION",,,meta-llama/llama-4-scout-17b-16e-instruct,NONE,llama-3.3-70b-versatile,NONE,True
O_ISAC_130,4D,intensity_only,intensity,lexical,INDIRECT,"The text discusses the relationship between optical power, modulation frequency, and BER, which is related to intensity, but does not directly discuss intensity.","As the optical power increases from 200 to 380  $\mu$ W, the BER decreases nonlinearly from 0.13 to 0.11. Furthermore, a nonlinear relationship is observed between the modulation frequency and the intensity of the response in Fig. 6, particularly in the lower frequency range. In other words, when the data rate increases, the optical emission of the blue LED chip may not be able to match the increased modulation speed. This discrepancy can lead to a nonlinear increase in BER.",201,201,"<span id=""page-4-1""></span>*A. Modulation Performance Characterization* > <span id=""page-5-0""></span>*A. Measurement and Calculation*",,,meta-llama/llama-4-scout-17b-16e-instruct,INDIRECT,llama-3.3-70b-versatile,INDIRECT,True
O_ISAC_130,4D,intensity_only,intensity,lexical,NONE,"The text is mostly about figures and does not directly discuss intensity, although it mentions light transmission and received light intensity in the context of a simulation.","<span id=""page-7-0""></span>Fig. 10. (a) BER versus microalgae density using *E. marina* and QD CCLs in various colors. (b) BER versus microalgae density using *I. galbana* and QD CCLs in various colors. (c) Schematic of light transmission through the microalgae container. (d) Simulation results of received light intensity with and without a container.",214,214,"<span id=""page-4-1""></span>*A. Modulation Performance Characterization* > <span id=""page-5-0""></span>*A. Measurement and Calculation*",,,meta-llama/llama-4-scout-17b-16e-instruct,NONE,llama-3.3-70b-versatile,NONE,True
O_ISAC_130,4D,intensity_only,intensity,lexical,INDIRECT,"The text discusses the relationship between optical power, microalgae density, and the intensity of received light, which is related to intensity, but does not directly focus on intensity as the primary concept.","These simulations model the transmitting process involving a Lambertian light source, a receiver, and a plastic-textured container filled with liquid. The simulation results, as depicted in Fig. 10(d), show that the intensity of the received light is significantly higher when the container is present as opposed to when there is no container. In other words, using a container with low-density microalgae alters the light path from the LED, thereby increasing the light intensity received by the PD and consequently reducing the detected BER. The simulation results in Fig. 10(c) and (d) clearly explain the observed phenomena indicated by the dot-line-shaped red circles in Fig. 10(a) and (b).",226,226,"<span id=""page-4-1""></span>*A. Modulation Performance Characterization* > <span id=""page-5-0""></span>*A. Measurement and Calculation*",,,meta-llama/llama-4-scout-17b-16e-instruct,INDIRECT,llama-3.3-70b-versatile,INDIRECT,True
O_ISAC_130,4D,intensity_only,intensity,lexical,INDIRECT,"The concept of intensity_only is related to the discussion of light intensity in the context, but it is not the primary focus. The text discusses how the presence of a container and the density of microalgae affect the light path and intensity, but it also explores other aspects such as optical powers, BER, and the effects of different microalgae samples. This suggests an indirect relationship between the concept and the text.","The optical powers of various OD CCLs are measured under different densities of microalgae for both E. marina and I. galbana samples using a power meter (SANWA LP-10). As depicted in Fig. 11(a) and (b), a consistent decrease in optical power is observed as the density of microalgae increases. Blue light exhibits the highest optical power of 520  $\mu$ W when it is not passed through E. marina samples. However, when blue light traverses E. marina samples of varying densities, there is a linear decline in optical power. Among light of different colors, blue light maintains the highest optical power since it is not subject to conversion by QD CCLs. Excluding blue light, the light converted by the orange QD CCL also exhibits higher optical power compared to other converted colors, which can be attributed to the high quantum yield of the orange QD CCL. The rate of decrease in blue light intensity is greater than that of other colors, due to the high absorbance of blue light by the microalgal solution, as evidenced by the results in Fig. 3. Green, yellow, and red light show similar trends in optical power variation under varying microalgae densities. Among other colors, red light exhibits the lowest optical power and a relatively mild decreasing trend as microalgae density increases. This can be attributed to the combined effect of its lowest quantum yield [see Fig. 5(c)] and the low absorbance of red light by the microalgae solution (Fig. 3).",228,228,"<span id=""page-4-1""></span>*A. Modulation Performance Characterization* > <span id=""page-5-0""></span>*A. Measurement and Calculation*",,,meta-llama/llama-4-scout-17b-16e-instruct,INDIRECT,llama-3.3-70b-versatile,INDIRECT,True
O_ISAC_131,4D,intensity_only,strength,lexical,NONE,The text does not directly or indirectly discuss intensity_only. It provides an overview of visible light communication-assisted positioning (VLP) and its applications.,"A number of VLP methods have been developed, e.g., using received signal strength (RSS) [4]– [8], angle-of-arrival [9], and time-of-flight [10]. The key idea of these VLP detection approaches is to estimate UD location and orientation direction from received visible light signals, by leveraging the mapping from measurement signal space to UD location space [11]. Hence, a well-defined Lambertian emission model (LEM) with fixed and accurate parameters, e.g., emitting powers of light-emitting-diodes (LEDs), optical filtering gains of photodiodes",17,17,I. INTRODUCTION,,,meta-llama/llama-4-scout-17b-16e-instruct,NONE,llama-3.3-70b-versatile,NONE,True
O_ISAC_131,4D,intensity_only,strength,lexical,INDIRECT,"The text discusses the received signal strength, which is related to intensity, but does not directly focus on intensity_only. It provides an equation that includes the strength of the received visible signal.","We suppose that the initial point  $(\hat{\mathbf{x}}_{[0]}, \hat{\mathbf{u}}_{[0]})$  of UD location parameters is already determined by a certain initialization method in [9] and [13] or using inertial measurement units. Then, we extract the strength of received visible signal  $\mathbf{z}_m^{(t)}$ , as follows,  $y_m = \mathbb{E}\{\|\mathbf{z}_m^{(t)}\|_2 : \forall t=1,\cdots,M_{\mathrm{S}}\}$ . Then, the received signal strength  $y_m$  follows that (ignoring the noise term temporarily) [1], [4]",230,230,B. Algorithm Design,,,meta-llama/llama-4-scout-17b-16e-instruct,INDIRECT,llama-3.3-70b-versatile,INDIRECT,True
O_ISAC_131,4D,intensity_only,strength,lexical,NONE,The text is a list of references and does not discuss intensity_only or any related concepts directly or indirectly.,"- [4] F. Garbuglia, W. Raes, J. De Bruycker, N. Stevens, D. Deschrijver and T. Dhaene, ""Bayesian Active Learning for Received Signal Strength-Based Visible Light Positioning,"" *IEEE Photonics Journal*, vol. 14, no. 6, pp. 1-8, Dec. 2022, Art no. 8559208.",335,335,REFERENCES,,,meta-llama/llama-4-scout-17b-16e-instruct,NONE,llama-3.3-70b-versatile,NONE,True
O_ISAC_131,4D,intensity_only,strength,lexical,NONE,The text is another list of references and does not discuss intensity_only or any related concepts directly or indirectly.,"- [8] S. Bastiaens, J. Mommerency, K. Deprez, W. Joseph and D. Plets, ""Received Signal Strength Visible Light Positioning-based Precision Drone Landing System,"" *2021 International Conference on Indoor Positioning and Indoor Navigation (IPIN)*, Lloret de Mar, Spain, 2021, pp. 1-8",339,339,REFERENCES,,,meta-llama/llama-4-scout-17b-16e-instruct,NONE,llama-3.3-70b-versatile,NONE,True
O_ISAC_132,4D,coherent,coherent detection,lexical,NONE,"The concept 'coherent' is not mentioned or implied in the given snippet, which discusses terahertz signal transmission, devices, and techniques for compensating for propagation loss.","For the reception of the terahertz signal, there are also two commonly used methods. One is the direct detection by using the SBD, which can directly convert the terahertz signal into the baseband signal based on the square-law detection for the following DSP. The direct detection scheme has a simple system structure, but it can only work in the intensity modulation systems. Ref. [\[19\]](#page-16-0) realized the 50 Gbit/s 330 GHz amplitude shift keying (ASK) signal transmission and the reception based on the SBD. The coherent detection has advantages of high spectral efficiency, full utilization of both phase and polarization diversity, high receiver sensitivity, and so on [\[20\],](#page-16-0) and it can be used to detect both intensity modulation signal and vector signal. It can be realized by the mixing of the received terahertz signal and the electrical local oscillator (LO) signal to generate an intermediate frequency (IF) signal. The ultra-large capacity transmission of 6.4 Tbit/s is achieved based on the coherent detection [\[12\],](#page-16-0) [\[13\].](#page-16-0) In addition, the coherent detection is also commonly used in long-distance transmission to improve the receiver sensitivity for the detection of the weak terahertz signal [\[21\],](#page-16-0) [\[22\].](#page-16-0)",51,51,Broadband Photon-Assisted Terahertz Communication and Sensing > I. INTRODUCTION,,,meta-llama/llama-4-scout-17b-16e-instruct,NONE,llama-3.3-70b-versatile,NONE,True
O_ISAC_132,4D,intensity_only,intensity,lexical,INDIRECT,"The text discusses the use of various devices to compensate for propagation loss and realize long-distance wireless delivery, but does not directly mention intensity_only.","For the reception of the terahertz signal, there are also two commonly used methods. One is the direct detection by using the SBD, which can directly convert the terahertz signal into the baseband signal based on the square-law detection for the following DSP. The direct detection scheme has a simple system structure, but it can only work in the intensity modulation systems. Ref. [\[19\]](#page-16-0) realized the 50 Gbit/s 330 GHz amplitude shift keying (ASK) signal transmission and the reception based on the SBD. The coherent detection has advantages of high spectral efficiency, full utilization of both phase and polarization diversity, high receiver sensitivity, and so on [\[20\],](#page-16-0) and it can be used to detect both intensity modulation signal and vector signal. It can be realized by the mixing of the received terahertz signal and the electrical local oscillator (LO) signal to generate an intermediate frequency (IF) signal. The ultra-large capacity transmission of 6.4 Tbit/s is achieved based on the coherent detection [\[12\],](#page-16-0) [\[13\].](#page-16-0) In addition, the coherent detection is also commonly used in long-distance transmission to improve the receiver sensitivity for the detection of the weak terahertz signal [\[21\],](#page-16-0) [\[22\].](#page-16-0)",51,51,Broadband Photon-Assisted Terahertz Communication and Sensing > I. INTRODUCTION,,,meta-llama/llama-4-scout-17b-16e-instruct,INDIRECT,llama-3.3-70b-versatile,INDIRECT,True
O_ISAC_132,4D,intensity_only,magnitude,lexical,NONE,"The text does not mention intensity_only, and the discussion is focused on heterodyne detection and its sensitivity.","It can be seen that the output amplitude of the IF signal after the coherent mixing is proportional to the product of the terahertz signal amplitude and LO signal amplitude, and the amplitude of the LO signal is usually larger than that of the terahertz signal. Therefore, heterodyne detection is commonly used to detect weak signals and its sensitivity is improved by several orders of magnitude compared with direct detection. As a result, the use",219,219,Broadband Photon-Assisted Terahertz Communication and Sensing > A. High Gain and High Sensitivity Terahertz Modules,,,meta-llama/llama-4-scout-17b-16e-instruct,NONE,llama-3.3-70b-versatile,NONE,True
O_ISAC_132,4D,intensity_only,intensity,lexical,DIRECT,"The text mentions maximizing the intensity of the output THz-wave signals, which directly relates to the concept of intensity_only.","The experimental setup of the photon-assisted THz-wave wireless transmission is shown in Fig. [10.](#page-9-0) At the transmitter side, the digital QAM/PS-QAM signals are generated in the offline MATLAB software. To overcome the system bandwidth limitations, the upsampled QAM/PS-QAM signals are fed into a root-raised cosine (RRC) filter with a roll-off factor of 0.01. Finally, after normalization, the signals are fed to an AWG for digital-to-analog conversion. The I-path and Q-path outputs from the AWG are amplified by two parallel EAs respectively to drive the I/Q modulator for the modulation of the continuous waves generated by the ECL1. The modulated signals are amplified by the PM-EDFA and then coupled with the continuous waves generated by ECL2 in the PM-OC. After amplified by the following EDFA, the electrical THz signal is obtained by the UTC-PD, and a PC is utilized to adjust the polarization of the optical signals into the UTC-PD to maximize the intensity of the output THz-wave signals. The THz-wave signals from the UTC-PD are transmitted to free space through the combination of THz-LNA, horn antenna (HA) and Terahertz Lens.",254,254,Broadband Photon-Assisted Terahertz Communication and Sensing > *C. Photon-Assisted Long Distance THz-Wave Wireless Transmission Experiment*,,,meta-llama/llama-4-scout-17b-16e-instruct,NONE,llama-3.3-70b-versatile,DIRECT,True
O_ISAC_133,4D,imdd,im/dd,lexical,NONE,"The provided snippet does not mention 'imdd' explicitly, and there is no clear connection to the concept based on the given context.","Orthogonal frequency division multiplexing (OFDM) is a method of multi-carrier modulation that splits the data stream into several subcarriers for simultaneous transmission, enhancing spectral efficiency and resistance to multipath interference [10], [11]. The utilization of OFDM in OWC has gained significant attention in recent times [12]. OWC commonly employs intensity modulation and direct detection (IM/DD) [13], which necessitates the transmitted signal to be a positive real signal. This requirement makes traditional complex OFDM signals unsuitable for direct implementation in OWC systems. Consequently, various OFDM modulation techniques have been introduced for OWC applications, such as DC-biased optical OFDM (DCO-OFDM) [14], asymmetrically clipped optical OFDM (ACO-OFDM) [15], and unipolar OFDM (U-OFDM) [16]. However, these methods encounter clipping distortion due to the peak power constraints of light sources, resulting in performance degradation. To tackle this challenge, clipping-enhanced optical OFDM (CEO-OFDM) transmits the clipped signal portion in an additional time slot to mitigate distortion caused by the limited peak power of the light source [17]. These OFDM strategies employ hermitian symmetry to produce real signals from complex data sequences, fulfilling the unipolar criteria for optical OFDM. By leveraging the benefits of OFDM, OWC systems can achieve high data rates with improved reliability, which paves the way for more sophisticated applications, such as integrated communication and sensing.",25,25,Passive Sensing Technique Using Cyclic Prefix in Power-Constrained Optical Wireless Communication Systems > I. Introduction,,,meta-llama/llama-4-scout-17b-16e-instruct,INDIRECT,llama-3.3-70b-versatile,NONE,True
O_ISAC_133,4D,imdd,im/dd,lexical,DIRECT,"The snippet directly references 'IM/DD systems' in one of the citations, which stands for Intensity-Modulated Direct Detection. This is a strong indication that 'imdd' refers to this concept directly.","- [14] S. D. Dissanayake and J. Armstrong, ""Comparison of ACO-OFDM, DCO-OFDM and ADO-OFDM in IM/DD systems,"" *Journal of lightwave technology*, vol. 31, no. 7, pp. 1063–1072, 2013.",371,371,B. Estimation of Distance and velocity in Passive Sensing Process > C. CRLB Estimation of Passive Sensing > IV. PERFORMANCE ANALYSIS > REFERENCES,,,meta-llama/llama-4-scout-17b-16e-instruct,DIRECT,,,False
O_ISAC_133,4D,intensity_only,intensity,lexical,NONE,The provided snippet does not mention intensity directly or indirectly in relation to the concept of intensity_only. It discusses optical wireless communication (OWC) and orthogonal frequency division multiplexing (OFDM) without referencing intensity as a standalone concept or its exclusive focus.,"Orthogonal frequency division multiplexing (OFDM) is a method of multi-carrier modulation that splits the data stream into several subcarriers for simultaneous transmission, enhancing spectral efficiency and resistance to multipath interference [10], [11]. The utilization of OFDM in OWC has gained significant attention in recent times [12]. OWC commonly employs intensity modulation and direct detection (IM/DD) [13], which necessitates the transmitted signal to be a positive real signal. This requirement makes traditional complex OFDM signals unsuitable for direct implementation in OWC systems. Consequently, various OFDM modulation techniques have been introduced for OWC applications, such as DC-biased optical OFDM (DCO-OFDM) [14], asymmetrically clipped optical OFDM (ACO-OFDM) [15], and unipolar OFDM (U-OFDM) [16]. However, these methods encounter clipping distortion due to the peak power constraints of light sources, resulting in performance degradation. To tackle this challenge, clipping-enhanced optical OFDM (CEO-OFDM) transmits the clipped signal portion in an additional time slot to mitigate distortion caused by the limited peak power of the light source [17]. These OFDM strategies employ hermitian symmetry to produce real signals from complex data sequences, fulfilling the unipolar criteria for optical OFDM. By leveraging the benefits of OFDM, OWC systems can achieve high data rates with improved reliability, which paves the way for more sophisticated applications, such as integrated communication and sensing.",25,25,Passive Sensing Technique Using Cyclic Prefix in Power-Constrained Optical Wireless Communication Systems > I. Introduction,,,meta-llama/llama-4-scout-17b-16e-instruct,INDIRECT,llama-3.3-70b-versatile,NONE,True
O_ISAC_133,4D,intensity_only,intensity,lexical,DIRECT,"The references provided, especially [13], explicitly mention 'OFDM and MIMO OFDM for intensity-modulated direct-detection systems', which directly relates to the concept of 'intensity_only'.","- [13] ——, ""OFDM and MIMO OFDM for intensity-modulated directdetection systems,"" in *2014 OptoElectronics and Communication Conference and Australian Conference on Optical Fibre Technology*. IEEE, 2014, pp. 935–937.",370,370,B. Estimation of Distance and velocity in Passive Sensing Process > C. CRLB Estimation of Passive Sensing > IV. PERFORMANCE ANALYSIS > REFERENCES,,,meta-llama/llama-4-scout-17b-16e-instruct,DIRECT,,,False
O_ISAC_134,4D,intensity_only,magnitude,lexical,NONE,"The concept 'intensity_only' is not mentioned or implied in the given snippet, which discusses frequency bins and FFT magnitude.","The frequency bin,  $f_{i_{\text{max}}}$ , having the largest FFT magnitude also defines the frequency shift,  $f_{\text{IF}}$ , of the IF signal, i.e.,",227,227,"<span id=""page-4-0""></span>III. MULTIMODAL SENSING ASSISTED BEAM PREDICTION > A. RADAR DATA PROCESSING",,,meta-llama/llama-4-scout-17b-16e-instruct,NONE,llama-3.3-70b-versatile,NONE,True
O_ISAC_135,4D,coherent,coherent measurement,fuzzy:85.0,NONE,"The snippet does not explicitly mention or imply the concept of coherence, which typically refers to a logical and consistent relationship between ideas or things. The text appears to be a biographical description of Dario Stelitano's educational background and research experience, without any direct or indirect reference to coherence.","**Dario Stelitano** received the master's degree in physics from the University of Calabria, Rende, Italy, in 2011, with a thesis on decomposition of the infrared radiance field of satellite images, and the Ph.D. degree in methods and techniques for environmental monitoring from the University of Basilicata, Potenza, Italy, focusing on LIDAR atmosphere measurements, in 2015.",498,498,REFERENCES,,,meta-llama/llama-4-scout-17b-16e-instruct,NONE,llama-3.3-70b-versatile,NONE,True
O_ISAC_135,4D,intensity_only,intensity,lexical,INDIRECT,"The text mentions 'high-intensity explosive phase' which is related to the concept of intensity, but it does not directly measure or quantify the intensity.","strong seismic activity. This basaltic andesitic (with about 55% of silica) eruption suddenly started with a high-intensity explosive phase. Over 4000 people were evacuated or fled from an area within 20-km radius of the volcano during the first hour. A significant ashfall occurred in areas to the east and northeast of the volcano. The airport of Puerto Montt was closed. The first pulse lasted about 2 h and was followed by a lava flow that was active by around 22:30 UTC. A large ash plume moved northeast and reached Villa Angostura and Bariloche in Argentina. In nearby areas, such as the Región de Los Lagos, up to 40 cm of ash was reported.",78,78,Multisatellite Multisensor Observations of a Sub-Plinian Volcanic Eruption: The 2015 Calbuco Explosive Event in Chile > I. Introduction > II. 2015 CALBUCO ERUPTION AND SATELLITE DATA,,,meta-llama/llama-4-scout-17b-16e-instruct,INDIRECT,llama-3.3-70b-versatile,INDIRECT,True
O_ISAC_135,4D,intensity_only,magnitude,lexical,INDIRECT,"Similar to the first snippet, this text also mentions 'high-intensity explosive phase' and 'strong seismic activity', which are related to intensity but do not directly measure or quantify it.","The second huge explosion occurred at 04:00 UTC on April 23, stronger than the first one and lasted about 6 h. The Buenos Aires Volcanic Ash Advisory Centre reported ash from 12-km altitude up to 15–20 km. Pyroclastic flows occurred during the second eruption on the southeast flank, caused by partial collapse of the eruption column. Erupting jets of incandescent tephra (ash and bombs) during the eruption were accompanied by frequent lightning. Ballistic bombs were ejected to distances of up to 5 km. Strong seismic activity with an average of 150 volcanic-tectonic earthquakes of magnitudes up to 3.6 was recorded during the paroxysmal phase of the eruption. Significant tephra fall up to 50–60 cm occurred in nearby downwind areas, while in the more distant areas of Los Ríos and Araucaní, few millimeters of ash were reported. The third smaller explosion started at 02:30 UTC on April 24, 2015, producing more or less continuous small to moderate ash emission. The latter reached up to 2-km height and drifted mainly northeast and continued till the midnight of April 25 [40], [41].",80,80,Multisatellite Multisensor Observations of a Sub-Plinian Volcanic Eruption: The 2015 Calbuco Explosive Event in Chile > I. Introduction > II. 2015 CALBUCO ERUPTION AND SATELLITE DATA,,,meta-llama/llama-4-scout-17b-16e-instruct,INDIRECT,llama-3.3-70b-versatile,INDIRECT,True
O_ISAC_135,4D,intensity_only,strength,lexical,NONE,"This text does not mention intensity directly, but rather discusses the detection of volcanic ash clouds using radiometric observations and lidar.","TIR BTs are the most used observations to detect volcanic ash clouds from space. This is because the fine tephra relatively absorbs more radiation than water and ice at 11 μm compared to 12 μm (see [42]). Thus, the BTD between 11- and 12-μm channels is taken as a proxy of the presence of ash when BTD < 0, whereas its negative strength depends on the cloud optical thickness and particle mean size [6], [7]. However, when the particle absorption is particularly large, as near the volcano vent during an eruption, the two channels saturate making the BTD technique useless for ash plume detection. In this respect, MW and MMW spaceborne radiometric observations can play a synergic role from space, especially if acquired from the same satellite, being sensible to the coarser particles and having a higher saturation threshold. Moreover, the spaceborne lidar can provide excellent height and thickness estimates for aerosols (sulfuric aerosol in the case of volcanic clouds) and smallest ash particles. The synergistic utilization of high quality lidar, in combination with",88,88,*A. TIR Radiometric Imagery*,,,meta-llama/llama-4-scout-17b-16e-instruct,NONE,llama-3.3-70b-versatile,NONE,True
O_ISAC_135,4D,intensity_only,magnitude,lexical,NONE,"This text discusses the use of ATMS and TIR BTD mask for detecting ash plumes, but does not directly relate to the concept of intensity.","A map of negative  $MSD_W$  at 05:09 UTC is shown in Fig. 5 where it is also remapped and combined with TIR BTD mask derived from Fig. 2. The combination clearly shows how MW and TIR signatures are complementary even though with a quite different spatial resolution (an order of magnitude). Using negative values of  $MSD_W$ , the near-source plume is well detected by ATMS at 05:09 UTC. The same  $MSD_W$  mask criterion would not be useful if applied to ATMS at 19:04 UTC in Fig. 4, since the distal ash cloud is too optically thin at the considered MW frequencies and spatial resolutions.",156,156,*A. MW Detection of Tephra Plume*,,,meta-llama/llama-4-scout-17b-16e-instruct,NONE,llama-3.3-70b-versatile,NONE,True
O_ISAC_135,4D,intensity_only,magnitude,lexical,NONE,"The concept 'intensity_only' is not directly or indirectly related to the provided snippet, which discusses the estimation of tephra total mass and plume top altitude during an eruption.","A rough estimate of tephra total mass from (7) can be derived by using ATMS-based estimates of maximum value of  $H_p$  (about 19-km avl) and considering a duration of 69 min (the second explosive eruption started at 04:00 UTC on April 23, 2015, and the ATMS image has been collected at 05:09 UTC). Under these assumptions, we obtain a value for  $M_t$  equal to  $1.74 \times 10^{11}$  kg, about one order of magnitude larger than ATMS-based estimate (see Table II). The reason why the value obtained is larger than the ATMS retrieval can be attributed to the use of the maximum height of the tephra column in (7). This would imply indeed that the plume top height remained around 19 km from the beginning of the eruption onward. Therefore, this value is the maximum total estimated mass (TEM) that can be obtained from (7), whereas from ATMS data, a significant variation of the column height during the first 69 min of the eruption can be estimated.",232,232,*A. MW Detection of Tephra Plume* > B. MW Estimation of Tephra Plume > TABLE II > C. Empirical and Experimental Estimation of Tephra Mass,,,meta-llama/llama-4-scout-17b-16e-instruct,NONE,llama-3.3-70b-versatile,NONE,True
O_ISAC_135,4D,complex_field,advanced field,fuzzy:85.71428571428572,NONE,"The text does not mention or imply a complex field in the context of physics or mathematics, but rather refers to a field campaign in the context of environmental monitoring and research projects.","**Dario Stelitano** received the master's degree in physics from the University of Calabria, Rende, Italy, in 2011, with a thesis on decomposition of the infrared radiance field of satellite images, and the Ph.D. degree in methods and techniques for environmental monitoring from the University of Basilicata, Potenza, Italy, focusing on LIDAR atmosphere measurements, in 2015.",498,498,REFERENCES,,,meta-llama/llama-4-scout-17b-16e-instruct,NONE,llama-3.3-70b-versatile,NONE,True
O_ISAC_136,4D,coherent,coherent detection,lexical,INDIRECT,"The concept of coherence is mentioned in the context of detection and signal processing, but it is not the primary focus of the snippet.","On the other hand, the ISAC receiver generally consists of an all-optical RYDAR structure concatenated by subsequent baseband processing circuits for both communication and sensing. Coherent detection is invoked to distinguish the phase information of electromagnetic waves, making it compatible with amplitude/phase modulation, e.g., phase-shift keying (PSK) and quadrature amplitude modulation (QAM). This necessitates local oscillator (LO) irradiation on the vapor cell, which is also shared with the ISAC transmitter for coherent detection. Under different application scenarios like 6G non-terrestrial networks (NTN), the proposed ISAC receiver is expected to support broadband wireless backhaul and radar sensing in a time-division duplex (TDD) manner, which, however, is hindered by the inherent limitations of typical RYDAR architecture, as elaborated below.",61,61,Introduction > Preliminaries of Rydberg Atomic Receivers > PROPOSED RYDAR-BASED ISAC FRAMEWORK > TRANSCEIVER PRINCIPLE,,,meta-llama/llama-4-scout-17b-16e-instruct,INDIRECT,llama-3.3-70b-versatile,INDIRECT,True
O_ISAC_136,4D,coherent,coherent detection,lexical,DIRECT,The snippet directly mentions 'coherent detection strategy' which is a clear reference to the concept of coherent.,"such signals, a coherent detection strategy is",85,85,Introduction > Preliminaries of Rydberg Atomic Receivers > PROPOSED RYDAR-BASED ISAC FRAMEWORK > **EXPERIMENTAL DEMONSTRATIONS**,,,meta-llama/llama-4-scout-17b-16e-instruct,DIRECT,,,False
O_ISAC_136,4D,coherent,coherent detection,lexical,DIRECT,The snippet mentions 'coherent detection mechanism' which directly relates to the concept of coherent.,"**Trade-offs:** The performance of a system is inherently subject to several tradeoffs. The instantaneous bandwidth is limited by the atomic linewidth and coherent detection mechanism. Narrow EIT linewidths are required for high sensitivity, which conflicts with the need for broadband detection. Sensitivity is also constrained by acquisition speed, and detection of weak signals requires longer integration times, which limits the real-time performance of the system. In addition, the simultaneous arrival of multiple signals or the presence of multipath propagation can lead to overlapping AT spectral lines or outlier beat frequencies, generating ambiguities that need to be resolved by complex signal processing algorithms.",121,121,Introduction > Preliminaries of Rydberg Atomic Receivers > PROPOSED RYDAR-BASED ISAC FRAMEWORK > **EXPERIMENTAL DEMONSTRATIONS**,,,meta-llama/llama-4-scout-17b-16e-instruct,DIRECT,,,False
O_ISAC_136,4D,coherent,coherent detection,lexical,INDIRECT,"The concept of coherence is mentioned in the context of signal interaction with Rydberg atoms, but it is not the main topic of the snippet.","Atomic Reception: This segment involves the sophisticated interactions between Rydberg atoms and incident electromagnetic signals, and diverse imperfections are induced by the RYDAR architecture. As described earlier, an LO irradiation that coherently interacts with the incident RF signals is employed for amplitude and phase detection. For brevity, we consider the received signals from one arbitrary path. Denote the RF signal and LO component as  $E_{\rm M} = A_{\rm M} \cos(\Box_{\rm Mt} + \Box_{\rm M})$  with  $M \in \{\rm LO, RF\}$ , respectively, where  $\Box_{\rm LO} = \Box_{\rm M} = \Box_{\rm M}$ □<sub>RF</sub> for homodyne detection. Both amplitude and phase information of the communication/sensing signals  $E_{RF}$  can be recovered from the in-phase/ quadrature coherent detection. Below we only present the in-phase branch for brevity. By setting  $A_{\rm LO} \gg A_{\rm RF}$ , the superposition of the two components can be approximated as  $E_{\text{sum}} = (A_{\text{LO}} + A_{\text{RF}})$  $\cos (\Box \phi)) \cos (\dot{\Box}_{LO} t + \phi_{LO})$ , where  $\Box \phi = \phi_{RF} - \phi_{LO}$ . The envelope of  $E_{\text{sum}}$ , i.e.,  $(A_{\text{LO}} + A_{\text{RF}} \cos (\Box \phi))$ , can then be obtained through the EIT-AT measurement of Rabi frequency.",151,151,Introduction > Preliminaries of Rydberg Atomic Receivers > PROPOSED RYDAR-BASED ISAC FRAMEWORK > MATHEMATICAL CHANNEL MODELING,,,meta-llama/llama-4-scout-17b-16e-instruct,INDIRECT,llama-3.3-70b-versatile,INDIRECT,True
O_ISAC_136,4D,intensity_only,intensity,lexical,NONE,"The text discusses the concept of 6G networks, SAGIN, and the limitations of classical fully-electric receivers, but does not directly relate to the concept of intensity_only.","To address this bottleneck, the emerging RYDberg Atomic Receiver (RYDAR), originated from the quantum sensing philosophy, is incorporated to establish a new paradigm for wireless communication receiver design [3]. Unlike classical dipole antennas that convert incoming electromagnetic waves into modulated currents for measurement, the quantum-based atomic receiver exploits the Rydberg-state atoms and exhibits superior sensitivity to electromagnetic fields, thanks to the exceptionally large electric dipole moments of outermost electrons [4]. The energy-state change, and therefore radio-frequency (RF) irradiation, can be measured by observing intensity of the probe laser that penetrates through alkali Rydberg atoms, exploiting the well-established electromagnetically-induced-transparency Autler-Townes (EIT-AT) phenomenon [5]. Such paradigm-shifting breakthrough, on one hand, circumvents the thermal-noise bottleneck of receiving sensitivity with all-optical readout circuits. On the other hand, diverse Rydberg states can be generated by flexibly manipulating the laser, enabling full-spectrum detection ranging from direct current (DC) to millimeter-wave and terahertz bands [6]. This breakthrough fundamentally transitions receiver design from classical electronic circuitry to quantum–optical interactions in atomic media, enabling unprecedented sensing-communication capabilities on a unified platform and motivates a revolution of integrated sensing and communication (ISAC) in next-generation networks [7].",17,17,Introduction,,,meta-llama/llama-4-scout-17b-16e-instruct,NONE,llama-3.3-70b-versatile,NONE,True
O_ISAC_136,4D,intensity_only,intensity,lexical,DIRECT,"The text explicitly discusses the detection of RF-induced AT splitting via optical readout, where the splitting interval is proportional to the intensity of the RF field, directly relating to the concept of intensity_only.","Signal Detection: Detection of this RF-induced AT splitting employs optical readout via EIT. Initially, the probe laser experiences absorption at resonance (state  $|2\rangle$ ), but the coupling laser creates a narrow transparency window through quantum interference between states |2 and |3>, observable as a distinct peak in transmitted probe intensity by a photodetector (PD). When a resonant RF field is applied, this EIT peak splits into two with the splitting interval proportional to the RF field amplitude, quantified by  $\Box f = k\Box/2\pi =$  $k\mu E/2\pi\hbar$ , where  $k = \Box_p/\dot{\Box}_c$  for coupling laser scanning or k = 1 for probe laser scanning,  $\square$  is the Rabi frequency, µ the transition dipole moment between Rydberg states, E the RF field amplitude, and ħ the reduced Planck constant. Thus, precise measurement of this splitting interval provides high-sensitivity RF signal detection. The working principle of RF signal detection via EIT-AT is illustrated in Fig. 1.",41,41,Introduction > Preliminaries of Rydberg Atomic Receivers,,,meta-llama/llama-4-scout-17b-16e-instruct,NONE,llama-3.3-70b-versatile,DIRECT,True
O_ISAC_136,4D,intensity_only,intensity,lexical,DIRECT,The snippet explicitly mentions that the beat frequency is modulated on the transmitted intensity of the probe laser.,ulated on the transmitted intensity of the probe,93,93,Introduction > Preliminaries of Rydberg Atomic Receivers > PROPOSED RYDAR-BASED ISAC FRAMEWORK > **EXPERIMENTAL DEMONSTRATIONS**,,,meta-llama/llama-4-scout-17b-16e-instruct,DIRECT,,,False
O_ISAC_136,4D,intensity_only,intensity,lexical,INDIRECT,"The text mentions the importance of calibration and control in the RYDAR system, including the use of AI-driven algorithms to maintain high-sensitivity reception, which may indirectly relate to the concept of intensity_only by implying the need for precise control over signal intensity.","AI-Assisted Calibration and Control: The calibration and tuning of large-scale atomic arrays not only require accurate calculations of a large number of environmental and atomic parameters to demodulate the signal, but also demand detailed calibration of the Rydberg energy-level structure for fine-tuning. Machine learning (ML) and artificial intelligence (AI) techniques provide a powerful solution to these challenges. Al-driven algorithms can robustly tune the RYDAR system to maintain high-sensitivity reception. This includes using an automated real-time feedback control loop to dynamically compensate for system drift, such as variations in vaporcell temperature or laser intensity. Additionally, array calibration is performed automatically using known reference signals to adaptively correct phase and amplitude mismatches among units. The noise-robust demodulator in [14] provides a promising pathway for such array calibration. Such adaptive learning mechanisms are critical for handling the quantum-mechanical phenomena, nonlinear behaviors, and noise characteristics inherent in large-scale Rydberg arrays, and are expected to significantly outperform traditional heuristic tuning methods.",203,203,Introduction > Preliminaries of Rydberg Atomic Receivers > PROPOSED RYDAR-BASED ISAC FRAMEWORK > ARRAY-BASED CONFIGURATIONS,,,meta-llama/llama-4-scout-17b-16e-instruct,NONE,llama-3.3-70b-versatile,INDIRECT,True
O_ISAC_136,4D,intensity_only,strength,lexical,NONE,"The text does not mention intensity_only, and the discussion revolves around radio environmental mapping, spectrum occupancy, and signal strength, without specifically focusing on intensity.","RYDAR is highly competitive in real-time spatial mapping of the spectrum occupancy, signal strength and interference distribution. Specifically, traditional collection of multi-functional receivers at different frequencies can be readily replaced by one single RYDAR with full-spectrum monitoring. Furthermore, the RYDAR presents superior performances especially under sophisticated radio environments, e.g., the city canyon and battle field, thanks to its non-metallic material highly robust to strong electromagnetic jamming. Current researches are mainly focusing on scenario-specific validation (e.g., military-base protection). Open issues like limited spectrum sweeping speed and inconsistent sensitivity level for continuous spectrum scanning, still require investigation [15].",221,221,Introduction > RadioEnvironmental Mapping,,,meta-llama/llama-4-scout-17b-16e-instruct,NONE,llama-3.3-70b-versatile,NONE,True
O_ISAC_136,4D,complex_field,sophisticated area,fuzzy:88.88888888888889,NONE,The text does not mention or relate to the concept of 'complex_field' in any direct or indirect manner.,"RYDAR is highly competitive in real-time spatial mapping of the spectrum occupancy, signal strength and interference distribution. Specifically, traditional collection of multi-functional receivers at different frequencies can be readily replaced by one single RYDAR with full-spectrum monitoring. Furthermore, the RYDAR presents superior performances especially under sophisticated radio environments, e.g., the city canyon and battle field, thanks to its non-metallic material highly robust to strong electromagnetic jamming. Current researches are mainly focusing on scenario-specific validation (e.g., military-base protection). Open issues like limited spectrum sweeping speed and inconsistent sensitivity level for continuous spectrum scanning, still require investigation [15].",221,221,Introduction > RadioEnvironmental Mapping,,,meta-llama/llama-4-scout-17b-16e-instruct,NONE,llama-3.3-70b-versatile,NONE,True
O_ISAC_137,4D,intensity_only,intensity only,fuzzy:85.71428571428572,INDIRECT,"The concept of intensity_only is related to the intensity of noise signals, which is mentioned in the context as varying from a few kilohertz at night to several megahertz during the day, but it is not the primary focus of the passage.","In laser ranging systems, many signals are associated with noises of various origins. The intensity of noise signals varies from a few kilohertz at night to several megahertz during the day, which creates the problem of separating the reflected signals from the noise. This problem is usually solved by time selection hardware, which ensures that only those input events that fall within the resolving time windows are recorded. The time window is generated a ranging gate generator (RGG) in the real-time experiment according to the expected arrival times of the reflected signals. The expected moments of arrival of the reflected signals are calculated using the orbital parameters of the object under study, the coordinates of the satellite laser ranging (SLR) station and the moments of generation of the starting pulses.",29,29,CONTINUOUS EVENT RECORDING TECHNOLOGY FOR INTEGRATED SENSING AND COMMUNICATIONS IN SPACE > ABSTRACT > 1. INTRODUCTION,,,meta-llama/llama-4-scout-17b-16e-instruct,INDIRECT,llama-3.3-70b-versatile,INDIRECT,True
O_ISAC_137,4D,intensity_only,intensity,lexical,INDIRECT,"The concept of intensity_only is related to the noise intensity, which is mentioned in the context as R = 10 ... 15 kHz and is used to estimate the level of loss of the valid signal, but it is not the primary focus of the passage.","Simulation of the ranging process in CR mode shows that for the case of R · τ < 0.5 (R is the noise center frequency), the probability of signal loss is approximately equal to Ploss = R · τ . In general, the estimate of the level of loss of the valid signal at night (with noise intensity R = 10 ... 15 kHz and dead recording time τ = 40 ... 50 ns) will be less than 1%, which is quite acceptable. Losses increase with high noise levels during the daytime, so the increase in the efficiency of continuous ranging in SLR is associated with the need to reduce the dead time of the measuring channel.",57,57,2. CONTINUOUS EVENT RECORDING IN SLR,,,meta-llama/llama-4-scout-17b-16e-instruct,INDIRECT,llama-3.3-70b-versatile,INDIRECT,True
O_ISAC_137,4D,intensity_only,intensity,lexical,NONE,"The concept of intensity_only is not directly related to the context, which focuses on the implementation of the CR mode, the use of software-based selection of reflected signals, and the analysis of noise information, but does not specifically discuss intensity.","At the same time, it becomes possible to implement various algorithms for searching for space debris, to organize a multi-station experiment in case of spatial separation of the transmitter and receiver, and to combine the modes of ranging and calibration. The availability of noise information makes it possible to analyze the intensity distribution of noise signals and judge the atmosphere's state at different altitudes (lidar function).",65,65,2. CONTINUOUS EVENT RECORDING IN SLR,,,meta-llama/llama-4-scout-17b-16e-instruct,NONE,llama-3.3-70b-versatile,NONE,True
O_ISAC_138,4D,imdd,im and dd,fuzzy:88.88888888888889,NONE,"The provided snippet does not contain any information related to the concept 'imdd'. The text discusses MPFusionNet, scenarios from the U2U dataset, and their conditions, but does not mention 'imdd' or any related terms.","To comprehensively evaluate the robustness and generalization ability of the proposed model under varying environmental conditions, we select four representative scenarios from the U2U dataset, covering combinations of daytime/nighttime and diverse aerial mobility patterns. Detailed information on the number of samples and recording time periods for each scenario is provided in Table II.",381,381,IV. EXPERIMENTAL SETUP AND PERFORMANCE EVALUATION > A. Experimental Setup > B. Performance Evaluation,,,meta-llama/llama-4-scout-17b-16e-instruct,NONE,llama-3.3-70b-versatile,NONE,True
O_ISAC_138,4D,intensity_only,intensity,lexical,DIRECT,The snippet directly mentions 'reflection intensity' which is related to the concept of intensity_only.,"For the mmWave radar modality, we design an encoder that integrates two-dimensional convolutional layers with multihead attention. The 2D convolutions are employed to capture localized structures in the range–Doppler domain, where the spatial distribution of reflection intensity reveals physical properties such as relative distance and radial velocity of UAV motion. Subsequently, the multi-head attention module enables the network to model long-range dependencies across range-Doppler cells, which correspond to correlated motion dynamics and multipath propagation effects that cannot be fully represented by local convolutional kernels. In contrast to traditional radar signal processing methods, where an FFT is typically applied to obtain range–Doppler maps and constant false alarm rate detection is used for target identification, our learning-based encoder automatically learns hierarchical representations from radar data. This design provides improved robustness against noise, clutter, and dynamic trajectory variations in aerial environments. To align radar features with those extracted from other modalities, a trainable linear projection layer is introduced. This projection maps radar embeddings into a unified feature space with consistent dimensionality, thereby facilitating cross-modal fusion. The parameters of the projection are optimized jointly with the rest of the network through backpropagation, ensuring that the radar features are adaptively calibrated to complement visual, LiDAR, and GPS representations during training. As a result, the encoder not only preserves the physical interpretability of radar observations but also enhances their compatibility in multi-modal",228,228,III. MULTI-MODAL BEAMFORMING WITH PERCEIVERIO-TRANSFORMER > A. Temporal Modeling and Synchronous Processing of UAV Multi-modal Sensory Data > B. Perceptual Feature Fusion and Beam Decision Network Architecture Design > c) mmWave Radar Encoder Design:,,,meta-llama/llama-4-scout-17b-16e-instruct,DIRECT,,,False
O_ISAC_138,4D,intensity_only,strength,lexical,NONE,"The snippet does not mention intensity or any related concept, so it is labeled as NONE.","10 demonstrates that multi-modal fusion not only improves overall top-3 accuracy but also enables MPFusionNet to dynamically leverage modality-specific strengths across diverse scenarios, which justifies our design choice.",470,470,IV. EXPERIMENTAL SETUP AND PERFORMANCE EVALUATION > A. Experimental Setup > B. Performance Evaluation,,,meta-llama/llama-4-scout-17b-16e-instruct,NONE,llama-3.3-70b-versatile,NONE,True
O_ISAC_139,4D,intensity_only,strength,lexical,INDIRECT,"The concept of intensity_only is related to the RSSI measurements, which are mentioned in the context as a means of localization, but the term 'intensity_only' itself is not explicitly mentioned.","*Abstract***— Indoor localization is a critical component of various applications, including assisted living, personnel monitoring, and asset tracking. Traditional localization methods relying on specialized sensors such as LiDAR, ultrasound, and 3D cameras offer high precision but suffer from high costs and limited interoperability. To address these challenges, this paper explores the Integrated Sensing and Communication (ISAC) paradigm, leveraging signal-based modalities focusing on received signal strength indication (RSSI). These measurements, inherently embedded in wireless communication packets, enable cost-effective and vendoragnostic localization without the need for additional hardware. However, practical deployment remains challenging due to signal degradation from obstacles, multipath effects, and reflections. This paper presents an end-to-end localization framework utilizing COTS IoT devices and advanced RSSI processing techniques to enhance measurement reliability. By integrating filtering mechanisms and machine learning models, the proposed solution improves distance estimation, categorizes line-of-sight (LoS) and non-line-of-sight (NLoS) conditions, and enhances localization accuracy. Additionally, an open and extendable edge-to-cloud infrastructure supports scalability and real-time processing. Experimental evaluation demonstrate the effectiveness of this approach in various aspects such as increase of RSSI reliability (increase of up to 82% regarding standard deviation, drastic reduction of outliers' detection and fluctuation of more than 90% to distances up to 2m), accurate LoS-NLoS classification up to 99% and overall localization increased accuracy more than 83%.**",25,25,for Indoor Environments,,,meta-llama/llama-4-scout-17b-16e-instruct,INDIRECT,llama-3.3-70b-versatile,INDIRECT,True
O_ISAC_139,4D,intensity_only,strength,lexical,NONE,"The context does not mention RSSI or any other signal strength measurements, which are related to the concept of intensity_only.","To address these limitations effectively, the Integrated Sensing and Communication (ISAC) approach—particularly sensing-assisted services—introduces a new paradigm. This paradigm represents a critical key performance indicator (KPI) of 6G networks and offers substantial benefits across various technologies and application domains. In localization scenarios following the ISAC paradigm, the primary objective is to leverage sensing modalities and measurements provided by any wireless technology in a vendor-agnostic manner. Such modalities include received signal strength indication (RSSI), link quality indication (LQI), and others embedded in all communication packets. These indicators not only categorize communication link quality but also enable the correlation of signal quality with distance, which is essential for accurate localization [7]. This approach provides critical advantages, as any IoT-embedded system and all communications can be utilized to provide localization services without requiring additional specialized hardware. However, while combining",35,35,for Indoor Environments > I. INTRODUCTION,,,meta-llama/llama-4-scout-17b-16e-instruct,NONE,llama-3.3-70b-versatile,NONE,True
O_ISAC_139,4D,intensity_only,strength,lexical,INDIRECT,"The context mentions RSSI measurements, which are related to signal strength and intensity, but the term 'intensity_only' itself is not explicitly mentioned.","As already indicated, this effort is driven by the ISAC paradigm and especially by aiming to offer a practical and easy to use and be integrated approach, this paper focuses on Received Signal Strength Indicator (RSSI), which quantifies the power level of a received signal. However, RSSI measurements are highly susceptible to environmental factors, making them less reliable particularly when targeting indoor environments as this paper does. High number of studies have highlighted challenges stemming from typical signal propagation mechanisms, such as multipath propagation, shadowing, and signal attenuation due to obstacles like walls and furniture, presence of humans etc. [9,10]. These factors introduce inaccuracies in applications like localization and network optimization [11]. Furthermore, these factors drastically affect the LoS or NLoS status of communication links which in turn can deteriorate the link performance unpredictably. Additionally, RSSI-based measurements are affected by interference from co-channel signals, making it difficult to maintain precise and stable readings over long periods of time [12]. Specifically, efforts like [10] discuss the influence of signal propagation mechanisms, such as reflection, diffraction, and scattering, further degrading the precision of RSSI-based localization.",51,51,for Indoor Environments > II. BACKGROUND,,,meta-llama/llama-4-scout-17b-16e-instruct,INDIRECT,llama-3.3-70b-versatile,INDIRECT,True
O_ISAC_139,4D,intensity_only,strength,lexical,INDIRECT,"The context mentions RSSI measurements, which are related to signal strength and intensity, and discusses filtering methods to mitigate the effects of noise and interference on these measurements.","In wireless localization systems, Received Signal Strength Indicator (RSSI) measurements are susceptible to noise from interference, sensor imperfections, environmental dynamics. These distortions localization accuracy by introducing high-frequency fluctuations and outliers that obscure true signal trends, directly affecting the estimated distance between the beacon and the target. Thus, filtering methods are essential to mitigate their effects and ensure a robust localization performance. This section details four filtering methods: Fourier Transform, Gaussian, Kalman, and MODE+MEAN.",95,95,for Indoor Environments > *A. Signal Acquisition* > B. Filtering,,,meta-llama/llama-4-scout-17b-16e-instruct,INDIRECT,llama-3.3-70b-versatile,INDIRECT,True
O_ISAC_139,4D,intensity_only,strength,lexical,NONE,"The snippet discusses hybrid filtering strategies and ML-based classification, but does not mention intensity_only, which suggests that the concept is not directly or indirectly related to the content.",Hybrid filtering strategies have demonstrated superior performance over single-method algorithms in processing Received Signal Strength Indicator (RSSI) data [24].,157,157,for Indoor Environments > *A. Signal Acquisition* > B. Filtering > **MODE+MEAN Filter**,,,meta-llama/llama-4-scout-17b-16e-instruct,NONE,llama-3.3-70b-versatile,NONE,True
O_ISAC_140,4D,json:rx_detection_type,,json,DIRECT,Structured receiver field,,,,,scenario_level[0].receiver.rx_detection_type,MIMO,json,DIRECT,,,False
O_ISAC_141,4D,intensity_only,strength,lexical,NONE,"The snippet does not directly relate to the concept of intensity_only, as it discusses SAR, reference incident power, and other factors without focusing solely on intensity.","here,  $P^{\text{ref}}$  is reference incident power used to estimate SAR, J is the total number of time slots, and  $\hat{p}_n(J)$  is the signaling power. The SAR value is the function of tissue composition and strength of the EMF expressed as [9]",102,102,"Electromagnetic Field Exposure-Aware AI Framework for Integrated Sensing and Communications-Enabled Ambient Backscatter Wireless Networks > <span id=""page-0-6""></span><span id=""page-0-5""></span><span id=""page-0-4""></span><span id=""page-0-3""></span><span id=""page-0-0""></span>I. INTRODUCTION > <span id=""page-2-6""></span>III. SYSTEM MODEL",,,meta-llama/llama-4-scout-17b-16e-instruct,NONE,llama-3.3-70b-versatile,NONE,True
O_ISAC_141,4D,intensity_only,strength,lexical,INDIRECT,"The snippet mentions the strength of the electrical field (E) which is related to intensity, but it is part of a broader discussion on SAR and its calculation, thus it's an indirect reference to intensity_only.","where  $\sigma$  denotes conductivity of the exposed tissues, E is the strength of the electrical field, and  $m_d$  represents mass density of the observed sample.",106,106,"Electromagnetic Field Exposure-Aware AI Framework for Integrated Sensing and Communications-Enabled Ambient Backscatter Wireless Networks > <span id=""page-0-6""></span><span id=""page-0-5""></span><span id=""page-0-4""></span><span id=""page-0-3""></span><span id=""page-0-0""></span>I. INTRODUCTION > <span id=""page-2-6""></span>III. SYSTEM MODEL",,,meta-llama/llama-4-scout-17b-16e-instruct,INDIRECT,llama-3.3-70b-versatile,INDIRECT,True
O_ISAC_142,4D,imdd,im and dd,fuzzy:88.88888888888889,INDIRECT,"The concept 'imdd' is not explicitly mentioned in the given snippet, but the discussion revolves around information modulation and metasurface-enabled transmitter architectures, which could be related to imdd (Intensity Modulation with Direct Detection). The indirect connection is made through the context of modulation schemes and information transmission.","<span id=""page-18-6""></span><span id=""page-18-2""></span>Another distinctive attribute of transmitter-type IS is its ability to function as a virtual MIMO terminal. In this setup, an IS exposed to an unmodulated carrier signal can be configured to act as a virtual MIMO transmitter, completely devoid of RF chains. Specifically, in [\[206\],](#page-33-44) considering IS elements partitioning, two novel IS-based MIMO solutions were proposed. First, dividing the IS into two subsurfaces and using the PSK modulation over two time slots, an ISassisted Alamouti's scheme [\[207\]](#page-33-45) is realized with the IS acting as the transmitter. Second, an IS is used to enhance the performance of the nulling and canceling-based suboptimal detection procedure in a spatial multiplexing-based MIMO system and additional information bits are also transmitted by the phases of the IS REs to boost SE. Later, in [\[208\],](#page-33-46) a novel space–time code based on PSK modulation was designed for the single-antenna transmitter and IS, collectively acting as a virtual two-antenna transmitter to achieve transmit diversity without the need for any CSI. Moreover, it is demonstrated in [\[208\]](#page-33-46) that in addition to transmit diversity, IS can also achieve passive beamforming simultaneously, thus fulfilling both transmittertype and relay-type functions at the same time. In [\[209\],](#page-33-47) utilizing multiple digital-to-analog converters, an MIMO system that can transmit multiple streams was realized, and a 2 × 2 MIMO system was experimentally tested. It was shown that two independent 16-QAM data streams can be successfully received by a traditional receiver at a carrier frequency of 4.25 GHz. The above studies paved the way for designing more advanced IS-based transmitters subsequently. Specifically, in [\[210\]](#page-33-48), a dual-polarized IS architecture was created to transmit two data streams simultaneously at a transmission rate of 20 Mb/s.",432,432,"<span id=""page-14-1""></span>**B. Deployment** > **C. Modulation**",,,meta-llama/llama-4-scout-17b-16e-instruct,INDIRECT,llama-3.3-70b-versatile,INDIRECT,True
O_ISAC_142,4D,intensity_only,strength,lexical,INDIRECT,"The text discusses the applications of Intelligent Surfaces (IS) in 6G, including their ability to amplify and manipulate signals, but does not directly mention intensity-only concepts.","*3) Applications of ISs in 6G:* As shown in Fig. [3,](#page-3-1) ISs are envisioned to facilitate and enable a wide range of applications for future 6G usage scenarios. For example, to enable immersive communication applications, such as XR and ultrahigh definition (UHD) video services usually supported by high-frequency wideband signal transmission, ISs can help overcome severe path loss and bypass obstacles by providing high beamforming gains and additional propagation paths, respectively [\[29\].](#page-30-28) Additionally, to facilitate hyper-reliable and low-latency communication applications, such as industrial control, telemedicine, and emergency services, ISs can be utilized to improve the channel quality and transmission reliability by creating the dominant line-of-sight (LoS) path to mitigate the undesired multipath fading. Particularly, for services with stringent requirements on reliability and latency, especially in high-mobility scenarios such as fully autonomous driving, ISs can be either deployed at the roadside to enhance the signal strength for the vehicles (or passengers inside vehicles) on the road or mounted on the vehicles to mitigate the fast channel fading arising from their high mobility [\[30\].](#page-30-29) Moreover, to support massive communications in, e.g., smart cities, environmental monitoring, and other IoT applications, ISs can be used to improve the system throughput and fairness for densely deployed devices by jointly designing reflections/refractions and their nonorthogonal multiple access (NOMA) scheme [\[31\],](#page-30-30) [\[32\].](#page-30-31)",72,72,"**A. Overview of 6G** > <span id=""page-1-1""></span>**B. Overview of ISs**",,,meta-llama/llama-4-scout-17b-16e-instruct,INDIRECT,llama-3.3-70b-versatile,INDIRECT,True
O_ISAC_142,4D,intensity_only,strength,lexical,NONE,"The text provides a list of developments in meta-structure-based reflectarrays and programmable metasurface-based transmitters, but does not discuss intensity-only concepts.","| 2020 | A surface with over 3200 elements operating at the 2.4 GHz band was developed, improving signal strength [59].                          |",88,88,"**A. Overview of 6G** > <span id=""page-1-1""></span>**B. Overview of ISs**",,,meta-llama/llama-4-scout-17b-16e-instruct,NONE,llama-3.3-70b-versatile,NONE,True
O_ISAC_142,4D,intensity_only,strength,lexical,NONE,"The text discusses IS-enhanced wireless sensing, including passive and semipassive sensing, but does not directly mention intensity-only concepts.","<span id=""page-19-12""></span>For conventional IS-aided wireless sensing systems, the IS is deployed in the environment as an anchor node, and its sensing performance relies crucially on the strength of the reflected echo signal from the target to the receiver",452,452,**D. Sensing and ISAC**,,,meta-llama/llama-4-scout-17b-16e-instruct,NONE,llama-3.3-70b-versatile,NONE,True
O_ISAC_142,4D,intensity_only,strength,lexical,NONE,"The text discusses the concept of BD-RIS and the modeling of subsurfaces as M-port impedance networks, but does not directly mention intensity-only concepts.","<span id=""page-26-1""></span>*4) New Applications:* The new characteristic of simultaneous reflection and refraction has unlocked various new applications [\[106\].](#page-31-28) For example, the omnidirectional IS has been introduced for self-interference cancellation in full-duplex communication systems. In particular, the omnidirectional IS can be deployed between the Tx and the Rx, and we can configure the phase shifts of the omnidirectional IS to enhance the received signal strength by reflection and to null the self-interference to the Rx on the refraction side.",583,583,"<span id=""page-24-3""></span>**B. Omnidirectional IS**",,,meta-llama/llama-4-scout-17b-16e-instruct,NONE,llama-3.3-70b-versatile,NONE,True
O_ISAC_142,4D,complex_field,complex domain,fuzzy:92.85714285714286,DIRECT,"The concept 'complex_field' is directly related to the context, which discusses complex-domain optimization problems and amplitude-controlled holographic IS systems, indicating a direct connection to complex fields in electromagnetism and signal processing.","<span id=""page-28-1""></span>of the EM wave at each radiation element is controlled by the holographic beamformer to generate desired directional beams [\[297\]](#page-35-30). Hence, the sum-rate maximization problem can be modeled as a complex-domain optimization problem subject to unconventional real-domain amplitude constraints. Deng et al. [\[306\]](#page-35-39) introduced a novel hybrid beamforming scheme for a general amplitude-controlled holographic IS system. Specifically, the signal processing at the baseband is conducted at the BS. The holographic IS utilizes an amplitude-controlled beamforming technique to generate desired directional beams and transmit the processed signals to each user.",623,623,"<span id=""page-24-3""></span>**B. Omnidirectional IS** > **C. Holographic IS**",,,meta-llama/llama-4-scout-17b-16e-instruct,NONE,llama-3.3-70b-versatile,DIRECT,True
O_ISAC_144,4D,intensity_only,strength,lexical,INDIRECT,"The concept of intensity_only is related to the magnitude of stress or wind speed, but the text discusses the impact of wind speed on stress distribution and structural conditions, making it an indirect reference.","The stress distribution results are presented in Fig.5. At an operational wind speed of 12 m/s, Fig.5(a) indicates that the maximum von Mises equivalent stress experienced by the heliostat structure is approximately 155.9 MPa. In contrast, when the wind speed increases to the survival state of 25 m/s, the maximum equivalent stress significantly rises to about 502.8 MPa (as shown in Fig. 5(b)). For structural steel Q345, the allowable stress typically ranges between 235 MPa (factoring in standard safety factors) and its nominal yield strength of 345 MPa.",177,177,*A. Stress Field Inference under Different Wind Speeds*,,,meta-llama/llama-4-scout-17b-16e-instruct,INDIRECT,llama-3.3-70b-versatile,INDIRECT,True
O_ISAC_144,4D,intensity_only,strength,lexical,INDIRECT,"Similar to the first snippet, the text focuses on the effects of wind speed on stress values and structural integrity, rather than directly discussing intensity, thus it's an indirect reference.","At the operational wind speed of 12 m/s, the maximum stress remains well below the yield limit, indicating safe and stable structural conditions. However, at the elevated survival wind speed of 25 m/s, stress values notably exceed the typical allowable stress threshold. If such conditions represent rare, short-duration extreme wind events, certain engineering standards and design codes may permit brief excursions near or slightly above the yield strength. Nevertheless, the observed stress value serves as a critical indicator, highlighting the potential risk of structural failure or irreversible deformation under prolonged exposure. Thus, the provided results emphasize the importance of monitoring and preventive measures, demonstrating the capability of the developed WSDT framework to offer precise quantitative stress assessments.",179,179,*A. Stress Field Inference under Different Wind Speeds*,,,meta-llama/llama-4-scout-17b-16e-instruct,INDIRECT,llama-3.3-70b-versatile,INDIRECT,True
O_ISAC_145,4D,intensity_only,strength,lexical,INDIRECT,"The text discusses energy efficiency in the context of 6G networks and hybrid systems, but does not directly mention intensity-only concepts. However, it implies the importance of energy efficiency, which could be related to intensity-only concepts.","Beyond energy efficiency, data security is another pivotal challenge in 6G networks [\[6\]](#page-12-5), [\[7\]](#page-12-6). Wireless transmissions are inherently susceptible to eavesdropping, making robust security measures essential. Physical Layer Security (PLS) has gained prominence as a viable solution, leveraging channel characteristics rather than cryptographic techniques to ensure secure communication [\[8\]](#page-12-7), [\[9\]](#page-12-8). Hybrid RF-OWC systems further strengthen security, as OWC's confined light propagation inherently limits interception risks. Emerging technologies such as Reflective Intelligent Surfaces (RISs) further enhance PLS by dynamically shaping the transmission environment to optimize secrecy capacity [\[10\]](#page-12-9).",23,23,"<span id=""page-0-0""></span>Secrecy Energy Efficiency of Hybrid Wireless Body Area Networks > **1 INTRODUCTION**",,,meta-llama/llama-4-scout-17b-16e-instruct,INDIRECT,llama-3.3-70b-versatile,INDIRECT,True
O_ISAC_145,4D,intensity_only,strength,lexical,NONE,"The text focuses on the background of hybrid radio-optical wireless communication systems and their applications in healthcare, without any direct or indirect mention of intensity-only concepts.","Hybrid radio-optical wireless communication systems integrate the strengths of [RF](#page-0-0) and [OWC](#page-0-0) technologies, enabling robust and efficient communication across diverse applications such as healthcare and the [IoT.](#page-0-0)",76,76,"<span id=""page-0-0""></span>Secrecy Energy Efficiency of Hybrid Wireless Body Area Networks > <span id=""page-2-0""></span>**2 BACKGROUND**",,,meta-llama/llama-4-scout-17b-16e-instruct,NONE,llama-3.3-70b-versatile,NONE,True
O_ISAC_145,4D,intensity_only,strength,lexical,NONE,"The text explores the integration of RF and OWC technologies in hybrid systems, discussing their strengths and limitations, but does not directly or indirectly address intensity-only concepts.","Security remains a primary concern in hybrid systems, particularly in sensitive data applications. [OWC,](#page-0-0) due to its confined light beams, inherently limits the risk of eavesdropping, making it a valuable complement to [RF](#page-0-0) communication. Hybrid systems dynamically combine these strengths, leveraging [OWC](#page-0-0) for secure data transmission and mitigating [RF'](#page-0-0)s vulnerabilities [\[26\]](#page-13-9), [\[12\]](#page-12-11). [PLS](#page-0-0) techniques further enhance this integration by exploiting the physical properties of communication channels to protect data without relying solely on cryptographic methods [\[27\]](#page-13-10), [\[28\]](#page-13-11).",84,84,"<span id=""page-0-0""></span>Secrecy Energy Efficiency of Hybrid Wireless Body Area Networks > <span id=""page-2-0""></span>**2 BACKGROUND**",,,meta-llama/llama-4-scout-17b-16e-instruct,NONE,llama-3.3-70b-versatile,NONE,True
O_ISAC_145,4D,intensity_only,strength,lexical,NONE,"The text delves into the security considerations of HyWBANs, highlighting the benefits of optical communication in securing sensitive patient data, but does not mention intensity-only concepts directly or indirectly.","The security considerations in HyWBANs are shaped by the diverse threats faced in healthcare environments, including eavesdropping, unauthorized access, and data tampering. With its spatially confined signal propagation, optical communication offers significant advantages in securing sensitive patient data. Unlike radio waves, which can traverse walls and other barriers, optical signals remain localized, reducing the risk of interception. This property is particularly beneficial in environments where privacy is critical, such as hospital wards and operating rooms. Leveraging optical communication channels for data transmission enhances the confidentiality of sensitive information, ensuring that patient data remains secure against external threats [12]. In addition to leveraging the intrinsic security properties of optical communication, HyWBANs utilize their hybrid architecture to enhance security further. Data can be split and transmitted simultaneously through optical and radio channels, requiring both components for successful decryption. This dual-layered approach strengthens security by adding redundancy and complexity for potential attackers. Switching between communication modes dynamically allows HyWBANs to respond effectively to real-time security challenges, adapting to evolving threat landscapes without compromising performance. Moreover, this mechanism increases the reliability of communication.",108,108,"<span id=""page-0-0""></span>Secrecy Energy Efficiency of Hybrid Wireless Body Area Networks > <span id=""page-3-0""></span>3 SECURITY AND ENERGY CONSIDERATIONS IN HYWBAN",,,meta-llama/llama-4-scout-17b-16e-instruct,NONE,llama-3.3-70b-versatile,NONE,True
O_ISAC_145,4D,intensity_only,strength,lexical,NONE,"The provided snippet does not mention intensity or any related concept, focusing instead on healthcare infrastructure, sustainability, and communication technologies.","By leveraging the complementary strengths of optical and radio technologies, HyWBANs deliver secure and energy-efficient communication solutions that enhance patient care and operational effectiveness. Integrating advanced security measures and energy management techniques positions HyWBANs as a cornerstone technology in developing 6G-enabled healthcare systems.",120,120,"<span id=""page-0-0""></span>Secrecy Energy Efficiency of Hybrid Wireless Body Area Networks > <span id=""page-3-0""></span>3 SECURITY AND ENERGY CONSIDERATIONS IN HYWBAN",,,meta-llama/llama-4-scout-17b-16e-instruct,NONE,llama-3.3-70b-versatile,NONE,True
O_ISAC_145,4D,complex_field,sophisticated area,fuzzy:88.88888888888889,NONE,The text does not mention the concept of complex_field.,"Modern communication networks face a dual imperative: they must be secure against increasingly sophisticated threats while operating with maximum energy efficiency to support sustainable and battery-constrained environments. These challenges are amplified in hybrid communication systems that merge [RF](#page-0-0) and [OWC](#page-0-0) technologies, which, while promising significant advantages, must also overcome potential vulnerabilities and inefficiencies. Hybrid networks are particularly relevant for safety-critical applications such as medical [Industrial and Communications](#page-0-0) [Technology \(ICT\)](#page-0-0) systems, where data confidentiality and operational continuity are non-negotiable [\[11\]](#page-12-10). However, the question remains: *Can hybrid systems truly offer energyefficient and secure communication?* Given the growing dependence on sensor networks in areas like biomedical monitoring, this is an essential consideration where attackers might exploit communication vulnerabilities to eavesdrop or falsify data. Furthermore, energy constraints in such systems demand solutions that do not compromise performance or security. The next generation of wireless networks will include hybrid radio and optical wireless communications [\[12\]](#page-12-11). These sensor networks may be used in modern medical [ICT](#page-0-0) applications [\[13\]](#page-12-12) where an attacker can eavesdrop on communications and sensing by falsifying the results, making them no longer trustworthy.",37,37,"<span id=""page-0-0""></span>Secrecy Energy Efficiency of Hybrid Wireless Body Area Networks > **1.1 Motivation**",,,meta-llama/llama-4-scout-17b-16e-instruct,NONE,llama-3.3-70b-versatile,NONE,True
O_ISAC_145,4D,complex_field,field complexity,fuzzy:85.71428571428572,NONE,The text does not mention the concept of complex_field.,"## 6.3 Implementation, convergence, and computational complexity",420,420,"<span id=""page-0-0""></span>Secrecy Energy Efficiency of Hybrid Wireless Body Area Networks > 6.3 Implementation, convergence, and computational complexity",,,meta-llama/llama-4-scout-17b-16e-instruct,NONE,llama-3.3-70b-versatile,NONE,True
O_ISAC_145,4D,complex_field,field complexity,fuzzy:85.71428571428572,NONE,The text does not mention the concept of complex_field.,"## 7.1 Implementation, convergence, and computational complexity",488,488,"<span id=""page-0-0""></span>Secrecy Energy Efficiency of Hybrid Wireless Body Area Networks > 7.1 Implementation, convergence, and computational complexity",,,meta-llama/llama-4-scout-17b-16e-instruct,NONE,llama-3.3-70b-versatile,NONE,True
O_ISAC_146,4D,intensity_only,intensity,lexical,INDIRECT,"The text discusses the importance of maintaining intensity in polarized proton beams for experiments, but does not directly focus on intensity as the sole parameter.","Collider experiments with polarized proton beams, approved at RHIC *I11* and under consideration at HERA 121, will provide fundamental tests of QCD and the electroweak interaction. Polarized beams should allow better identification of new objects produced in proton-proton collisions and expand the limits of searches for possible manifestations of New Physics beyond the Standard Model. Such experiments will require the maximum available luminosity, and therefore polarization must be obtained as an extra beam quality without sacrificing intensity. Typical currents for unpolarized **H-** ion injectors are in the 20-50 mA range. With a lower current polarized source the use of multiturn charge- exchange injection into a booster ring will partially compensate the loss, but only a 20-30 mA source will completely solve the problem. A 1.64 mA dc polarized H- ion current was obtained at the TRIUMF OPPIS, with a promise of further increases to the 2-3 mA range 131. The ECRtype primary proton source used at the TRIUMF OPPIS has a comparatively low emission current density and high beam divergence, which limits further current increase and gives rise to inefficient use of the cw laser power for optical pumping. In pulsed operation, suitable for high energy accelerators, the ECR source shortcomings have been avoided by using an INR-type OPPIS with a high-brightness proton source situated outside the magnetic field 141. Studies performed in collaboration with INR, Moscow and BINP, Novosibirsk have demonstrated the feasibility of producing 10 **mA** polarized H- ion currents using this scheme. Proposals on pulsed OPPIS developments for future polarization facilies at RHIC and HERA are considered below.",15,15,**OPPIS DEVELOPMENT All? TRIUMF** > **1 INTRODUCTION**,,,meta-llama/llama-4-scout-17b-16e-instruct,INDIRECT,llama-3.3-70b-versatile,INDIRECT,True
O_ISAC_146,4D,intensity_only,intensity,lexical,NONE,"The text primarily discusses the requirements and constraints for a polarized beam in parity-nonconservation studies, with intensity mentioned as a secondary aspect to achieve the desired beam quality.","At present the TRIUMF OPPIS is heavily used for the E497 ""parity"" experiment. The goal of this experiment is the measuremeint of the parity- violating analyzing power A, for the scattering of a longitudinally polarized 230 MeV proton beam in a hydrogen target to an accuracy of flops. This imposes very severe constraints on the polarized beam quality. From the very beginning, OPPIS development at TRIUMF has been pushed by this very demanding experiment. The initial expectation that spin-reversal-correlated modulations of the beam parameters should be smaller in the OPPIS than in the ABS have been demonstrated experimentally, although it took some time to understand its origins, develop the apparatus and find the optimal set of source parameters. At present, the helicity-correlated current modulations are below the **lW5** level and energy modulation can be reduced below 0.010 eV *171.* The correlated beam position modulations are less than 20 nm. The optimum beam current required at the target for the parity experiment is 0.20 uA, but to achieve very small helicity correlated modulations, most of the beam intensity must be sacrificed for beam quality. Therefore, high brightness source performance is required, and the ongoing high current OPPIS development at TRIUMF is of benefit to the parity experiment. At present, polarized beam quality meets the experimental requirements. The extension of the parity experiment to 450 MeV has been proposed *181.*",23,23,**OPPIS DEVELOPMENT All? TRIUMF** > **1 INTRODUCTION** > **2 POLARIZED BEAM FOR PAIRITY-NONCONSERVATION STUDIES**,,,meta-llama/llama-4-scout-17b-16e-instruct,NONE,llama-3.3-70b-versatile,NONE,True
O_ISAC_146,4D,intensity_only,intensity only,fuzzy:85.71428571428572,DIRECT,"The snippet directly discusses the development of a high-intensity polarized H- ion source and mentions specific current requirements (10-20 mA) for sufficient luminosity, relating to the concept of 'intensity_only'. The context implies that achieving high intensity is a goal in itself.","The TRIUMF task is development of the high intensity polarized H- ion source. A polarized H- ion current of 10-20 mA is required to provide sufficient luminosity of the polarized beam for the above experiments. At present, the design luminosity has not yet been obtained, even with an unpolarized 50 mA injector.",37,37,**OPPIS DEVELOPMENT All? TRIUMF** > **3 PROPOSAL FOR A POLARIZED 800 GEV PROTON BEAM AT THE HERA COLLIDER**,,,meta-llama/llama-4-scout-17b-16e-instruct,DIRECT,,,False
O_ISAC_146,4D,intensity_only,intensity,lexical,DIRECT,"Similar to idx 2, this snippet directly addresses the development of a high-intensity polarized H- ion source and the required current levels, aligning with the concept of 'intensity_only'.","The feasibility of 10 mA polarized H- ion current production in the INR- type pulsed OPPIS was demonstrated in experiments with the atomic H injector at BINP, Novosibirsk and experiments at TRIWMF on optical pumping of high density Rb vapor in the presence of a high-intensity proton beam /9/. The 20-30 mA current may be feasible in the ""combined"" polarization scheme, where space-charge compensation is easier to achieve /lo/. The development of a pulsed OPPIS is in progress at TRIUMF. The atomic H injector is being constructed and tested on a test bench. A 16 mA pulsed H- ion current of a 6 keV beam energy was obtained at the test-bench for the geometry which closely reproduce the pulsed OPPIS layout. After optimization it will be installed at the TRIUMF OPPIS setup , as shown in Fig. 1. The optical pumping of the high-density, large diameter Rb vapor cell will be produced by a pulsed Tisapphire laser. Nearly 100% Rb polarization has already been obtained in an experiment with a pulsed laser under development. The **H-** nuclear polarization will **be** measured and optimized using the powerful OPPIS diagnostic tools.",39,39,**OPPIS DEVELOPMENT All? TRIUMF** > **3 PROPOSAL FOR A POLARIZED 800 GEV PROTON BEAM AT THE HERA COLLIDER**,,,meta-llama/llama-4-scout-17b-16e-instruct,DIRECT,,,False
O_ISAC_146,4D,intensity_only,intensity,lexical,INDIRECT,"The concept 'intensity_only' is related to the beam intensity, which is mentioned in the snippet as 'a 8Li+ ion beam intensity in excess of 108/s'. However, the main focus of the snippet is on the polarization precession and its detection, rather than the intensity itself, making the relationship indirect.","Implantation of several beta-radioactive beams in a material surface (high-temperature superconductors, and semiconductors are of the greatest interest) and observation of the spin-precession due to the local magnetic field can be a useful tool for surface studies, similar to the MuSR technique for bulk materials /ll/. The polarization precession can be detected by measuring the asymmetry of beta-decay. For example, a 8Li+ ion beam intensity in excess of 108/s will be available from the TRIUMF ISAC facility for a 10 uA proton beam at the target. The polarization will be produced by direct optical pumping of 'Li atoms in the setup shown in Fig.2. The 20 keV Lit beam will be neutralized in a sodium vapor cell and then optically pumped by a collinear 669 nm wavelength dye laser beam (2s 4 to 2P3 transition). The optical pumping region must be shielded",51,51,**5 POLARIZED RADIOACTIVE BEAMS FOR MATERIAL STUDIES AT ISAC**,,,meta-llama/llama-4-scout-17b-16e-instruct,INDIRECT,llama-3.3-70b-versatile,INDIRECT,True
O_ISAC_148,4D,intensity_only,intensity,lexical,INDIRECT,"The text mentions 'intensity change' in the context of SAR processing and coherence maps, which implies that intensity is being considered as part of a broader analysis, rather than being the sole focus.","Sentinel-1 Level-1 Ground Range Detected (GRD) products (i.e. focused SAR data that were detected, multi-looked and projected to the ground range using an Earth ellipsoid model), were processed using the SNAC−SNAP S-1 GRD Amplitude Change processing service [10] developed by the European Space Agency (ESA) and available in ESA's Geohazards Exploitation Platform (GEP) [11] (Figure 1). In addition, coherence maps were generated by means of GEP's COIN−Coherence and Intensity change for Sentinel-1 service, starting from Single Look Complex (SLC) Sentinel-1 data. Full details are available in [9].",49,49,"**DOCUMENTATION OF FLOODS AND FIRES IN MIDDLE EAST CULTURAL HERITAGE SITES THROUGH MULTI-SENSOR SATELLITE DATA AND EARTH OBSERVATION PLATFORMS** > *2.1.1. Sergiopolis, Resafa (Syria)* > *2.1.2. Apamea (Syria)* > *2.3.1. SAR processing*",,,meta-llama/llama-4-scout-17b-16e-instruct,INDIRECT,llama-3.3-70b-versatile,INDIRECT,True
O_ISAC_148,4D,json:rx_detection_type,,json,DIRECT,Structured receiver field,,,,,scenario_level[0].receiver.rx_detection_type,direct,json,DIRECT,,,False
O_ISAC_149,4D,intensity_only,strength,lexical,NONE,"The text does not mention anything related to intensity_only, it talks about tracking aircraft, retroreflector arrays, and laser safety features.","The laser used in the tracking system is a Class IV as specified by The American National Standard for safe use of lasers ANSI Z136.1-1993 and requires special precautions when in operation. The PATS system has several built in safety features that makes its operation less hazardous. The transmitter power output level changes according to return signal strength. There are three 20 db attenuators that trip in to reduce the hazard range from a maximum of 3500 ft. down to 3.5 ft. The annunciated eye hazard ranges are 3500, 350, and 35 ft. To maintain a proportional attenuation to the",27,27,MOBILE FLIGHT TEST SUPPORT,,,meta-llama/llama-4-scout-17b-16e-instruct,NONE,llama-3.3-70b-versatile,NONE,True
O_ISAC_150,4D,coherent,coherent detection,lexical,NONE,"The concept 'coherent' is not mentioned or implied in the given snippet, which primarily discusses 6G wireless communications, quantum computing, and unmanned aerial vehicles.","*Unmanned Aerial Vehicles:* UAVs or drones are an essential element in 6G wireless communications. In many cases, high-data-rate wireless connectivity is provided using UAV technology. The BS entities are installed in UAVs to provide cellular connectivity. A UAV has certain features that are not found in fixed BS infrastructures, such as easy deployment, strong line-of-sight links, and degrees of freedom with controlled mobility [\[14\]](#page-16-2). During emergencies, such as natural disasters, the implementation of terrestrial communication infrastructures is not economically feasible, and sometimes it is not possible to provide any service in volatile environments. UAVs can easily handle these situations. A UAV will be the new paradigm in the field of wireless communication. This technology can facilitate fundamental requirements of wireless networks that are uMUB, uHSLLC, mMTC, and uHDD [\[16\]](#page-16-5). UAVs can also be used for several purposes, such as strengthening network connectivity, fire detection, emergency services in the event of disasters, security and surveillance, pollution monitoring, parking monitoring, accident monitoring, and more. Therefore, UAV technology is recognized as one of the essential technologies for 6G communication. In Zeng *et al.* [\[64\]](#page-17-4), UAV-enabled backscatter communication has been discussed that can assist in several communication tasks (e.g., supplying ambient power and creating favorable channel conditions to remote sensors). A combination of non-coherent detection schemes and UAV applications can create an air-interfaces suitable for 6G wireless networks. Moreover, the deep reinforcement learning-based robust resource allocation can be a great choice to realize UAV for 6G intelligence.",312,312,**IV. PROSPECTS AND APPLICATIONS** > **V. FUNDAMENTAL ENABLING TECHNOLOGIES OF 6G**,,,meta-llama/llama-4-scout-17b-16e-instruct,NONE,llama-3.3-70b-versatile,NONE,True
O_ISAC_150,4D,intensity_only,strength,lexical,NONE,"The provided snippet does not mention intensity directly or indirectly in relation to the concept of intensity_only. It discusses quantum computing, quantum communication, and unmanned aerial vehicles in the context of 6G wireless communications, without referencing signal intensity or related concepts.","*Unmanned Aerial Vehicles:* UAVs or drones are an essential element in 6G wireless communications. In many cases, high-data-rate wireless connectivity is provided using UAV technology. The BS entities are installed in UAVs to provide cellular connectivity. A UAV has certain features that are not found in fixed BS infrastructures, such as easy deployment, strong line-of-sight links, and degrees of freedom with controlled mobility [\[14\]](#page-16-2). During emergencies, such as natural disasters, the implementation of terrestrial communication infrastructures is not economically feasible, and sometimes it is not possible to provide any service in volatile environments. UAVs can easily handle these situations. A UAV will be the new paradigm in the field of wireless communication. This technology can facilitate fundamental requirements of wireless networks that are uMUB, uHSLLC, mMTC, and uHDD [\[16\]](#page-16-5). UAVs can also be used for several purposes, such as strengthening network connectivity, fire detection, emergency services in the event of disasters, security and surveillance, pollution monitoring, parking monitoring, accident monitoring, and more. Therefore, UAV technology is recognized as one of the essential technologies for 6G communication. In Zeng *et al.* [\[64\]](#page-17-4), UAV-enabled backscatter communication has been discussed that can assist in several communication tasks (e.g., supplying ambient power and creating favorable channel conditions to remote sensors). A combination of non-coherent detection schemes and UAV applications can create an air-interfaces suitable for 6G wireless networks. Moreover, the deep reinforcement learning-based robust resource allocation can be a great choice to realize UAV for 6G intelligence.",312,312,**IV. PROSPECTS AND APPLICATIONS** > **V. FUNDAMENTAL ENABLING TECHNOLOGIES OF 6G**,,,meta-llama/llama-4-scout-17b-16e-instruct,NONE,llama-3.3-70b-versatile,NONE,True
O_ISAC_151,4D,intensity_only,only intensity,fuzzy:85.71428571428572,NONE,"The provided snippet does not mention intensity or any related concept directly or indirectly, hence it is labeled as NONE.","The edge intelligence layer performs preliminary data processing, reducing latency by handling computationally intensive tasks closer to the data source (Fig. [5](#page-7-0)). This enables real-time analytics and rapid responses, crucial for applications like healthcare monitoring and industrial automation. Once processed at the edge, the data undergo further refinement in the cloud, where more sophisticated models and algorithms extract valuable insights. The cloud layer leverages its vast computational power to handle large-scale data analytics, synthesizing information from multiple edge nodes to develop a comprehensive understanding of user demands and environmental contexts. Additionally, the cloud layer continuously adapts and refines models based on new data, enhancing the accuracy and relevance of insights provided to end users.",86,86,"<span id=""page-2-2""></span>BigFiberNet Architecture",,,meta-llama/llama-4-scout-17b-16e-instruct,NONE,llama-3.3-70b-versatile,NONE,True
O_ISAC_153,4D,intensity_only,strength,lexical,INDIRECT,"The text discusses the properties and applications of metasurfaces in the THz frequency regime, including their transmission spectra, but does not directly mention intensity-only measurements.","<span id=""page-1-14""></span><span id=""page-1-13""></span><span id=""page-1-11""></span>THz frequency domain spectroscopy (THz-FDS) based on photonmixing is increasingly favored for THz metasurface characterization due to its high frequency resolution, robustness, and micro-Watt signal strength [\[23\].](#page-7-14) Similar to the development of THz-TDS, data processing algorithms for THz-FDS were initially the focus of research, with methods such as extrema point analysis [\[24\], H](#page-7-15)ilbert transform [\[25\],](#page-7-16) and amplitude normalization [\[26\]](#page-7-17) techniques being reported in recent years. Meanwhile, because of its strong spectral <span id=""page-1-22""></span><span id=""page-1-21""></span><span id=""page-1-20""></span><span id=""page-1-19""></span><span id=""page-1-8""></span><span id=""page-1-6""></span><span id=""page-1-4""></span><span id=""page-1-2""></span>selection performance [\[27\],](#page-7-18) THz-FDS is widely applied in frequency shift [\[28\]](#page-7-19) and AIT detection [\[29\]. E](#page-7-20)ven so, most of these studies have used traditional extrema point methods, which can lead to reduced spectral resolution and, to some extent, diminish the advantages of THz-FDS in characterizing high-quality factor metamaterials. Moreover, some THz metasurfaces and target materials exhibit anisotropy, hence the polarization detection capability of THz-FDS systems also needs to be developed [\[30\]. O](#page-7-21)verall, previous studies using THz-FDS to characterize metasurface have primarily focused on sensing performance while lacking critical analysis of the characterization process and system performance. This oversight can lead to impacts on the sensing effect through system performance aspects such as dynamic range (DR), frequency accuracy, and polarization sensitivity. Hence, comprehensive research demonstrating the practical transition from theoretical design to practical characterization of metamaterials is urgently needed by the THz sensing community. Therefore, this study presents a novel THz metasurface characterization method that achieves robustness to environmental water vapor for direct measurement, while also demonstrating ultrahigh frequency selectivity and polarization sensitivity, facilitating the application of metasurface for biochemical sensing in the THz domain.",47,47,Robust Characterization of Terahertz Metasurface Sensor With Ultrahigh Frequency Selectivity and Polarization Sensitivity > I. INTRODUCTION,,,meta-llama/llama-4-scout-17b-16e-instruct,INDIRECT,llama-3.3-70b-versatile,INDIRECT,True
O_ISAC_153,4D,intensity_only,strength,lexical,NONE,"The text describes the fabrication process of a metasurface, which does not relate to intensity-only measurements or discussions about electromagnetic behaviors.","<span id=""page-2-4""></span>Initiating the fabrication process, the quartz substrate is cleaned thoroughly to remove any contaminants or residues that could affect subsequent processing steps. After cleaning, the substrate is prebaked in an oven at 100 ◦C for 10 min to remove any remaining moisture. Subsequently, photoresist is spin-coated onto the substrate at a speed of 3000 r/min, followed by a 2-min bake at 120 ◦C, ensuring film stability and adhesion. In the subsequent photolithographic step, a mask with the desired SRR structural patterns is prepared through laser etching of the Cr layer. This mask is then precisely aligned, and the substrate is selectively exposed to ultraviolet (UV) radiation according to the pattern on the mask. After UV exposure, the unexposed and uncured photoresist is meticulously rinsed away using a developer solution, and the remaining photoresist film is further strengthened through a second bake at 120 ◦C. Advancing to the deposition phase, a vacuum-assisted technique is employed to deposit a 30 nm layer of Cr onto the substrate. The choice of Cr is strategic, as it possesses exceptional adhesive properties and serves as an effective barrier layer, facilitating the subsequent deposition of a 200 nm Au layer. Finally, the entire assembly is immersed in acetone solution for over 2 h, allowing for the lift-off of the undesired layers via a stripping machine, culminating in a thoroughly cleaned substrate ready for further analysis or processing.",85,85,Robust Characterization of Terahertz Metasurface Sensor With Ultrahigh Frequency Selectivity and Polarization Sensitivity > *B. Fabrication of Designed Metasurface*,,,meta-llama/llama-4-scout-17b-16e-instruct,NONE,llama-3.3-70b-versatile,NONE,True
O_ISAC_153,4D,intensity_only,magnitude,lexical,INDIRECT,"The text presents figures related to transmission spectra and THz radiation, which implies a discussion about the intensity of the radiation, but does not directly focus on intensity-only measurements.","Fig. 5. (a) Original photocurrents collected with THz-FDS, (b) extracted envelope spectra as magnitude of THz radiation, and (c) transmission spectra of metasurface before and after smoothing.",129,129,"Robust Characterization of Terahertz Metasurface Sensor With Ultrahigh Frequency Selectivity and Polarization Sensitivity > III. SPECTRAL CHARACTERIZATION OF METASURFACE A. Instrumentation > B. Spectral Collection and Processing > <span id=""page-3-0""></span>A. Frequency-Selective Measurement",,,meta-llama/llama-4-scout-17b-16e-instruct,INDIRECT,llama-3.3-70b-versatile,INDIRECT,True
O_ISAC_153,4D,intensity_only,intensity,lexical,DIRECT,"The snippet directly discusses signal intensity, noise floor, and dynamic range (DR) in the context of THz signal measurement, which is closely related to 'intensity_only'.","<span id=""page-4-3""></span>From the DR, we can observe that the signal intensity of the FDS used in this article is much higher than that of the TDS. Besides low-cost and high integration, THz-FDS also has a higher SNR. Most importantly, absorption features of water vapor [\[38\]](#page-7-29) centered at 557, 747, 996, and 1157 GHz can be seen from the curve in the ambient environment, which indicates a higher spectral resolution. And for the frequency selective measurement of metasurface, it is of practical significance to improve the spectral resolution of THz spectral system.",137,137,"Robust Characterization of Terahertz Metasurface Sensor With Ultrahigh Frequency Selectivity and Polarization Sensitivity > III. SPECTRAL CHARACTERIZATION OF METASURFACE A. Instrumentation > B. Spectral Collection and Processing > <span id=""page-3-0""></span>A. Frequency-Selective Measurement",,,meta-llama/llama-4-scout-17b-16e-instruct,DIRECT,,,False
O_ISAC_153,4D,intensity_only,intensity,lexical,INDIRECT,"The concept 'intensity_only' is related to the discussion of THz signal intensity in the high-frequency band and its decrease due to power limitation, but it is not the primary focus of the passage, which is on polarization characterization and metasurface orientations.","There is a special case where SRR-1 represented by the blue curve exhibits a resonance peak in the TE mode. However, due to the power limitation of the spectroscopic system, the intensity of the THz signal in the high-frequency band tends to decrease. However, because of the limited frequency range of the FDS used, we are unable to observe the complete resonance peak in the vertical orientation. The spectral range can be expanded by an additional laser, which can generate spectral components that are distinct from those of the original FDS. These novel spectral components allows for the observation of frequency ranges previously inaccessible to the original system, thereby achieving an extension of the spectral range.",165,165,Robust Characterization of Terahertz Metasurface Sensor With Ultrahigh Frequency Selectivity and Polarization Sensitivity > *C. Polarization Sensitive Measurement*,,,meta-llama/llama-4-scout-17b-16e-instruct,INDIRECT,llama-3.3-70b-versatile,INDIRECT,True
O_ISAC_153,4D,complex_field,sophisticated area,fuzzy:88.88888888888889,NONE,"The text does not directly relate to the concept of complex_field, it appears to be discussing terahertz metasurface and its characterization.","*Abstract***—By enhancing light–matter interaction, terahertz (THz) metasurface can significantly improve the performance of THz spectroscopic sensing. Despite their theoretical promise, a robust and practical characterization method for THz metasurface remains urgently needed. This article presents a novel characterization approach for THz metasurface that is resilient to environmental water vapor, enabling ultrahigh frequency selectivity and polarization sensitivity. The performance of the proposed method is demonstrated using a series of lithography-fabricated split-ring metasurface, theoretically designed to be evenly separated over the 0.6–1.0 THz range. A continuous wave THz frequency-domain spectroscopy system was employed for experimental characterization. Following sophisticated raw**",11,11,Robust Characterization of Terahertz Metasurface Sensor With Ultrahigh Frequency Selectivity and Polarization Sensitivity,,,meta-llama/llama-4-scout-17b-16e-instruct,NONE,llama-3.3-70b-versatile,NONE,True
O_ISAC_153,4D,complex_field,sophisticated area,fuzzy:88.88888888888889,NONE,"The text does not directly relate to the concept of complex_field, it appears to be discussing the conclusion of a study on terahertz metasurface sensor characterization.","In summary, this article demonstrates a robust characterization of THz metasurface sensor with ultrahigh frequency selectivity and polarization sensitivity. The methodology involves FDTD simulation for frequency-selective metasurface design, followed by the fabrication utilizing lithography techniques, and subsequently subjecting them to polarizationsensitive spectral characterization via THz-FDS. Metasurface with various resonant frequencies are tested in the ambient and nitrogen environment, respectively. We conducted the sophisticated raw photocurrent data processing and calculated their transmissions. The simulation and measured resonance frequencies show a significant linear correlation, as well as the data from both the air and nitrogen environments exhibit similar trends.",185,185,Robust Characterization of Terahertz Metasurface Sensor With Ultrahigh Frequency Selectivity and Polarization Sensitivity > *C. Polarization Sensitive Measurement* > V. CONCLUSION,,,meta-llama/llama-4-scout-17b-16e-instruct,NONE,llama-3.3-70b-versatile,NONE,True
O_ISAC_154,4D,intensity_only,strength,lexical,INDIRECT,"The concept of intensity_only is related to the detection of tephra particles using thermal infrared brightness temperatures, but the text does not directly mention intensity_only. Instead, it discusses the use of brightness temperatures and their differences as a proxy for the presence of tephra, which is an indirect indication of intensity.","Indeed, thermal infrared (TIR) brightness temperatures (BTs) are the most used to detect tephra particles (e.g., [4], [5]). This is due to the fact that the fine tephra absorbs more radiation than water and ice at 10.8Pm, while the reverse is true at 11.9Pm [6]. Thus the rightness temperature difference (BTD) between 10.8Pm and 11.9Pm brightness temperatures is taken as a proxy of the presence of ash when BTD, whereas its negative strength depends from the cloud optical thickness and particle mean size. However, when the absorption is particularly high, as near the volcano vent during eruption, both TIR channels tend to saturate and thus the difference becomes insensitive BTDa",23,23,**SPACEBORNE MICROWAVE AND INFRARED RADIOMETRIC OBSERVATIONS DURING THE SUBPLINIAN ERUPTION OF CALBUCO VOLCANO IN 2015** > **1. INTRODUCTION**,,,meta-llama/llama-4-scout-17b-16e-instruct,INDIRECT,llama-3.3-70b-versatile,INDIRECT,True
O_ISAC_154,4D,intensity_only,magnitude,lexical,DIRECT,"The snippet provides direct information about the intensity of the eruption, such as the height of the ash plume (up to 15-20 km), the distance of ballistic bombs (up to 5 km), and the amount of ash fall (up to 50-60 cm), which are indicators of the eruption's intensity.","A second huge explosion occurred at 04:00 UTC on April 23, stronger than the first one. VAAC Buenos Aires reported ash from 12 km altitude up to 15-20 km. Pyroclastic flows occurred during the second eruption on the southeast flank, caused by partial collapse of the eruption column. Erupting jets of incandescent tephra (ash and bombs) during the eruption were accompanied by frequent lightning. Ballistic bombs were ejected to distances of up to 5 km. Strong seismic activity with a medium of 150 volcanictectonic earthquakes of magnitudes up to 3.6 were recorded during the paroxysmal phase of the eruption. Significant tephra fall of up to 50-60 cm occurred in nearby downwind areas, while in the more distant areas of Los Ríos and Araucaní some millimeters of ash fell. A third smaller explosion started at 02:30 UTC on April 24, 2015, producing more or less continuous small to moderate ash emissions. The latter have been reaching up to 2 km height and drifted mainly northeast and continuing till the midnight of April 25.",36,36,**SPACEBORNE MICROWAVE AND INFRARED RADIOMETRIC OBSERVATIONS DURING THE SUBPLINIAN ERUPTION OF CALBUCO VOLCANO IN 2015** > **1. INTRODUCTION** > **2. CALBUCO AND SPACEBORNE DATA**,,,meta-llama/llama-4-scout-17b-16e-instruct,DIRECT,,,False
O_ISAC_156,4D,intensity_only,strength,lexical,NONE,The context only provides a list of abbreviations and does not mention intensity directly or indirectly.,RSS Received Signal Strength,142,142,NOMENCLATURE,,,meta-llama/llama-4-scout-17b-16e-instruct,NONE,llama-3.3-70b-versatile,NONE,True
O_ISAC_156,4D,intensity_only,strength,lexical,INDIRECT,"The context mentions received signal strength (RSS), which is related to signal intensity, but does not directly discuss intensity.","- <span id=""page-6-7""></span><span id=""page-6-6""></span>• *Spatial indistinguishability* means that Eve is unable to determine the source of a transmitted data packet based on signal propagation characteristics. Eve can exploit the received signal strength (RSS) for distance estimations (i.e., power analysis), the time delay between antennas in an antenna array for angle-of-arrival estimations (i.e., timing analysis), or signal frequency and",286,286,"<span id=""page-5-0""></span>II. PHYSICAL LAYER SECURITY PRELIMINARIES > *A. PLS Generalities* > *B. Mathematical Background*",,,meta-llama/llama-4-scout-17b-16e-instruct,INDIRECT,llama-3.3-70b-versatile,INDIRECT,True
O_ISAC_156,4D,intensity_only,strength,lexical,INDIRECT,"The context mentions receiver signal strength (RSS), which is related to signal intensity, but does not directly discuss intensity.","- 1) *Channel Probing:* In this step, Alice and Bob exchange pre-determined pilot signals with the aim of estimating certain characteristics of their shared channel. To ensure correlation between channel estimates, Alice and Bob should transmit their pilot signals within their channel's coherence time (a measure for the minimum amount of time required for the channel characteristics to become uncorrelated from their previous state). Population channel characteristics include the receiver signal strength (RSS) [\[43\]](#page-35-40) and channel state information (CSI) [\[20\]](#page-35-19).",439,439,"<span id=""page-5-0""></span>II. PHYSICAL LAYER SECURITY PRELIMINARIES > *A. Channel Reciprocity-Based Key Establishment*",,,meta-llama/llama-4-scout-17b-16e-instruct,INDIRECT,llama-3.3-70b-versatile,INDIRECT,True
O_ISAC_156,4D,intensity_only,magnitude,lexical,NONE,The context does not mention signal intensity or related concepts like RSS or signal strength.,"<span id=""page-22-2""></span>Spoofing attacks take place when a malicious entity targets the manipulation of radar signals to fake the presence of an obstacle or wrongly report the position/presence of an object/target. To this end, the authors in [\[162\]](#page-38-26) inspected several spoofing attacks in JCAS radar system. Precisely, the malicious node can conduct an obstacle spoofing by either replaying the transmitted waveform by the transmitter or spoofing it with a well-designed phase shift and delay. Such an attack can cause the sensing device (i.e., autonomous vehicle) to have a wrong perception of an obstacle's position or presence. As a way to remedy this issue, the authors proposed the use of a PHY layer challenge-response by using randomized sensing chirp parameters, which confuses the spoofer by failing to register any meaningful information about the captured sensing waveform. Another scheme to combat spoofing was proposed by the authors using waveform fingerprinting, where the radar waveform's statistics are used, such as standard deviation, kurtosis, and skewness of the magnitude and phase of the received signal. Such statistics are helpful to spot spoofing attacks where the spoofer's waveform directly influences such statistics. Another PHY layer challenge-response scheme was proposed in [\[163\]](#page-38-27) for a JCAS system, whereby a random modulation signal is embedded into the sensing waveform to force the resulting signal to return to zero at a particular delay. Thus, upon receiving back the reflected waveform, the sensor can easily spot the presence of a spoofing signal as the spoofer may, naturally, send continuously over the whole interval and not suspend his communication to match the induced return-to-zero period. Randomization of the abovementioned discontinuity delay helps in combatting efficiently spoofing attempts. Kappor et al. proposed in [\[164\]](#page-38-28) a spatiotemporal spoofing detection mechanism based on MIMO beamforming. In such a scheme, the sensing transmitter broadcasts several narrow beams in different random directions and observes their corresponding reflections. Thus, the presence of a reflected signal from an unprobed direction/target indicates the presence of a spoofing signal.",725,725,"<span id=""page-20-6""></span>*C. PLA With Cutting-Edge PHY Layer Technologies*",,,meta-llama/llama-4-scout-17b-16e-instruct,NONE,llama-3.3-70b-versatile,NONE,True
O_ISAC_156,4D,intensity_only,magnitude,lexical,NONE,"The concept 'intensity_only' is not mentioned or implied in the given snippet, which discusses Direction Modulation (DM) and its applications in IoT systems, focusing on beamforming techniques and antenna arrays.","<span id=""page-27-2""></span>In [\[210\]](#page-39-30), authors focused on enhancing the performance of DM as a means of attaining PLS in IoT networks. The contribution of this paper is making system design more flexible where magnitudes of the weight coefficients of the several antennas can be set in advance based on the system requirement. The paper does not include any security analysis, which makes it difficult to comment on its performance against eavesdroppers.",842,842,*3) Extensions:*,,,meta-llama/llama-4-scout-17b-16e-instruct,NONE,llama-3.3-70b-versatile,NONE,True
O_ISAC_156,4D,complex_field,sophisticated area,fuzzy:88.88888888888889,NONE,"The text does not mention or imply the concept of 'complex_field' directly or indirectly. It discusses wireless channel indicators, coherence distance, and Jakes' model, which are unrelated to the concept of 'complex_field'.","<span id=""page-34-1""></span>*4) Wireless Adversaries: Underestimated Predators?:* When tackling the problem of wireless security using traditional cryptographic security mechanisms, the analysis of such schemes' resilience is often assessed with respect to well-defined worst-case attack models by adversarial nodes. From PLS' point of view, it is noted that there is no consensus on a pessimistic attack case or, in the best case, a reasonable/practical model. This often brings a sensation of underestimating the malign nodes' capabilities. For instance, a smart malicious node is a node that can assess the situation for launching multiple attacks and can switch between passive and active modes on the fly [\[290\]](#page-41-22), [\[291\]](#page-41-23), e.g., switching from eavesdropping, impersonation, and jamming. In addition to that, one of the widely-adopted misconceptions is the inability of the attacker to control the wireless channel. In fact, the recent advances in metasurfaces and RIS opens up a broader area to tailor sophisticated attacks where malicious nodes can control the propagation environment by tweaking RIS's phase shifts and amplitudes to force a certain CSI pattern. This can lead either to causing an authentication failure in channel-based PLA or generating a key with low entropy and predictable bits. Consequently, it is understood that forthcoming proposed PLS schemes should go beyond the limit of conventional attack models and assess the potential of RIS-aided attacks. This can give further guidance to design more robust and resilient PLS schemes.",1000,1000,*E. Future Challenges Ahead*,,,meta-llama/llama-4-scout-17b-16e-instruct,NONE,llama-3.3-70b-versatile,NONE,True
O_ISAC_159,4D,complex_field,sophisticated area,fuzzy:88.88888888888889,NONE,"The provided snippet does not contain any direct or indirect mentions of the concept 'complex_field'. The text discusses photonics-based ISAC systems, time-division multiplexing, frequency-division multiplexing, and other related topics, but does not reference complex fields.","The TDM schemes, wherein radar and communication functions are allocated to different time slots, are recognized for their straightforward architecture. A simple photonicsbased JRC system with a data rate of 68.6 Gbps and a sensing resolution better than 1.95 cm in W band was presented by using the TDM technology [\[14\]](#page-9-13). To achieve higher operating frequency bands, a photonic THz JRC system that integrates high-resolution radar and long-distance communication by the combination of orthogonal frequency-division multiplexing (OFDM) signals and linear frequency-modulated continuous waves (LFMCWs) in the time domain was experimentally demonstrated [\[15\]](#page-9-14). The FDM schemes, wherein two functions <span id=""page-1-1""></span>are allocated to distinct frequency bands, offer greater flexibility. In [\[17\]](#page-9-16), by using the FDM mechanism, a novel photonics-based JRC system was proposed. Although the multi-band fusion algorithms were used to achieve a 3-mm radial resolution, the effective communication rate was only 40 Gbps, resulting in a DIRQ of <sup>41</sup>.<sup>9</sup> <sup>×</sup> <sup>10</sup>-2*bit*·*s*/*m*2. To improve spectrum efficiency, a photonic FDM mmW JRC system based on sparse sub-bands fusion was proposed and experimentally demonstrated in [\[18\]](#page-10-0). However, a sophisticated particle swarm optimization algorithm was applied to enhance the spectral efficiency of the sensing function. Moreover, to enable flexible switching between high-resolution sensing and high-speed communication, time-frequency-division multiplexing (TFDM) waveforms were designed, resulting in a DIRQ of <sup>6</sup>.35×10-2*bit*·*s*/*m*<sup>2</sup> [\[16\]](#page-9-15). The CTCF mechanisms, generally have better utilization of time-frequency resources than the TDM and FDM mechanisms, making it promising to meet the high-performance requirements of sensing and communication functions. In [\[19\]](#page-10-1), [\[21\]](#page-10-3), [\[22\]](#page-10-4), [\[24\]](#page-10-6), CTCF ISAC systems were experimentally demonstrated through amplitude modulation or angle modulation. However, the amplitude modulation of an LFMCW faces the challenge of envelope change and low data rate [\[21\]](#page-10-3). The angle modulation of an LFMCW also faces spectrum broadening, resulting in limited spectral efficiency [\[24\]](#page-10-6). To increase DIRQ, a photonics-aided W-band ISAC system was proposed and experimentally verified by using the dual-function OFDM signals [\[20\]](#page-10-2), [\[23\]](#page-10-5). In [\[23\]](#page-10-5), although high time-frequency efficiency was realized with a DIRQ of <sup>18</sup>.17×10-2*bit*·*s*/*m*2, the high peak-to-average power ratio (PAPR) of OFDM signals may impact the sensing resolution and communication transmission quality. From Table [1,](#page-2-0) most literature finds it challenging for system performance to achieve both high IRQ and high DIRQ simultaneously. Therefore, it is essential to improve the time-frequency efficiency of ISAC waveforms alongside ISAC system performance.",39,39,I. INTRODUCTION,,,meta-llama/llama-4-scout-17b-16e-instruct,NONE,llama-3.3-70b-versatile,NONE,True
O_ISAC_161,4D,imdd,instant messaging and data download,fuzzy:100.0,NONE,The snippet does not mention or relate to the concept of imdd.,and,235,235,**EVOLUTION OF ISAC HARDWARE ARCHITECTURES**,,,meta-llama/llama-4-scout-17b-16e-instruct,NONE,llama-3.3-70b-versatile,NONE,True
O_ISAC_161,4D,coherent,coherent demodulation,fuzzy:85.71428571428572,NONE,"The concept 'coherent' is not mentioned in the given snippet, which focuses on the development and design of ISAC systems, interferometric systems, and hybrid coupler network designs.","A novel hybrid coupler network design, presented in [29], enables simultaneous signal routing across distinct frequency bands for dual-band operation in an FDM ISAC system, as illustrated in Fig. 13. Specifically, THz signals are routed via substrate-integrated waveguide (SIW) paths, while MW signals are guided through equivalent coplanar waveguide (CPW) structures. This effective separation ensures coexistence without interference, allowing for a unified receiver architecture, and reducing hardware complexity. The system successfully demonstrates concurrent demodulation of various QAM signals at 5.8 and 150 GHz. This seamless integration of widely separated frequency bands underscores promising opportunities for future 6G technologies that seek to combine sensing,",304,304,**Nonlinear Interference Topologies** > **Linear Interference Topologies**,,,meta-llama/llama-4-scout-17b-16e-instruct,NONE,llama-3.3-70b-versatile,NONE,True
O_ISAC_161,4D,intensity_only,magnitude,lexical,NONE,"The provided snippet does not directly mention or imply the concept of 'intensity_only'. It discusses ISAC systems, their design philosophy, performance metrics, and the trade-offs between sensing and communication functions, without referencing intensity as a standalone or primary concept.","Evaluating the performance of ISAC systems requires metrics that capture the inherent trade-offs between sensing and communication functions. From the sensing perspective, key performance indicators include range accuracy, velocity accuracy, detection probability, angular resolution, and others—parameters primarily determined by waveform bandwidth, antenna aperture, and signal-to-noise ratio (SNR). On the communication side, performance is commonly assessed through data throughput, system latency, error vector magnitude (EVM), bit error rate (BER), and spectral efficiency. The integration of these functions on a shared hardware platform calls for joint performance metrics that effectively balance sensing accuracy with communication efficiency, while also considering physical and computational resource limitations.",119,119,**FUNDAMENTALS AND DEFINITIONS**,,,meta-llama/llama-4-scout-17b-16e-instruct,NONE,llama-3.3-70b-versatile,NONE,True
O_ISAC_162,4D,json:rx_detection_type,,json,DIRECT,Structured receiver field,,,,,scenario_level[0].receiver.rx_detection_type,coherent,json,DIRECT,,,False
O_ISAC_163,4D,intensity_only,strength,lexical,INDIRECT,"The text discusses the use of RIS in improving wireless communication systems, but does not directly mention intensity-only. However, it mentions controlling the reflection and scattering of EM waves, which could be related to intensity.","- <span id=""page-6-2""></span>• ISAC and RCC. While a traditional RIS could be used to improve the performance of wireless communication systems by controlling the reflection and scattering of EM waves, this model only works under the assumption of a static environment, where the location of the UE is either fixed or confined within a specific area. This is rarely the case in real networks. Creating a holographic sensor fusion framework with RIS will allow it to direct radio signals to a specific UE while monitoring its movement by digitally reconstructing the UE as a hologram as illustrated in Fig. 2. RIS-based sensing can be implemented either by integrating radar sensing capabilities on RIS directly for RCC [88] or with a beam scanning predictionbased approach performed by an O-RAN intelligent controller (RIC) in the ISAC case [89], as well as by a combination of both in a mobile edge computing (MEC) network. Such combination also implies the use of the sensing data that already exists on the network, such as global positioning system (GPS), received signal strength indicator (RSSI) with the local data inputs gathered by the MF-RIS itself, such as mmWave radar and LiDAR for example. Doing this will allow for more efficient use of the wireless spectrum, higher data rates, and more robust communications in challenging environments. Successful implementation of ISAC with RIS could kick-start the mass roll-out of 5G mmWave networks that suffer from the mentioned issues.",127,127,"<span id=""page-1-10""></span><span id=""page-1-9""></span>II. BACKGROUND AND STUDY > <span id=""page-1-5""></span><span id=""page-1-4""></span>*A. History of Metamaterials* > <span id=""page-2-3""></span><span id=""page-2-1""></span>*B. Types of Metasurfaces* > *E. Contributions of This Survey*",,,meta-llama/llama-4-scout-17b-16e-instruct,INDIRECT,llama-3.3-70b-versatile,INDIRECT,True
O_ISAC_163,4D,intensity_only,intensity,lexical,INDIRECT,"The text describes reflective RISs and their capability to reflect incident EM waves, which could be related to intensity. It also mentions creating pencil-like beams with high energy intensity, but does not directly focus on intensity-only.","The majority of RISs considered in the literature, belong to the category of reflective RISs, which have the capability of reflecting incident EM waves toward reconfigurable angles that are different from the natural material's response, governed by Snell's law of reflection. Therefore, reflective RISs are characterized by a unique EM response that is not natural and is typically referred to as anomalous, according to (1). For example, a reflective RIS could be used to focus beams in a specific direction to create pencil-like beams with high energy intensity. Alternatively, a reflective RIS could be used to create a diffused reflection pattern, boost the multi-path propagation, and allow a signal to be received from multiple directions simultaneously, therefore increasing the spatial diversity and multiplexing gains. Moreover, if the communication system is operating in an environment with a lot of interference, the RIS can be configured to reflect the incident waves in a way that minimizes the impact of the interference. Table [II](#page-10-0) outlines the most recent practical implementations of RISs, which shows that the majority of practical RIS prototypes are of reflective type. Among these works, the authors of [\[150\]](#page-34-0) introduced the possibility of implementing an RIS on a semi-rigid structure that consists of a rigid Rogers RT5880 layer combined with flexible polyamide to give it bending properties as illustrated in Fig. [4.](#page-8-0) Thanks to the flexibility of",200,200,"<span id=""page-8-5""></span><span id=""page-8-3""></span>*C. Reflective RIS*",,,meta-llama/llama-4-scout-17b-16e-instruct,INDIRECT,llama-3.3-70b-versatile,INDIRECT,True
O_ISAC_163,4D,intensity_only,intensity,lexical,DIRECT,The snippet mentions 'perceiving the incident power intensity' which directly relates to the concept of intensity.,"<span id=""page-9-9""></span><span id=""page-9-4""></span><span id=""page-9-3""></span><span id=""page-9-1""></span><span id=""page-9-0""></span>a new challenge of the mutual influence between reflection and refraction coefficients. The authors of [\[108\]](#page-33-16) produced a STAR-RIS with an integrated incident power detection sensor for perceiving the incident power intensity to achieve a selfre-configurable RIS. In this work, non-tunable reflection is achieved at 6-10 GHz, and transmission is achieved at 5 GHz with tunable absorption coefficients. However, the method of switching between transmission and reflection modes remains an area of ongoing research. The solution proposed in [\[115\]](#page-33-18) considers the use of a time-switching protocol for STAR-RIS and offers a practical method for independently estimating each UE channel by using a training transmission/reflection pattern. The research takes into account the energy-splitting protocol for STAR-RIS in the context of a realistic coupled phase-shift model and develops an individual strategy for concurrently estimating the channels of both users. Another system architecture is presented in [\[116\]](#page-33-19), with a focus on its software configurations. This work introduces a signal model for STAR-RISs and offers three protocols for their operation: energy splitting, mode switching, and time switching. Several possible use cases for incorporating STAR-RISs into the nextgeneration wireless networks are considered, all of which build on the proposed protocols.",224,224,"<span id=""page-8-7""></span>*D. Refractive or ""Transmissive"" RIS* > <span id=""page-9-6""></span><span id=""page-9-5""></span>*E. Simultaneous Transmissive and Reflective (STAR)-RIS*",,,meta-llama/llama-4-scout-17b-16e-instruct,DIRECT,,,False
O_ISAC_163,4D,intensity_only,magnitude,lexical,NONE,"The text discusses hybrid active RIS with amplification gain, but does not mention intensity-only. It focuses on the ability to control the phase and amplitude of the reflected signal, but does not directly relate to intensity-only.","While the RISs available in the literature offer the ability to control the phase response of reflected waves, the ability of such metasurfaces to control the amplitude response is limited and can only be achieved through beamforming. Therefore, arguably such structures should be considered passive, meaning that they only reflect radio waves and do not provide amplification gain. On the other hand, a new class of intelligent metasurfaces has recently been proposed by Taravati and Eleftheriades in [165] that considers adding amplification gain to the reflecting signal by integrating an active element inside the unit cell, such as a transistor. Such metasurfaces can then be considered as a hybrid active RIS, as they will be able to achieve unrestricted control over both the phase and amplitude of the reflected signal. The mentioned work proposes cascaded radiator-amplifier-phased chains as shown in Fig. 8, where the received radio wave acquires power gain in one unit cell and is reflected at the desired angle of reflection through another unit cell. The system model of such metasurface has been proposed independently in [47] to overcome the double fading problem, which means that the end-to-end path loss between the transmitter and receiver is the product of the path loss coefficients between the BS and RIS and between the RIS and UE. However, the amplification gain of this metasurface is non-uniform meaning that it varies depending on the incidence angle. Also, the reflected signal must pass through the phase-shifting element before it gets amplified, implying that the specular reflection will likely reach the UE faster, which is undesirable and can result in intermodulation interference and distortion. Finally, for each transmitting unit cell there needs to be a receiving unit cell, meaning that the size and energy consumption of such metasurface will be doubled. In a separate work, [166] the same authors also proposed an intelligent metasurface capable of frequency conversion with controllable frequency bands and transmission magnitude. Similarly, the frequency conversion",316,316,"<span id=""page-8-7""></span>*D. Refractive or ""Transmissive"" RIS* > <span id=""page-9-6""></span><span id=""page-9-5""></span>*E. Simultaneous Transmissive and Reflective (STAR)-RIS* > <span id=""page-9-10""></span>*F. Space-Time Coding (STC) Digital Metasurfaces* > B. Hybrid Active RIS With Amplification Gain",,,meta-llama/llama-4-scout-17b-16e-instruct,NONE,llama-3.3-70b-versatile,NONE,True
O_ISAC_163,4D,intensity_only,intensity,lexical,NONE,"The provided snippet does not directly discuss or imply the concept of 'intensity_only'. It talks about radar localization accuracy, RIS-assisted radar, and the integration of sensing, but does not mention anything related to intensity being the sole factor or consideration.","<span id=""page-19-16""></span><span id=""page-19-15""></span><span id=""page-19-14""></span><span id=""page-19-13""></span><span id=""page-19-12""></span><span id=""page-19-8""></span><span id=""page-19-7""></span><span id=""page-19-4""></span><span id=""page-19-3""></span>higher detection accuracy for RIS-assisted radar and enhanced power gain of the radar. Furthermore, based on this conclusion, the same authors propose utilizing an RIS for localization and mapping of the radio environment, which shows that by doing that the positioning error can be reduced by 31% compared to traditional schemes [\[252\]](#page-36-32) [\[253\]](#page-36-33). Similar work has also been performed by [\[254\]](#page-36-34), which also shows an increase in radar localization accuracy in RIS-assisted scenarios. While considering integration of sensing, the authors of [\[108\]](#page-33-16) proposed adding an external ultrawideband sensor to an RIS to track the reflected radio wave power density and adapt the RIS response based on that. A similar approach was taken in [\[156\]](#page-34-24) and [\[255\]](#page-36-35), which integrated the Rotman lens for power intensity sensing, as described previously. Such functionality can be used to predict signal movement and blockages as well as to avoid interference. Although adding processing power to the RIS adds complexity to the RIS controller design, there is no shortage of space, and the circuitry's energy consumption can be compensated with the integration of EH elements, as shown earlier. However, in the works presented above the sensing mechanism is external to the RIS. A different approach has been taken by the authors of [\[240\]](#page-36-20), [\[241\]](#page-36-21) that proposed integrating RF sensing chains on the metasurface alongside the reflecting unit cells. The reported results show that having an RF sensing chain under each reflecting unit cell is unnecessary. A comparison between densely sampled uniform masks and randomly sampled masks shows that with random masks, the amount of RF chains can be reduced by a factor of 1/4 without any significant impact on AoA estimation accuracy. The authors note that many factors have not been considered in this study, including the incident beam profile, resolution of the sensing matrix, the relative direction of the incident beam to the norm and/or to the angles in the sensing matrix, and the overall size of the RIS. To reduce the number of RF sensing chains further, a novel work by [\[256\]](#page-36-36) proposes a stacked intelligent metasurface (SIM) for DoA estimation that is based on the SIM wave domain beamforming model presented in [\[257\]](#page-36-37) and [\[258\]](#page-36-38). An experimental platform for DoA estimation with SIM has been developed and presented in [\[259\]](#page-36-39). This is illustrated in Fig. [15,](#page-20-0) where a metasurface is composed of 'N' layers that are referred to as 'stacked' with",481,481,*B. MF-RIS Assisted Radar and Communications Coexistence (RCC)*,,,meta-llama/llama-4-scout-17b-16e-instruct,NONE,llama-3.3-70b-versatile,NONE,True
O_ISAC_163,4D,complex_field,complex domain,fuzzy:85.71428571428572,NONE,"The text does not explicitly mention 'complex_field' or any related concept that directly links to the term, thus it is labeled as NONE.","As discussed in the previous text, mmWave networks will require a substantial improvement in EE and a reduction in reference signaling to become practical and cost-effective. To facilitate the boost in EE, we expect that location-aware communication will become necessary along with accurate channel modeling which will include much more accurate environmental predictions rather than Rayleigh fading. Although initially predicted for 5G systems [\[16\]](#page-31-2), [\[17\]](#page-31-3), [\[18\]](#page-31-4), locationaware communication has not fully materialized yet. This could be due to the lack of hardware that can facilitate location awareness in conjunction with the complex demands of radio communication. Recently, light detection and ranging (LiDAR) sensors have emerged as an accurate tool for environmental monitoring and, hence, modeling [\[19\]](#page-31-5), [\[20\]](#page-31-6). It has been shown that LiDAR modeling is capable of solving the problem of human blockage for terahertz (THz) signals [\[21\]](#page-31-7). We envision that localization will be a key technology for enabling 6G cellular networks that operate in cmWave, mmWave, and THz bands, which have to become much more point-to-point <span id=""page-1-7""></span>to meet EE targets. When the location of each user equipment (UE) is known, accurate modeling of the urban environment can also be applied, resulting in a predictable environment in terms of signal scattering and user mobility with a high degree of accuracy [\[22\]](#page-31-8), [\[23\]](#page-31-9). Holographic sensor data fusion methods powered by artificial intelligence (AI) and machine learning (ML) algorithms can be applied to remove many unknowns from radio propagation in urban environments and indoor communications [\[24\]](#page-31-10).",39,39,*C. Location-Aware Communications*,,,meta-llama/llama-4-scout-17b-16e-instruct,NONE,llama-3.3-70b-versatile,NONE,True
O_ISAC_164,4D,imdd,im/dd,lexical,DIRECT,"The snippet directly mentions 'intensity modulation and direct detection (IM/DD) system', which matches the concept 'imdd'.","When a voxel is part of a communication light source (e.g., a car's headlamp or taillight), it emits light to a corresponding pixel. In an intensity modulation and direct detection (IM/DD) system, the transmitter modulates data by varying the light intensity over time. The voxel's optical property is the product of a time-varying luminous factor (LF), *η*(⃗*r*, *t*) ∈ [0, 1], and the source's maximum luminous intensity, *Ic*. The modulation scheme defines LF's temporal behavior. For example, in On-Off Keying (OOK), LF is binary (0 or 1), while in continuous wave modulation, LF can vary continuously between 0 and 1. Thus, LF's temporal behavior models the communication method in the OC-ISAC system. The received luminous intensity at pixel *k* from the voxel, assuming distance *d*, is expressed as follows:",116,116,"<span id=""page-2-0""></span>**2. System Model** > 2.3.1. Communication Channel",,,meta-llama/llama-4-scout-17b-16e-instruct,DIRECT,,,False
O_ISAC_164,4D,imdd,instant messaging and data download,fuzzy:100.0,NONE,The given snippet does not provide any direct or indirect information related to the concept 'imdd'. It appears to be a mathematical equation and does not contain any relevant context.,and,225,225,"<span id=""page-7-0""></span>**3. Performance Analysis** > *3.1. Exposure Effect*",,,meta-llama/llama-4-scout-17b-16e-instruct,NONE,llama-3.3-70b-versatile,NONE,True
O_ISAC_164,4D,intensity_only,intensity,lexical,INDIRECT,"The concept of intensity_only is related to the modulation of light for communication purposes, which is mentioned in the context as 'intensity modulation' and 'communication light'. However, the primary focus is on the system architecture and the distinction between communication and sensing light, rather than the intensity itself.","Figure [2](#page-3-0) illustrates the architecture of the OC-ISAC system, which leverages the optoelectronic conversion capabilities of image sensors to enable simultaneous environmental perception and data communication. The system categorizes light sources into two types: communication light and sensing light. Communication light is emitted by vehicle and infrastructure LEDs and transmitted through intensity modulation. In contrast, sensing light, which includes sunlight, moonlight, and artificial illumination, provides environmental information through reflection.",61,61,"<span id=""page-2-0""></span>**2. System Model** > *2.1. OC-ISAC Architecture*",,,meta-llama/llama-4-scout-17b-16e-instruct,INDIRECT,llama-3.3-70b-versatile,INDIRECT,True
O_ISAC_164,4D,intensity_only,intensity,lexical,DIRECT,"The context explicitly mentions 'Ic', which is defined as the 'Maximum intensity of the communication light source', directly relating to the concept of intensity_only.",| Ic         | Maximum intensity of the communication light source          |            |,87,87,"<span id=""page-2-0""></span>**2. System Model** > *2.1. OC-ISAC Architecture* > *2.2. List of Symbols*",,,meta-llama/llama-4-scout-17b-16e-instruct,INDIRECT,llama-3.3-70b-versatile,DIRECT,True
O_ISAC_164,4D,intensity_only,intensity,lexical,DIRECT,"Similar to snippet 1, the context mentions 'Ie', which is defined as the 'Maximum intensity of the sensing light source', directly relating to the concept of intensity_only.",| Ie     | Maximum intensity of the sensing light source                  |         |,96,96,"<span id=""page-2-0""></span>**2. System Model** > *2.1. OC-ISAC Architecture* > *2.2. List of Symbols*",,,meta-llama/llama-4-scout-17b-16e-instruct,INDIRECT,llama-3.3-70b-versatile,DIRECT,True
O_ISAC_164,4D,intensity_only,intensity,lexical,INDIRECT,"Although the context discusses the transformation of emitted or reflected light into a 'pixel-wise intensity distribution', the primary focus is on the voxel-to-pixel channel model and the environmental structure's influence on light, rather than the intensity itself.","The OCC-based V2X application scenario in Figure [1](#page-2-1) and the OC-ISAC architecture in Figure [2](#page-3-0) highlight that the communication and sensing functions rely on the light propagated through a complex three-dimensional environment and captured by a camera-based receiver. Such characteristics cannot be sufficiently described by conventional wireless channel models or standard optical LOS formulations. To capture the spatially distributed nature of light interaction in OC-ISAC, it is necessary to introduce the concept of a voxel, which represents a small volumetric element in the 3D environment. Each voxel acts as an elementary optical contributor whose reflectance or self-emission influences one or more pixels depending on its geometric projection and distance to the camera. Modeling the channel via a voxel-to-pixel mapping explicitly describes how the environmental structure transforms emitted or reflected light into a pixel-wise intensity distribution. This modeling approach allows the contributions of voxels to be integrated into the camera exposure process, thereby linking the physical propagation, spatial geometry, and temporal integration into a unified analytical form suitable for ISAC analysis.",104,104,"<span id=""page-2-0""></span>**2. System Model** > *2.1. OC-ISAC Architecture* > *2.2. List of Symbols* > *2.3. Voxel-to-Pixel Channel Model*",,,meta-llama/llama-4-scout-17b-16e-instruct,NONE,llama-3.3-70b-versatile,INDIRECT,True
O_ISAC_164,4D,intensity_only,intensity,fuzzy:88.88888888888889,INDIRECT,"The concept 'intensity_only' is related to the light intensities incident on the pixels, but the text discusses the voxel-to-pixel channel model for OC-ISAC, which involves not only intensity but also other factors like propagation path loss and ambient light reflection, making the connection indirect.","**Figure 3.** Illustration of the voxel-to-pixel channel model for OC-ISAC. The *k*-th pixel value corresponding to a vehicle's taillights in the camera output image is determined by the sum of the light intensities incident on the pixels, which results from the propagation path loss *β* of two components originating from a voxel on the taillight at the position ⃗*r* in 3-D space: (1) illumination used as communication light for data modulation, and (2) reflection of ambient light used as sensing light for acquiring environmental information.",110,110,"<span id=""page-2-0""></span>**2. System Model** > *2.1. OC-ISAC Architecture* > *2.2. List of Symbols* > *2.3. Voxel-to-Pixel Channel Model*",,,meta-llama/llama-4-scout-17b-16e-instruct,INDIRECT,llama-3.3-70b-versatile,INDIRECT,True
O_ISAC_165,4D,intensity_only,intensity,lexical,INDIRECT,"The concept of intensity_only is related to the optical field intensity distribution in the PD, but it is not directly mentioned in the context. The discussion of absorption efficiency and photocurrent collected by the electrodes implies a relationship with intensity, making it an indirect reference.",Fig. 4. (a) Optical field intensity distribution in the PD with 0.1  $\mu$ m thick Ge; (b) Optical field intensity distribution in the PD with 0.4  $\mu$ m thick Ge; (c) Absorption efficiency as a function of PD length at different thickness of Ge.,135,135,*3.1. Mid-infrared grating coupler* > 3.2. Evanescent coupling in PDs > 3.3. Mid-infrared InAs waveguide PDs,,,meta-llama/llama-4-scout-17b-16e-instruct,INDIRECT,llama-3.3-70b-versatile,INDIRECT,True
O_ISAC_165,4D,intensity_only,magnitude,lexical,NONE,"The context does not mention intensity or any related concepts, such as optical field intensity distribution or absorption efficiency, making it unrelated to the concept of intensity_only.","where  $v_{th}$  is the carrier thermal velocity,  $\sigma_t$  is the trap parameter related to trap capture cross-section.  $N_t$  is the defect state density related to dislocation. It is well known that a high defect density reduces the minority carrier lifetime. Although experimental data on the carrier lifetime or dislocation density for the heterostructure proposed in this work are currently unavailable, reasonable estimates can be made based on previous studies. At 300 K, the reported carrier lifetime is 300 ns for high-purity vapor-phase homoepitaxial InAs [52], 59 ns for heteroepitaxial InAs grown on GaAs [53], and 0.13 ns for InAs nanowires grown on GaAs substrates [54]. Based on these data, carrier lifetimes of 1 ns, 10 ns, and 100 ns are used in the electrical simulations presented here, to cover the above orders of magnitude. To assess the sensitivity of the model to the lifetime assumption, Fig. 7 illustrates the influence of carrier lifetime on the dark current density of the designed InAs PD. As the carrier lifetime decreases, the dark current density increases correspondingly. The sensitivity of the dark current density to the defect state",190,190,*3.1. Mid-infrared grating coupler* > 4.1. Waveguide-integrated InAs PIN PD,,,meta-llama/llama-4-scout-17b-16e-instruct,NONE,llama-3.3-70b-versatile,NONE,True
O_ISAC_165,4D,intensity_only,strength,lexical,INDIRECT,"The concept of intensity_only is related to the optical mode and its absorption in the InAs active layer, resulting in photocurrent generation. Although intensity is not directly mentioned, the discussion of optical power and photocurrent amplitude implies a relationship with intensity, making it an indirect reference.","<span id=""page-9-0""></span>sensitivity. To facilitate downstream photodetection, the plasmonic SPP mode is gradually transformed into a conventional dielectric waveguide mode (TE or TM) through the connecting waveguide, which functions as a mode-conversion region. At the waveguide terminus, the optical mode is matched to the epitaxial structure of the InAs PD, where the guided light undergoes attenuated coupling through the Ge/GaAs buffer and is absorbed in the InAs active layer, resulting in photocurrent generation. Variations in the concentration or density of the analyte modulate the strength of light-matter interaction within the plasmonic waveguide, leading to analyte-specific absorption of the MIR signal. This absorption reduces the optical power reaching the PD, thereby lowering the measured photocurrent. By correlating the photocurrent amplitude or D\* with analyte concentration using calibration curves, the system establishes a quantitative relationship for accurate chemical or biological sensing. To further quantify sensing performance, we assume a non-scattering analyte solution and model evanescent absorption in the plasmonic waveguide using the Beer-Lambert relation [69]:",268,268,**5. Proposal for sensing applications**,,,meta-llama/llama-4-scout-17b-16e-instruct,INDIRECT,llama-3.3-70b-versatile,INDIRECT,True
O_ISAC_165,4D,intensity_only,strength,lexical,DIRECT,"This snippet directly discusses the relationship between optical power (which is related to intensity) entering the PD and analyte concentration. It provides a formula that explicitly involves absorption and optical power, making it directly related to intensity.","where c is the analyte concentration,  $P_{PD, in}$  (c) is the optical power entering the PD at concentration c,  $P_0$  is the laser input power,  $\varepsilon_{mol}(\lambda)$  is the molar extinction coefficient of the solution at the operating wavelength, L is the geometric interaction length with the solution, and  $\Gamma_{env}$  is the power overlap factor between the waveguide mode and the solution. The background propagation loss of the metal/waveguide is neglected. Accordingly, at a working wavelength of 3 μm, ethanol (C<sub>2</sub>H<sub>5</sub>OH, as the analyte) in carbon tetrachloride (CCl4, as the transparent solvent) is used as an example, and the concentration unit is mmol/L.  $\varepsilon_{mol}(\lambda)$  for ethanol at 3  $\mu m$  is set to 800 L mol<sup>-1</sup> cm<sup>-1</sup>,  $\Gamma_{env}$  of a typical lateral waveguide evanescent field is taken as 0.1, and Po is 10 mW here. The relationship between L and the  $D^*$  at different ethanol concentrations is thus obtained, as shown in Fig. 12(b). Lager L strengthens light-matter interaction and increases absorption loss, while high analyte concentrations drive  $D^*$  toward zero. For L < 10 mm, the designed MIR sensing system can resolve solutions with high molar concentrations, defining a highconcentration resolvable region.",272,272,**5. Proposal for sensing applications**,,,meta-llama/llama-4-scout-17b-16e-instruct,DIRECT,,,False
O_ISAC_166,4D,coherent,coherent measurement,fuzzy:85.0,NONE,"The concept 'coherent' is not mentioned or implied in the given snippet, which focuses on the device's dark current characteristics, signal acquisition, and potential for motion recognition.","To evaluate the system's capability for dynamic signal acquisition, real-time photocurrent measurements were performed under controlled occlusion. As illustrated in [Fig. 2e](#page-2-0), the OSC's photocurrent shows clear modulation during hand approach and withdrawal events. The signal decreases upon partial occlusion and rapidly recovers when the obstruction is removed, indicating the OSC's potential for motion and gesture recognition. The observed signal stability and fast response (*<*0.5 s) indicate that no significant trap filling or delayed recombination occurs under transient illumination changes.",98,98,Keywords: Multimodal sensing Electronic skin Human-machine interaction Health monitoring Optical wireless communication > ABSTRACT > 1. Introduction > *2.2. Fabrication and characterization of device*,,,meta-llama/llama-4-scout-17b-16e-instruct,NONE,llama-3.3-70b-versatile,NONE,True
O_ISAC_166,4D,intensity_only,intensity,lexical,INDIRECT,"The concept 'intensity_only' is related to the variations in the angle or intensity of incident light, which is utilized for motion classification, but it is not the primary focus of the context.","Core functionalities of the system are categorized into four modules: motion recognition, health monitoring, OWC, and gesture-based interaction. Variations in the angle or intensity of incident light, caused by finger gestures or movement, are utilized for motion classification, while external light modulation is decoded for communication purposes. For physiological sensing, dual-wavelength reflectance PPG using two LEDs enables the extraction of heart rate and blood oxygen saturation metrics. The integration of these functionalities within a shared interface minimizes system redundancy and enhances wearable compactness.",66,66,Keywords: Multimodal sensing Electronic skin Human-machine interaction Health monitoring Optical wireless communication > ABSTRACT > 1. Introduction > *2.1. Design and system architecture*,,,meta-llama/llama-4-scout-17b-16e-instruct,INDIRECT,llama-3.3-70b-versatile,INDIRECT,True
O_ISAC_166,4D,intensity_only,intensity,lexical,DIRECT,"The context includes plots of *J*SC and *V*OC versus light intensity, indicating a direct relationship with the concept 'intensity_only'.","**Fig. 2.** Characterization of ultraflexible OSCs. a) Photograph showing 3.2 μm-thick freestanding OSCs adhered to skin with high conformability (scale bar: 1 cm), with the device structure shown on the right. b) Current density–voltage (J–V) characteristics of ultraflexible OSCs. c) External quantum efficiency (EQE) curves of ultraflexible OSCs. d) *J*SC and *V*OC versus light intensity plots. e) Photocurrent variation during hand approaching and moving away. f) Illustration of ultraflexible OSCs under 0 % and 30 % compression; the device subjected to cyclic compression/release is indicated by the red dashed box. g) Mechanical durability of ultraflexible OSCs, showcasing *V*OC during cyclic compression/release. h) Jsc under cyclic compression/release.",72,72,Keywords: Multimodal sensing Electronic skin Human-machine interaction Health monitoring Optical wireless communication > ABSTRACT > 1. Introduction > *2.1. Design and system architecture*,,,meta-llama/llama-4-scout-17b-16e-instruct,NONE,llama-3.3-70b-versatile,DIRECT,True
O_ISAC_166,4D,intensity_only,intensity,lexical,DIRECT,"The snippet directly discusses 'light intensity-dependent measurements' and its impact on Jsc and Voc, which is closely related to the intensity_only concept.","To analyze carrier recombination behavior and assess charge transport losses, light intensity-dependent measurements of *J*SC and *V*OC were conducted. As plotted in [Fig. 2](#page-2-0)d, the Jsc follows a power-law relationship with light intensity (Jsc ∝ *P*light <sup>α</sup> ), where the fitted exponent α = 0.95. This near-unity value indicates that bimolecular recombination is minimal and photogenerated carriers are efficiently collected. Concurrently, *V*OC increases logarithmically with illumination power, as predicted by the diode equation *V*OC ∝ *nkT/qln*(*P*light). The extracted ideality factor n = 1.30 further supports the dominance of bimolecular recombination, suggesting that trap-assisted recombination pathways are suppressed due to the well-optimized active layer morphology.",94,94,Keywords: Multimodal sensing Electronic skin Human-machine interaction Health monitoring Optical wireless communication > ABSTRACT > 1. Introduction > *2.2. Fabrication and characterization of device*,,,meta-llama/llama-4-scout-17b-16e-instruct,DIRECT,,,False
O_ISAC_166,4D,intensity_only,intensity,lexical,NONE,"The context does not mention light intensity or any related concept, making it unrelated to 'intensity_only'.","Confusion matrices from outdoor testing ([Figs. 4c](#page-6-0) and [4d](#page-6-0)) highlight high recognition accuracy. For finger gesture recognition, the model demonstrated high performance (precision: 97.87 %, recall: 97.86 %, F1 score: 97.86 %, AUROC: 99.79 %). Specific actions such as ""swipe,"" ""up,"" and ""down"" yielded nearly perfect classification. Minor misclassifications occurred between ""rotate"" and ""anti-rotate,"" with occasional overlaps (up to 19 errors), attributable to similar spatial-temporal patterns. For body activity recognition, the Residual BiLSTM model achieved high accuracy (98.8 % accuracy, precision, recall, and F1 score). Nearly perfect discrimination occurred across most activities, including ""stand"", ""walk"", ""sleep"", and ""sit"", with minor confusions involving higher-intensity movements such as ""jump"" and ""run"". In comparison, classical machine-learning baselines (KNN, SVM, RF) exhibited lower accuracy on the same datasets (see [Tables S7](#page-10-0)–S8).",138,138,Keywords: Multimodal sensing Electronic skin Human-machine interaction Health monitoring Optical wireless communication > ABSTRACT > 1. Introduction > *2.3. Sensing signal acquisition and processing*,,,meta-llama/llama-4-scout-17b-16e-instruct,NONE,llama-3.3-70b-versatile,NONE,True
O_ISAC_166,4D,intensity_only,intensity,lexical,INDIRECT,"The concept 'intensity_only' is related to the device's ability to follow intensity changes, but the text discusses the device's bandwidth, response times, and modulation techniques, which are related to but not directly about intensity.","the intrinsic carrier dynamics in the PM6:BTP-eC9:L8-BO active layer and the RC time constant of the OSC stack, including junction capacitance and series resistance under zero bias. The sub-100 µs transients indicate that neither carrier transport nor recombination introduces a severe kinetic bottleneck, and that the device can faithfully follow intensity changes on the microsecond scale. Consequently, the extracted bandwidth provides a realistic upper bound for symbol rates in simple OOK links and a useful baseline for mapping device-level parameters to link-level data rate and latency. Leveraging advanced modulation techniques, such as discrete multi-tone (DMT) or DC-biased optical OFDM (DCO-OFDM), and employing multi-channel OSC array-based MIMO architectures, the theoretical data rate is on the order of several tens of kilobits per second. For detailed calculations, please refer to Note S7.",168,168,Keywords: Multimodal sensing Electronic skin Human-machine interaction Health monitoring Optical wireless communication > ABSTRACT > 1. Introduction > module.,,,meta-llama/llama-4-scout-17b-16e-instruct,INDIRECT,llama-3.3-70b-versatile,INDIRECT,True
O_ISAC_167,4D,imdd,im/dd,lexical,INDIRECT,"The concept 'imdd' is related to 'intensity modulation and direct detection (IM/DD)' which is mentioned in the snippet, but it is not explicitly stated as 'imdd'. The connection is made through the context and the abbreviation 'IM/DD' which is a common term in the field.","The experimental setup of the proposed ISAC system is illustrated in Fig. 3(a). In the absence of disturbances, the NLL with a linewidth *<*1 kHz, a wavelength of 1550 nm and a power of 15 dBm, is used as the optical signal source. In the signal transmission section, the NLL light in the upper branch (90 %) is modulated by signals, where three types of signals are used in the experiment to illustrate the general applicability of the system. According to different data requirements, different types of modulation signals are transmitted. The symbol rate of PAM-4 signals and UFMC signals are both 25 GBaud. The number of UFMC sub-bands, subcarriers per sub-band and FFT points are set to 18, 16 and 512, respectively, where 16-QAM signal is used. The arbitrary waveform generator (AWG) with a sampling rate of 50 GSa/s is used for digital-toanalog conversion (DAC). Following the Mach-Zehnder modulator (MZM), the signal traverses a circulator to be transmitted across a 12-km SSMF, wherein a PZT is embedded at the 10-km position to induce dynamic strains. At the remote intensity modulation and direct detection (IM/DD) receiver, a variable optical attenuator (VOA) is utilized to adjust the received power, which is subsequently fed into a photodiode (PD) for conversion from photonic to electric signals. The mixed signal oscilloscope (MSO) samples these analog signals into their digital",143,143,*2.2. Principle of distributed optical fiber sensing* > *3.1. Experimental setup*,,,meta-llama/llama-4-scout-17b-16e-instruct,INDIRECT,llama-3.3-70b-versatile,INDIRECT,True
O_ISAC_167,4D,imdd,im/dd,lexical,DIRECT,"The snippet directly compares IM/DD signals with coherent signals (like PDM 16-QAM), discussing their performance in terms of SNR, which shows a clear understanding and direct reference to the IM/DD concept in relation to other modulation formats.","[Fig. 5](#page-4-0)(b) depicts the three-dimensional time-frequency diagram of RBS signal during PAM transmission. [Figs. 13 and 14](#page-8-0) display the RBS spectra under UFMC and PDM 16-QAM coherent transmission, respectively. The PAM signal demonstrates superior performance with the highest 28-dB SNR of RBS frequency shift, as shown in [Fig. 5.](#page-4-0) While coherent signals exhibit a 20-dB SNR, as shown in [Fig. 14.](#page-8-0) The observed SNR degradation in PDM 16-QAM coherent transmission primarily stems from polarization-dependent effects. Unlike IM/DD signals, PDM 16-QAM coherent signal introduces dual orthogonal polarizations. The polarization multiplexing may lead to incomplete polarization align-**Fig. 10.** Measured RMS for vibration location's detection. ment during heterodyne detection, consequently reducing the effective",288,288,*4.2. The effect of different modulation formats on RBS light*,,,meta-llama/llama-4-scout-17b-16e-instruct,DIRECT,,,False
O_ISAC_167,4D,coherent,coherent detection,lexical,DIRECT,"The concept of 'coherent' is directly mentioned in the snippet as 'coherent transmission' and 'coherent signal transmission', indicating a direct relationship.","In this work, we propose and experimentally demonstrate a multiservice ISAC architecture that is compatible with various types of transmission signals on the same wavelength channel. The multi-service ISAC architecture encompasses a novel method for demodulating vibration frequencies and an economical, low-complexity approach for fiber vibration localization. The system operates in dual-mode configuration. During vibration-free periods, a phase-noise-optimized narrowlinewidth laser (NLL) maintains continuous signal transmission while generating Rayleigh backscattering (RBS) components along the fiber channel. This design preserves compatibility with various modulation formats without increasing user-end equipment complexity while simultaneously extending vibration signal reception time and theoretically decoupling the system's frequency response from conventional pulse repetition rate limitations. Additionally, FODS section and the communication section do not interfere with each other, the quality of signal transmission remains unaffected by the FODS processes. The sensing receiver module performs coherent detection by mixing the RBS light with a frequency-shifted local light (LO), with vibration events being identified through spectral analysis of the resulting beat signal's time-frequency characteristics. When vibrations are detected, the system transitions to wide-linewidth laser (WLL) operation, enabling pulsemode FODS that provides precise event localization through optimized time-domain correlation processing. Experimental results demonstrate that the system successfully transmits 25-GBaud PAM-4 signals, 25- GBaud 16-QAM universal filter multi-carrier (UFMC) signals, and 20GBaud polarization-division multiplexed (PDM) 16-QAM coherent signals over 12-km standard single-mode fiber (SSMF) link, achieving a spatial resolution of 2.4 m, a 28-dB signal-to-noise ratio (SNR) of RBS frequency shift, and a 20-dB SNR of vibration frequency identification.",39,39,**1. Introduction**,,,meta-llama/llama-4-scout-17b-16e-instruct,DIRECT,,,False
O_ISAC_167,4D,intensity_only,intensity,lexical,DIRECT,"The intensity *I* of the output signal is directly calculated using the equation $I = [E_{bs}(t) + E_{L}(t)]^{2}$, which shows a direct relationship between the intensity and the given parameters.","The intensity *I* of output signal at the detector is,",112,112,*2.2. Principle of distributed optical fiber sensing*,,,meta-llama/llama-4-scout-17b-16e-instruct,INDIRECT,llama-3.3-70b-versatile,DIRECT,True
O_ISAC_167,4D,intensity_only,intensity,lexical,NONE,"The text does not explicitly mention the concept of intensity_only, it discusses the experimental setup and signal transmission, but does not provide a direct or indirect relation to intensity_only.","The experimental setup of the proposed ISAC system is illustrated in Fig. 3(a). In the absence of disturbances, the NLL with a linewidth *<*1 kHz, a wavelength of 1550 nm and a power of 15 dBm, is used as the optical signal source. In the signal transmission section, the NLL light in the upper branch (90 %) is modulated by signals, where three types of signals are used in the experiment to illustrate the general applicability of the system. According to different data requirements, different types of modulation signals are transmitted. The symbol rate of PAM-4 signals and UFMC signals are both 25 GBaud. The number of UFMC sub-bands, subcarriers per sub-band and FFT points are set to 18, 16 and 512, respectively, where 16-QAM signal is used. The arbitrary waveform generator (AWG) with a sampling rate of 50 GSa/s is used for digital-toanalog conversion (DAC). Following the Mach-Zehnder modulator (MZM), the signal traverses a circulator to be transmitted across a 12-km SSMF, wherein a PZT is embedded at the 10-km position to induce dynamic strains. At the remote intensity modulation and direct detection (IM/DD) receiver, a variable optical attenuator (VOA) is utilized to adjust the received power, which is subsequently fed into a photodiode (PD) for conversion from photonic to electric signals. The mixed signal oscilloscope (MSO) samples these analog signals into their digital",143,143,*2.2. Principle of distributed optical fiber sensing* > *3.1. Experimental setup*,,,meta-llama/llama-4-scout-17b-16e-instruct,NONE,llama-3.3-70b-versatile,NONE,True
O_ISAC_167,4D,intensity_only,magnitude,lexical,INDIRECT,"The text discusses the SNR of the vibration signal and its dependence on the ratio between the local optical oscillator and the RBS light, which is related to the intensity of the signals, but does not directly calculate or mention intensity_only.","Fig. 11 illustrates the SNR of the vibration signal under different pulse widths, PZT voltages, and vibration frequencies. It is evident that the PZT voltage magnitude and vibration frequency have a minimal impact on the SNR. However, as the pulse width decreases, the SNR increases. Therefore, the SNR is dependent on the ratio between the local optical oscillator and the RBS light. A larger ratio results in a higher SNR. When the pulse width decreases, the total optical power diminishes, and the power of the stimulated RBS also declines accordingly. When the local optical power remains constant, the ratio between the local optical oscillator and the RBS light increases, thereby the SNR increases.",262,262,"*2.2. Principle of distributed optical fiber sensing* > <span id=""page-4-0""></span>[Fig. 3\(](#page-3-0)b). > *3.2. Measurement of transmission performance* > 3.4. Measurement of vibration location",,,meta-llama/llama-4-scout-17b-16e-instruct,NONE,llama-3.3-70b-versatile,INDIRECT,True
O_ISAC_171,4D,intensity_only,intensity,lexical,INDIRECT,"The concept of intensity_only is related to the electromagnetic field intensity reaching its peak, but it is not directly mentioned as the primary focus.","The generalized principle of a linear PAA is depicted in Fig. 1b. The electromagnetic field intensity reaches its peak at the phase front with a distance R and an angle  $\theta_B$ , provided that the following condition for constructive interference is met",31,31,Frequency-comb-steered ultrawideband quasi-true-time-delay beamformer for integrated sensing and communication > Principle of frequency-comb-steered linear quasi-TTD beamformer,,,meta-llama/llama-4-scout-17b-16e-instruct,INDIRECT,llama-3.3-70b-versatile,INDIRECT,True
O_ISAC_171,4D,intensity_only,intensity,lexical,INDIRECT,"The intensity modulator (IM) is mentioned, which implies a relation to intensity, but it is not the main concept being discussed.","The experimental setup of a 16-element frequency-comb-steered linear quasi-TTD beamformer is shown in Fig. 2a. We employ electrooptic (EO) combs for the dual-comb heterodyne mixing scheme. Among the various techniques for frequency comb generation<sup>26,27</sup>, EO combs stand out for their exceptionally flat spectral profile and the capability to adjust the repetition rate with great flexibility, making them ideal for frequency-diverse array applications<sup>28,29</sup>. A continuouswave (CW) laser serves as the seed light which is split into two distinct paths—the signal path and the LO path—to create dual EO combs. The combs are produced using an intensity modulator (IM) followed by a phase modulator (PM). In the signal path, the modulators are driven by a single-tone microwave at  $f_{\rm RF1}$  = 31 GHz. Subsequently, the generated signal comb is modulated by a 2-8 GHz LFM microwave signal through carrier-suppressed single-sideband (CS-SSB) modulation. In the LO path, the CW light is frequency-shifted by  $f_{\rm shift}$  = 10 GHz through CS-SSB modulation. Then the modulators are driven by a single-tone microwave at  $f_{RF2} = (31 + \Delta f)$  GHz to generate the LO comb. The signal and LO combs are merged, demultiplexed, and detected by a PD array. The frequency of the generated LFM signals is upconverted to the 12-18 GHz range, covering the entire Ku band. These signals are subsequently directed to a 16-element Vivaldi antenna array with an element spacing of 9.4 mm, as shown in the inset of Fig. 2a. It is worth highlighting that our dual-comb scheme seamlessly integrates photonic microwave frequency up-conversion with beamforming, thereby substantially diminishing the reliance on high-frequency electronic components. Moreover, the system can be easily upgraded to the millimeter wave and terahertz bands by employing readily available larger-bandwidth modulators and PDs.",80,80,Frequency-comb-steered ultrawideband quasi-true-time-delay beamformer for integrated sensing and communication > Principle of frequency-comb-steered linear quasi-TTD beamformer > Seamless squint-free beamforming of ultra-wideband LFM signals,,,meta-llama/llama-4-scout-17b-16e-instruct,INDIRECT,llama-3.3-70b-versatile,INDIRECT,True
O_ISAC_171,4D,intensity_only,magnitude,lexical,NONE,There is no mention of intensity or related concepts in this snippet.,"The experimental configuration is depicted in Fig. [6a](#page-8-0). To demonstrate the dual-function capability of the proposed architecture, the following ISAC experiments are conducted using the 1D quasi-TTD beamformer. The CE-LFM-OFDM waveform, operating in the 12–18 GHz LFM band with a symbol rate of 800 Mbaud and 64- QAM modulation (corresponding to a bit rate of 4.8 Gbps), is transmitted by the frequency-comb-steered linear PAA. An imitated radar target, comprising a four-point scatterer assembly mounted on a rotating pedestal, is positioned 1.5 m away from the linear PAA. For imaging purposes, a receiving horn antenna is positioned next to the PAA transmitter, while another horn antenna is placed near the target for communication. The transmitted and received CE-LFM-OFDM waveforms are shown in Fig. [6b](#page-8-0), c, with the received waveform captured by the communication receiver. For imaging, a photonic dechirp scheme is employed to capture the radar echoes. It performs optical mixing of the echoes with the transmitted radar signal, producing a demodulated signal at a frequency of MHz leve[l4,](#page-9-0)[44.](#page-10-0) The resulting target image, captured when the beam is directed at 0° and −30° respectively and the target is aligned with the beam, is shown in Fig. [6](#page-8-0)d, e. Four distinct scatterers are clearly visible with a spatial resolution of 2.6 × 3.0 cm. Concurrently, the demodulated constellation of the communication data is depicted. The error vector magnitudes (EVMs) are 5.4% and 7.8% for the beam angles of 0° and −30°, respectively, complying with the maximum permissible EVM of 8.0% as stipulated by the 3rd Generation Partnership Project (3GPP) for 64- QAM modulation. As anticipated, both ISAR imaging and symbol recovery are unsuccessful when the target and the communication receiver are positioned outside the beam's coverage area. It should be noted that the OFDM modulation breaks the perfect LFM phase relations, thus may potentially cause degradation of the beam patterns. A detailed numerical investigation is presented in Supplementary Note 4.",148,148,Frequency-comb-steered ultrawideband quasi-true-time-delay beamformer for integrated sensing and communication > Principle of frequency-comb-steered linear quasi-TTD beamformer > Frequency-comb-steered two-dimensional quasi-TTD beamformer > Integrated radar imaging and communication,,,meta-llama/llama-4-scout-17b-16e-instruct,NONE,llama-3.3-70b-versatile,NONE,True
O_ISAC_171,4D,intensity_only,intensity,lexical,DIRECT,The snippet mentions 'optical intensity modulator' which directly relates to the concept of 'intensity_only'.,"an optical reference in the de-chirp receiver. The transmitted radar signal is optically mixed with the received target echoes by using an optical intensity modulator to generate a de-chirped intermediate frequency (IF) signal in the MHz frequency band. The IF signal is then amplified, filtered, and recorded by an oscilloscope for subsequent processing. To reconstruct the ISAR image, a two-",174,174,Frequency-comb-steered ultrawideband quasi-true-time-delay beamformer for integrated sensing and communication > Principle of frequency-comb-steered linear quasi-TTD beamformer > Frequency-comb-steered two-dimensional quasi-TTD beamformer > ISAR imaging,,,meta-llama/llama-4-scout-17b-16e-instruct,DIRECT,,,False
O_ISAC_172,4D,coherent,coherent measurement,fuzzy:85.0,NONE,"The concept 'coherent' is not explicitly mentioned in the provided snippet, and there is no clear connection to the idea of coherence in the references to various technical papers on sensors, LiDAR, interferometers, and semiconductor lasers.","- [25] [G. Beheim, Remote displacement measurement using a passive interferometer with](http://refhub.elsevier.com/S0030-3992(25)01317-9/h0125)  [a fiber-optic link, Appl. Opt. 24 \(15\) \(1985\) 2335](http://refhub.elsevier.com/S0030-3992(25)01317-9/h0125)–2340.",214,214,Joint break-point localization sensing based on OFDR and non-disruptive communication fiber ISAC system > ARTICLE INFO > 1. Introduction > **References**,,,meta-llama/llama-4-scout-17b-16e-instruct,NONE,llama-3.3-70b-versatile,NONE,True
O_ISAC_172,4D,intensity_only,intensity,lexical,INDIRECT,"The text mentions 'intensity modulation' and 'optical intensity', which are related to the concept of intensity_only, but it does not directly focus on intensity_only as the primary concept.","In this paper, a novel scheme of integrated sensing and communication in optical fiber systems based on optical frequency domain reflectometer (OFDR) is proposed, combining intensity modulation direct detection (IMDD) technology with OFDR technology to achieve simultaneous data transmission and fiber breakpoint localization within a single wavelength channel. Conventional optical fiber sensing systems are endowed with communication capability by the proposed scheme, thereby enhancing system intelligence. A periodically linearly frequency-modulated optical signal, generated by a tunable laser with nonlinear frequency sweep compensation, is utilized as both the communication carrier and OFDR sensing probe. Through intensity modulation, communication information is modulated onto the optical signal, thereby enabling the concurrent realization of optical fiber communication based on intensity information and fiber break-point localization sensing based on frequency domain information. In addition, to address the issue of periodic fading of the optical carrier power induced by the tunable laser, a sliding-windows normalization algorithm is employed to achieve the optimal communication performance by selecting optimal window length. Through system experiments verification, the proposed system can achieve 25 Mbps data transmission and high-precision fiber fault point localization with a distance resolution of 12.28 cm. Moreover, simulation results demonstrate that the proposed system can achieve 25 Gbps data transmission and fiber break-point localization sensing over a 20 km standard single-mode fiber. Therefore, the proposed scheme thus enables fast and accurate fiber breakpoint localization alongside high-speed communication, representing a promising solution for high precision integrated fiber communication and",33,33,Joint break-point localization sensing based on OFDR and non-disruptive communication fiber ISAC system > ARTICLE INFO > ABSTRACT,,,meta-llama/llama-4-scout-17b-16e-instruct,INDIRECT,llama-3.3-70b-versatile,INDIRECT,True
O_ISAC_172,4D,intensity_only,intensity,lexical,NONE,The text does not mention 'intensity_only' or any related concepts such as 'intensity modulation' or 'optical intensity' directly.,"As the potential for integrating communication and sensing functions within optical fibers has been progressively recognized, the Integrated Sensing and Communication over Optical Fiber (ISAC-OF) [[16\]](#page-7-0) technology has emerged to address the aforementioned challenges. The ISAC-OF technology enables existing optical fiber networks to sense both their own state and the external environment while maintaining communication capabilities. This diversification of optical network services enhances network management, making it be more intelligent and efficient. Among these ISAC-OF systems, with the help of simple system architecture and signal processing algorithms, the systems based on Optical Time-Domain Reflectometer (OTDR) [\[17](#page-7-0)] were employed in for realizing the network monitoring. However, the traditional OTDR techniques face a critical limitation that they struggle to distinguish backscattered signals from multiple branches, rendering them ineffective for point-to-multipoint architectures [\[18](#page-7-0)]. To overcome this challenge, the deployment of reference reflectors assigned to each fiber branch [[19\]](#page-7-0) is widely presented. By utilizing different backscattered light characteristics such as frequency shifts or time delays, this approach allows for the separation of signals from various branches. Besides, some schemes distinguish branches by deploying optical fibers with different Brillouin scattering spectra [\[20](#page-7-0)] or fiber Bragg gratings (FBGs) [[21\]](#page-7-0). However, these solutions require the extra specialized fibers or components, making them uneconomical for cost–sensitive optical networks. Furthermore, as for the pulsed OTDR-based method, the trade-off between sensing range and spatial resolution poses another significant limitation [[22\]](#page-7-0), making them difficult to simultaneously achieve long-distance and high-accuracy sensing. In addition, the chirped-signal-based phase-sensitive OTDR (Φ-OTDR) technique integrated with an intensity modulation direct detection (IMDD) transmission system scheme [[16\]](#page-7-0) was also presented to realize the integration of optical communication and vibration sensing over a single wavelength. As for this scheme, the external modulation technique was utilized to generate the up-chirped linear frequency modulated (LFM) signal, in which the extra narrowband optical bandpass filter (OBPF) and optical amplifier were also employed to remove the residual optical signal and compensate for the insertion loss, respectively. In addition, only the limited sweep frequency range was employed in this system, which would achieve limited sensing resolution. These would bring practical and cost limitations for deploying in the intelligent management of existing optical transmission systems. To deal with these limitations, the Optical Frequency Domain Reflectometer (OFDR) [[23](#page-7-0)] was introduced into the ISAC system for decoupling the sensing signal's time window from its frequency bandwidth, thus supporting both long-range and high-resolution sensing. And, owing to its inherent frequency characteristic, the OFDR-based scheme can also be applied in wavelength-division multiplexed (WDM) optical networks [[23\]](#page-7-0) without causing confusion between fiber branches. Moreover, as for this scheme, the intensity of the sensing signal can be increased without concerns about stimulated Brillouin scattering [\[16](#page-7-0)], thereby enhancing the sensing sensitivity. However, these reported schemes realize a hybrid rather than an integrated system by sharing the wavelength or the fiber link, effectively resulting in two separate systems. This separation leads to inefficient utilization of spectral and hardware resources. Therefore, realizing a tightly integrated communication and sensing solution",47,47,Joint break-point localization sensing based on OFDR and non-disruptive communication fiber ISAC system > ARTICLE INFO > 1. Introduction,,,meta-llama/llama-4-scout-17b-16e-instruct,NONE,llama-3.3-70b-versatile,NONE,True
O_ISAC_172,4D,intensity_only,intensity,fuzzy:88.88888888888889,INDIRECT,"The text mentions 'optical intensities' and 'intensity modulation', which are related to the concept of intensity_only, but it does not directly focus on intensity_only as the primary concept.","where  $E_{U-P}$  and  $E_{D-P}$  denote the optical intensities output by the DFB laser during the up-sweep and down-sweep within a single frequency sweep period, respectively.  $v_0$ , B, and T represent the initial frequency, frequency sweep bandwidth, and sweep period of the LFM signal, respectively, while i denotes the imaginary unit. Subsequently, the LFM optical signal is split into two beams via an optical coupler with the 99:1 power ratio. The minor portion is directed to the sensing receiver as the reference signal, while the majority is input to the optical amplitude modulator, simultaneously serving as both the communication carrier and the sensing probe. The modulated output signal, serving as the integrated communication and sensing signal, whose optical field of can be mathematically expressed as,",68,68,Joint break-point localization sensing based on OFDR and non-disruptive communication fiber ISAC system > ARTICLE INFO > 1. Introduction > *2.1. Principle of the OFDR-based ISAC-OF system and optical fiber breakpoint localization*,,,meta-llama/llama-4-scout-17b-16e-instruct,INDIRECT,llama-3.3-70b-versatile,INDIRECT,True
O_ISAC_172,4D,intensity_only,intensity,lexical,INDIRECT,"The text mentions 'variation in optical intensity' and 'intensity modulation', which are related to the concept of intensity_only, but it does not directly focus on intensity_only as the primary concept.","where,  $A_C(t)$  represents the variation in optical intensity induced by the communication signal via intensity modulation. The signal is transmitted into the optical fiber link via an optical circulator. When a certain point in the optical fiber causes an increase in backscattering or reflection due to factors such as damage or breakage, the backscattered signal can be detected at the other output port of the optical circulator. The optical field of the backward signal within one frequency sweep period is expressed as,",73,73,Joint break-point localization sensing based on OFDR and non-disruptive communication fiber ISAC system > ARTICLE INFO > 1. Introduction > *2.1. Principle of the OFDR-based ISAC-OF system and optical fiber breakpoint localization*,,,meta-llama/llama-4-scout-17b-16e-instruct,INDIRECT,llama-3.3-70b-versatile,INDIRECT,True
O_ISAC_172,4D,intensity_only,intensity,lexical,NONE,"The concept 'intensity_only' is not directly or indirectly related to the provided snippet, which discusses the modulation of the optical frequency, periodic power fading, and its impact on the communication system performance.","within the proposed integrated sensing and communication scheme, thereby not only cause the reduction of the signal-to-noise ratio (SNR) of the sensing signal, but also would lead to the severe degradation of the communication system performance. Neglecting the signal transmission delay, the communication receiver signal during the up-sweep phase can be expressed as *iC*<sup>−</sup> *<sup>U</sup>*∝*AC*(*t*)*EU*<sup>−</sup> *<sup>P</sup>*(*t*), where *AC*(*t*) contains the communication information, while *EU*<sup>−</sup> *<sup>P</sup>*represents the interference imposed on the communication information due to the periodic power fading. Since the communication rate is far higher than the sweep rate of the DFB laser, the signal intensity variations induced by communication modulation can be regarded as fast changes relative to the periodic power fading caused by the laser sweep. Consequently, the sliding-windows normalization algorithm is proposed to address the issue of periodic power fading. By adjusting the window length, the intensity variations introduced by the SN algorithm are made slow with respect to the communication signal while remaining fast relative to the variations induced by the sweep. The window size of the SN algorithm is closely related to both the period of the LFM signal and the symbol duration of the PAM4 communication signal. Therefore, the relation between the communication performance and different window sizes needs to be evaluated to determine the optimal window size. Subsequently, the normalization operation is performed based on the amplitude distribution within each window, thereby mitigating the impact of periodic power fading on communication performance without affecting the communication signal. The schematic diagram of the SN algorithm is shown in Fig. 2. Firstly, the signal is segmented by the windows, which can be expressed as:",98,98,Joint break-point localization sensing based on OFDR and non-disruptive communication fiber ISAC system > ARTICLE INFO > 1. Introduction > 2.2. Design of the sliding-windows normalization algorithm,,,meta-llama/llama-4-scout-17b-16e-instruct,NONE,llama-3.3-70b-versatile,NONE,True
O_ISAC_173,4D,json:rx_detection_type,,json,DIRECT,Structured receiver field,,,,,scenario_level[0].receiver.rx_detection_type,direct,json,DIRECT,,,False
O_ISAC_185,4D,intensity_only,intensity,lexical,NONE,"The text does not directly discuss the concept of intensity_only, but rather provides background information on visible light positioning techniques and their limitations.","In this work, we described a novel solution to visible light integrated sensing and communication by jointly manipulating the spatio-temporal properties of the emitting light field. We employed active spatial modulation on the illumination, in addition to temporal modulation on its intensity, which encodes transmission signals with discrete multi-tone modulation, and achieves high-resolution localization in 3D via computational reconstruction. To improve sensing efficiency, an angular projection imaging scheme supported by compressive sensing [17] was proposed that leads to a 64-fold reduction in measurement time. Following an integrated waveform design, we achieved precise location perception and data transmission with negligible communication performance degradation by processing on the same optical signals, hence greatly augmenting the information throughput. Demonstrating on a free-space optical link covering a wide field of 0.6 m × 0.6 m over 2 m length, we exhibited simultaneous data transmission at ~3 Gbps and 3D localization with <1 mm accuracy in horizontal, 4 cm accuracy in vertical at the 39 Hz frame rate. The retrieved localization information was leveraged to achieve beamforming, which adaptively focused and steered the illumination towards the target. We experimentally verified that adaptive beamforming largely enhanced the data rate by 122% at 2 m and 184% at 3 m distance, reaching >6 Gbps to enable high-speed wireless VR. Structured illumination with beamforming also improved the localization precision by 2- and 4-fold in lateral and vertical to be millimeter-level in 3D, offering the possibility of more precise and narrower beamforming.",37,37,Adaptive visible light integrated sensing and communication for cable-free virtual reality > 1. INTRODUCTION,,,meta-llama/llama-4-scout-17b-16e-instruct,NONE,llama-3.3-70b-versatile,NONE,True
O_ISAC_185,4D,intensity_only,intensity,lexical,INDIRECT,"The text mentions that the receiver cannot determine its location solely based on the detected light intensity, implying that intensity alone is not sufficient for localization.","In a typical wireless light communication system, data to be transmitted are encoded into analog signals and drive the illumination light switching at fast speed. Assuming a wide coverage light communication situation, the receiver located within the illumination area collects and measures the streaming light intensity with a photodetector. Since the illumination light is usually designed with a near-uniform or axially symmetric irradiance to maintain similar transmission performance over",43,43,Adaptive visible light integrated sensing and communication for cable-free virtual reality > 1. INTRODUCTION > A. Computational Illumination Enables Integrated Sensing and Communication,,,meta-llama/llama-4-scout-17b-16e-instruct,INDIRECT,llama-3.3-70b-versatile,INDIRECT,True
O_ISAC_185,4D,intensity_only,intensity,lexical,INDIRECT,"Similar to the previous snippet, the text discusses the limitation of using only light intensity for localization and introduces the concept of spatial encoding to enable spatial sensing.","the working region, the receiver cannot determine its location solely based on the detected light intensity.",45,45,Adaptive visible light integrated sensing and communication for cable-free virtual reality > 1. INTRODUCTION > A. Computational Illumination Enables Integrated Sensing and Communication,,,meta-llama/llama-4-scout-17b-16e-instruct,INDIRECT,llama-3.3-70b-versatile,INDIRECT,True
O_ISAC_185,4D,intensity_only,intensity,lexical,DIRECT,"The snippet mentions 'the average intensity of u(t) in each SI pattern elapse T, which is constant for most modulation formats', which directly relates to the concept of intensity.","Here,  $\tilde{u}$  indicates the average intensity of u(t) in each SI pattern elapse T, which is constant for most modulation formats. Given the receiver's responses to a sequence of SI patterns, the spatial information of the RF can be computationally reconstructed by solving an inverse problem. Meanwhile, the Tx signals at each SI interval can be retrieved by applying a high-pass filter on the received data and conducting the standard demodulation algorithm. Notably, the spatial information is recovered from the same amount of received signals necessitated for data transmission without any increase in sampling budget or hardware complexity. The proposed spatio-temporal modulated optical communication network allows multiple users to directly connect in as working in the broadcast manner, while their position information is kept private from each other and even from the emitter. Since the sensing and communication processes rely on localized spatial modulation and detection, no optical interference or cross-talk occurs across users. These merits make it a promising solution for intelligent and secure interconnection. More importantly, the position sensing functionality will assist the light communication system to perform beamforming, which is essential in practical applications.",59,59,Adaptive visible light integrated sensing and communication for cable-free virtual reality > 1. INTRODUCTION > A. Computational Illumination Enables Integrated Sensing and Communication,,,meta-llama/llama-4-scout-17b-16e-instruct,DIRECT,,,False
O_ISAC_185,4D,intensity_only,intensity,lexical,NONE,"The concept 'intensity_only' is not mentioned or implied in the given snippet, which focuses on the reception field, localization, and error analysis in a 3D space.","indicating the reception field of the receiver located within the full field [Fig. 2(g), Appendix C]. The projective intensity profiles can be theoretically modeled by a zero-truncated quadratic function, and a 2D joint fitting method was developed to estimate the center coordinates in X,Y axes and the size of the reception field [see Fig. 2(h)]. With the pre-calibrated knowledge of the full-field size at a certain depth and the receiver's aperture size, the receiver's lateral position and depth can be calculated (see Appendix C). The proposed detection algorithm allows for subpixel precision, hence leading to high-resolution 3D localization.",78,78,Adaptive visible light integrated sensing and communication for cable-free virtual reality > 1. INTRODUCTION > B. Real-Time High-Resolution 3D Localization with CAP,,,meta-llama/llama-4-scout-17b-16e-instruct,NONE,llama-3.3-70b-versatile,NONE,True
O_ISAC_186,4D,coherent,coherent demodulation,fuzzy:85.71428571428572,NONE,"The concept 'coherent' is not mentioned or implied in the given snippet, which discusses the impact of time delay spread (TDS) on communication performance in chaotic signals.","phenomenon arises because when performing auto-correlation on a chaotic signal with a pronounced TDS, peaks occur at both the positions of the TDS and its integer multiples. When the auto-correlation time is limited, the peaks at the integer multiples of the TDS may surpass those at the TDS itself, potentially leading to a higher BER. Figure [5](#page-6-0) illustrates the ACF curves of the chaotic signal in a bit period with TDS of 0.5 and 1.0 ns, corresponding to parameters represented by points A and B in Figure [4\(](#page-5-1)a), respectively. It is noticeable that the values at the doubled TDS position are slightly larger than those at the single TDS position, which results in incorrectly demodulating bit ""0"" into bit ""1"". Furthermore, our simulation reveals that the majority of incorrect demodulations indeed convert bit ""0"" into bit ""1"", which is consistent with our analysis. Therefore, to achieve better communication performance of the system, it is advisable to select TDS combinations that do not exhibit integer multiple relationships.",139,139,Chaotic optoelectronic oscillators-based dual-function radar-communication system > 3.2 Communication performance,,,meta-llama/llama-4-scout-17b-16e-instruct,NONE,llama-3.3-70b-versatile,NONE,True
O_ISAC_186,4D,intensity_only,intensity,lexical,INDIRECT,"The text mentions the use of chaotic signals and intensity modulation in radar and communication systems, but does not directly discuss the concept of intensity_only.","transmission rate and enhanced ranging resolution in radar applications. Hence, the exploration of DFRC systems utilizing chaotic signals holds significant importance. In the field of chaotic radar and communication, optically generated chaotic signals are more commonly used because they can more easily generate chaotic signals with bandwidths exceeding gigahertz, compared to electrical methods or nonlinear mappings. In chaotic radar systems, research efforts focus on generating chaotic signals with flat and wide power spectrum [25], whereas in communication systems, the emphasis is on enhancing security and transmission rates [26]. However, most studies have treated radar and communication functions independently. Recently, Yang et al. [27] utilized a chaotic optoelectronic oscillator (OEO) to generate a wideband chaotic signal as a radio frequency carrier, and the DFRC waveform was generated by mixing the carrier with an on-off keying (OOK) signal through intensity modulation. They experimentally achieved a communication rate of 125 Mbps and a radar ranging resolution of 7 cm. Despite these advancements, research on DFRC systems based on optical chaos remains in its early stages, with many challenges yet to be addressed.",31,31,Chaotic optoelectronic oscillators-based dual-function radar-communication system > 1 Introduction,,,meta-llama/llama-4-scout-17b-16e-instruct,NONE,llama-3.3-70b-versatile,INDIRECT,True
O_ISAC_186,4D,intensity_only,magnitude,lexical,NONE,"The text discusses demodulation and radar detection, but does not mention intensity or chaotic signals in relation to the concept of intensity_only.","where  $\langle \cdot \rangle$  is the mean value operation,  $\Delta t$  indicates the lag time. Information demodulation is achieved by comparing the relative magnitudes of the values at delays  $\tau_0$  and  $\tau_1$  in the ACF result  $R_c(t)$ . If  $R_c(\tau_1) > R_c(\tau_0)$ , the demodulation result is bit ""1""; otherwise it is bit ""0"".",101,101,Chaotic optoelectronic oscillators-based dual-function radar-communication system > 2.1 Chaotic signal generation based OEO > 2.2 Dual-function signal transmission > 2.3 Communication receiving,,,meta-llama/llama-4-scout-17b-16e-instruct,INDIRECT,llama-3.3-70b-versatile,NONE,True
O_ISAC_186,4D,intensity_only,strength,lexical,INDIRECT,"The text analyzes the characteristics of transmitted signals composed of chaotic signals with different time delay signatures (TDSs) and discusses the use of intensity modulation, but does not directly address the concept of intensity_only.","Figure 2 shows the time series, power spectrum, and ACF for TDS of 0.5 (blue curve) and 0.9 ns (red curve), respectively. As depicted in Figures 2(a) and (b), the temporal waveforms exhibit a typical chaotic state with fast-irregular oscillation. Additionally, Figures 2(c) and (d) reveal their wide power spectrum. Notably, there are some equally spaced peaks in the power spectrum, with frequency intervals equal to the reciprocal of the TDS values. Figures 2(e) and (f) present the ACF of the chaotic signals, showcasing peaks at the positions corresponding to the TDS and their integer multiples. Therefore, TDS can serve as a crucial feature of chaotic signals, capable of generating chaotic signals with varying TDSs by controlling the delay of the system loop. In the field of secure chaotic optical communication, researchers frequently view TDS as an undesirable feature since it may leak the external cavity length and feedback strength of the chaos generation module, and therefore strive to suppress TDS to enhance the confidentiality of communication systems [34,35]. However, since the proposed system demodulates information based on the distinct positions of the TDS, it is considered beneficial for facilitating the communication function within our system.",117,117,Chaotic optoelectronic oscillators-based dual-function radar-communication system > 3.1 Characteristics of the transmitted signal,,,meta-llama/llama-4-scout-17b-16e-instruct,INDIRECT,llama-3.3-70b-versatile,INDIRECT,True
O_ISAC_186,4D,intensity_only,intensity,lexical,NONE,"The text provides a list of references related to chaos-based frequency modulation, time delay signature-suppressed chaos generation, and wideband chaos generation, but does not directly discuss the concept of intensity_only.","- 15 Huang Y, Gu S Q, Feng Y H, et al. Wideband chaos generation using a VCSEL with intensity modulation optical injection for random number generation. [Sci China Inf Sci,](https://doi.org/10.1007/s11432-023-4002-6) 2024, 67: 169401",247,247,"Chaotic optoelectronic oscillators-based dual-function radar-communication system > <span id=""page-10-0""></span>References",,,meta-llama/llama-4-scout-17b-16e-instruct,NONE,llama-3.3-70b-versatile,NONE,True
O_ISAC_186,4D,intensity_only,intensity,lexical,INDIRECT,"The concept 'intensity_only' is related to the chaotic intensity of an external-cavity semiconductor laser, which is mentioned in snippet 35. Although the term 'intensity_only' is not explicitly mentioned, the context implies a focus on intensity, indicating an indirect relationship.","- <span id=""page-11-22""></span>35 Li N Q, Pan W, Xiang S Y, et al. Quantifying the complexity of the chaotic intensity of an external-cavity semiconductor laser via sample entropy. IEEE J Quantum Electron, 2014, 50: 1–8",267,267,"Chaotic optoelectronic oscillators-based dual-function radar-communication system > <span id=""page-10-0""></span>References",,,meta-llama/llama-4-scout-17b-16e-instruct,NONE,llama-3.3-70b-versatile,INDIRECT,True
O_ISAC_187,4D,intensity_only,intensity,lexical,INDIRECT,"The concept of intensity_only is related to the varying intensity levels of phase noise, but the text does not directly focus on intensity. Instead, it discusses the impact of phase noise on system performance and the degradation of the de-chirped spectrum.","In practical engineering applications, components such as LD, modulators, amplifiers and etc. Inevitably introduce certain levels of phase noise, which degrades the linearity of LFM signals and consequently compromises system performance. As shown in Fig. [12\(](#page-16-1)b), the quasi-orthogonality between LFM signals with different slopes calculated based on the experiment results exhibits significantly degraded performance compared to theoretical values.Due to the difficulty in precisely controlling phase noise in experiments, this section employs numerical simulations by incorporating Gaussian-distributed phase noise with varying intensity levels into the signals to systematically investigate its impacts.",382,382,*5.2. Impact of phase noise*,,,meta-llama/llama-4-scout-17b-16e-instruct,INDIRECT,llama-3.3-70b-versatile,INDIRECT,True
O_ISAC_187,4D,intensity_only,intensity,lexical,INDIRECT,"Similar to the first snippet, the concept of intensity_only is related to the phase noise levels, but the text primarily explores the effects of phase noise on the de-chirped spectra and SSR degradation, rather than directly examining intensity.","The de-chirped spectra of LFM signals with different bandwidth interval under ideal condition and -50-dBc/Hz are present in Fig. [17\(](#page-20-1)a) and (b). Compared with the ideal scenario, the dechirped spectra exhibit both reduced peak amplitudes and significantly elevated noise floors, although the quasi-orthogonality between LFM signals with different slopes remains preserved. Furthermore, the SSIR versus bandwidth interval curves under different phase noise are plotted in Fig. [17\(](#page-20-1)c) after 10 runs. When the phase noise remains below -70 dBc/Hz@1 MHz, the performance curve closely approximates the ideal scenario, demonstrating no significant increase in cross-correlation coefficients between LFM signals of different slopes. However, as phase noise intensifies beyond this threshold, a marked deterioration in SSIR occurs. When the phase noise intensity reaches -40 dBc/Hz@1 MHz, the quasi-orthogonal characteristics are essentially compromised. The cross-correlation coefficient between the up- and down-chirped signals investigated in Fig. [17\(](#page-20-1)d) demonstrate good agreement with those in Fig. [17\(](#page-20-1)c). Thus, to ensure optimal communication",386,386,*5.2. Impact of phase noise*,,,meta-llama/llama-4-scout-17b-16e-instruct,INDIRECT,llama-3.3-70b-versatile,INDIRECT,True
O_ISAC_188,4D,coherent,coherent detection,lexical,INDIRECT,"The concept 'coherent' is related to 'self-homodyne coherent detection' which is mentioned in the context, but it's not the main focus of the text.","fiber medium with two distinct transceivers, leading to substantial infrastructure costs. It has been suggested that sensing probe can share the transmitter over a bidirectional data center interconnect which uses self-homodyne coherent detection for telecom payload [\[11\]](#page-13-1). Nevertheless, this requires bidirectional self-homodyne structures, and a dedicated channel must be reserved exclusively for the sensing function. An alternative scheme to realize ISAC is to implement distributed acoustic sensing (DAS) through space division multiplexing in seven-core fiber cable, although this is impractical considering the as-deployed single-mode-fiber (SMF) networks [\[12\]](#page-13-2). A common drawback of these methods is that sensing and communication functions operate independently, sharing only the physical fiber resource. To facilitate cooperative functionality between sensing and communication, the optical pilot, carrier or information-bearing signal initially intended for communication can be repurposed for sensing, thereby achieving endogenous ISAC [\[13](#page-13-3)[–18\]](#page-13-4). There have been several proposals to achieve endogenous ISAC through multiple input multiple output (MIMO) adaptive equalization or phase recovery without dedicated sensing probe [\[13](#page-13-3)[–20\]](#page-13-5). Nevertheless, the forward transmission-based sensing schemes suffer from inherent limitations in localization accuracy and the ability to handle multiple vibration sources. Another approach to realize endogenous ISAC involves replacing the optical carrier with the linear frequency modulation (LFM) carrier, which can not only mitigate chromatic dispersion (CD)-induced power fading but also realize high-performance DAS [\[19\]](#page-13-6). However, this integration scheme only works for intensity-modulation direct-detection (IM-DD) systems. Recently, multi-frequency telecom pilots designed for synchronization serve as sensing probes to achieve enhanced frequency response [\[20\]](#page-13-5). However, the pilots need three spectral gaps to be located in, which is preferable in digital subcarrier multiplexing.",25,25,**1. Introduction**,,,meta-llama/llama-4-scout-17b-16e-instruct,INDIRECT,llama-3.3-70b-versatile,INDIRECT,True
O_ISAC_188,4D,coherent,coherent detection,lexical,INDIRECT,"Similar to the first snippet, 'coherent' is related to 'self-homodyne coherent detection', but the text does not directly discuss the concept of coherence.","In this paper, an endogenous ISAC has been proposed for standard coherent detection system. Instead of allocating a dedicated sensing probe, the telecom pilots designed for state of polarization (SOP) rotation estimation have been repurposed for DAS. Characterized by identical spectrums but opposite frequency modulation (FM) slopes, the telecom pilots of dual SOPs are orthogonal to each other in fractional domain. By leveraging matched fractional Fourier transform (FrFT), the energy of telecom pilots can be gathered to the utmost extent and used to monitor SOP rotation. Besides, the RBS signals characterized by different FM slopes can not only be compressed but also distinguished within corresponding fraction domain. Consequently, the RBS signals can be aggregated to simultaneously suppress interference fading and polarization fading. The experiment of endogenous ISAC has been verified through 200Gb/s dual-polarization quadrature phase-shift keying (DP-QPSK) and 400Gb/s DP 16-ary quadrature amplitude modulation (DP-16QAM) signals transmission over 10.4 km fiber, co-existing with interference-fading free DAS. The root mean square error (RMSE) of SOP rotation estimation is 0.48. The feedforward adaptive equalization (FFD-AEQ) based on SOP rotation can employ 1-tap MIMO for pre-equalization and adaptive weight coefficients, thereby achieving 83.8% reduction for equalization convergence of communication. While for DAS, the intensity fluctuation is reduced from over 50 dB to 18 dB with the lowest intensity being 3.7 dB higher than noise floor, resulting in fading free performance. The fading-free ISAC is demonstrated experimentally with 1 m spatial resolution (SR) under dynamic measurements of 500 Hz single-frequency vibration or sweep-frequency vibration ranging from 500 Hz to 2kHz.",27,27,**1. Introduction**,,,meta-llama/llama-4-scout-17b-16e-instruct,INDIRECT,llama-3.3-70b-versatile,INDIRECT,True
O_ISAC_188,4D,coherent,coherent detection,lexical,DIRECT,"The text explicitly mentions 'self-homodyne coherent detection' and uses the term 'coherent' in the context of a specific technical implementation, directly relating to the concept of coherent.","To verify the feasibility of endogenous ISAC using DP chirp TS, the experiment of 50GBaud QPSK/16QAM signal is conducted and shown in Fig. [4\(](#page-7-0)a). The transponder of ISAC system comprises the transmitter, the communication receiver, and the sensing receiver. In transmitter, the narrow linewidth laser (NKT E15, ∼100 Hz) operating at wavelength of 1550.12 nm is divided into two branches by polarization maintaining coupler. One tributary serves as local oscillator for self-homodyne sensing detection, while the other is modulated by the electrical signal via an 90GSa/s arbitrary waveform generator (Keysight M8196A). The sweep bandwidth and probe pulse width of dual polarization chirp TSs are 200 MHz and 182 ns, respectively. Considering that bandwidth of TS is much smaller than that of telecom payload, TSs share bandwidth with telecom payload through inserting them at spectrum edge to minimize the influence, which is shown in Fig. [4\(](#page-7-0)b). Due to the limitation of memory depth of arbitrary waveform generator, the shutter semiconductor optical amplifier (SOA) is used to chop the signal at the period of round-trip time (120µs) to avoid superimposition of RBS light-waves. The ISAC frame composed of chirp TSs, telecom payload and synchronization TS in time domain is shown in Fig. [4\(](#page-7-0)c). Since FrFT TS with larger FrFT rotation of time-frequency leads to better resolution of time offset and vice versa, the TS with 0.9 FrFT order and 2<sup>10</sup> samples is utilized for synchronization rather than chirp TSs for DAS [\[22\]](#page-13-8). In order to find the position of the TS for frame synchronization, the received signals are scanned block by block [\[23\]](#page-13-9). The frame synchronization can be achieved through converged peak shifts in matched fraction domain. After amplified by EDFA1, the ISAC signal is filtered by 0.8 nm optical bandpass filter (OBPF) to remove the amplified spontaneous emission (ASE) noise. Then the signal is injected into two fibers (10 km and 400 m) which are connected through piezoelectric transducer (PZT). The fiber with length of 1 m is wrapped on the PZT. At the coherent communication side, the ISAC signal for is detected by an coherent receiver which consists of hybrid and 43 GHz balanced photodiode (BPD). After coherent detection, the received analog signal is digitized by a digital storage oscilloscope (DSO, Keysight DSAZ594A) with a sampling rate of 80 GSa/s per channel. At sensing receiving side with self-coherent detection, The RBS signal obtained from the fiber enters the signal port of the integrated coherent receiver (ICR, Neophotonic class 40) with four-channel BPDs. Subsequently, four waveforms are captured by DSO operating with sampling rate of 1GSa/s. Finally, the captured waveforms are processed offline in MATLAB.",155,155,"*2.1. Brief introduction of FrFT* > **3. Experimental setup, results and discussions** > *3.1. Experimental setup*",,,meta-llama/llama-4-scout-17b-16e-instruct,DIRECT,,,False
O_ISAC_188,4D,coherent,coherent sensing,lexical,DIRECT,"The concept 'coherent' is directly mentioned in the context as 'digital coherent sensing system' and 'self-homodyne coherent detection', indicating a clear connection to the concept.","- <span id=""page-13-0""></span>10. S. Guerrier, K. Benyahya, C. Dorize, *et al.*, ""Vibration detection and localization in buried fiber cable after 80 km of SSMF using digital coherent sensing system with co-propagating 600Gb/s WDM channels,"" in *Optical Fiber Communication Conference*, paper M2F.3 (2022).",231,231,"*2.1. Brief introduction of FrFT* > **3. Experimental setup, results and discussions** > References",,,meta-llama/llama-4-scout-17b-16e-instruct,NONE,llama-3.3-70b-versatile,DIRECT,True
O_ISAC_188,4D,coherent,coherent detection,lexical,INDIRECT,"The concept 'coherent' is related to 'coherent sensing system' and 'coherent detection' in the context, but it's not the main focus of the snippets, which are about various field trials and research in optical fiber communication.","- <span id=""page-13-1""></span>11. E. Ip, Y. Huang, T. Wang, *et al.*, ""Distributed acoustic sensing for datacenter optical interconnects using self-homodyne coherent detection,"" in *Optical Fiber Communication Conference*, paper W1G. 4 (2022).",232,232,"*2.1. Brief introduction of FrFT* > **3. Experimental setup, results and discussions** > References",,,meta-llama/llama-4-scout-17b-16e-instruct,INDIRECT,llama-3.3-70b-versatile,INDIRECT,True
O_ISAC_188,4D,intensity_only,intensity,lexical,INDIRECT,"The concept of intensity_only is not explicitly mentioned, but the text discusses the use of telecom pilots for distributed acoustic sensing, which may involve intensity measurements.","**Abstract:** In this paper, we propose telecom pilots originally designed for polarization rotation estimation to achieve distributed acoustic sensing (DAS) for standard coherent system. Characterized by joint polarization-fraction domain multiplexing, the telecom pilots deployed in orthogonal polarizations have identical sweep bandwidths but opposite frequency modulation (FM) slopes. Through fractional Fourier transform (FrFT) processing, the telecom pilots can converge to fractional energy peaks and then be distinguished, thereby achieving state of polarization (SOP) rotation monitoring for communication. While for sensing, the Rayleigh backscattering (RBS) light-waves of different telecom pilots serving as sensing probes can not only be compressed but also extracted by FrFT. Therefore, the RBS can be used to suppress interference fading due to independent fluctuation. The feasibility of endogenous integration of sensing and communication (ISAC) is verified by an experiment of 200Gb/s DP-QPSK and 400Gb/s DP-16QAM transmission over 10.4 km fiber, co-existing with interference-fading free DAS. The fading-free DAS is demonstrated through dynamic measurements of single or sweep frequency vibrations, attaining spatial resolution of 1 m. The intensity fluctuation over 50 dB is reduced to 18 dB, with the lowest intensity of synthesized trace being 3.7 dB higher than the noise floor.",5,5,**Endogenous integration of communication and interference fading free sensing using telecom pilots via joint polarization-fraction domain multiplexing**,,,meta-llama/llama-4-scout-17b-16e-instruct,INDIRECT,llama-3.3-70b-versatile,INDIRECT,True
O_ISAC_188,4D,intensity_only,intensity,lexical,NONE,"The text does not mention intensity measurements or related concepts, focusing instead on the integration of sensing and communication functions.","fiber medium with two distinct transceivers, leading to substantial infrastructure costs. It has been suggested that sensing probe can share the transmitter over a bidirectional data center interconnect which uses self-homodyne coherent detection for telecom payload [\[11\]](#page-13-1). Nevertheless, this requires bidirectional self-homodyne structures, and a dedicated channel must be reserved exclusively for the sensing function. An alternative scheme to realize ISAC is to implement distributed acoustic sensing (DAS) through space division multiplexing in seven-core fiber cable, although this is impractical considering the as-deployed single-mode-fiber (SMF) networks [\[12\]](#page-13-2). A common drawback of these methods is that sensing and communication functions operate independently, sharing only the physical fiber resource. To facilitate cooperative functionality between sensing and communication, the optical pilot, carrier or information-bearing signal initially intended for communication can be repurposed for sensing, thereby achieving endogenous ISAC [\[13](#page-13-3)[–18\]](#page-13-4). There have been several proposals to achieve endogenous ISAC through multiple input multiple output (MIMO) adaptive equalization or phase recovery without dedicated sensing probe [\[13](#page-13-3)[–20\]](#page-13-5). Nevertheless, the forward transmission-based sensing schemes suffer from inherent limitations in localization accuracy and the ability to handle multiple vibration sources. Another approach to realize endogenous ISAC involves replacing the optical carrier with the linear frequency modulation (LFM) carrier, which can not only mitigate chromatic dispersion (CD)-induced power fading but also realize high-performance DAS [\[19\]](#page-13-6). However, this integration scheme only works for intensity-modulation direct-detection (IM-DD) systems. Recently, multi-frequency telecom pilots designed for synchronization serve as sensing probes to achieve enhanced frequency response [\[20\]](#page-13-5). However, the pilots need three spectral gaps to be located in, which is preferable in digital subcarrier multiplexing.",25,25,**1. Introduction**,,,meta-llama/llama-4-scout-17b-16e-instruct,NONE,llama-3.3-70b-versatile,NONE,True
O_ISAC_188,4D,intensity_only,intensity,lexical,NONE,"Similar to the previous snippet, this text does not mention intensity measurements or related concepts, focusing on the implementation of distributed acoustic sensing and integration of sensing and communication functions.","In this paper, an endogenous ISAC has been proposed for standard coherent detection system. Instead of allocating a dedicated sensing probe, the telecom pilots designed for state of polarization (SOP) rotation estimation have been repurposed for DAS. Characterized by identical spectrums but opposite frequency modulation (FM) slopes, the telecom pilots of dual SOPs are orthogonal to each other in fractional domain. By leveraging matched fractional Fourier transform (FrFT), the energy of telecom pilots can be gathered to the utmost extent and used to monitor SOP rotation. Besides, the RBS signals characterized by different FM slopes can not only be compressed but also distinguished within corresponding fraction domain. Consequently, the RBS signals can be aggregated to simultaneously suppress interference fading and polarization fading. The experiment of endogenous ISAC has been verified through 200Gb/s dual-polarization quadrature phase-shift keying (DP-QPSK) and 400Gb/s DP 16-ary quadrature amplitude modulation (DP-16QAM) signals transmission over 10.4 km fiber, co-existing with interference-fading free DAS. The root mean square error (RMSE) of SOP rotation estimation is 0.48. The feedforward adaptive equalization (FFD-AEQ) based on SOP rotation can employ 1-tap MIMO for pre-equalization and adaptive weight coefficients, thereby achieving 83.8% reduction for equalization convergence of communication. While for DAS, the intensity fluctuation is reduced from over 50 dB to 18 dB with the lowest intensity being 3.7 dB higher than noise floor, resulting in fading free performance. The fading-free ISAC is demonstrated experimentally with 1 m spatial resolution (SR) under dynamic measurements of 500 Hz single-frequency vibration or sweep-frequency vibration ranging from 500 Hz to 2kHz.",27,27,**1. Introduction**,,,meta-llama/llama-4-scout-17b-16e-instruct,NONE,llama-3.3-70b-versatile,NONE,True
O_ISAC_188,4D,intensity_only,intensity,lexical,DIRECT,"The snippet directly mentions 'intensity trace obtained using α and -α rotation FrFT operations' and shows a figure with 'Intensity trace', which is closely related to the concept of 'intensity_only'.","<span id=""page-4-1""></span>**Fig. 3.** (a) Only matched rotation FrFT can converge a chirp signal with specific FM slope. (b) Converged peaks can be distinguished after performing matched FrFT. (c) Zoom-in view of peak of α rotation FrFT on Y-SOP. (d),(e) Intensity trace obtained using α and -α rotation FrFT operations. (f) Zoom-in view of intensity traces.",132,132,*2.1. Brief introduction of FrFT* > 2.2. Telecom chirp TSs for SOP rotation estimation,,,meta-llama/llama-4-scout-17b-16e-instruct,DIRECT,,,False
O_ISAC_188,4D,intensity_only,intensity,lexical,INDIRECT,"The concept of intensity_only is related to the fluctuation of signal intensity, which is mentioned in the context as 'signal intensity is lower than the noise floor' and 'independent intensity fluctuation'. However, the primary focus of the snippet is on the interference fading-suppression and the properties of the detected RBS signal, rather than directly discussing intensity_only.","For distributed optical fiber sensing of ISAC system, the detected RBS signal is represented by the convolution between the homodyne impulse response of fiber h(t) under local oscillator (LO) and the chirp TSs. The h(t) can be regarded as consisting of a large number of statistically independent and identically distributed random complex variables. Hence, each coefficient of power spectral density of h(t) may encounter random fluctuation dependent on frequency, leading to dramatical fluctuation of detected RBS signal. The interference fading resulting from destructive interference region leads to erroneous phase demodulation when signal intensity is lower than the noise floor (the noise with highest intensity). For receiver, the detected RBS light-waves of DP chirp TSs are composed of distinct frequency components at each time (except when two RBS light-waves coincide). The spectrum components at same time for two chirp TSs or probes can be regarded as having independent intensity fluctuation since the impulse response of fiber is statistically independent on each frequency. Through leveraging the frequency selectivity of interference fluctuation, the chirp TSs originally designed for SOP rotation estimation can be used for suppressing interference fading rather than specially allocating a sensing probe for ISAC. It is noteworthy that  $S_x$  and  $S_y$  are orthogonal to each other from perspective of fractional domain even though they are completely overlap in frequency domain. Hence, the matched FrFT operation can be applied to distinguish RBS signals of TSs with opposite FM slopes. Furthermore, the matched FrFT can converge the chirp TS, which means that it can compress the amplitude envelope of the or probe into a sinc pulse according to Eq. (3). The fractional Fourier domain width of the main lobe for LFM signal can be expressed as: $u = \cos \alpha / kT$ .",145,145,*2.1. Brief introduction of FrFT* > 2.2. Telecom chirp TSs for SOP rotation estimation > 2.3. Telecom chirp TSs to achieve DAS of interference fading-suppression,,,meta-llama/llama-4-scout-17b-16e-instruct,INDIRECT,llama-3.3-70b-versatile,INDIRECT,True
O_ISAC_189,4D,coherent,coherent detection,lexical,INDIRECT,"The concept 'coherent' is related to the context through the mention of 'coherent detection', 'coherent technology', and 'digital coherent technology' in the provided snippets, but it is not the primary focus of the text. The text appears to discuss various topics in photonics and radio-over-fiber transmission systems, with coherence being a relevant aspect rather than the central theme.","- 8. P. Li, R. Xu, Z. Dai, et al., ""A high spectral efficiency radio over fiber link based on coherent detection and digital phase noise cancellation,"" [J. Lightwave Technol.](https://doi.org/10.1109/JLT.2021.3104466) 39, 6443–6449 (2021).",352,352,APPENDIX B: THE OPERATION THEORY OF SYNCHRONIZATION AND FINE FOE SEQUENCE > APPENDIX C: MMW RADIO TRANSMITTER AND RECEIVER USING PHASED ARRAY > REFERENCES,,,meta-llama/llama-4-scout-17b-16e-instruct,INDIRECT,llama-3.3-70b-versatile,INDIRECT,True
O_ISAC_189,4D,intensity_only,intensity,lexical,INDIRECT,"The text mentions the shift of the RBS intensity spectrum, which is related to the concept of intensity_only, but it does not directly discuss the concept.","fast-changing perturbations along the RAN. Featured without the swept laser [\[22](#page-11-0)] and bi-directional setup [\[23](#page-11-0)], DAS can demodulate the Rayleigh backscattered (RBS) signal from a standard single-mode fiber (SSMF) to obtain dynamic environmental information, such as events induced vibrations or intrusion detection. However, for classic DAS systems via phase demodulation, large-scale vibration can cause the phase to jump beyond [−π, π], leading to the issue of phase unwrapping and restricting the dynamic range measurement in practice [\[24](#page-11-0)]. To realize large dynamic vibration sensing, Froggatt and Moore [[25\]](#page-11-0) utilized the shift of the RBS intensity spectrum, also known as frequency demodulation, to recover the strain, while it requires multiple or swept wavelength lasers to obtain the backscattered spectrum pattern of each scattering point along the fiber. The laser requirement for the frequency demodulation method is then eliminated by the chirped pulse OTDR, whose frequency linearly changes inside the pulse [\[26](#page-11-0)]. It should be noted that the dynamic range of frequency demodulation DAS corresponds to the overall spectrum width, which is always very limited due to the narrowband signal and inexpensive equipment of the sensing setup. However, integrating the DAS into the telecommunication system can potentially resolve this dynamic range issue, owing to the shared GHz level telecommunication setup.",31,31,Integrated ultra-large dynamic vibration sensing with fronthaul analog radio-over-fiber transmission > 1. INTRODUCTION,,,meta-llama/llama-4-scout-17b-16e-instruct,INDIRECT,llama-3.3-70b-versatile,INDIRECT,True
O_ISAC_189,4D,intensity_only,intensity,lexical,INDIRECT,"Similar to the first snippet, this text also mentions the shift of the RBS intensity spectrum and its relation to frequency demodulation, but it does not directly discuss the concept of intensity_only.","Recently, integrated sensing and communication over fiber (ISACoF) technique has emerged as a promising solution for practical implementation of optical sensing [\[27](#page-11-0)]. While the distributed fibers form a large communication network, ISACoF has the potential to transform deployed fibers into massive sensors. Optical sensing and optical communication, which exhibit distinct characteristics but share the same optical cable, can be multiplexed using various methods, such as frequency band [[28\]](#page-11-0), space and mode [[29,30](#page-11-0)], transceiver [\[31](#page-11-0)], or even the demodulation process [[32\]](#page-11-0). There is also a new hybrid ISACoF waveform that modulates the communication signal using a linear frequency modulated (LFM) carrier [\[33](#page-11-0)], but it is only applicable to intensity modulated direct detection (IM-DD) systems. If classified by the sensing method, these ISACoF systems can be divided into forward sensing systems [\[34](#page-11-0),[35\]](#page-11-0) and backscattered sensing systems [\[36](#page-12-0),[37\]](#page-12-0). Generally, these works set up a simultaneous system for sensing and communication, yet they still fail to achieve seamless integration with the communication signal. In other words, most of the existing schemes only allocate a portion of the channel from the communication system for sensing in either frequency or space. Therefore, exploring the perfect coexistence form between optical sensing and telecommunication systems remains an unsolved challenge.",33,33,Integrated ultra-large dynamic vibration sensing with fronthaul analog radio-over-fiber transmission > 1. INTRODUCTION,,,meta-llama/llama-4-scout-17b-16e-instruct,INDIRECT,llama-3.3-70b-versatile,INDIRECT,True
O_ISAC_189,4D,intensity_only,intensity,lexical,NONE,"This snippet does not mention the concept of intensity_only or any related terms, so it is not relevant to the concept.","The designed OFDM symbol frame structure for analog RoF transmission with LFM pilots is shown in Fig. 2. Each OFDM frame consists of five functional parts. The frame head is a temporal domain sequence with excellent auto-correlation properties and a steep roll-off area for fine frequency offset estimation (FOE) and frame synchronization. Next, a training sequence with a single OFDM symbol is included for channel estimation initialization. LFM pilots are then periodically inserted into the frequency grid at fixed subcarrier intervals for coarse FOE and channel estimation. These pilots are continuous across frames to enable post-processing and sensing functions. The direct current (DC) carrier at zero frequency is left unused to avoid low-frequency noise [[38\]](#page-12-0), such as the relative intensity noise (RIN) of the lasers. Finally, the data payload fills the remaining frequency resource grid, completing the OFDM frame.",41,41,Integrated ultra-large dynamic vibration sensing with fronthaul analog radio-over-fiber transmission > A. LFM Pilots Aided OFDM RoF Transmission,,,meta-llama/llama-4-scout-17b-16e-instruct,NONE,llama-3.3-70b-versatile,NONE,True
O_ISAC_189,4D,intensity_only,magnitude,lexical,NONE,"This snippet discusses a mathematical equation related to strain and refractive index, but it does not mention the concept of intensity_only or any related terms, so it is not relevant to the concept.","where  $f_c$  is the carrier frequency, n is the effective refractive index,  $z_{ij}$  is the distance between ith and jth scattering elements,  $C_{\varepsilon}$  is strain refractive index parameter, and  $\Delta \varepsilon$  denotes the magnitude of the strain. In Eq. (5), the time-varying term  $\delta \phi$  can be compensated by a frequency shift  $f_{\rm shift}$  shown as",111,111,Integrated ultra-large dynamic vibration sensing with fronthaul analog radio-over-fiber transmission > **B. LFM Pilots Aided Ultra-large Dynamic Vibration Sensing**,,,meta-llama/llama-4-scout-17b-16e-instruct,NONE,llama-3.3-70b-versatile,NONE,True
O_ISAC_189,4D,intensity_only,intensity,lexical,NONE,"The text discusses the relationship between strain intensity and the shift of the RBS spectrum, as well as comparisons between phase demodulation and frequency demodulation methods, but does not directly relate to the concept of 'intensity_only'.","Hence, we establish a unique mapping from the strain intensity to the shift of the RBS spectrum if we can obtain OTDR traces of different wavelengths. In contrast, the output phase shift of the DAS system based on the phase demodulation always falls within the range of  $-\pi$  to  $+\pi$ . Table 1 compares a series of key parameters between the phase demodulation method and the frequency demodulation method. In the case of a probe wavelength around",116,116,Integrated ultra-large dynamic vibration sensing with fronthaul analog radio-over-fiber transmission > **B. LFM Pilots Aided Ultra-large Dynamic Vibration Sensing**,,,meta-llama/llama-4-scout-17b-16e-instruct,NONE,llama-3.3-70b-versatile,NONE,True
O_ISAC_189,4D,complex_field,advanced field,fuzzy:85.71428571428572,NONE,"The provided snippet does not contain any information directly related to the concept of 'complex_field'. It appears to be a list of references to various research papers and conference presentations in the field of optics and photonics, but does not explicitly mention or imply the concept of 'complex_field'.","- 28. C. Dorize, S. Guerrier, E. Awwad, et al., ""Advanced fiber sensing leveraging coherent systems technology for smart network monitoring,"" in Optical Fiber Communication Conference (Optica Publishing Group, 2022), paper M2F–6.",373,373,APPENDIX B: THE OPERATION THEORY OF SYNCHRONIZATION AND FINE FOE SEQUENCE > APPENDIX C: MMW RADIO TRANSMITTER AND RECEIVER USING PHASED ARRAY > REFERENCES,,,meta-llama/llama-4-scout-17b-16e-instruct,NONE,llama-3.3-70b-versatile,NONE,True
O_ISAC_190,4D,imdd,im/dd,lexical,DIRECT,The snippet directly mentions 'IM/DD' (Intensity Modulation/Direct Detection) in the context of optical access networks and proposes a scheme for ISAC (Integration of Sensing and Communication) signal generation using IM/DD based short-reach optical transmission systems.,"**Abstract:** The integration of sensing and communication (ISAC) based on optical fibers has been a key enabling technique to achieve high-speed communication while ubiquitous sensing. In this paper, to ensure the coexistence of communication signal and sensing signal in low-cost optical access networks i.e., intensity modulation/direct detection (IM/DD) based short-reach optical transmission systems, a common bias-digital subcarrier multiplexing (CB-DSCM) scheme is proposed for ISAC signal generation. To assure distributed fiber acoustic sensing (DAS) signal having high spatial resolution and longer detection distance, linear frequency modulation (LFM) pulse compression technique, biased at the null point of the modulator, is used for sensing signal generation at the transmitter, and coherent detection is employed at the receiver. Then, due to the bias voltage at null point, asymmetrically clipped optical orthogonal frequency division multiplexing (ACO-OFDM) signal is utilized to carry communication signal in the IM/DD system. Therefore, both signals can be simultaneously transmitted using the already deployed modulator, enabling integrated sensing and communication in short-reach optical transmission systems. Experimental results demonstrate that, the proposed CB-DSCM scheme can achieve a net bit rate of 3.01 Gb/s with a bit error rate (BER) as low as 6 × 10−<sup>4</sup> over a 19.8 km fiber-optic transmission link, while it can successfully reconstruct various vibration signals with a spatial resolution of 1 m in short-reach optical transmission systems.",5,5,**Common bias-digital subcarrier multiplexing scheme for integrated sensing and communication in short-reach optical transmission systems**,,,meta-llama/llama-4-scout-17b-16e-instruct,DIRECT,,,False
O_ISAC_190,4D,imdd,im/dd,lexical,NONE,"The provided snippet does not mention the concept 'imdd' directly or indirectly, hence it is labeled as 'NONE'.","Therefore, several ISAC schemes for short-reach optical transmission systems have been proposed and experimentally demonstrated. Brillouin optical time domain reflectometry (BOTDR) sensing has been combined with digital subcarrier multiplexing (DSCM)-based communication to realize ISAC functionality [\[12\]](#page-10-7). However, in such systems, separate modulators are required for the sensing and communication channels, which increases the overall complexity of the ISAC system. In contrast, a digital linear frequency modulated (LFM) sensing signal is combined with a DSCM communication signal, enabling simultaneous sensing and data transmission through a shared transmitter within a coherent communication system framework. This configuration achieves system throughputs exceeding 100 Gb/s while maintaining excellent DAS performance [\[13](#page-10-8)[–14\]](#page-10-9). However, the aforementioned ISAC schemes are primarily based on coherent communication systems, which involve high-cost components such as I/Q modulators and coherent receivers. Therefore, realizing ISAC in low-cost Intensity modulation/direct detection (IM/DD) systems remains a significant challenge and deserves further investigation.",25,25,565431 https://doi.org/10.1364/OE.565431 Journal © 2025 Received 17 Apr 2025; revised 22 Jun 2025; accepted 23 Jun 2025; published 7 Jul 2025,,,meta-llama/llama-4-scout-17b-16e-instruct,NONE,llama-3.3-70b-versatile,NONE,True
O_ISAC_190,4D,imdd,im/dd,lexical,DIRECT,The snippet directly mentions 'IM/DD' systems as a target for realizing ISAC functionality and highlights the challenge of implementing ISAC in low-cost Intensity Modulation/Direct Detection systems.,"IM/DD is widely regarded as a viable solution for short-reach systems, owing to its efficient resource utilization and low-cost network maintenance [\[15\]](#page-10-10). These advantages have led to the widespread deployment of optical fiber networks throughout urban environments, making them a ubiquitous part of the infrastructure. Then it is massively deployed for last miles between the internet service provider and the customer such as residential districts, enterprise parks, schools, etc. Meanwhile, due to the high spectral efficiency, flexible modulation capabilities, and efficient frequency-domain equalization provided by orthogonal frequency division multiplexing (OFDM) employing quadrature amplitude modulation (QAM) [\[16\]](#page-10-11), a significant number of studies have explored its integration into IM/DD systems to enhance performance and address the challenges inherent in optical communication [\[16](#page-10-11)[–17\]](#page-10-12). Thus, the integration of OFDM-based IM/DD system and DAS might be good choices for implementing ISAC in optical fibers, especially for the short/middle range application scenarios. It is worth noting that DAS typically relies on coherent detection at the receiver, which is fundamentally different from the IM/DD scheme, especially in terms of the bias point requirement. Therefore, integrating DAS systems into IM/DD systems urgently requires further investigation.",27,27,565431 https://doi.org/10.1364/OE.565431 Journal © 2025 Received 17 Apr 2025; revised 22 Jun 2025; accepted 23 Jun 2025; published 7 Jul 2025,,,meta-llama/llama-4-scout-17b-16e-instruct,DIRECT,,,False
O_ISAC_190,4D,imdd,im/dd,lexical,DIRECT,The snippet directly discusses 'IM/DD' as a viable solution for short-reach systems and explores its integration with OFDM and DAS for ISAC implementation in optical fibers.,"In this paper, to enabling the both signals coexistence of IM/DD and DAS system using coherent detection, a common bias-digital subcarrier multiplexing (CB-DSCM) scheme is proposed and experimentally demonstrated. The CB-DSCM scheme consists of asymmetrically clipped optics orthogonal frequency division multiplexing (ACO-OFDM) signal and LFM signal. Both signals can be simultaneously transmitted using only one modulator biased at the null point. It requires no any change at the transmitter with existing optical transmission system, remarkably reducing the system deployment cost. The experiments demonstrate that the proposed CB-DSCM scheme achieves a transmission rate of 3.01 Gb/s over 19.8 km of optical fiber with a bit error rate (BER)",29,29,565431 https://doi.org/10.1364/OE.565431 Journal © 2025 Received 17 Apr 2025; revised 22 Jun 2025; accepted 23 Jun 2025; published 7 Jul 2025,,,meta-llama/llama-4-scout-17b-16e-instruct,DIRECT,,,False
O_ISAC_190,4D,imdd,instant messaging and data download,fuzzy:100.0,NONE,"The given snippet does not provide any direct or indirect information about the concept 'imdd'. It appears to be related to a mathematical equation, possibly in the context of electrical engineering or signal processing, but does not mention 'imdd' explicitly or implicitly.",and,79,79,565431 https://doi.org/10.1364/OE.565431 Journal © 2025 Received 17 Apr 2025; revised 22 Jun 2025; accepted 23 Jun 2025; published 7 Jul 2025 > 2. Operation principles > 2.1. φ-OTDR based DAS system,,,meta-llama/llama-4-scout-17b-16e-instruct,NONE,llama-3.3-70b-versatile,NONE,True
O_ISAC_190,4D,coherent,coherent detection,lexical,DIRECT,The concept 'coherent' is directly mentioned in the context as 'coherent detection is employed at the receiver'.,"**Abstract:** The integration of sensing and communication (ISAC) based on optical fibers has been a key enabling technique to achieve high-speed communication while ubiquitous sensing. In this paper, to ensure the coexistence of communication signal and sensing signal in low-cost optical access networks i.e., intensity modulation/direct detection (IM/DD) based short-reach optical transmission systems, a common bias-digital subcarrier multiplexing (CB-DSCM) scheme is proposed for ISAC signal generation. To assure distributed fiber acoustic sensing (DAS) signal having high spatial resolution and longer detection distance, linear frequency modulation (LFM) pulse compression technique, biased at the null point of the modulator, is used for sensing signal generation at the transmitter, and coherent detection is employed at the receiver. Then, due to the bias voltage at null point, asymmetrically clipped optical orthogonal frequency division multiplexing (ACO-OFDM) signal is utilized to carry communication signal in the IM/DD system. Therefore, both signals can be simultaneously transmitted using the already deployed modulator, enabling integrated sensing and communication in short-reach optical transmission systems. Experimental results demonstrate that, the proposed CB-DSCM scheme can achieve a net bit rate of 3.01 Gb/s with a bit error rate (BER) as low as 6 × 10−<sup>4</sup> over a 19.8 km fiber-optic transmission link, while it can successfully reconstruct various vibration signals with a spatial resolution of 1 m in short-reach optical transmission systems.",5,5,**Common bias-digital subcarrier multiplexing scheme for integrated sensing and communication in short-reach optical transmission systems**,,,meta-llama/llama-4-scout-17b-16e-instruct,INDIRECT,llama-3.3-70b-versatile,DIRECT,True
O_ISAC_190,4D,coherent,coherent detection,lexical,DIRECT,"The term 'coherent detection' is directly mentioned in this snippet, which implies the concept of coherent.","coherent detection allow vibration localization [\[6\]](#page-10-1). However, these methods face limitations in disturbance retrieval due to the integral effect in fibers [\[5\]](#page-10-0), restricting their application to stable environments like transoceanic links. Similarly, phase-sensitive optical time-domain reflectometry (Φ-OTDR), a cornerstone of distributed acoustic sensing (DAS), has been deployed for high-sensitivity tasks such as traffic monitoring [\[7\]](#page-10-2) and geological detection [\[8\]](#page-10-3). To integrate Φ-OTDR into communication systems, multiplexing techniques (e.g., mode-division multiplexing [\[9\]](#page-10-4), wavelength-division multiplexing [\[10\]](#page-10-5), or frequency-division multiplexing [\[11\]](#page-10-6)) have been explored. Yet these approaches merely share fiber infrastructure by dedicating channels to sensing, failing to unify sensing and communication into a single system. This not only perpetuates functional independence but also compromises spectral efficiency, as DAS occupies bandwidth that could otherwise serve communication. Furthermore, the limited reach of traditional DAS (tens of kilometers) mismatches the demands of long-haul systems, making short-reach networks a more viable platform for integration.",23,23,565431 https://doi.org/10.1364/OE.565431 Journal © 2025 Received 17 Apr 2025; revised 22 Jun 2025; accepted 23 Jun 2025; published 7 Jul 2025,,,meta-llama/llama-4-scout-17b-16e-instruct,DIRECT,,,False
O_ISAC_190,4D,coherent,coherent detection,lexical,DIRECT,"The term 'coherent communication systems' and 'coherent receivers' are directly mentioned in this snippet, which implies the concept of coherent.","IM/DD is widely regarded as a viable solution for short-reach systems, owing to its efficient resource utilization and low-cost network maintenance [\[15\]](#page-10-10). These advantages have led to the widespread deployment of optical fiber networks throughout urban environments, making them a ubiquitous part of the infrastructure. Then it is massively deployed for last miles between the internet service provider and the customer such as residential districts, enterprise parks, schools, etc. Meanwhile, due to the high spectral efficiency, flexible modulation capabilities, and efficient frequency-domain equalization provided by orthogonal frequency division multiplexing (OFDM) employing quadrature amplitude modulation (QAM) [\[16\]](#page-10-11), a significant number of studies have explored its integration into IM/DD systems to enhance performance and address the challenges inherent in optical communication [\[16](#page-10-11)[–17\]](#page-10-12). Thus, the integration of OFDM-based IM/DD system and DAS might be good choices for implementing ISAC in optical fibers, especially for the short/middle range application scenarios. It is worth noting that DAS typically relies on coherent detection at the receiver, which is fundamentally different from the IM/DD scheme, especially in terms of the bias point requirement. Therefore, integrating DAS systems into IM/DD systems urgently requires further investigation.",27,27,565431 https://doi.org/10.1364/OE.565431 Journal © 2025 Received 17 Apr 2025; revised 22 Jun 2025; accepted 23 Jun 2025; published 7 Jul 2025,,,meta-llama/llama-4-scout-17b-16e-instruct,DIRECT,,,False
O_ISAC_190,4D,coherent,coherent detection,lexical,INDIRECT,"The concept 'coherent' is related to 'coheren' in 'DAS typically relies on coheren', which implies a connection to coherence in the context of Distributed Acoustic Sensing (DAS).","In this paper, to enabling the both signals coexistence of IM/DD and DAS system using coherent detection, a common bias-digital subcarrier multiplexing (CB-DSCM) scheme is proposed and experimentally demonstrated. The CB-DSCM scheme consists of asymmetrically clipped optics orthogonal frequency division multiplexing (ACO-OFDM) signal and LFM signal. Both signals can be simultaneously transmitted using only one modulator biased at the null point. It requires no any change at the transmitter with existing optical transmission system, remarkably reducing the system deployment cost. The experiments demonstrate that the proposed CB-DSCM scheme achieves a transmission rate of 3.01 Gb/s over 19.8 km of optical fiber with a bit error rate (BER)",29,29,565431 https://doi.org/10.1364/OE.565431 Journal © 2025 Received 17 Apr 2025; revised 22 Jun 2025; accepted 23 Jun 2025; published 7 Jul 2025,,,meta-llama/llama-4-scout-17b-16e-instruct,INDIRECT,llama-3.3-70b-versatile,INDIRECT,True
O_ISAC_190,4D,coherent,coherent detection,lexical,DIRECT,The concept 'coherent' is directly mentioned in the snippet as 'coherent detection at the receiver' which implies a direct relationship with the concept.,"Conventional OFDM based IM/DD optical transmission system is illustrated in Fig. 2(a). To enable the integration of sensing and communication signals using a single modulator in the system, a key design constraint is that both signals must be modulated at the same bias point of the EOM to ensure effective signal combination. For distributed sensing, LFM signals are typically biased at the null point of the EOM to achieve high extinction ratios for the sensing signals. Moreover, coherent detection at the receiver is used to recover the phase information required for sensing. For high-spectral-efficiency OFDM transmission in IM/DD systems, the two commonly used schemes are DCO-OFDM and ACO-OFDM [20]. While DCO-OFDM offers higher spectral efficiency by utilizing all subcarriers, it requires a significant DC bias to ensure non-negative intensity signals, leading to reduced power efficiency. In contrast, ACO-OFDM inherently avoids the need for DC bias by using only odd subcarriers. Its time-domain signal exhibits antisymmetric properties, resulting in a zero-mean waveform that can be directly clipped",124,124,565431 https://doi.org/10.1364/OE.565431 Journal © 2025 Received 17 Apr 2025; revised 22 Jun 2025; accepted 23 Jun 2025; published 7 Jul 2025 > 2. Operation principles > 2.2. CB-DSCM for ISAC,,,meta-llama/llama-4-scout-17b-16e-instruct,NONE,llama-3.3-70b-versatile,DIRECT,True
O_ISAC_190,4D,intensity_only,intensity,lexical,INDIRECT,"The text discusses the integration of sensing and communication based on optical fibers, including intensity modulation/direct detection (IM/DD) systems, but does not directly focus on intensity_only.","**Abstract:** The integration of sensing and communication (ISAC) based on optical fibers has been a key enabling technique to achieve high-speed communication while ubiquitous sensing. In this paper, to ensure the coexistence of communication signal and sensing signal in low-cost optical access networks i.e., intensity modulation/direct detection (IM/DD) based short-reach optical transmission systems, a common bias-digital subcarrier multiplexing (CB-DSCM) scheme is proposed for ISAC signal generation. To assure distributed fiber acoustic sensing (DAS) signal having high spatial resolution and longer detection distance, linear frequency modulation (LFM) pulse compression technique, biased at the null point of the modulator, is used for sensing signal generation at the transmitter, and coherent detection is employed at the receiver. Then, due to the bias voltage at null point, asymmetrically clipped optical orthogonal frequency division multiplexing (ACO-OFDM) signal is utilized to carry communication signal in the IM/DD system. Therefore, both signals can be simultaneously transmitted using the already deployed modulator, enabling integrated sensing and communication in short-reach optical transmission systems. Experimental results demonstrate that, the proposed CB-DSCM scheme can achieve a net bit rate of 3.01 Gb/s with a bit error rate (BER) as low as 6 × 10−<sup>4</sup> over a 19.8 km fiber-optic transmission link, while it can successfully reconstruct various vibration signals with a spatial resolution of 1 m in short-reach optical transmission systems.",5,5,**Common bias-digital subcarrier multiplexing scheme for integrated sensing and communication in short-reach optical transmission systems**,,,meta-llama/llama-4-scout-17b-16e-instruct,INDIRECT,llama-3.3-70b-versatile,INDIRECT,True
O_ISAC_190,4D,intensity_only,intensity,lexical,NONE,"The text does not mention intensity_only or any related concepts directly, focusing instead on distributed acoustic sensing (DAS) and its integration with communication systems.","Therefore, several ISAC schemes for short-reach optical transmission systems have been proposed and experimentally demonstrated. Brillouin optical time domain reflectometry (BOTDR) sensing has been combined with digital subcarrier multiplexing (DSCM)-based communication to realize ISAC functionality [\[12\]](#page-10-7). However, in such systems, separate modulators are required for the sensing and communication channels, which increases the overall complexity of the ISAC system. In contrast, a digital linear frequency modulated (LFM) sensing signal is combined with a DSCM communication signal, enabling simultaneous sensing and data transmission through a shared transmitter within a coherent communication system framework. This configuration achieves system throughputs exceeding 100 Gb/s while maintaining excellent DAS performance [\[13](#page-10-8)[–14\]](#page-10-9). However, the aforementioned ISAC schemes are primarily based on coherent communication systems, which involve high-cost components such as I/Q modulators and coherent receivers. Therefore, realizing ISAC in low-cost Intensity modulation/direct detection (IM/DD) systems remains a significant challenge and deserves further investigation.",25,25,565431 https://doi.org/10.1364/OE.565431 Journal © 2025 Received 17 Apr 2025; revised 22 Jun 2025; accepted 23 Jun 2025; published 7 Jul 2025,,,meta-llama/llama-4-scout-17b-16e-instruct,NONE,llama-3.3-70b-versatile,NONE,True
O_ISAC_190,4D,intensity_only,intensity only,fuzzy:85.71428571428572,INDIRECT,"The text mentions light intensity in the context of I/Q detection and signal expression, which is related to intensity_only, but does not directly discuss the concept.",I/Q detection is used to simultaneously obtain the light intensity of the in-phase channel and the orthogonal channel. The orthogonal channel intensity is the mixed intensity of LO and RBS light that produces a 90° phase shift. The in-phase signal I(t) and the orthogonal signal Q(t) are expressed as:,93,93,565431 https://doi.org/10.1364/OE.565431 Journal © 2025 Received 17 Apr 2025; revised 22 Jun 2025; accepted 23 Jun 2025; published 7 Jul 2025 > 2. Operation principles > 2.1. φ-OTDR based DAS system,,,meta-llama/llama-4-scout-17b-16e-instruct,INDIRECT,llama-3.3-70b-versatile,INDIRECT,True
O_ISAC_190,4D,intensity_only,intensity,lexical,DIRECT,"This snippet directly discusses obtaining the equivalent light intensity signal along the optical fiber path and mentions limitations related to acoustic frequency range, directly relating to intensity-only concepts.","where  $A=(\pi\gamma/2)E_{Lo}$ ,  $h_{FUT}$  is the impulse response of FUT. Taking the absolute value of the equivalent signal s(t) can obtain the equivalent light intensity signal along the optical fiber path. The phase  $\varphi(t)$  of each scattering point of the optical fiber is obtained according to the in-phase signal I(t) and the orthogonal signal Q(t) after matched filtering and (13). Then, the external disturbance can be restored according to the change of phase  $\varphi(t)$ .",118,118,565431 https://doi.org/10.1364/OE.565431 Journal © 2025 Received 17 Apr 2025; revised 22 Jun 2025; accepted 23 Jun 2025; published 7 Jul 2025 > 2. Operation principles > 2.1. φ-OTDR based DAS system,,,meta-llama/llama-4-scout-17b-16e-instruct,DIRECT,,,False
O_ISAC_190,4D,intensity_only,intensity,lexical,NONE,"The concept 'intensity_only' is not directly mentioned or implied in the given snippet, which focuses on the integration of sensing and communication signals in an optical transmission system and discusses different OFDM schemes.","Conventional OFDM based IM/DD optical transmission system is illustrated in Fig. 2(a). To enable the integration of sensing and communication signals using a single modulator in the system, a key design constraint is that both signals must be modulated at the same bias point of the EOM to ensure effective signal combination. For distributed sensing, LFM signals are typically biased at the null point of the EOM to achieve high extinction ratios for the sensing signals. Moreover, coherent detection at the receiver is used to recover the phase information required for sensing. For high-spectral-efficiency OFDM transmission in IM/DD systems, the two commonly used schemes are DCO-OFDM and ACO-OFDM [20]. While DCO-OFDM offers higher spectral efficiency by utilizing all subcarriers, it requires a significant DC bias to ensure non-negative intensity signals, leading to reduced power efficiency. In contrast, ACO-OFDM inherently avoids the need for DC bias by using only odd subcarriers. Its time-domain signal exhibits antisymmetric properties, resulting in a zero-mean waveform that can be directly clipped",124,124,565431 https://doi.org/10.1364/OE.565431 Journal © 2025 Received 17 Apr 2025; revised 22 Jun 2025; accepted 23 Jun 2025; published 7 Jul 2025 > 2. Operation principles > 2.2. CB-DSCM for ISAC,,,meta-llama/llama-4-scout-17b-16e-instruct,NONE,llama-3.3-70b-versatile,NONE,True
O_ISAC_195,4D,intensity_only,intensity,lexical,NONE,"The text discusses the optimization of control signals and the characterization of a multi-beamformer, but does not directly relate to the concept of intensity_only.","To mitigate the impact of thermal crosstalk during the characterization of the TCs' control signals, a particle swarm optimization (PSO) algorithm is employed to optimize the control signals, and the TCs associated with the two channels are tuned and characterized independently. Furthermore, the objective function of the PSO algorithm is defined as the geometric mean of the photocurrents of the two beam outputs. This approach not only concentrates the signal power on the selected beams but also ensures a more balanced power distribution between them. Additionally, in order to balance the optical power between the two input channels and enhance the output power of the integrated broadband multi-beamformer, EDFAs have been placed after the two lasers to boost the optical carriers' power to 20 dBm. The radiation patterns of the dual beams characterized and optimized through this process are shown in Fig. [4\(](#page-7-0)a). Consequently, we measured the antenna radiation patterns of the third beam at 12.5 GHz and the fourth beam at 14 GHz simultaneously. The dual beams are centered at -5° and -30° respectively, exhibiting slight deviations from the single-beam measurement results in Fig. [3.](#page-5-1) Compared to the single-beam measurement experiment, the dual-beam measurement experiment incorporates an additional set of 4-meter-long RF coaxial cables used to extend the antenna distance, better aligning with the operational conditions of a practical ISAC validation system. Therefore, the length discrepancy in these RF cables introduces a delay variation, resulting in slight deviations in beam directions. The mutual influence between the two beams has been also measured and analyzed. The radiation intensity at each beam's center direction is evaluated in the presence of the other beam. The intensity difference between the two beams has been measured to be 1.48 dB. The variation is primarily due to beam broadening and the appearance of sidelobes as the scan angle increases, resulting in energy dispersion and a reduction in main lobe intensity. The crosstalk between the two beams has been measured at their center directions, with values of 1.84 dB and 7.36 dB, respectively. Given that the center frequency of the antenna array is 14 GHz, the operating frequency at 12.5 GHz results in a reduction in gain and an increase in beamwidth. The simulation results of the dual-beam pattern, derived from the antenna test measurements at these two frequencies, are presented in Fig. [4\(](#page-7-0)b). It can be observed that the actual measured results and the simulation results of the dual-beam pattern are in close agreement. The crosstalk can be further minimized by optimizing the antenna design and increasing the number of receiving antenna channels to narrow the beamwidth and enhance isolation between the beams. To assess the impact of increasing the number of antenna channels on crosstalk suppression, we conduct simulations of dual-beam synthesis using a four-channel configuration under identical conditions. As shown in Fig. [4\(](#page-7-0)c), the crosstalk between the dual beams is no longer dominated by main lobe overlap but is instead determined by the characteristics of the sidelobes, with a crosstalk suppression ratio exceeding 10 dB. Moreover, by adjusting the amplitude weights of different channels, sidelobe levels can be effectively optimized, further enhancing crosstalk suppression between beams.",79,79,555053 https://doi.org/10.1364/OE.555053 > *3.1. Beams characterization of the photonic integrated broadband multi-beamformer*,,,meta-llama/llama-4-scout-17b-16e-instruct,NONE,llama-3.3-70b-versatile,NONE,True
O_ISAC_195,4D,intensity_only,magnitude,lexical,NONE,"The text describes an experimental setup and the results of a radar and communication system, but does not directly relate to the concept of intensity_only.","GHz. The frequency spectra of the dual signals are shown in Fig. [6\(](#page-9-0)a), measured by an electrical spectrum analyzer (ESA, Agilent PXA-N9030A). To mitigate the impact of the nonlinearity of the RF devices in the transmitting chain on the radar imaging, a pre-distortion compensation process for the LFM signal is applied to achieve a linearity result of 0.0091. And the error vector magnitude (EVM) of the transmitted 16-QAM is 3.29%. It is important to note that the amplifiers for the two signals operate in different regions. The amplifiers for the 16-QAM signal operate in the linear region to minimize nonlinear distortion, ensuring that the amplitude and phase of the 16-QAM signal remain intact. In contrast, the amplifiers for the LFM signal are utilized to operate in the saturated nonlinear region, producing a flatter envelope, thereby enabling more accurate target location information to be extracted from the received echo signal. Since both the communication transmission signal and radar echo signal share the same path before entering the multi-beamformer in the receive chain, it is essential to carefully control the transmission power of the 16-QAM and LFM signals, which ensures that the 16-QAM signal remains unaffected by the nonlinear distortion of the amplifiers in the receive chain, while still maintaining good radar imaging quality. The total transmission power of the 16-QAM signal is -7.78 dBm, while the LFM signal has a transmission power of 20.11 dBm and a power flatness of 1.38 dB in the entire",97,97,555053 https://doi.org/10.1364/OE.555053 > *3.1. Beams characterization of the photonic integrated broadband multi-beamformer* > *3.2. Verification test of the ISAC system*,,,meta-llama/llama-4-scout-17b-16e-instruct,NONE,llama-3.3-70b-versatile,NONE,True
O_ISAC_195,4D,json:rx_detection_type,,json,DIRECT,Structured receiver field,,,,,scenario_level[0].receiver.rx_detection_type,direct,json,DIRECT,,,False
O_ISAC_199,4D,intensity_only,intensity,lexical,NONE,"The context does not directly or indirectly relate to the concept of intensity_only, as it discusses various parameters and coefficients without focusing on intensity.",| μX           | Mean of the received intensity                                 | λB  | Bragg wavelength              |,51,51,"Engineering Science and Technology, an International Journal > **1. Introduction**",,,meta-llama/llama-4-scout-17b-16e-instruct,NONE,llama-3.3-70b-versatile,NONE,True
O_ISAC_199,4D,intensity_only,intensity,lexical,INDIRECT,"The context mentions 'intensity modulation' which is related to the concept of intensity_only, but it is part of a broader system design discussion and not the primary focus.","This section contains thorough information about the proposed system design. Essentially, the suggested system begins with the transmitter, which includes a PRBS generator for test data, NRZ encoding for signal modulation, a 1552 nm CW laser for optical carrier generation, and a Mach-Zehnder Modulator (MZM) intensity modulation. The MIMO-based FSO channel improves dependability while reducing atmospheric turbulence effects such as scattering and absorption. Embedded FBG sensors inspect strain and temperature variations, allowing for real-time identification of position faults. A homogeneous FBG compensator rectifies wavelength shifts and chromatic dispersion while maintaining signal quality. The receiver evaluates performance measures involving BER and received signal power in different meteorological conditions. Environmental data gathered by FBG sensors is sent via MQTT to a web dashboard, offering real-time system insights and allowing for proactive modifications, making it perfect for secure, dependable communication and monitoring in harsh situations. The system parameters are listed in [Table 1.Table 2.](#page-1-0)",140,140,"Engineering Science and Technology, an International Journal > *2.1. Limitations of implementing FSO communication* > **3. System design**",,,meta-llama/llama-4-scout-17b-16e-instruct,INDIRECT,llama-3.3-70b-versatile,INDIRECT,True
O_ISAC_199,4D,intensity_only,intensity,lexical,DIRECT,"The snippet explicitly mentions 'intensity modulator' and 'intensity-based encoding', which directly relates to the concept of 'intensity_only'.","As shown in [Fig. 1](#page-1-0), the transmitter section consists of a pseudorandom bit sequence generator (PRBS) set to 10 Gbps. The information is coded by non-return to zero-line codes, which connects the information signal to the intensity modulator. The carrier signal is generated by a continuous wave (CW) laser that is set to 1552 nm wavelength. The information signal in electrical form and the light signal from the CW laser are the inputs to the intensity modulator. The MZM has been used as an intensity modulator with two identical waveguides linked to two 3 dB couplers. The electro-optic effect in MZM allows for controlling refractive indices in waveguide branches by applying an externally given voltage. The output exhibits both constructive and destructive interference depending on the applied voltage. Amplitude modulation is simple and effective for intensitybased encoding of fibre Bragg grating sensor data, but turbulence causes amplitude fluctuations.",144,144,"Engineering Science and Technology, an International Journal > *3.1. Transmitter*",,,meta-llama/llama-4-scout-17b-16e-instruct,DIRECT,,,False
O_ISAC_199,4D,intensity_only,intensity,lexical,INDIRECT,"The context discusses 'changes in received intensity' in the context of turbulence models for FSO channels, which is related to the concept of intensity_only, but as part of a larger discussion on mathematical models of turbulence.",Mathematical models of turbulence models of FSO channel are described as Log-Normal and Gamma-Gamma for weak and moderate to strong levels. The log-normal model makes the assumption that changes in received intensity result from small random variations in the refrac-,148,148,"Engineering Science and Technology, an International Journal > *3.2. Free space optical channel*",,,meta-llama/llama-4-scout-17b-16e-instruct,INDIRECT,llama-3.3-70b-versatile,INDIRECT,True
O_ISAC_199,4D,intensity_only,intensity only,fuzzy:85.71428571428572,INDIRECT,"The concept of intensity_only is related to the probability density function (PDF) of intensity, which is mentioned in the snippet. However, the snippet also discusses wavelength shift due to temperature variation and applied strain, indicating that intensity is not the only factor being considered.","tive index. The probability density function (PDF) of intensity in Lognormal is shown as ref,",160,160,"Engineering Science and Technology, an International Journal > *3.2. Free space optical channel*",,,meta-llama/llama-4-scout-17b-16e-instruct,NONE,llama-3.3-70b-versatile,INDIRECT,True
O_ISAC_199,4D,complex_field,advanced field,fuzzy:85.71428571428572,NONE,"The text does not mention the concept of 'complex_field' at all, making it unrelated to the given context.","Free-space optical (FSO) communication is an advanced wireless optical communication technology that provides high-speed data services for 6th-generation wireless communication and Internet of Things (IoT) networks. In light of developing a 6G IoT network in an open environment, this paper analyses the impact of temperature and strain on FSO communication links using Fiber Bragg Grating (FBG) sensors. FSO systems are sensitive to temperature variations, and the position of the receiving telescope can be altered by mechanical strain that can affect the refractive index of the atmosphere, leading to signal attenuation and pointing errors. The current work proposes a model that integrates FBG sensors with an FSO channel for simultaneous strain and temperature measurements and a compensator that overcomes severe signal attenuations. Also, the impact of atmospheric attenuations on FSO systems is analysed. Scintillation models for weak, moderate and strong turbulence conditions are analysed, and the performance of the gamma-gamma turbulence model has been used to observe the MIMO FSO channel. The results are observed for FSO links with the atmospheric attenuations with FBG sensors that reflect the pointing errors at the receiver, showing a comprehensive ability to capture strain and temperature parameters. For the transmission of 10 Gb/s data, it was observed that the inclusion of the Multiple input and multiple-output (MIMO)-FSO technique significantly reduces bit errors from − 3.12494 dB to − 35.018 dB and increase signal power from 52.4 dBm to 58.9 dBm, indicating the adaptability of this integrated strategy for FSO communication with FBG sensors for last mile connectivity in 6G-IoT applications.",27,27,"Engineering Science and Technology, an International Journal > ARTICLE INFO > *Keywords:* Integrated sensing and communication Free Space Optical (FSO) Fiber Bragg Grating (FBG) Temperature sensor Strain sensor > ABSTRACT",,,meta-llama/llama-4-scout-17b-16e-instruct,NONE,llama-3.3-70b-versatile,NONE,True
O_ISAC_200,4D,coherent,coherent detection,lexical,INDIRECT,"The concept 'coherent' is related to 'coherent detection' in the context of phase-OTDR, which is an application of the concept, but not a direct definition or explanation of it.","- <span id=""page-9-1""></span>[10] Y. Lu, T. Zhu, L. Chen, X. Bao, [Distributed](http://refhub.elsevier.com/S1068-5200(24)00392-4/sb10) vibration sensor based on coherent detection of [phase-OTDR,](http://refhub.elsevier.com/S1068-5200(24)00392-4/sb10) J. Lightw. Technol. 28 (22) (2010) 3243–3249.",398,398,*4.4.2. Non-trackable cases* > **References**,,,meta-llama/llama-4-scout-17b-16e-instruct,INDIRECT,llama-3.3-70b-versatile,INDIRECT,True
O_ISAC_200,4D,coherent,coherent sensing,lexical,NONE,"There is no mention of the concept 'coherent' in the provided snippet, making it unrelated to the concept.","- [21] S. Guerrier, K. Benyahya, C. Dorize, E. Awwad, H. Mardoyan, J. [Renaudier,](http://refhub.elsevier.com/S1068-5200(24)00392-4/sb21) Vibration detection and [localization](http://refhub.elsevier.com/S1068-5200(24)00392-4/sb21) in buried fiber cable after 80km of SSMF using digital coherent sensing system with [co-propagating](http://refhub.elsevier.com/S1068-5200(24)00392-4/sb21) 600Gb/s WDM [channels,](http://refhub.elsevier.com/S1068-5200(24)00392-4/sb21) in: Proc. OFC, San Diego, CA, 2022.",409,409,*4.4.2. Non-trackable cases* > **References**,,,meta-llama/llama-4-scout-17b-16e-instruct,INDIRECT,llama-3.3-70b-versatile,NONE,True
O_ISAC_200,4D,intensity_only,intensity,lexical,INDIRECT,"The concept of intensity_only is related to the standard deviations $\sigma_{\Phi_{n,k}}$ and $\sigma_{\Psi_{n,k}}$, which represent the intensity of environmental fluctuations. However, the text does not directly discuss the concept of intensity_only, but rather its implications on the model.","Here,  $\Phi_{n,k}$  and  $\Psi_{n,k}$  are normally distributed with a mean of zero and standard deviations  $\sigma_{\Phi_{n,k}}$  and  $\sigma_{\Psi_{n,k}}$ , respectively, representing the intensity of environmental fluctuations. Larger values of  $\sigma_{\Phi_{n,k}}$  and  $\sigma_{\Psi_{n,k}}$  indicate more significant environmental changes. The model assumes a timescale for the dynamic polarization perturbation that is significantly slower than the DGD parameters  $\tau_n$ .",302,302,4. Physics-based machine learning for distributed polarization sensing > 4.1. Modified channel model,,,meta-llama/llama-4-scout-17b-16e-instruct,INDIRECT,llama-3.3-70b-versatile,INDIRECT,True
O_ISAC_200,4D,intensity_only,magnitude,lexical,NONE,"The text does not mention the concept of intensity_only or any related ideas, and instead appears to be a list of references.","- [37] K.S.Y. Skarvang, S. Bjørnstad, R.A. Rørstadbotnen, K. [Bozorgebrahimi,](http://refhub.elsevier.com/S1068-5200(24)00392-4/sb37) D.R. Hjelme, [Observation](http://refhub.elsevier.com/S1068-5200(24)00392-4/sb37) of local small magnitude earthquakes using state of polarization monitoring in a 250km passive arctic submarine [communication](http://refhub.elsevier.com/S1068-5200(24)00392-4/sb37) cable, in: Proc. Optical Fiber [Communication](http://refhub.elsevier.com/S1068-5200(24)00392-4/sb37) Conf., OFC, San Diego, CA, 2023.",426,426,*4.4.2. Non-trackable cases* > **References**,,,meta-llama/llama-4-scout-17b-16e-instruct,NONE,llama-3.3-70b-versatile,NONE,True
O_ISAC_200,4D,complex_field,compound area,fuzzy:92.3076923076923,INDIRECT,"The concept of complex_field is related to the mathematical operations and notations used in the snippet, such as the use of complex numbers and matrices, but it is not explicitly mentioned.","where  $\dot{z}_{p,k}=(\tilde{z}_{p,k-(2L+1)}\dots \tilde{z}_{p,k+(2L)})^\intercal$  and  $\check{\mathbf{x}}_{p,k}\in\mathbb{C}^{2L+2\times 1}$ . With the compound parameter matrix, we can calculate an estimated channel impulse response in the time-domain",177,177,3. Adaptive equalization for integrated polarization sensing and communication > 3.1. Classical gradient-based adaptive equalization,,,meta-llama/llama-4-scout-17b-16e-instruct,NONE,llama-3.3-70b-versatile,INDIRECT,True
O_ISAC_202,4D,coherent,coherent sensing,fuzzy:86.66666666666667,NONE,"The text does not explicitly discuss the concept of coherence, and the context provided focuses on the setup and parameters of an experiment involving a fiber optic cable, PZT ring, and electrical pulses, without any direct or indirect reference to coherence.",#### 3.1. The impact of communication on covert sensing,88,88,Integrated optical covert sensing and communication > 3. Results and Analysis > 3.1. The impact of communication on covert sensing,,,meta-llama/llama-4-scout-17b-16e-instruct,NONE,llama-3.3-70b-versatile,NONE,True
O_ISAC_202,4D,intensity_only,intensity,lexical,INDIRECT,"The text discusses the Sagnac interferometer and the effect of vibration on the optical paths, but it does not directly mention intensity_only. However, it implies that the output intensity does not change when the Sagnac interferometer is in a silent environment, which is related to the concept of intensity_only.","interferometer is placed in a silent environment, the optical paths of these two counter-propagating parts are identical, so when they are recombined and interfere with the sensing output, the output intensity does not change. In this experiment, a 1-meter-long fiber optic cable of the Sagnac loop is wound around a piezoelectric transducer (PZT) ring with a 130 kHz resonance frequency, which is used to generate the vibration signal and stretch the fiber, thus changing the phase of the transmitted light. When selecting a PZT, it is necessary to consider that its resonance frequency is as large as possible to avoid drowning the components of the null frequency. Due to the difference in the time taken by the clockwise and counterclockwise propagating lights to travel from the coupler to the location where vibration occurs, the phase changes experienced by the two are also different, resulting in a phase difference.",49,49,Integrated optical covert sensing and communication > 1. Introduction > 2. Principle and System Model,,,meta-llama/llama-4-scout-17b-16e-instruct,INDIRECT,llama-3.3-70b-versatile,INDIRECT,True
O_ISAC_202,4D,intensity_only,intensity,lexical,INDIRECT,"The equation provided includes the optical intensity of the optical signal (P0) and discusses the ASE-ASE beat noise, which affects the noise floor. This is related to the concept of intensity_only, but it is not a direct discussion of the concept.","where  $P_0$  is the optical intensity of the optical signal and  $N_{\rm sp}$  is the power spectral density of the ASE noise. The second part of Eq. (2) is the ASE-ASE beat noise, which results in the increase of the noise floor. In this setup,  $\Delta\Psi$  is set as  $\pi/2$ . Assuming the vibration signal is small, the alternating current part induced by vibration can be written as",67,67,Integrated optical covert sensing and communication > 1. Introduction > 2. Principle and System Model,,,meta-llama/llama-4-scout-17b-16e-instruct,INDIRECT,llama-3.3-70b-versatile,INDIRECT,True
O_ISAC_202,4D,intensity_only,intensity,lexical,NONE,"The text discusses the null frequency of the zero-amplitude points from the frequency spectrum of the oscillation optical intensity, but it does not provide any information about the concept of intensity_only.","where N is an integer. By identifying the null frequency  $f_{\rm null}$  of the zero-amplitude points from the frequency spectrum of the oscillation optical intensity, we could correlate the location of the vibration source according to",76,76,Integrated optical covert sensing and communication > 1. Introduction > 2. Principle and System Model,,,meta-llama/llama-4-scout-17b-16e-instruct,NONE,llama-3.3-70b-versatile,NONE,True
O_ISAC_202,4D,intensity_only,intensity,lexical,DIRECT,"The snippet explicitly mentions 'intensity detection' and 'vibration-induced phase changes cannot be converted into intensity noise in direct detection', directly discussing the concept of intensity.","channel and that the performance of covert sensing remains consistent under these conditions. With different optical receivers, the sensitivity will be different. However, the vibration has little effect on the receiver with intensity detection. This is because vibration-induced phase changes cannot be converted into intensity noise in direct detection. In addition, the frequency of vibration is low relative to the covert communication signal.",128,128,Integrated optical covert sensing and communication > 3. Results and Analysis > 3.1. The impact of communication on covert sensing > 3.2. The impact of sensing on covert communication,,,meta-llama/llama-4-scout-17b-16e-instruct,DIRECT,,,False
O_ISAC_202,4D,json:rx_detection_type,,json,DIRECT,Structured receiver field,,,,,scenario_level[0].receiver.rx_detection_type,direct,json,DIRECT,,,False
O_ISAC_203,4D,coherent,coherent measurement,fuzzy:85.0,NONE,"The concept 'coherent' is not mentioned or implied in the given snippet, which focuses on the response speed of OPD in optical communication.","The response speed of OPD plays a crucial role in optical communication, determining the data transmission speed, capacity, and accuracy of the wireless optical communication system. To accurately examine the response speed of ternary NIR OPDs and mitigate the overestimation, we introduced a steady-state current measurement in both dark and under 950 nm NIR light instead of the commonly reported TPC measurement. The temporal characteristics of ternary NIR OPDs are characterized under square wave pulses (950 nm, 20 kHz). The rise time (*t*rise) and fall time (*t*fall) are determined from the time interval for the photoresponse to rise/fall from 10% to 90% of steady-state values. The response time can be calculated as follows:",106,106,**3. High-Speed NIR OPDs for Optical Wireless Communication**,,,meta-llama/llama-4-scout-17b-16e-instruct,NONE,llama-3.3-70b-versatile,NONE,True
O_ISAC_203,4D,intensity_only,intensity,fuzzy:88.88888888888889,NONE,"The text discusses the operation mechanism of organic photodetectors (OPDs) and their limitations, but does not directly relate to the concept of intensity_only.","Here, we fabricated the first flexible self-powered O-ISAC based on high-speed NIR OPDs, achieving high-sensitivity vital signs detection and high-speed optical communication through visible and NIR light. We first prepared high-speed NIR OPDs using an ultranarrow bandgap NFA, BTPSV-4F, achieving a broad photodetection ranging from 300 to 1100 nm. Combining the advantages of the halogenation of end groups and the concerns of the multiple-component strategy, we proposed using the identical central backbones as the host NFA along with a different halogenation end group as a third component to improve the optoelectronic performance of OPD. The similar chemical structures and absorption profiles of the third components and the host acceptors ensure the excellent compatibility of these two NFAs without spectral dilution effect. Here, we introduced BTPSV-4Cl NFA as the third component in the PCE-10:BTPSV-4F system to adjust the properties of active films. Consequently, the introduction of BTPSV-4Cl in the binary device efficiently tuned the film morphologies and reduced trap states and energetic disorders in photoactive films without spectra dilution effect. As a result, the ternary NIR OPD exhibits a remarkable specific detectivity (*D\**) of 6.50 × 1013 Jones and a −3 dB cutoff frequency of 1.02 MHz ( = 1050 nm) in self-powered mode, ranking as the highest response speed in the NIR region above 1000 nm among solutionprocessed self-powered OPDs. Furthermore, we successfully prepared a flexible self-powered O-ISAC by integrating semitransparent and regular OPDs on one flexible substrate, realizing simultaneous accurate heart pulse monitoring and high-speed optical wireless communication (OWC) under ambient visible, NIR light, and sunlight. The proposed flexible O-ISAC based on highperformance NIR OPDs, preserving optical communication and high-sensitivity vital signs monitoring across a broad spectrum with various intensities, will inspire a new generation of wireless technology to address the spectrum and sensing limitations of current RF technology, offering prospective and potential applications in healthcare, industrial IoT, autonomous vehicles and intelligent transportation, and defense and security.",51,51,**High-Speed Flexible Near-Infrared Organic Photodetectors for Self-Powered Optical Integrated Sensing and Communications**,,,meta-llama/llama-4-scout-17b-16e-instruct,NONE,llama-3.3-70b-versatile,NONE,True
O_ISAC_203,4D,intensity_only,intensity,fuzzy:88.88888888888889,INDIRECT,"The text mentions the use of 950 nm light for irradiating the Sen-OPD and detecting faint light passing through fingers, which indirectly relates to the concept of intensity_only by implying the measurement of light intensity.","Realizing simultaneous sensing and communication by sharing the same spectrum and hardware represents an inevitable trend in developing next-generation wireless networks. To demonstrate the effectiveness of our flexible O-ISAC for wearable electronics, as shown in **Figure 5**[a,](#page-7-0) we attach the flexible O-ISAC to a finger to simultaneously monitor pulse signals and receive highspeed modulated incident light for optical wireless communication. Com-OPD connects with the oscilloscope to receive the optical signals emitted from the LED modulated by the signal generator, while Sen-OPD detects the faint light passing through fingers. In addition to attaching to fingers, the flexible O-ISAC can be attached to other curved substrates for sensing and communication, such as mice and pens (Figure S31, Supporting Information). The semitransparent Sen-OPD exhibits a stable *I–T* curve when irradiating the Sen-OPD from the side of the Ag top electrode using 950 nm light (Figure S32, Supporting Information). When irradiating the finger using indoor ambient and 950 nm NIR light, the Sen-OPD exhibits clear PPG signals in self-powered mode (Figure [5b\)](#page-7-0). Moreover, the device shows distinct pulse signals under irradiation with various intensities in ambient light (0.45 to 3.17 mW cm<sup>−</sup>2) and sunlight (0.03 to 0.8 sun), which effectively broadens their practical applications (Figures S33 and S34, Supporting Information). Owing to the high flexibility of the Sen-OPD, it displays a stable and precise PPG waveform under bending with a radius of 7.5 mm (Figure [5c\)](#page-7-0). By analyzing the PPG data using the Fast Fourier Transform (FFT), we can convert the time domain of the PPG signals into the frequency domain to obtain the heart rate (HR) and respiration rate (RR).[\[52\]](#page-9-0) As shown in Figure [5d,](#page-7-0) the peak at the frequency of 0.33 Hz in the FFT waveform represents the RR of 20 breaths per minute (bpm), while the high-amplitude peak observed at the frequency of 1.03 Hz corresponds to the HR of 62 bpm. After walking slowly for 5 min, the RR and HR increase to 40 and 100 bpm, respectively, which exhibits a high consistency with the commercial smartwatches (Figure S35, Supporting Information). Visible and NIR LEDs can emit high-frequency light signals by coding the information using a signal generator via the American Standard Code for Information Interchange (ASCII). These optical signals are converted into electric signals via OPD and displayed on the oscilloscope. As shown in Figure [5e](#page-7-0) and Figure S36 (Supporting Information), the flexible O-ISAC successfully transmits the PPG results using ambient and NIR light in self-powered mode: 'HR:62; RR:20′. To confirm the practical applications of the flexible O-ISAC, we designed a readout integrated circuit for optical communication (Figure S37, Supporting Information), achieving real-time audio transmission via O-ISAC under ambient visible and NIR light (Video S1 and Video S2, Supporting Information). Owing to the high-speed optical communication and high-sensitivity optical sensing functions, the flexible O-ISAC displays significant potential applications in intelligent medical care, remote surgery, and IoT that require highspeed data transmission and high-sensitivity sensing (Figure [5f\)](#page-7-0). Moreover, these encouraging findings directly prove that flexible O-ISAC has significant potential to revolutionize next-generation",138,138,**4. Device Architecture and Optoelectronic Performance of Flexible O-ISAC** > **5. Applications of Flexible O-ISAC System**,,,meta-llama/llama-4-scout-17b-16e-instruct,INDIRECT,llama-3.3-70b-versatile,INDIRECT,True
O_ISAC_203,4D,intensity_only,intensity,lexical,NONE,"The text discusses the fabrication and performance of a flexible self-powered O-ISAC based on high-performance NIR OPDs, but does not directly relate to the concept of intensity_only.","In conclusion, we have successfully fabricated a flexible selfpowered O-ISAC based on high-performance NIR OPDs, simultaneously realizing optical sensing and communication under ambient visible and NIR light. We introduce the narrow-bandgap BTPSV-4Cl NFA into the PCE-10:BTPSV-4F system to finely tune the film morphology, efficiently reducing trap states and energetic disorders and significantly improving sensitivity and response speed. The resulting NIR OPD exhibits a broad photodetection ranging from 300 to 1100 nm comparable to Si PD, *D\** of over 1013 Jones, and -3 dB cutoff frequency above 1 MHz ( = 1050 nm) in self-powered mode, ranking as the fastest among solution-processed self-powered OPDs in the NIR II region above 1000 nm. After working in ambient (light intensity 3.17 mW cm<sup>−</sup>2) for 27 000 cycles, the device can maintain over 99% initial photoresponse. More importantly, the flexible NIR OPD demonstrates negligible performance degradation (*<*0.1%) after mechanical bending 500 cycles. Based on the outstanding performance of the NIR OPD, a flexible O-ISAC, fabricated by integrating regular and semitransparent OPDs, realizes simultaneous accurate vital signs monitoring and high-speed data transmission under ambient visible and NIR lighting conditions without energy consumption. We believe the novel self-powered O-ISAC based on high-speed NIR OPDs will revolutionize ISAC <span id=""page-8-0""></span>**[www.advancedsciencenews.com](http://www.advancedsciencenews.com) [www.afm-journal.de](http://www.afm-journal.de)**",148,148,**4. Device Architecture and Optoelectronic Performance of Flexible O-ISAC** > **5. Applications of Flexible O-ISAC System** > **6. Conclusion**,,,meta-llama/llama-4-scout-17b-16e-instruct,NONE,llama-3.3-70b-versatile,NONE,True
O_ISAC_203,4D,intensity_only,intensity,fuzzy:88.88888888888889,NONE,"The text describes the device fabrication process, but does not mention anything related to the concept of intensity_only.","*Characterizations*: OPDs were tested in an electromagnetic shielding box to reduce external electromagnetic interference, with all tests conducted in the air. A semiconductor device analyzer (KEYSIGHT, B1500A) recorded dark current and photocurrent. The noise current was conducted using the semiconductor analyzer and then digitized using FFT analysis. EQE measurements were performed over a range of 300–1100 nm using an Enlitech QE-R EQE system, which was equipped with a standard Si diode. The transient response was captured by a digital oscilloscope (Tektronix MDO32), using square wave pulse light generated by a function generator (RIGOL, DG 1022). A series of light intensities, calibrated by an optical power meter (PM100D) coupled with a Si detector (S121C), was used to measure the linear dynamic range under these conditions. Thin-film thicknesses were determined using a Dektak 150 surface profiler. Current signals of the flexible OPD arrays were also tested using the semiconductor device analyzer.",160,160,**7. Experimental Section**,,,meta-llama/llama-4-scout-17b-16e-instruct,NONE,llama-3.3-70b-versatile,NONE,True
O_ISAC_206,4D,imdd,instant messaging and data download,fuzzy:100.0,NONE,The provided snippet does not contain any direct or indirect mention of the concept 'imdd'. It appears to be a mathematical expression related to matrix operations and does not provide any relevant information about 'imdd'.,and,361,361,"<span id=""page-4-5""></span><span id=""page-4-4""></span> $\mathcal{P}.1\text{-}2$ : Optimization for communication's analog part",,,meta-llama/llama-4-scout-17b-16e-instruct,NONE,llama-3.3-70b-versatile,NONE,True
O_ISAC_206,4D,intensity_only,intensity,lexical,INDIRECT,"The concept of intensity_only is related to the sensing interference intensity, which is mentioned in the context as varying significantly with different channel realizations. However, the main focus is on introducing a relative MSE threshold, making the connection to intensity_only indirect.","the sensing interference intensity may vary significantly with different channel realizations, it is difficult to determine a fixed MSE threshold remaining proper under all channel conditions. Therefore, we introduce a relative MSE threshold related to  $\boldsymbol{H}_{\mathrm{C}}$  and  $\boldsymbol{H}_{\mathrm{S}}$  as follows:",168,168,B. Communication Performance Criterion,,,meta-llama/llama-4-scout-17b-16e-instruct,INDIRECT,llama-3.3-70b-versatile,INDIRECT,True
O_ISAC_206,4D,intensity_only,strength,lexical,NONE,"The context does not mention intensity or any related concept, focusing instead on BER performance comparisons and the impact of various parameters on it, with no direct or indirect connection to intensity_only.","In Fig. 6, the BER performance of BPM-ISAC-MBS with different  $N_{\rm t}$  and  $\mu$  is presented. As  $\mu$  increases, strengthening the communication constraint, the BER performance gradually decreases. The BER performance of  $N_{\rm t}=64$  is better than the case of  $N_{\rm t}=32$  due to the array gain. The BER performance with the on-grid beamspace channel and unoptimized digital precoder is presented, which is consistent with APEP analysis at high SNR regions. The APEP lower bound is also presented according to Eq. (34). It can be observed that the on-grid case has better BER performance than the normal case at the low SNR region. This is due to that Gaussian noise is the main interference factor at low SNR and the communication beams of the on-grid case have more concentrated energy without beam leakage. At high SNR, sensing interference becomes the main interference and these two cases perform similarly.",629,629,VI. SIMULATIONS > A. Communication Performance,,,meta-llama/llama-4-scout-17b-16e-instruct,NONE,llama-3.3-70b-versatile,NONE,True
O_ISAC_218,4D,intensity_only,strength,lexical,NONE,The text does not mention intensity-only measurements or concepts directly related to the intensity of signals or light.,- We experimentally investigate various retroreflector and optical modulator materials and characterize the retroreflected DC and AC signal strengths with a tag positioned on the user plane at a vertical distance of 5 m.,32,32,Hybrid MRR-Assisted Long-Range SDMA for RO-ISAC Systems in Industry IoT Applications > I. INTRODUCTION,,,meta-llama/llama-4-scout-17b-16e-instruct,NONE,llama-3.3-70b-versatile,NONE,True
O_ISAC_218,4D,intensity_only,strength,lexical,NONE,"The text discusses OWC, ISAC systems, and related technologies but does not directly or indirectly mention intensity-only concepts.","OWC is a promising technology for 6G networks [1], where related positioning techniques commonly rely on received signal strength (RSS), angle of arrival (AoA), and time of flight (ToF) [2]. Owing to its dominant line-of-sight (LoS) propagation, OWC achieves superior ranging accuracy compared to RF-based systems [3]–[5], making it particularly suitable for environments such as industrial logistics, hospitals, and underground tunnels.",37,37,Hybrid MRR-Assisted Long-Range SDMA for RO-ISAC Systems in Industry IoT Applications > II. RELATED WORKS,,,meta-llama/llama-4-scout-17b-16e-instruct,NONE,llama-3.3-70b-versatile,NONE,True
O_ISAC_218,4D,intensity_only,strength,lexical,INDIRECT,"The text mentions 'downlink illumination level' and 'uplink signal strength', which are related to intensity, but it does not directly focus on intensity-only measurements.","1) Thermal Management: The design of the dispersive transmitter array was guided by the dual objectives of achieving a downlink illumination level on the user plane while maximizing uplink signal strength. To provide approximately 200 lux in a 5-meter range, the array was populated with 200 surface-mount LEDs. The geometric arrangement of these LEDs is critical for uplink. As established in [17], the radius of the array disk shall be the same as the diameter of corner cube retro-reflector. As shown in Fig. 3a, the disk radius is 50 mm. Considering all possible tag locations on the user plane, the downlink optical signals from LEDs positioned near the central receiver on the disk are more likely to be retroreflected back to the receiver. This occurs because, at larger horizontal offsets, the leaf-shaped effective reflecting area reduces to include only the LEDs surrounding the receiver at the disk center, as illustrated in Fig. 7 of [17]. Therefore, instead of a uniform distribution, the LEDs were arranged in a circular array with a radially graded density, increasing towards the center. This centrally-weighted configuration, depicted in Fig. 4a, enhances the uplink's signal-to-noise ratio (SNR) without compromising the overall illumination footprint. The central area of the array was left vacant to accommodate the optical receiver.",158,158,C. Successive Interference Cancellation for Multi-Region Signal Separation > A. LED Light Source Design and Setup,,,meta-llama/llama-4-scout-17b-16e-instruct,INDIRECT,llama-3.3-70b-versatile,INDIRECT,True
O_ISAC_218,4D,intensity_only,intensity only,fuzzy:85.71428571428572,DIRECT,"The snippet directly discusses the performance of various retroreflector materials in terms of 'back-reflection efficiency' and 'intensity roll-off as a function of lateral displacement', which is closely related to the concept of intensity.","The 3M flexible micro-prism array reflective sheet presents a different performance curve. Its absolute reflectivity is the lowest in the 0–70 cm test range, but its intensity roll-off as a function of lateral displacement is the most gradual of the tested materials, indicating a wider off-axis response range.",212,212,"2 A DC current, and provides a 5 GHz bandwidth—sufficient to accommodate the OFDM signal spectrum. > B. Retro-reflector and OOK Frequency Selection",,,meta-llama/llama-4-scout-17b-16e-instruct,DIRECT,,,False
O_ISAC_218,4D,intensity_only,intensity,lexical,INDIRECT,"The text discusses the relationship between the drive voltage and the total reflected optical intensity of the system, but does not directly state that the intensity is the only factor being considered.","With a 5V-driven TN shutter (Fig. 7b), the hollow aluminum (Al) coated corner cube exhibited the highest combined performance. With a 10V-driven TN shutter (Fig. 7c), the hollow Alcoated prism also showed the highest performance; however, the total reflected optical intensity of the system was lower compared to the 5V case.",225,225,"2 A DC current, and provides a 5 GHz bandwidth—sufficient to accommodate the OFDM signal spectrum. > B. Retro-reflector and OOK Frequency Selection",,,meta-llama/llama-4-scout-17b-16e-instruct,INDIRECT,llama-3.3-70b-versatile,INDIRECT,True
O_ISAC_219,4D,intensity_only,intensity,lexical,INDIRECT,"The concept 'intensity_only' is related to the enhancement of the intensity of the reflected optical signal, which is mentioned in the context of RO-ISAC systems. However, the text does not directly focus on 'intensity_only' but rather discusses various aspects of RO-ISAC systems, including channel modeling, waveform design, and bidirectional transmission, making the connection indirect.","Lately, retroreflective optical ISAC (RO-ISAC) has been further proposed which introduces a retroreflective module such as corner cube reflector (CCR) to enhance the intensity of the reflected optical signal via light retroreflection [6]. Although RO-ISAC reveals its potential for future 6G networks, the research of RO-ISAC is still at the early stage which mainly focuses on the topics such as channel modeling, waveform design, bidirectional transmission, etc. For channel modeling in RO-ISAC systems, both a point source model and an area source model of the reflected sensing channel were proposed in [6]. For waveform design in RO-ISAC systems, multiple integrated waveforms were proposed such as pulse sequence sensing and pulse position modulation (PSS-PPM) [7], integrated pulse amplitude modulation (PAM) [8], orthogonal frequency division multiplexing (OFDM) waveforms [9]–[11], hybrid PAM and OFDM waveform [12], OFDM-embedded maximum length sequence (OFDM-MLS) [13], and so on. For bidirectional transmission in RO-ISAC systems, time division duplexing based half-duplex bidirectional transmission was proposed in [14] and wavelength division duplexing based fullduplex bidirectional transmission was proposed in [12]. Moreover, an optical integrated communication, sensing, and power transfer (O-ICSPT) system was experimentally validated in [15], which further integrates wireless optical power transfer into the RO-ISAC system. As can be found from the existing literature, the current RO-ISAC research mostly considers a point-to-point RO-ISAC system which only performs singleuser communication and single-target sensing. However, practical RO-ISAC systems might consist of multiple users and hence both multiuser communication and multi-target sensing should be considered in RO-ISAC systems [16].",27,27,I. INTRODUCTION,,,meta-llama/llama-4-scout-17b-16e-instruct,INDIRECT,llama-3.3-70b-versatile,INDIRECT,True
O_ISAC_219,4D,intensity_only,intensity,lexical,DIRECT,The snippet explicitly mentions 'modulate the intensity of the light emitted by the laser diode (LD) transmitter' and 'intensity' is a key aspect of the described modulation and demodulation process.,"After digital-to-analog (D/A) conversion, the OFDM-MLS-CIM signal is further combined with a direct current (DC) bias and the resultant signal is employed to modulate the intensity of the light emitted by the laser diode (LD) transmitter. At each user receiver, a photo-detector (PD) is adopted to convert the detected optical signal into an electrical signal and analog-todigital (A/D) conversion is further conducted to obtain a digital OFDM-MLS-CIM signal. Subsequently, time synchronization is executed and OFDM-MLS-CIM demodulation is performed to recover the transmitted bits for each user. The detailed procedures of OFDM-MLS-CIM modulation and demodulation will be discussed in Subsection II.B.",88,88,I. INTRODUCTION > II. PRINCIPLE > *A. System Principle*,,,meta-llama/llama-4-scout-17b-16e-instruct,DIRECT,,,False
O_ISAC_220,4D,intensity_only,magnitude,lexical,NONE,"The snippet discusses the frequency domain and the magnitude frequency response of the RRC filter, but does not directly relate to the concept of intensity_only.","Onto the frequency domain, the magnitude frequency response of the RRC filter is characterized by its piecewise-defined spectral profile with controlled out-of-band attenuation. The normalized frequency response can be mathematically defined as",44,44,A. Dense and Compatible ISAC Based on DSCM and Frequency Modulation of Sensing Information,,,meta-llama/llama-4-scout-17b-16e-instruct,NONE,llama-3.3-70b-versatile,NONE,True
O_ISAC_220,4D,intensity_only,magnitude,lexical,NONE,"The snippet provides a mathematical definition of the frequency response and discusses the spectral magnitude of the RRC shaped signal, but does not directly relate to the concept of intensity_only.",It indicates that the spectral magnitude of the RRC shaped signal strictly vanishes when  $|f| > \frac{1+\alpha}{2D}$ .,48,48,A. Dense and Compatible ISAC Based on DSCM and Frequency Modulation of Sensing Information,,,meta-llama/llama-4-scout-17b-16e-instruct,NONE,llama-3.3-70b-versatile,NONE,True
O_ISAC_237,4D,intensity_only,strength,lexical,INDIRECT,"The concept of intensity_only is related to the strength of each pseudotarget, which can be computed directly from the RDM, but the context does not directly discuss intensity_only.","At the sensing stage, we have found the normalized delay and Doppler frequency of the P targets:  $(\hat{l}_p, \hat{k}_p)$  (p = $1, \dots, P$ ). Due to the pulse shaping filtering, the effective channel has  $\widetilde{P} = (2\Delta + 1)P$  paths (see equation (6)). The pulse shaping creates  $2\Delta + 1$  pseudo-targets (include the real target) around each real target. For channel estimation purposes, at each of the detected targets, we need to estimate all the  $(2\Delta + 1)$  paths. Fortunately, based on the sensing results, we have the estimations of the normalized delay and Doppler frequency of the pseudo-targets as:  $\left\{ \left( \widehat{l}_p - \Delta, \widehat{k}_p \right), \left( \widehat{l}_p - \Delta + 1, \widehat{k}_p \right), \dots, \left( \widehat{l}_p + \Delta, \widehat{k}_p \right) \right\},$   $(p = 1, \dots, P, j = -\Delta, \dots, \Delta)$  The strength of each pseudotarget can also be computed directly from the RDM (see equation (10)) as  $A_{p,j} = |R(D_{p,j}, K_{p,j})|$ , where  $D_{p,j} = l_p + j$ and  $K_{p,j} = k_p$  are normalized delay and Doppler frequency of the  $(2\Delta + 1)$  pseduo-targets within the target cluster p. Thus, after the sensing, we have the path delays and Dopplers:  $\hat{\tau}_p$ and  $\hat{f}_{d,p}$ , for all the  $\tilde{P}$  paths of the effective channel.",248,248,IV. SENSING-AIDED CHANNEL ESTIMATION AND INTERFERENCE CANCELLATION,,,meta-llama/llama-4-scout-17b-16e-instruct,INDIRECT,llama-3.3-70b-versatile,INDIRECT,True
O_ISAC_237,4D,intensity_only,strength,lexical,NONE,"The context does not mention intensity_only or any related concept, focusing instead on sensing-aided channel estimation and the procedure for estimating channel coefficients.","After finding the path delays and Doppler frequencies, the remaining task is to estimate the channel coefficients of all the paths. We use a SIC algorithm to estimate the time domain channel coefficients. Firstly, we estimate the channel coefficient of the most significant path. Then, we regenerate the signal corresponding to the most significant path and cancel it from the received signal before we estimate the channel coefficient of the second significant path. The procedure continues until we estimate the channel coefficients for all the P paths. For simplicity and without loss of generality, in the following we assume that the paths are ordered according to their strengths. Let  $h_p$ ,  $\tilde{\tau}_p$  and  $f_{d,p}$   $(p=1,\cdots,P)$  denote the time domain channel coefficient, delay and Doppler frequency of the pth significant path, respectively. Denote  $\tilde{\epsilon}_p$  as the normalized delay of the pth significant path, with  $l_p$  being its estimation, and  $f_{d,p}$  as the Doppler frequency estimation for the pth significant path. Consequently, the reference signal for the pth significant path can be regenerated as,",252,252,IV. SENSING-AIDED CHANNEL ESTIMATION AND INTERFERENCE CANCELLATION > B. Sensing-Aided Channel Estimation,,,meta-llama/llama-4-scout-17b-16e-instruct,NONE,llama-3.3-70b-versatile,NONE,True
O_ISAC_237,4D,complex_field,field complexity,fuzzy:85.71428571428572,NONE,The snippet does not mention or imply the concept of complex_field directly or indirectly.,#### E. The computational complexity,349,349,IV. SENSING-AIDED CHANNEL ESTIMATION AND INTERFERENCE CANCELLATION > B. Sensing-Aided Channel Estimation > C. Analysis on the Sensing-Aided Channel Estimation > E. The computational complexity,,,meta-llama/llama-4-scout-17b-16e-instruct,NONE,llama-3.3-70b-versatile,NONE,True
O_ISAC_237,4D,complex_field,field complexity,fuzzy:85.71428571428572,INDIRECT,"The snippet discusses computational complexity, which may involve complex fields in the context of signal processing, but does not directly mention complex fields.",TABLE I: The computational complexity,361,361,IV. SENSING-AIDED CHANNEL ESTIMATION AND INTERFERENCE CANCELLATION > B. Sensing-Aided Channel Estimation > C. Analysis on the Sensing-Aided Channel Estimation > E. The computational complexity,,,meta-llama/llama-4-scout-17b-16e-instruct,INDIRECT,llama-3.3-70b-versatile,INDIRECT,True
O_ISAC_241,4D,intensity_only,magnitude,lexical,NONE,"The concept of intensity_only is not directly mentioned or implied in the given context, which focuses on extracting delay and Doppler taps for target detection.","Afterwards, the target information vector  $\mathbf{h_0}$  is reshaped into an  $M \times N$  matrix  $\mathbf{h_1}$  according to the format of  $\mathbf{X_{rad}}$ . By identifying the positions of elements in the  $\mathbf{h_1}$  with magnitudes substantially exceeding the noise gate in the DD plane, the delay tap  $l_i$  and Doppler tap  $k_i$  of the i-th target can be obtained. For better illustration, we present a simulation case with five radar targets and visualize the matrix  $\mathbf{h_1}$  in Fig. 3 as an example. In the example, we transmit OTFS signals carrying 16-QAM symbols and set both M and N to be 64. As shown in the Fig. 3, both delay and Doppler taps can be extracted separately for each target. Consequently, the range R and velocity V of the i-th target can be calculated by",109,109,Photonics-Assisted Millimeter-Wave Integrated Sensing and Communication Based on OTFS > I. INTRODUCTION > B. Rada Receiver Processing,,,meta-llama/llama-4-scout-17b-16e-instruct,NONE,llama-3.3-70b-versatile,NONE,True
O_ISAC_241,4D,intensity_only,intensity,lexical,INDIRECT,"The concept of intensity_only is indirectly related to the context, as the peak amplitude in the range-velocity profiles is mentioned to correspond to the echo intensity of the target, but the primary focus is on the ranging performance and not solely on intensity.","In the radar function demonstrations, the 5 Gbaud 16QAM-OTFS waveform is employed. Firstly, we conducted a set of experiments to evaluate the single-target ranging performance of the system. A corner reflector is employed and positioned 21 cm, 60 cm, and 93 cm away from the radar receiving antenna, respectively. Figs. 11 to 13 show the range-velocity profiles obtained from the single-target detection at different distances. Since the target remains stationary, the target peaks are all located on the axes where the velocity is zero. The peak amplitude in the figure corresponds to echo intensity of the target, where",222,222,C. Performance Trade-Off Between OTFS Communication and Radar > D. Photonics-Assisted Mmwave ISAC Based on OTFS > III. EXPERIMENTAL SETUP AND RESULTS,,,meta-llama/llama-4-scout-17b-16e-instruct,INDIRECT,llama-3.3-70b-versatile,INDIRECT,True
O_ISAC_241,4D,json:rx_detection_type,,json,DIRECT,Structured receiver field,,,,,scenario_level[0].receiver.rx_detection_type,direct,json,DIRECT,,,False
O_ISAC_242,4D,imdd,im/dd,lexical,INDIRECT,"The concept 'imdd' is related to the context of optical systems, but it is not explicitly mentioned in the given text snippets. However, the term 'IM/DD' is mentioned in snippet [12], which refers to 'Intensity Modulation/Direct Detection', a technique used in optical communication systems. This implies an indirect relationship between the concept and the context.","- [12]. B. Sang, W. Zhou, Y. Tan, M. Kong, C. Wang, M. Wang, L. Zhao, J. Zh ang, and J. Yu, ""Low Complexity Neural Network Equalization Based o n Multi-Symbol Output Technique for 200+ Gbps IM/DD Short Reach O ptical System,"" Journal of Lightwave Technology, vol. 40, no. 9, pp. 289 0-2900, May. 2022.",134,134,IV. CONCLUSION > REFERENCES,,,meta-llama/llama-4-scout-17b-16e-instruct,INDIRECT,llama-3.3-70b-versatile,INDIRECT,True
O_ISAC_242,4D,json:rx_detection_type,,json,DIRECT,Structured receiver field,,,,,scenario_level[0].receiver.rx_detection_type,direct,json,DIRECT,,,False
O_ISAC_245,4D,intensity_only,magnitude,lexical,NONE,"The concept 'intensity_only' is not mentioned or implied in the given snippet, which focuses on dynamic target detection and correct detection probability.","In our method, we can determine the number of detected targets by counting the significant non-zero elements in sparse vector  $\boldsymbol{b}$ . We empirically select an appropriate threshold  $\sigma_{\text{th}}$  is set as 0.9. When the magnitude of the l-th complex gain  $b_l$  exceeds this threshold, the existence of the l-th target is confirmed. Fig. 4 depicts the performance curve of correct detection probability  $P_{\text{cd}}$  of different dynamic target numbers versus SNR. A correct detection is only considered successful if all targets are accurately identified in the multi-target scenario. The experimental results are based on 100 Monte Carlo trials. For SNR values above 10 dB,  $P_{\text{cd}}$  can almost approach 100% within different target numbers. In the single-target scenario,",221,221,MCMC-Based Sparse Bayesian Learning for Super-Resolution Receiver in ISAC Systems > B. Dynamic Target Detection,,,meta-llama/llama-4-scout-17b-16e-instruct,NONE,llama-3.3-70b-versatile,NONE,True
O_ISAC_248,4D,coherent,coherent detection,lexical,INDIRECT,"The concept 'coherent' is related to 'coherent detection' mentioned in the context, which implies a connection to the concept, but it is not the main focus of the text.","Nowadays, the possibility to make sensitive the telecommunications (TLC) fibers is an ambitious target to pursue joint communications and sensing. On the other hand, few-mode fibers (FMFs) are today proposed for high capacity space-division multiplexing (SDM) transmission, with a careful management of the intermodal crosstalk (IMXT), achieved by full-MIMO based coherent detection [1] or by mode-group transmission [2]. FMFs appears also interesting for applications in optical sensing [3]: in fact, various linearly polarized (LP) modes inside the FMF respond differently when subjected to external perturbations, such as temperature, pressure and strain: consequently, numerous parameters can be analyzed simultaneously by monitoring the interference between two modes [4]. Usually a short spool of FMF, some meters long, spliced between two pieces of standard singlemode fiber (SMF) is used to achieve a SMF-FMF-SMF structure, by exploiting the overlap integral in the splice points between the SMF fundamental mode and the higher-order modes of the FMF [5].",21,21,Exploitation of FMF capabilities for joint communications and sensing > I. INTRODUCTION,,,meta-llama/llama-4-scout-17b-16e-instruct,INDIRECT,llama-3.3-70b-versatile,INDIRECT,True
O_ISAC_248,4D,json:rx_detection_type,,json,DIRECT,Structured receiver field,,,,,scenario_level[0].receiver.rx_detection_type,direct,json,DIRECT,,,False
O_ISAC_252,4D,intensity_only,intensity,lexical,NONE,"The text does not mention intensity directly, it talks about atmospheric turbulence and its effects on signal quality.","In recent years, satellite-ground laser communication technology has developed rapidly. In September 2024, the French tech company Unseenlabs achieved the world's first laser communication between a satellite and a commercial ground station, laying the foundation for space-based laser communication applications. However, atmospheric turbulence poses a serious obstacle to high-quality satellite-ground laser communication, as it causes the laser beam to refract, leading to wavefront distortion[1], which affects signal quality. Therefore, accurately sensing turbulence and implementing adaptive control has become a key issue[2]. Currently, atmospheric turbulence identification mainly relies on meteorological data such as wind speed for prediction. However, there are significant differences in the mapping relationship between meteorological data from different regions and turbulence, making the mapping challenging and reducing the accuracy of identification. Additionally, the coarse granularity of identification limits the effectiveness of adaptive control technologies. To address these issues, this paper proposes an atmospheric turbulence identification and adaptive control system based on the Integrated Sensing and Communication (ISAC) framework. In the satellite-ground laser communication process, the communication beam is captured by the wavefront sensor at the receiving end. Due to the impact of atmospheric turbulence, the wavefront is distorted, causing the propagation direction of the sub-beams to shift. Subsequently, the optical detector records the spot positions formed by each subbeam and reconstructs the shape of the entire wavefront, generating a 3D beam distortion map. We innovatively use this 3D beam distortion map as the input to the system. The distortion data of the beam is mapped to the intensity of the turbulence, and an improved dynamic graph convolutional neural network(DGCNN) is used to identify turbulence intensity levels, achieving a nine-class classification of atmospheric turbulence intensity. Based on the identification results, fine-grained dual-layer adaptive control of output power and modulation format is implemented, ensuring highquality communication for the satellite-ground optical network(SGON).",19,19,An Adaptive Control System for Satellite-Ground Laser Communication Based on Integrated Sensing and Communication > I. INTRODUCTION,,,meta-llama/llama-4-scout-17b-16e-instruct,NONE,llama-3.3-70b-versatile,NONE,True
O_ISAC_252,4D,intensity_only,intensity,lexical,INDIRECT,"The text mentions turbulence intensity identification, but it does not directly discuss the concept of intensity_only.","As shown in Fig.1, this paper proposes using a wavefront sensor at the receiver to capture distortion image data of the communication beam and employs a turbulence intensity identification algorithm based on dynamic graph",29,29,A. Introduction of the overall framework,,,meta-llama/llama-4-scout-17b-16e-instruct,INDIRECT,llama-3.3-70b-versatile,INDIRECT,True
O_ISAC_252,4D,intensity_only,intensity,lexical,INDIRECT,"The text talks about precise identification of turbulence intensity using DGCNN, but it does not directly discuss the concept of intensity_only.","DGCNN is a deep learning model designed to handle graph data with irregular structures. We use the algorithm to extract the distortion features of the beam, combined with mixed precision training and GradScaler techniques for model training, thereby achieving precise identification of turbulence intensity.",35,35,B. Algorithm Introduction,,,meta-llama/llama-4-scout-17b-16e-instruct,INDIRECT,llama-3.3-70b-versatile,INDIRECT,True
O_ISAC_252,4D,intensity_only,intensity,lexical,DIRECT,The context mentions 'Turbulence Intensity Identification Algorithm' which directly implies 'intensity'.,#### Algorithm 1:Turbulence Intensity Identification Algorithm Based on DGCNN(TII - DGCNN),39,39,B. Algorithm Introduction > TABLE I ALGORITHM PSEUDO CODE PROGRAM > Algorithm 1:Turbulence Intensity Identification Algorithm Based on DGCNN(TII - DGCNN),,,meta-llama/llama-4-scout-17b-16e-instruct,DIRECT,,,False
O_ISAC_252,4D,intensity_only,intensity,lexical,INDIRECT,"The concept of intensity_only is related to the output of intensity levels, but the process involves converting 3D image data into point cloud data, which is an indirect step to achieve the intensity levels.",Output: The intensity levels of atmospheric turbulence,43,43,B. Algorithm Introduction > TABLE I ALGORITHM PSEUDO CODE PROGRAM > Algorithm 1:Turbulence Intensity Identification Algorithm Based on DGCNN(TII - DGCNN),,,meta-llama/llama-4-scout-17b-16e-instruct,INDIRECT,llama-3.3-70b-versatile,INDIRECT,True
O_ISAC_252,4D,json:rx_detection_type,,json,DIRECT,Structured receiver field,,,,,scenario_level[0].receiver.rx_detection_type,direct,json,DIRECT,,,False
O_ISAC_259,4D,intensity_only,magnitude,lexical,NONE,"The concept 'intensity_only' is not mentioned or implied in the given snippet, which discusses signal-to-noise ratio, BER performance, and comparisons between different methods and parameters.","For the AWGN channel, we examine the BER performance among the theoretical bound, our proposed PD-based approach with  $\theta = 0.5$  and  $\theta = 0.6$ , and the benchmark method in [10] with corresponding parameters  $\rho = 0.288$  and  $\rho =$ 0.161, respectively. As shown in Fig. 8, our method with  $\theta =$ 0.5 achieves substantially better BER performance compared to the method in [10] with  $\rho = 0.288$ . Specifically, as SNR increases beyond 10 dB, our approach with  $\theta = 0.5$ demonstrates significantly superior performance in terms of BER, with the BER curve descending more rapidly compared to the benchmark method with  $\rho = 0.288$ , eventually achieving nearly an order of magnitude lower error rate at higher SNR values. Similarly, comparing our method with  $\theta = 0.6$  to the benchmark with  $\rho = 0.161$ , we still observe performance advantages, though the gap narrows somewhat. The theoretical curve serves as a reference, showing that all practical implementations exhibit expected performance degradation, with our proposed method maintaining closer alignment to this theoretical bound.",516,516,Algorithm 1 ADMM-PLPOI Algorithm for PLPOI Wavefrom Design > *B. Communication Performance Analysis*,,,meta-llama/llama-4-scout-17b-16e-instruct,NONE,llama-3.3-70b-versatile,NONE,True
O_ISAC_272,4D,intensity_only,magnitude,lexical,NONE,"The text discusses range-velocity estimation results, detection capabilities, and estimation errors, but does not mention intensity-only concepts.","Figure 3 presents parameter estimation errors over range or velocity, demonstrating that the subspace projection-based approach achieves significantly lower errors than baseline methods. In the baseline schemes, range and velocity are uniformly discretized, whereas the proposed method directly selects discrete (r, v) pairs via subspace projection. The parameter estimation differs between the baseline and our proposed scheme. The baseline methods select the largest discrete values, defined by multiples of the resolution, that do not exceed the true parameters, while the proposed method identifies the points closest to the true values with error bounded by the step size. Although increasing range reduces estimation peak magnitudes due to large-scale fading (as shown in Fig. 2), reliable detection remains feasible within acceptable SNR levels and target ranges. Absolute range errors depend primarily on discretization resolution, with performance degradation at longer range manifesting as peak reduction rather than estimation inaccuracy. Velocity estimation simulations were",218,218,Three-Stage Super-Resolution Estimation of Target Parameter in OCDM ISAC Systems > A. Parameter Estimation Results,,,meta-llama/llama-4-scout-17b-16e-instruct,NONE,llama-3.3-70b-versatile,NONE,True
O_ISAC_276,4D,intensity_only,magnitude,lexical,NONE,"The text discusses the advantages of optical sensors and their applications, but does not mention intensity-only measurements.","The reflective events can also correspond to fiber faults such as disconnected connector or poor quality splice as well as existing in-line components with acceptable level of return loss. In the access network, dedicated FBG reflectors placed close to the customer end are envisioned for link monitoring provided that the differential length of the drop branches is large enough to avoid overlap of the reflectors' peaks in the reflectometry trace [\[5\].](#page-8-0) That way, the link can be tested by checking peak amplitude difference with respect to the reference measurement results. Analogically to sensing, a non-zero amplitude difference indicates link health issue in a line corresponding to a given peak. In either case (sensing or monitoring), the peak amplitude measurement determines accuracy of the fault magnitude calculation and/or sensor indication, which is crucial for evaluation of the event severity.",42,42,Parallel Path Effect-Free Remote Monitoring and Sensing in Live XGS-PON Using Legacy Optical Time Domain Reflectometry > *A. Sensing in Passive Optical Networks*,,,meta-llama/llama-4-scout-17b-16e-instruct,NONE,llama-3.3-70b-versatile,NONE,True
O_ISAC_276,4D,intensity_only,magnitude,lexical,NONE,"The text presents a mathematical model for event magnitude recognition, but does not explicitly discuss intensity-only measurements.","In [\[19\],](#page-8-0) [\[28\]](#page-8-0) the authors addressed the masking of nonreflective events, which introduce only loss to the optical signal. A basic mathematical model for real event magnitude recognition from an OTDR trace impacted by the PPE was proposed, there, and later implemented in the Fiber Plant Manager prototype [\[29\].](#page-8-0) Based on the model, the (masked) event magnitude measured by the OTDR caused by an event located in one of the drop-links connected to a fully-loaded ideal splitter can be expressed with the following formula:",70,70,II. IMPACT OF THE PPE IN PRACTICE,,,meta-llama/llama-4-scout-17b-16e-instruct,NONE,llama-3.3-70b-versatile,NONE,True
O_ISAC_276,4D,intensity_only,magnitude,lexical,INDIRECT,"The text mentions the impact of the PPE on event magnitude detection and the difference between OTDR results and RSSI values, which implies a discussion of signal intensity, but does not directly address intensity-only measurements.","where N is the split ratio, andαis the attenuation factor (linear) of the real event magnitude. The formula is used to plot the masked event magnitude versus the logarithm of the linear attenuation factor representing the real event magnitude in case of a 1:8 splitter (*<sup>N</sup>* = 8) in Fig. 2. The Received Signal Strength Index (RSSI) values, which is the parameter envisioned as one of the ONT/ONU TX/RX standard diagnostics parameters in PONs, shows the optical power measurement at the module connected to a given drop line. Thus, there is no masking or PPE impacting the measurement, but such supervision relies on the access to PON protocol, it lacks fault position identification and suffers from poor measurement accuracy of +/*−*3 dB [\[30\].](#page-8-0) On the other hand, the OTDR results – although they provide the fault location – clearly show the impact of the PPE on the event magnitude detection. In the example scenario of the fully loaded 1:8 splitter, a 3 dB loss event would be recorded as about 0.2 dB loss event in the OTDR trace, while a 1 dB loss event would be recorded as about 0.1 dB loss event in the OTDR trace, which is nearing the noise threshold of the OTDR receiver. Larger splitters with more drop lines connected would obviously worsen the situation.",74,74,II. IMPACT OF THE PPE IN PRACTICE,,,meta-llama/llama-4-scout-17b-16e-instruct,NONE,llama-3.3-70b-versatile,INDIRECT,True
O_ISAC_276,4D,intensity_only,magnitude,lexical,INDIRECT,"The text discusses the impact of the PPE on event magnitude measurement and mentions the use of sensors with different operational states, which may involve intensity-only measurements, but does not directly address the concept.","One can clearly see that the PPE has large impact on event magnitude measurement, which applies to both non-reflective",100,100,II. IMPACT OF THE PPE IN PRACTICE,,,meta-llama/llama-4-scout-17b-16e-instruct,INDIRECT,llama-3.3-70b-versatile,INDIRECT,True
O_ISAC_276,4D,intensity_only,magnitude,lexical,NONE,"The provided snippet does not directly discuss intensity-only concepts, but rather focuses on OTDR signal paths, data signal paths, and issues related to network supervision and the Physical Parameter Estimation (PPE) in the context of Passive Optical Networks (PON).",and reflective events in PON. The low accuracy of the retrieved values of the real event magnitudes from the masked trace causes the risk of unreliable network supervision: false alarms or missed faults. While the other methods published in the cited works rely on major changes in the network design. None of the methods eliminates the fundamental issue of the PPE.,106,106,II. IMPACT OF THE PPE IN PRACTICE,,,meta-llama/llama-4-scout-17b-16e-instruct,NONE,llama-3.3-70b-versatile,NONE,True
O_ISAC_276,4D,complex_field,advanced field,fuzzy:85.71428571428572,NONE,The text does not mention or imply the concept of 'complex_field' directly or indirectly.,"Optical fiber monitoring and optical sensing have several fundamental similarities. The most important is that both represent single-ended (or centralized) approaches based on the use of back-scattered and/or back-reflected light as a source of monitoring and sensing information. As a result, nowadays, we see a new paradigm shift, which is the joint monitoring/sensing and communication in fiber optic networks. Ideally, a unified network supervision solution would provide both capabilities. The collected data could be used by third-party companies or city utilities to further optimize their operations[\[12\].](#page-8-0) In fact, in quest of improving revenue stream, telecom operators would consider selling sensing data, which could provoke larger investment in advanced fiber supervision systems.",44,44,Parallel Path Effect-Free Remote Monitoring and Sensing in Live XGS-PON Using Legacy Optical Time Domain Reflectometry > *A. Sensing in Passive Optical Networks*,,,meta-llama/llama-4-scout-17b-16e-instruct,NONE,llama-3.3-70b-versatile,NONE,True
O_ISAC_280,4D,intensity_only,intensity,lexical,NONE,"The provided snippet does not directly discuss or imply the concept of 'intensity_only'. It appears to describe an experimental setup and process for imaging and signal processing, without focusing on intensity as the sole aspect.","are used as imaging point targets placed on absorbing cotton for resolution verification. The two corner reflectors are staggered by ∼3.1 cm and ∼3.2 cm in the horizontal *x*-direction and vertical *y*-direction, respectively, as shown in Fig. [10\(](#page-13-0)e). The transceiver combinations of each position antenna sequentially transmit and receive the five OFDM signals shown in Table [1,](#page-8-0) and a total of 840 (14 × 12 × 5) echoes are acquired. The acquired echoes are normalized, band-pass filtered, and then divided by the original signal in the frequency domain to remove the modulation information. The spatial frequency points are selected to reconstruct the spatial spectrum matrix for fusion imaging. The experimental field is not an ideal darkroom and exhibited clutter interference from environmental objects. However, the experimental site and the target are static. In order to eliminate the influence of environmental objects and highlight the imaging target, the field that does not contain the target is first imaged by echo acquisition and the field image is subtracted from the image obtained from the final experiment to attenuate the environmental effects. The pseudo-images generated by the target multipath are removed using the method described in Section [2.2.](#page-3-1) Artifacts caused by under-sampling are essentially similar in intensity to the background noise and are eliminated by setting an intensity threshold filter for the image display. The imaging results are shown in Fig. [10\(](#page-13-0)g). Due to non-ideal factors such as antenna position calibration error and systematic deviation in the experiment, the final imaging resolution is ∼3.5 cm×∼4 cm, which is close to the theoretical resolution. In future dynamic environments, if the target is dynamic, all antennas need to complete echo acquisition simultaneously when the target is in a specific posture, otherwise blurred imaging results will be generated due to target jitter, or even be removed as a multipath pseudo-image. If the target is static and the environmental objects are dynamic, it can be analyzed in two cases. If the environmental objects do not change when all antennas complete their acquisition of the target, the imaging result will contain the environmental objects. If the environmental objects have changed during the acquisition, the pseudo-images that can be seen as generated by multipath are eliminated and the final image will still have only the target.",194,194,"**Integration of endogenous sensing and communication based on photonics-enabled cellular base station networks with a spectrum fusion algorithm** > **YANG ZHAO, JUN WAN, SHAOFU XU, AND WEIWEN ZOU\*** > *4.3. Imaging experiment results*",,,meta-llama/llama-4-scout-17b-16e-instruct,NONE,llama-3.3-70b-versatile,NONE,True
O_ISAC_283,4D,coherent,coherent detection,lexical,INDIRECT,"The concept 'coherent' is related to the context through the mention of 'coherent detection' and 'coherent receiving' in the provided snippets, indicating an indirect connection to the concept.","- 29. W. Bai, P. Li, X. Zou, *et al.*, ""Photonic super-resolution millimeter-wave joint radar-communication system using self-coherent detection,"" [Opt. Lett.](https://doi.org/10.1364/OL.472155) **48**(3), 608–611 (2023).",306,306,**4. Conclusion** > **References**,,,meta-llama/llama-4-scout-17b-16e-instruct,INDIRECT,llama-3.3-70b-versatile,INDIRECT,True
O_ISAC_283,4D,intensity_only,intensity,lexical,NONE,"The text does not mention intensity_only, it discusses microwave photonics technology, IBFD operation, and ISAC systems.","In recent years, a variety of photonics-assisted ISAC schemes have been proposed and experimentally demonstrated. These systems typically employ integrated waveform strategies, enhancing spectral and temporal utilization. Linear frequency modulation (LFM) chirps and orthogonal frequency division multiplexing (OFDM) signals are common choices that align with both sensing and communication-centric design strategies [\[3\]](#page-16-2). In sensing-centric photonics-based ISAC systems, LFM signals serve as the radio carrier, with key parameters such as amplitude, phase, and frequency modulated by communication information. For instance, LFM-encoded amplitude shift keying (ASK) integrated waveforms are synthesized using cascaded and paralleled optical intensity modulators [\[24](#page-17-5)[,25\]](#page-17-6). Additionally, a quadrature phase-shift keying (QPSK)-sliced LFM ISAC waveform is generated using a DPol-DPMZM [\[26\]](#page-17-7). Furthermore, a photonicassisted scheme achieving a direct current (DC) offset QPSK-encoded LFM ISAC signal is described in [\[27\]](#page-17-8). Previous work from our lab [\[28](#page-17-9)[–30\]](#page-17-10) proposes an ISAC system based on a photonic-multiplying approach to generate a constant envelope LFM-OFDM (CE-LFM-OFDM) ISAC signal, achieving simultaneous sensing and communication. In communication-centric photonics-based ISAC systems, highly spectral-efficient OFDM signals are widely developed. An OFDM-based ISAC system employing the optoelectronic oscillator technique is proposed and experimentally demonstrated in [\[31\]](#page-17-11). Subsequently, a tunable ISAC system based on an optoelectronic oscillator with sensing and communication capabilities is realized in [\[32\]](#page-17-12). In [\[33\]](#page-17-13), a photonic communication-centric ISAC system employs the virtual-carrier-aided self-coherent OFDM technique to address carrier frequency offset and phase noise issues.",25,25,**1. Introduction**,,,meta-llama/llama-4-scout-17b-16e-instruct,NONE,llama-3.3-70b-versatile,NONE,True
O_ISAC_283,4D,intensity_only,intensity,lexical,INDIRECT,"The text mentions photonic intensity modulation, which is related to intensity_only, but it is not the main focus of the passage.","Therefore, we proposed and experimentally demonstrated a photonic-assisted self-interference cancellation scheme for an in-band full-duplex integrated sensing and communication transceiver. In the transmitter, photonic intensity modulation and wavelength division multiplexing technology are utilized to generate multiple optical signals using an CE-LFM-OFDM ISAC signal in cofrequency and co-time full-duplex mode for radio over fiber (RoF) transmission. One of the optical signals serves as the transmitting signal, while the other functions as the cancellation reference signal. In the receiver, the received signal containing both the SOI and SI is modulated using a counter-biased MZM. Time delay and amplitude matching between the cancellation reference signal and the SI signal are accomplished in the optical domain, followed by multiplexing via a wavelength division multiplexer (WDM). By superimposing the cancellation reference signal, the SI signal is cancelled, and the SOI is recovered for communication and sensing processes after photodetection. In proof-of-concept experiments, the proposed IBFD ISAC transceiver is tested using a 10 GHz CE-LFM-OFDM ISAC RF signal with a quadrature amplitude modulation (QAM) format and a bandwidth of 2 GHz. The experimental results show that cancellation depths of 35.29 dB and 32.59 dB are achieved with bandwidths of 1 GHz and 2 GHz, respectively, in the communication receiver. The corresponding weak SOI is successfully recovered after effective SIC in the wireless link. Using the proposed IBFD ISAC transceiver, the ranging and imaging functions are also experimentally verified. The experimental results show that the cancellation depth of the SI after de-chirping is 23.6 dB when the center frequency and bandwidth of the CE-LFM-OFDM are 10 GHz and 2 GHz, respectively. Additionally, a dynamic range increase of 23.84 dB is achieved in inverse synthetic aperture radar (ISAR) imaging. A 10 cm resolution of the radar ranging is achieved for the radar function. The proposed scheme effectively cancels the SI in both communication and radar receivers, exhibiting excellent performance in the IBFD ISAC transceiver system.",31,31,**1. Introduction**,,,meta-llama/llama-4-scout-17b-16e-instruct,INDIRECT,llama-3.3-70b-versatile,INDIRECT,True
O_ISAC_283,4D,intensity_only,magnitude,lexical,NONE,"The text does not mention intensity_only or any related concepts, it discusses the communication and radar functions of an ISAC transceiver.","For the communication function, at the downlink user end, the RF ISAC signal from the proposed transceiver is received by an antenna and then amplified by a low noise amplifier (LNA) to compensate for transmission loss in free space. Subsequently, these RF signals are digitized by an analog-to-digital converter (ADC) for further digital signal processing (DSP), such as coherent down-conversion using the LFM carrier to extract the baseband CE-OFDM signal from the RF ISAC waveform, phase demodulation, OFDM demodulation, and error vector magnitude (EVM) calculation. At the uplink user end, the communication SOI is generated by a Tx source, amplified by a PA, and then radiated into free space via a transmit antenna. For the radar function, the echo signal reflected by a target is generated in free space.",80,80,**Optics EXPRESS** > 2.2. Photonic IBFD ISAC transceiver system > **Optics EXPRESS**,,,meta-llama/llama-4-scout-17b-16e-instruct,NONE,llama-3.3-70b-versatile,NONE,True
O_ISAC_286,4D,imdd,im/dd,lexical,DIRECT,"The concept 'imdd' is directly mentioned in the snippet, specifically in reference 30, as 'IM/DD OFDM Long-Reach PON', indicating a direct relationship with the concept.","- <span id=""page-10-24""></span>30. J. Zhang, C. Guo, J. Liu, *et al.*, ""Decision-Feedback Frequency-Domain Volterra Nonlinear Equalizer for IM/DD OFDM Long-Reach PON,"" [J. Lightwave Technol.](https://doi.org/10.1109/JLT.2019.2915329) **37**(13), 3333–3342 (2019).",184,184,**References**,,,meta-llama/llama-4-scout-17b-16e-instruct,NONE,llama-3.3-70b-versatile,DIRECT,True
O_ISAC_286,4D,intensity_only,intensity,lexical,DIRECT,"The concept of intensity_only is directly related to the context, which mentions 'intensity modulation' as a method used in the photonics-assisted OFDM ISAC system.","**Abstract:** The combination of orthogonal frequency-division multiplexing (OFDM) with photonics-assisted millimeter-wave (MMW) technology serves as an effective solution for realizing integrated sensing and communication (ISAC) systems. In this paper, we experimentally demonstrate a low-cost and simple photonics-assisted OFDM ISAC system using intensity modulation and envelope detection. Nonlinear distortion in the communication function of this ISAC system is compensated using decision feedback frequency domain Volterra nonlinear equalization (DF-FD-VNLE). Furthermore, the multiple signal classification (MUSIC) algorithm, implemented through subspace decomposition, is employed to enhance the low ranging resolution in radar function with limited waveform bandwidth. Experimental results indicate that the DF-FD-VNLE can achieve a 1.8 dB receiver sensitivity improvement at the hard-decision forward error correction (HD-FEC) threshold for the 4 Gbps OFDM signal over 1 m wireless transmission compared to linear equalization and 0.9 dB receiver sensitivity compared to conventional frequency domain Volterra nonlinear equalization (FD-VNLE). By utilizing the MUSIC algorithm, the radar performance is significantly improved compared to fast Fourier transform (FFT), resulting in an enhancement from 15 cm to 1 cm for single target detection and from 21 cm to 10 cm for dual target detection. Additionally, there is a significant improvement in PSLR by 18.6 dB.",5,5,**Photonics-assisted integrated sensing and communication with ranging resolution improvement by multiple signal classification**,,,meta-llama/llama-4-scout-17b-16e-instruct,NONE,llama-3.3-70b-versatile,DIRECT,True
O_ISAC_286,4D,intensity_only,intensity,lexical,NONE,There is no mention of intensity modulation or any related concept in this context.,"Compared to the multiplexing schemes, the integrated waveform method achieves the simultaneous integration of radar and communication within a single waveform, offering a more efficient utilization of wireless resources. One method of integrated waveform design is realized by embedding the communication symbol into the conventional radar waveforms, such as the linear frequency modulation (LFM) waveforms. The generation of Amplitude Shift Keying (ASK)-LFM signals or Phase Shift Keying (PSK)-LFM signals have been reported in Refs. [\[13](#page-10-10)[–15\]](#page-10-11), achieved by embedding symbol intensity or phase into LFM waveforms. Another method for creating integrated waveform is realized by combining radar signal with communication signal, with spectrum-spreading phase coding serving as an example of this approach. By incorporating radar sequence spread codes into communication sequences to generate integrated waveforms, photonics-assisted ISAC systems have been realized, achieving a ranging resolution of 3.5 cm and a communication rate of 1 Gbps [\[16\]](#page-10-12). However, this method is susceptible to signal interference between the two functions, thereby constraining system performance. Conversely, employing a unified signal for ISAC implementation could be more favorable, with OFDM waveform emerging as a feasible solution. The OFDM waveform has gained prominence in 5 G and 6 G standards due to its exceptional reliability and efficiency in communication [\[17\]](#page-10-13). In addition to the advantages in communication, utilizing OFDM waveform for ISAC offers the benefit of seamlessly achieving dual functionality without compromise [\[18\]](#page-10-14). In practical applications, when using an IQ modulator to load complex OFDM signal, complicated digital signal processing techniques (DSPs) are required at the receiving end to mitigate system impairments such as frequency offset and phase noise, resulting in a significant increase in system costs. Utilizing intensity modulation to load signal and employing envelope detection to obtain baseband signal is a simpler and more cost-efficient scheme for the ISAC system [\[19\]](#page-10-15).",27,27,**1. Introduction**,,,meta-llama/llama-4-scout-17b-16e-instruct,NONE,llama-3.3-70b-versatile,NONE,True
O_ISAC_286,4D,intensity_only,intensity,lexical,NONE,"This context discusses radar performance metrics such as ranging resolution and peak sidelobe ratio, but does not mention intensity modulation or any related concept.","In this paper, we experimentally demonstrated a low cost and simple photonics-assisted MMW OFDM ISAC system using intensity modulation and envelop detection. The incorporation of following advanced digital signal processing techniques into this system has been introduced for the purpose of enhancing either communication or radar sensing performance for the first time. Low complexity and high-performance DF-FD-VNLE is employed for communication function to compensate signal nonlinear distortion. As for radar function, MUSIC algorithm, realized by subspace decomposition, is introduced to address the issue of low ranging resolution in narrow bandwidth scenarios. Experimental results indicate that the DF-FD-VNLE can yield 1.8 dB and 0.9 dB receiver sensitivity improvement at the HD-FEC threshold for the 4 Gbps OFDM signal over 1 m wireless transmission compared to ISFA and conventional FD-VNLE respectively. Additionally, the utilization of the MUSIC algorithm significantly improves radar ranging resolution, improving the ranging resolution from 15 cm to 1 cm for single target detection and from 21 cm to 10 cm for dual target detection. Meanwhile, the PSLR is increased by 18.6 dB in single target detection by MUSIC algorithm.",33,33,**1. Introduction**,,,meta-llama/llama-4-scout-17b-16e-instruct,NONE,llama-3.3-70b-versatile,NONE,True
O_ISAC_286,4D,intensity_only,intensity,lexical,DIRECT,The snippet directly mentions 'intensity modulation' which can be related to 'intensity_only'. It provides a mathematical model for intensity modulation using a Mach-Zehnder modulator (MZM) operating in push-pull mode.,"In this section, we will simply introduce the system architecture and principle of DSPs used in this paper, along with their corresponding mathematical models. In the following derivation, we will adopt a mathematical model for intensity modulation using a Mach-Zehnder modulator (MZM) operating in push-pull mode, rather than the typical small-signal model. Figure [2](#page-3-0) illustrates the basic structure of the ISAC system we used. Real OFDM signals are modulated onto an optical signal at frequency via an intensity modulator. Then the output signal is coupled with another optical signal at frequency *f*<sup>2</sup> to obtain the following signal:",37,37,**2. Principle**,,,meta-llama/llama-4-scout-17b-16e-instruct,DIRECT,,,False
O_ISAC_286,4D,intensity_only,magnitude,lexical,NONE,"The snippet discusses radar signal processing, eigenvalue decomposition, and steering vector construction, but does not mention intensity directly or indirectly in relation to the concept.","where  $\mathbf{H}_{radar}^{H}$  represents the conjugate transpose of the vector. By performing eigenvalue decomposition and sorting, the eigenvectors corresponding to eigenvalues are decomposed into signal subspace and signal subspace based on the magnitude of the eigenvalues, with the noise subspace denoted as  $\mathbf{E}_{n}$ . Subsequently, we construct the steering vector as follows:",86,86,**2. Principle**,,,meta-llama/llama-4-scout-17b-16e-instruct,NONE,llama-3.3-70b-versatile,NONE,True
O_ISAC_288,4D,intensity_only,magnitude,lexical,NONE,"The concept 'intensity_only' is not mentioned or implied in the given snippet, which focuses on the experimental setup and performance of an ISAC system.","Figure [16](#page-14-1) shows the reconstructed image observed at the output of the communication receiver. As can be seen, the image can be correctly recovered with a 0-BER. Figure [17](#page-14-2) illustrates the performance of the communication system at various levels of received optical power at the PD input in the transmitter part for a fiber channel of 10 km. Figure [17a](#page-14-2) shows the constellation diagram and the corresponding error vector magnitude (EVM) for different levels of the received optical power. An EVM value of 12 is achieved at a transmitted power of −3.8 dB. Figure [17b](#page-14-2) shows the EVM values versus received optical power in the transmitter part.",277,277,"<span id=""page-10-0""></span>*3.2. Fiber Channel* > 3.2.1. Communication System > 3.2.2. Radar System > 3.2.3. Lab Experiment",,,meta-llama/llama-4-scout-17b-16e-instruct,NONE,llama-3.3-70b-versatile,NONE,True
O_ISAC_291,4D,json:rx_detection_type,,json,DIRECT,Structured receiver field,,,,,scenario_level[0].receiver.rx_detection_type,direct,json,DIRECT,,,False
O_ISAC_300,4D,coherent,coherent detection,lexical,INDIRECT,"The concept 'coherent' is related to the context through the mention of 'self-coherent detection' and 'coherent receiving' in references [23] and [24], but it is not the primary focus of the snippets, indicating an indirect relationship.","- [23] W. Bai et al., ""Photonic super-resolution millimeter-wave joint radarcommunication system using self-coherent detection,"" *Opt. Lett.*, vol. 48, no. 3, pp. 608–611, Jan. 2023.",305,305,V. CONCLUSION > REFERENCES,,,meta-llama/llama-4-scout-17b-16e-instruct,INDIRECT,llama-3.3-70b-versatile,INDIRECT,True
O_ISAC_300,4D,intensity_only,magnitude,lexical,NONE,"The concept 'intensity_only' is not mentioned or implied in the given snippet, which focuses on communication performance and error vector magnitude (EVM) in the context of a dual-chirp-based integrated waveform.","To evaluate the communication performance of the dualchirp-based integrated waveform, we concentrate on the impacts of the dual-chirp removal module. Fig. 10 illustrates the error vector magnitude (EVM) performance without the LMS filter when amplitude ratios are equal to 5, 10, and 15, respectively. The data rate is set as 20 Gbps. We can observe that the trend of the EVM curve is consistent with the theoretical analysis in Fig. [4.](#page-3-0) When the optical power exceeds 8 dBm, the EVM performance with the amplitude ratio of 5 reaches the hard-decision",212,212,IV. EXPERIMENTAL RESULTS AND DISCUSSIONS > *C. Communication Performance of the Dual-Chirp-Based Integrated Waveform*,,,meta-llama/llama-4-scout-17b-16e-instruct,NONE,llama-3.3-70b-versatile,NONE,True
O_ISAC_301,4D,intensity_only,magnitude,lexical,INDIRECT,"The concept 'intensity_only' is related to signal strength, and SNR (Signal-to-Noise Ratio) is a measure of signal strength relative to noise. Although 'intensity_only' is not directly mentioned, the discussion of SNR and EVM (Error Vector Magnitude) implies a consideration of signal intensity, making the relationship indirect.",(SNR) is estimated by measuring the error vector magnitude (EVM) of the received signal<sup>[7]</sup> as,37,37,Demonstration of radar-aided flexible communication in a photonics-based W-band distributed integrated sensing and communication system for 6G > 1. Introduction > 2. Principles,,,meta-llama/llama-4-scout-17b-16e-instruct,NONE,llama-3.3-70b-versatile,INDIRECT,True
O_ISAC_301,4D,json:rx_detection_type,,json,DIRECT,Structured receiver field,,,,,scenario_level[0].receiver.rx_detection_type,coherent,json,DIRECT,,,False
O_ISAC_303,4D,imdd,im/dd,lexical,DIRECT,The snippet directly mentions 'IM/DD' (Intensity Modulation/Direct Detection) as a method used in VLC systems for information transmission.,"DD) due to the physical properties of LED luminaries. The light waves cannot be modulated by the amplitude or phase, and the information can only be encoded using light intensity. [32,33]. There are mainly two IM/DD modulation schemes: intensity modulation and color modulation. Intensity modulation utilizes the varying intensity of the light source to transmit data. Color modulation, on the other hand, conveys information by controlling the wavelength of light. Unlike other communication methods, VLC is closely related to indoor illumination. According to the IEEE 802.15.7 standard [34], its modulation schemes must enable the system to reach a high data rate without disturbing human behavior. In other words, the changes in light must not be perceived by humans. Therefore, the luminaries must be equipped with dimming functions and avoid flickering. In this section, several common modulation methods are presented below.",135,135,Keywords: Visible light communication Visible light sensing Integrated sensing and communication > Introduction > Basics of visible light communication > Modulation and demodulation techniques,,,meta-llama/llama-4-scout-17b-16e-instruct,DIRECT,,,False
O_ISAC_303,4D,imdd,im/dd,lexical,INDIRECT,"The concept 'imdd' is mentioned in the context of Orthogonal Frequency Division Multiplexing (OFDM) as 'IM/DD systems like VLC', indicating an indirect reference to the concept.","Orthogonal Frequency Division Multiplexing (OFDM). In OFDM, the data stream channel is divided into parallel sub-streams over orthogonal sub-carriers, which enables the system to transmit multiple sub-carriers at the same time without interfering with each other. Therefore, OFDM has the advantage of mitigating inter-symbol inference. However, it is not a standardized modulation scheme; modifications are required for its application in IM/DD systems like VLC. Therefore, enhanced optical OFDM methods like asymmetrically clipped optical orthogonal frequency division multiplexing (ACO—OFDM), direct current biased optical orthogonal frequency division multiplexing (DCO—OFDM), etc., have been devised [1]. Implementation of OFDM in VLC has been done in a large number of studies [45–47]. Furthermore, OFDM can be integrated with other modulation schemes, such as OOK [48].",143,143,Keywords: Visible light communication Visible light sensing Integrated sensing and communication > Introduction > Basics of visible light communication > Modulation and demodulation techniques,,,meta-llama/llama-4-scout-17b-16e-instruct,INDIRECT,llama-3.3-70b-versatile,INDIRECT,True
O_ISAC_303,4D,intensity_only,intensity,lexical,INDIRECT,"The concept of intensity_only is related to luminous intensity, which is mentioned in the snippet as a characteristic of LEDs, but it is not the sole focus of the text. The text discusses channel characteristics and VLC systems more broadly, making the connection to intensity_only indirect.","Light source. In most existing VLC systems, LED transmitters usually serve as the light source. LEDs have two advantages: luminous intensity and transmitted optical power. Luminous intensity is the unit that indicates the energy flux per a solid angle, which briefly refers to the brightness of LEDs from a certain angle. In [29], the calculation of luminous intensity and transmitted power  $P_t$  is given below",96,96,Keywords: Visible light communication Visible light sensing Integrated sensing and communication > Introduction > Basics of visible light communication > Channel characteristics and models,,,meta-llama/llama-4-scout-17b-16e-instruct,INDIRECT,llama-3.3-70b-versatile,INDIRECT,True
O_ISAC_303,4D,intensity_only,intensity,lexical,DIRECT,"The snippet explicitly mentions 'intensity modulation' as a method that 'utilizes the varying intensity of the light source to transmit data', directly relating to the concept of intensity_only.","Modulation is an essential procedure for information transmission. Typically, a VLC system uses intensity modulation/direct detection (IM/",133,133,Keywords: Visible light communication Visible light sensing Integrated sensing and communication > Introduction > Basics of visible light communication > Modulation and demodulation techniques,,,meta-llama/llama-4-scout-17b-16e-instruct,DIRECT,,,False
O_ISAC_303,4D,intensity_only,intensity,lexical,DIRECT,"Similar to idx 1, this snippet also directly discusses 'intensity modulation' as a method that uses varying light intensity for data transmission.","DD) due to the physical properties of LED luminaries. The light waves cannot be modulated by the amplitude or phase, and the information can only be encoded using light intensity. [32,33]. There are mainly two IM/DD modulation schemes: intensity modulation and color modulation. Intensity modulation utilizes the varying intensity of the light source to transmit data. Color modulation, on the other hand, conveys information by controlling the wavelength of light. Unlike other communication methods, VLC is closely related to indoor illumination. According to the IEEE 802.15.7 standard [34], its modulation schemes must enable the system to reach a high data rate without disturbing human behavior. In other words, the changes in light must not be perceived by humans. Therefore, the luminaries must be equipped with dimming functions and avoid flickering. In this section, several common modulation methods are presented below.",135,135,Keywords: Visible light communication Visible light sensing Integrated sensing and communication > Introduction > Basics of visible light communication > Modulation and demodulation techniques,,,meta-llama/llama-4-scout-17b-16e-instruct,DIRECT,,,False
O_ISAC_303,4D,intensity_only,intensity,lexical,DIRECT,"This snippet continues discussing intensity modulation, specifically On-Off Keying (OOK), which is an intensity modulation technique.","On-Off Keying (OOK). OOK is the simplest modulation scheme of VLC. This method utilizes the on and off state of LED light to represent data bit 0 and bit 1. The off state of a light source doesn't mean that the light is completely turned off. As long as the reduced light intensity can make it easy to distinguish these two states, it can be recognized as the off state. OOK, due to its easy implementation and low cost, has been widely used [35–38].",137,137,Keywords: Visible light communication Visible light sensing Integrated sensing and communication > Introduction > Basics of visible light communication > Modulation and demodulation techniques,,,meta-llama/llama-4-scout-17b-16e-instruct,DIRECT,,,False
O_ISAC_303,4D,intensity_only,intensity,lexical,INDIRECT,"The concept 'intensity_only' is related to the modulation techniques discussed, such as PWM and CSK, where intensity is used to convey information, but it is not explicitly mentioned as 'intensity_only'. The text describes how different modulation techniques utilize intensity, but does not solely focus on intensity as the only factor.","Color Shift Keying (CSK). CSK is proposed to overcome the disadvantages of low data rates and dimming problems of OOK and VPPM by the IEEE 802.15.7 standard [34]. In CSK, the light source consists of at least three LED chips with the colors red, blue, and yellow. Similar to frequency shift keying (FSK), which uses different frequencies to convey information, it makes use of different luminary colors. The signal is modulated using the intensity of various colored lights. The receiver can receive an organized color pattern to decide what information is transmitted. As an improved method, CSK has drawn the wide attention of researchers in this field and facilitated many works [42–44].",141,141,Keywords: Visible light communication Visible light sensing Integrated sensing and communication > Introduction > Basics of visible light communication > Modulation and demodulation techniques,,,meta-llama/llama-4-scout-17b-16e-instruct,INDIRECT,llama-3.3-70b-versatile,INDIRECT,True
O_ISAC_303,4D,complex_field,compound area,fuzzy:92.3076923076923,NONE,"The text does not mention the concept of 'complex_field' at all, so it cannot be classified as DIRECT or INDIRECT.","A typical receiver in VLC consists of a PD, an optical filter, an optical concentrator, and an amplification circuit. Transmitted light is detected in the receiver and then transformed into a current signal. Unwanted light signals like ambient light or light from other illumination are filtered out through the optical filter, which can reduce received noise and improve the signal-to-noise ratio. Interference filters, dichroic filters, and liquid crystal filters are common optical filters. The optical concentrator is used to collect and focus signal from the transmitter in order to increase received power. The concentrator can be Fresnel lenses, compound parabolic concentrators, or non-imaging concentrators. The amplification circuit aims to amplify and process electrical signals and improve signal quality.",188,188,Keywords: Visible light communication Visible light sensing Integrated sensing and communication > Introduction > Basics of visible light communication > *Receiver design*,,,meta-llama/llama-4-scout-17b-16e-instruct,NONE,llama-3.3-70b-versatile,NONE,True
O_ISAC_310,4D,json:rx_detection_type,,json,DIRECT,Structured receiver field,,,,,scenario_level[0].receiver.rx_detection_type,coherent,json,DIRECT,,,False
O_ISAC_324,4D,coherent,coherent detection,fuzzy:88.88888888888889,DIRECT,"The concept 'coherent' is directly related to the context, which discusses the coherent state and its rotation angle in the context of optical fibers and signal modulation.","where the real part  $x_i \cos{(\omega_i t)} - p_i \sin{(\omega_i t)}$  and the imaginary part  $x_i \sin{(\omega_i t)} + p_i \cos{(\omega_i t)}$  refer to the radio frequency signals respectively added to the two paths of the in-phase and quadrature modulator (IQM). When transmitted through optical fibers, the coherent state undergoes a rotation of angle  $\theta$ . Each child node experiences a different rotation angle, and  $\theta_i$  represents the rotation angle of the i-th child node. The splitter collects the signals modulated by every child node to form a signal with N frequency bands. Finally, the signal returns to the center node through the round-trip structure. Therefore, the coherent state received by the coherent detector can be expressed as",66,66,"**Integrated distributed sensing and quantum communication networks** > *Point-to-multipoint quantum networks* > <span id=""page-2-0""></span>Table 1. The steps of point-to-point GMCS CV-QKD",,,meta-llama/llama-4-scout-17b-16e-instruct,INDIRECT,llama-3.3-70b-versatile,DIRECT,True
O_ISAC_324,4D,coherent,coherent demodulation,lexical,DIRECT,"The concept 'coherent' is directly related to the context, which mentions coherent demodulation and heterodyne detection, indicating a direct connection to the concept.","where the real part  $|Re(\alpha_i e^{j\theta_i})\rangle$  and imaginary part  $|Im(\alpha_i e^{j\theta_i})\rangle$  are respectively the two results detected by the heterodyne detection (also known as dual-homodyne detection). The center node can eliminate the carrier frequency of every child node via coherent demodulation, obtaining base-band signals. The specific steps are as follows. First, the real part and the imaginary part are multiplied by  $\cos(\omega_i t)$  to obtain",81,81,"**Integrated distributed sensing and quantum communication networks** > *Point-to-multipoint quantum networks* > <span id=""page-2-0""></span>Table 1. The steps of point-to-point GMCS CV-QKD",,,meta-llama/llama-4-scout-17b-16e-instruct,INDIRECT,llama-3.3-70b-versatile,DIRECT,True
O_ISAC_324,4D,coherent,coherent demodulation,lexical,DIRECT,"The concept of 'coherent states' is directly mentioned and used in the context of quantum communication, directly relating to the concept of 'coherent'.","- 2. After receiving the multiband coherent state  $\sum_{i=1}^{N} |x_i + jp_i\rangle e^{i(\omega_i t + \theta_i)}, \text{ the center node separates the coherent state } |x_i + jp_i\rangle e^{i(\omega_i t + \theta_i)} \text{ of the } i\text{-th child node using a filter. Then, the center node eliminates the carrier through coherent demodulation to obtain <math>x_i$  and  $p_i$  of the i-th child node. Finally, the coherent state modulated by each child node can be acquired through the phase shift recovery using the pilot signal.",119,119,"**Integrated distributed sensing and quantum communication networks** > *Point-to-multipoint quantum networks* > <span id=""page-2-0""></span>Table 1. The steps of point-to-point GMCS CV-QKD",,,meta-llama/llama-4-scout-17b-16e-instruct,DIRECT,,,False
O_ISAC_324,4D,coherent,coherent detection,fuzzy:88.88888888888889,NONE,"The concept 'coherent' is not directly related to the context, which discusses the length change of optical fibers and sensing effects without explicitly mentioning coherence.","The schematic diagram of ISAQN in the time and frequency domains is shown in Fig. 3. Each child node modulates its quantum signal and pilot signal by TDM method according to Eq. 1. The presence of pilot signals aims to enhance the performance of quantum communication networks and distributed sensing networks. The optical power of the pilot signal is stronger than that of the quantum signal. The splitter collects the coherent states of all the child nodes and directs them to a coherent detector. The quantum signals from different users received by the detector do not interfere with each other in the frequency domain, and the same applies to the pilot signal. The constructed ISAQN is capable of sensing vibration events, such as an earthquake illustrated in Fig. 3. When the vibration waveform changes over time, the phase change and length change of the *i*-th child node  $\Delta \varphi_i$  and  $\Delta L_i$ becomes the time-variant  $\varphi_i(t)$  and  $L_i(t)$ . The coherent state  $|\alpha_i\rangle$ modulated by the *i*-th child node will rotate at an angle of  $\varphi_i(t)$ . At this point, the coherent state modulated by the *i*-th child node is derived from",165,165,"**Integrated distributed sensing and quantum communication networks** > *Point-to-multipoint quantum networks* > <span id=""page-2-0""></span>Table 1. The steps of point-to-point GMCS CV-QKD > Distributed sensing integrated in quantum networks",,,meta-llama/llama-4-scout-17b-16e-instruct,NONE,llama-3.3-70b-versatile,NONE,True
O_ISAC_324,4D,coherent,coherent detection,lexical,DIRECT,"The snippet directly describes and explains the concept of 'coherent' in the context of coherent detection and coherent demodulation. The text explicitly mentions 'coherent detection' and 'coherent state', which directly relates to the concept of coherence in the field of physics and signal processing.","**Fig. 3.** Schematic diagram of ISAQN in the frequency domain and time domain. Different child node modulates quantum signals and pilot signals with different carrier frequencies. Then, they are converged through the optical fiber to the splitter and enter the detector for coherent detection. When the modulated coherent state and pilot signals do not experience fiber vibration events, the detected results remain a normal multiband signal. When a vibration event occurs, the spectrum of the detected results experiences spectrum castdown due to the enhancement of Rayleigh backscattering, and the spectrum of the pilot experiences spectrum splitting in its centerline. The detection results are processed using the SPM protocol. By employing coherent demodulation, arctangent, and phase unwrapping, phase recovery can be accomplished, thereby obtaining the vibration waveform.",171,171,"**Integrated distributed sensing and quantum communication networks** > *Point-to-multipoint quantum networks* > <span id=""page-2-0""></span>Table 1. The steps of point-to-point GMCS CV-QKD > Distributed sensing integrated in quantum networks",,,meta-llama/llama-4-scout-17b-16e-instruct,DIRECT,,,False
O_ISAC_324,4D,intensity_only,magnitude,lexical,INDIRECT,"The concept of intensity_only is not directly mentioned, but the context discusses the demodulation and analysis of the sensing phase, which is related to the intensity of the QKD signal.","the phase  $\theta$  and consequently restore the QKD signal. When this QKD system is affected by the environment and the phase  $\theta$ changes, the demodulation and analysis of the sensing phase turn it into an ISACQ system. Furthermore, the  $\theta_i$  of the *i*-th child node in different frequency bands can be distinguished in the round-trip multiband QKD network. If each child node is considered as a sensing element, this network enables simultaneous sensing and QKD on the shared infrastructure, forming an ISAQN illustrated as Fig. 2. As shown in Fig. 2A, the ISAQN system functions normally when no vibration event occurs. The center node transmits light to each child node, and each child node transmits their respective coherent state  $|\alpha_i\rangle$  back to the center node. When a vibration event is occurring, the coherent state  $|\alpha_i\rangle$  modulated by the *i*-th child node will rotate at a time-variant angle of  $\varphi_i(t)$  instead of a time-invariant angle of  $\theta_i$ , shown as Fig. 2B. At this moment, the coherent state modulated by the *i*-th child node becomes  $|\alpha_i\rangle e$  $^{j\varphi_{i}(t)}$ . By extracting  $\varphi_{i}(t)$  through pilot signals, the waveform of each child node's vibration can be reconstructed. The position and magnitude of the vibration event can be obtained by joint calculation of the vibration waveforms from all child nodes.",134,134,"**Integrated distributed sensing and quantum communication networks** > *Point-to-multipoint quantum networks* > <span id=""page-2-0""></span>Table 1. The steps of point-to-point GMCS CV-QKD > Distributed sensing integrated in quantum networks",,,meta-llama/llama-4-scout-17b-16e-instruct,INDIRECT,llama-3.3-70b-versatile,INDIRECT,True
O_ISAC_324,4D,intensity_only,magnitude,lexical,INDIRECT,"The concept of intensity_only is not directly mentioned, but the context discusses the attenuation coefficient and the amount of phase change, which are related to the intensity of the seismic wave.","where  $\gamma_i \propto t_i$  is the attenuation coefficient when the seismic wave arrives at the i-th child node, and  $t_i$  represents the time spent. Once the vibration waveforms of each child node are demodulated in the center node, the position and magnitude of the vibration can be calculated, as shown in Fig. 4. It is achieved by analyzing the vibration waveform with different arrival time  $t_i$  or different attenuation coefficient  $\gamma_i$ . The time difference of the vibration waveforms arriving at different child nodes, obtained through cross-correlation, allows for the derivation of the position. The magnitude of the vibration experienced by each child node can be determined by the amount of phase change. This enables the reconstruction of the original vibration event, including its position and magnitude. At least 3 child nodes are required to complete this process. In the following, we will present a comprehensive explanation of the calculation process.",258,258,"**Integrated distributed sensing and quantum communication networks** > *Point-to-multipoint quantum networks* > <span id=""page-2-0""></span>Table 1. The steps of point-to-point GMCS CV-QKD > <span id=""page-6-0""></span>**Table 3.** The steps of SPM protocol",,,meta-llama/llama-4-scout-17b-16e-instruct,INDIRECT,llama-3.3-70b-versatile,INDIRECT,True
O_ISAC_324,4D,intensity_only,magnitude,lexical,INDIRECT,"The concept of intensity_only is not directly mentioned, but the context discusses the phase recovery and the vibration waveforms, which are related to the intensity of the seismic wave.","<span id=""page-7-0""></span>**Fig. 4.** Schematic diagram of calculating the earthquake's position and magnitude. When an earthquake occurs at  $(x_0,y_0)$ , it's detected by 3 child nodes at  $(x_1,y_1)$ ,  $(x_2,y_2)$ , and  $(x_3,y_3)$ . Phase recovery depicts the vibration waveforms sensed by 3 child nodes. Due to their different positions, the arrival times  $t_1$ ,  $t_2$ ,  $t_3$  and  $\Delta\phi$  vary, but the period T and waveforms remain the same.  $\Delta t_{12}$  and  $\Delta t_{23}$  are the time differences between the arrival of the waveforms. Assuming seismic wave propagation speed is v, the distances for the wave to reach nodes are  $vt_1$ ,  $vt_2$ , and  $vt_3$ . Moreover,  $t_1$ ,  $t_2$ , and  $t_3$  represent distances from these nodes to the center node.",264,264,"**Integrated distributed sensing and quantum communication networks** > *Point-to-multipoint quantum networks* > <span id=""page-2-0""></span>Table 1. The steps of point-to-point GMCS CV-QKD > <span id=""page-6-0""></span>**Table 3.** The steps of SPM protocol",,,meta-llama/llama-4-scout-17b-16e-instruct,INDIRECT,llama-3.3-70b-versatile,INDIRECT,True
O_ISAC_324,4D,intensity_only,magnitude,lexical,INDIRECT,"The concept of intensity_only is not directly mentioned, but the context discusses the phase change and the magnitude of the vibration, which are related to the intensity of the seismic wave.","where c is the speed of light in the optical fiber. The intersection of the 3 circles corresponds to a unique point, allowing for the determination of the vibration position. Since the phase change  $\Delta \phi$  is proportional to the magnitude of the vibration, the original magnitude of the vibration can be determined by measuring the phase change at each child node.",279,279,"**Integrated distributed sensing and quantum communication networks** > *Point-to-multipoint quantum networks* > <span id=""page-2-0""></span>Table 1. The steps of point-to-point GMCS CV-QKD > <span id=""page-6-0""></span>**Table 3.** The steps of SPM protocol",,,meta-llama/llama-4-scout-17b-16e-instruct,INDIRECT,llama-3.3-70b-versatile,INDIRECT,True
O_ISAC_324,4D,intensity_only,magnitude,lexical,NONE,"The concept of intensity_only is not mentioned or implied in the given snippet, which focuses on the intersection of circles, phase change, and vibration magnitude in the context of QKD and sensing.","In conclusion, the ISAQN achieves the coexistence of QKD and sensing. Without the requirement for additional devices, the round-trip multiband QKD network can be transformed into an ISAQN through the SPM protocol. It can also sense the location and magnitude of a vibration event, such as an earthquake.",281,281,"**Integrated distributed sensing and quantum communication networks** > *Point-to-multipoint quantum networks* > <span id=""page-2-0""></span>Table 1. The steps of point-to-point GMCS CV-QKD > <span id=""page-6-0""></span>**Table 3.** The steps of SPM protocol",,,meta-llama/llama-4-scout-17b-16e-instruct,NONE,llama-3.3-70b-versatile,NONE,True
O_ISAC_327,4D,intensity_only,intensity,lexical,NONE,"The text does not explicitly discuss intensity-only concepts, focusing instead on the properties and characteristics of VLC channels.","- <span id=""page-2-2""></span>1) *Weak Penetration and Diffraction Ability:* Penetration and diffraction are phenomena contingent upon wavelength. Hence, VL, with its exceptionally small wavelengths, is more prone to reflection and scattering when interacting with scatterers, thereby diminishing its overall penetration through materials. Additionally, as VL traverses a material, the absorption process gradually reduces its intensity and penetrative capacity [\[36\]](#page-20-27), [\[37\]](#page-20-28).",53,53,"<span id=""page-0-2""></span>I. INTRODUCTION > <span id=""page-0-18""></span><span id=""page-0-17""></span>*B. Advantages of VLCs Over RF Communications* > <span id=""page-1-4""></span>*C. Characteristics of VLC Channels*",,,meta-llama/llama-4-scout-17b-16e-instruct,NONE,llama-3.3-70b-versatile,NONE,True
O_ISAC_327,4D,intensity_only,magnitude,lexical,INDIRECT,"The text mentions the path loss (PL) equation, which includes factors that can affect signal intensity, but does not directly focus on intensity-only concepts.","<span id=""page-9-0""></span>where the distance between the TX and RX exceeds a reference distance, denoted as *dr*, and *n* represents the PLE, various VLC channel characteristics in underground mining come into play. Specifically, the mean excess delay for the first reflection from infrastructure to the miner differs between the mining roadway and the working face, with values of 9.4 and 9.77 ns, respectively. Notably, the RMS DS in the working face is lower than that in the mining roadway. However, these findings stem from the VLC channel model that lacks consideration of crucial components affecting underground mining tunnels. In [\[82\]](#page-21-25), the first analysis of the VLC channel model accounts for intrinsic features like the absorption and scattering of light caused by factors such as dust particles. This study delves into the impact of coal dust particles on optical signal degradation and identifies optimal transmitter positions to mitigate this degradation. However, a drawback of this article is the omission of direct consideration of scattering effects in the channel's theoretical model. Moreover, in [\[83\]](#page-21-26), the analysis of VLC channels in underground mines treats shadowing and scattering as phenomena independent of the channel. Consequently, the analytical model of the VLC channel overlooks these effects, representing a notable limitation. To address this deficiency, [\[84\]](#page-21-27) proposed a ray-tracing-based model specifically tailored to underground mining environments. This model incorporates the effects of scattering and shadowing induced by dust particles and machinery, respectively. The results show that the shadowing and scattering by the dust particles have an obvious influence on the magnitude and temporal dispersion of multipaths.",310,310,*B. Industrial Scenarios*,,,meta-llama/llama-4-scout-17b-16e-instruct,NONE,llama-3.3-70b-versatile,INDIRECT,True
O_ISAC_327,4D,intensity_only,strength,lexical,INDIRECT,"The text discusses the impact of various factors on VLC communication, including weather conditions and vehicle lights, which can affect signal intensity, but does not directly focus on intensity-only concepts.","Intelligent transportation systems play a critical role in the IoE and the development of future smart cities. In these systems, wireless connectivity is essential for facilitating vehicle-to-vehicle (V2V), vehicle-to-infrastructure, and infrastructure-to-vehicle (I2V) communication links, typically relying on RF technologies [\[105\]](#page-22-4). However, VLC technology offers an alternative approach, primarily utilizing LOS links for communication, ensuring robust connectivity even in high-traffic scenarios. Channel modeling is crucial for understanding the propagation conditions of VLC systems, particularly in the context of Vehicle-VLC (V-VLC) systems, where unique challenges arise. These challenges include adverse weather conditions like fog, snow, and rain, as well as the influence of vehicle headlights and taillights on V-VLC communication. Furthermore, the effect of the vehicle headlights and taillights on the V-VLC is also considered. Moreover, The NLoS V-VLC transmissions are also demonstrated to increase the received signal strength (RSS) of the LoS V-VLC link through object reflections.",316,316,*C. Outdoor Scenarios*,,,meta-llama/llama-4-scout-17b-16e-instruct,INDIRECT,llama-3.3-70b-versatile,INDIRECT,True
O_ISAC_327,4D,intensity_only,intensity,lexical,DIRECT,"This snippet directly discusses controlling the incident angle of the optical wave without altering its amplitude or polarity, thereby steering the beam toward each user with improved light intensity. The context explicitly mentions 'improved light intensity', which relates to the concept of 'intensity_only'.","<span id=""page-12-0""></span>shown in Fig. 11(a), MSA refers to a 2-D artificial structure comprising programmable subwavelength metallic or dielectric arrangements. Indeed, MSA consists of numerous adjacent patches, each capable of independently adjusting its phase shift to reflect an incident optical wave in any direction. This anomalous reflection makes it possible to adjust the reflected direction into the desired AOD and zenith of departure those no longer equal to the AOA and zenith of arrival. In Fig. 11(b), an MA consists of multiple small mirrors. Each mirror is able to flip freely on the y and z axes shown here so that the yaw angle and roll angle can be adjusted and controlled. The MA can control the incident angle of the optical wave without altering its amplitude or polarity, thereby steering the beam toward each user with improved light intensity. In a nutshell, the focusing ability of RIS can be used to steer the beams, thus overcoming the influence of random orientations of Tx or Rx. Blockage in VLC propagation can also be addressed by establishing indirect LoS links using RIS.",409,409,*C. Outdoor Scenarios* > *A. RIS-Assisted VLC Channel Characterization and Modeling*,,,meta-llama/llama-4-scout-17b-16e-instruct,DIRECT,,,False
O_ISAC_327,4D,intensity_only,magnitude,lexical,INDIRECT,"The concept 'intensity_only' is not explicitly mentioned in the snippet, but the discussion on channel attenuation analysis, OPL modeling, and the impact of weather conditions on optical propagation implies a relationship with intensity, making it an indirect reference.","<span id=""page-16-7""></span><span id=""page-16-6""></span>Research on the weather impact of VL channels mainly focuses on channel attenuation analysis and OPL modeling. The most concerning weather conditions are fog, rain, and snow. Among these atmospheric components, fog has the greatest impact on optical propagation, as the size of droplets is of the same order of magnitude as the wavelength of VL, which means high extinction efficiency. In [86], the effects of fog and rain on the V2V link were studied through raytracing simulation. Research has found that the impact of fog is much more significant, and the CIR amplitude in fog decreases to 45% of sunny weather. And, in the case of fog and rain, a linear OPL model limited to 20 m was proposed. In [88], a closed-form OPL model that can be used for different weather conditions is proposed by theoretical derivation. The correction coefficients in the model for four kinds of weather conditions, i.e., clean weather, rain, moderate fog, and thick fog, are obtained by ray tracing. Esmail et al. [143] derived a unified channel attenuation model based on the collected fog measurement data from several locations in the United States and Europe. The statistical characteristic of the channel has been investigated and a probabilistic model is developed under stochastic fog conditions. In [144], the channel attenuation caused by adverse weather conditions is presented and it is",545,545,"<span id=""page-14-4""></span><span id=""page-14-0""></span>V. SPECIAL CHANNEL CHARACTERISTICS FOR VLC-IOE APPLICATIONS > *A. Wavelength Dependence* > B. Human Blockage > C. Weather Impact",,,meta-llama/llama-4-scout-17b-16e-instruct,INDIRECT,llama-3.3-70b-versatile,INDIRECT,True
O_ISAC_340,4D,json:rx_detection_type,,json,DIRECT,Structured receiver field,,,,,scenario_level[0].receiver.rx_detection_type,coherent,json,DIRECT,,,False
O_ISAC_347,4D,coherent,coherent detection,lexical,DIRECT,"The text explicitly mentions 'coherent detection' which directly relates to the concept of coherence in optical signals, indicating a direct connection to the concept.","optical signal, whereas the transmitted optical signal is formed at the back end. The power of the transmitted optical signal is tuned by using an adjustable light attenuation (VOA), and is then subject to a pair of balanced photodetectors (PD) for coherent detection, PAM4 decoding, and communication data recovery. The Rayleigh-backscattered optical signal, together with the reference light generated on the lower branch, is sent into a balanced detector for coherent detection and extraction of sensing information.",117,117,2 SYSTEM MODEL AND THE PRINCIPLE OF LDBP,,,meta-llama/llama-4-scout-17b-16e-instruct,INDIRECT,llama-3.3-70b-versatile,DIRECT,True
O_ISAC_347,4D,json:rx_detection_type,,json,DIRECT,Structured receiver field,,,,,scenario_level[0].receiver.rx_detection_type,coherent,json,DIRECT,,,False
O_ISAC_348,4D,coherent,coherent measurement,fuzzy:85.0,NONE,The concept 'coherent' is not mentioned in the given context.,"Recently, existing optical fibres in fibre-optic networks have been used to measure seismic and water waves based on the laser interference<sup>26</sup> and state of polarization (SOP) analysis<sup>27–29</sup>. Subsequently, the effect of the geomagnetic field perturbations on the power supply to transoceanic fibre-optic cables has been explored<sup>30</sup>. Using the same sensing mechanisms, integrated schemes of communication and sensing were demonstrated<sup>31,32</sup>. All the above works measure perturbations on the fibre by analyzing the properties of forward transmitted light. These techniques can be easily integrated into the fibre communication system for long range sensing at low cost. However, due to the integral effect over the entire fibre, they are difficult to locate and retrieve all perturbations accurately, especially for chaotic environments<sup>27</sup>. Therefore, these solutions may be suitable for remote transmission scenarios where the measurement environment is stable/quiet and distributed measurements are not necessarily required, such as transoceanic communications. In addition to above techniques, a typical backscattering-based DOFS technique, phase-sensitive optical time-domain reflectometry (Φ-OTDR, which provides the basis for distributed acoustic sensors, DASs), has been successfully applied in many fields, including seismic wave detection (underground<sup>8,21</sup> and undersea<sup>33,34</sup>), traffic flow monitoring<sup>35</sup>, and geological monitoring<sup>36,37</sup>. Φ-OTDR utilizes the inherent fibre characteristic of Rayleigh backscattering (RBS) to measure dynamic strains (vibrations/intrusions) along the fibre. Although the sensing distance of  $\Phi$ -OTDR is generally limited to a few tens of kilometres, it offers remarkable advantages of high sensitivity, high accuracy, fast response, and fully distributed measurements. Thus, Φ-OTDR has been used to exploit more functionalities for fibre-optic network<sup>25,33,34,38-41</sup>. Initially, Φ-OTDR only utilized dedicated or idle undersea fibre cables as the sensing medium to detect seismic waves<sup>20,33,34</sup>. In recent years, Φ-OTDR has been integrated into coherent optical communication networks by wavelength-division multiplexing (WDM) and frequencydivision multiplexing (FDM) to enable both data transmission and distributed vibration detection<sup>38-41</sup>. With these integrations, traffic monitoring and road roughness detection have already been explored in the existing fibreoptic networks. It is foreseeable that more potential functions such as urban structure imaging, safety monitoring of the city gas pipeline, and ocean detection are also likely to be developed. However, the demonstrated schemes just share fibres in DOFS and fibre-optic networks, and there are still two individual systems. Due to reserving channels for DOFS (fibre or spectrum resources), the current solutions reduce the transmission efficiency. For integrated schemes using individual spectrum channels in communication and DOFS, the transmission performance may be degraded as the strong probe used in DOFS easily excites non-linear effects. Moreover, coherent optical communication is commonly used for long range transmission and seems poorly match to conventional DOFS (which works efficiently in tens of kilometres). Since data transmission is the primary function of fibre-optic networks, an efficient integrated solution should maintain or even improve the transmission performance. Theoretically, it is possible to improve the transmission performance by suppressing or utilizing the non-linear effects<sup>42</sup>. Therefore, the current solutions might not be good choices for implementing integrated sensing and communication in optical fibres, especially for the short/middle range application scenarios.",29,29,Integrated sensing and communication in an optical fibre > **Abstract** > Introduction,,,meta-llama/llama-4-scout-17b-16e-instruct,NONE,llama-3.3-70b-versatile,NONE,True
O_ISAC_348,4D,coherent,coherent detection,lexical,INDIRECT,"The concept 'coherent' is related to the optical carrier and the effects in the optical fibre, but it is not explicitly mentioned. However, the discussion about SSB modulation, LFM optical carrier, and SBS interaction implies the involvement of coherent light.","electrical signal has similar time-frequency characteristics (the same bandwidth) to the one acquired in the conventional PAM4 transmission. Therefore, the same optoelectronic components (photodetector and data acquisition device) and decoding methods are employed as conventional schemes. In the sensing signal demodulation, coherent detection is used to convert the RBS light  $E_R(t)$  at the local end (in the signal transmitter). A digital matched filter (DMF) is generated according to the parameters of the LFM optical carrier and system deployment. By convoluting the DMF and the collected RBS signal, the effective RBS signal is retrieved, as depicted in the inset (d). Although the transmission code introduces additional optical noise to the sensing probe (i.e. the LFM optical carrier), the noise power is much lower than the probe power  $(P_{noise} \ll P_{sig})$  and has little impact on the sensing performance.",41,41,Integrated sensing and communication in an optical fibre > **Abstract** > Introduction > Operating principle,,,meta-llama/llama-4-scout-17b-16e-instruct,INDIRECT,llama-3.3-70b-versatile,INDIRECT,True
O_ISAC_348,4D,coherent,coherent sensing,lexical,DIRECT,"The text directly mentions 'digital coherent sensing system' and 'coherent', which indicates a direct relation to the concept of 'coherent'.","- Guerrier, S. et al. Vibration detection and localization in buried fiber cable after 80km of SSMF using digital coherent sensing system with co-propagating 600Gb/s WDM channels. in *Proc. 2022 Optical Fiber Communications Con*ference and Exhibition. (IEEE, 2022).",243,243,Integrated sensing and communication in an optical fibre > The potential function of the integrated sensing and communication in optical fibre > Materials and methods > References,,,meta-llama/llama-4-scout-17b-16e-instruct,DIRECT,,,False
O_ISAC_348,4D,intensity_only,intensity,lexical,INDIRECT,"The text discusses various techniques for measuring perturbations in fibre-optic cables, including those that analyze the properties of forward transmitted light, but does not directly mention intensity-only measurements.","In this work, we demonstrate a solution for integrating a typical intensity modulation direct detection (IMDD) communication and distributed sensing in an optical fibre to enable simultaneous data transmission and vibration monitoring using the same channel (including the same optical fibre and the same spectrum resources). With periodic single-sideband (SSB) modulation, an LFM optical carrier is generated to carry a 4-level pulse amplitude-modulation (PAM4) signal and acts as a sensing probe to capture vibrations along the fibre. In the experiments, 56 Gbit/s PAM4 signal transmissions and distributed vibration measurements are simultaneously implemented in a 24.5 km fibre. Benefiting from the effective suppression of stimulated Brillouin scattering (SBS) by the LFM optical carrier, the launching power and self-phase modulation (SPM) are significantly enhanced, thereby mitigating chromatic dispersion (CD)-induced power fading and improving the transmission performance. The experimental results show that the optimal launching power is improved by 7 dB in comparison with",31,31,Integrated sensing and communication in an optical fibre > **Abstract** > Introduction,,,meta-llama/llama-4-scout-17b-16e-instruct,INDIRECT,llama-3.3-70b-versatile,INDIRECT,True
O_ISAC_348,4D,intensity_only,intensity,lexical,NONE,"The text focuses on the effect of LFM bandwidth on sensing accuracy and discusses experiments with a PAM4 signal, but does not mention intensity-only measurements.","Finally, the effect of the transmission code on the sensing performance is evaluated. First, a pure LFM optical carrier with a 1 GHz bandwidth and 15 dBm launching power is launched into the fibre. Meanwhile, a vibration driven by a sinusoidal waveform (with a frequency of 800 Hz) is applied to the fibre via a PZT at the 22.5 km position. The sensor response to the vibration intensity is calibrated by improving the driving voltage from 0.3 to 2.7 V with a step of 0.3 V. In the signal demodulation, EF, average distance, and GL are set to 10, 4 m, and 4 m, respectively. The peak-to-peak phase is calculated, and the results are shown by the orange-dotted line in Fig. [8](#page-10-0)a. The phase value is linearly proportional to the applied voltage (which corresponds to the vibration amplitude) with a linearity of 0.9998. After that, a 56 Gbit/ s PAM4 signal is loaded onto the LFM optical carrier, and the launching power still remains at 15 dBm. The peak-topeak phase is calculated and depicted as the blue-dotted line in Fig. [8](#page-10-0)a. It must be noted that the transmission code remains the same as that used in the transmission performance verification (including the code format and signal power). Compared to the results without transmission code (the orange-dotted line), the phase response to the vibration amplitude is nearly identical, and the linearity is equal to 0.9999, indicating that the code",109,109,Integrated sensing and communication in an optical fibre > **Abstract** > Introduction > Sensing results,,,meta-llama/llama-4-scout-17b-16e-instruct,NONE,llama-3.3-70b-versatile,NONE,True
O_ISAC_348,4D,intensity_only,intensity,fuzzy:88.88888888888889,NONE,"The text provides a list of references related to optical fibre sensors, but does not discuss intensity-only measurements directly.","- Soto, M. A., Ramírez, J. A. & Thévenaz, L. Intensifying the response of distributed optical fibre sensors using 2D and 3D image restoration. *Nat. Commun.* 7, 10870 (2016).",219,219,Integrated sensing and communication in an optical fibre > The potential function of the integrated sensing and communication in optical fibre > Materials and methods > References,,,meta-llama/llama-4-scout-17b-16e-instruct,NONE,llama-3.3-70b-versatile,NONE,True
O_ISAC_348,4D,json:rx_detection_type,,json,DIRECT,Structured receiver field,,,,,scenario_level[0].receiver.rx_detection_type,direct,json,DIRECT,,,False
O_ISAC_349,4D,intensity_only,magnitude,lexical,NONE,"The concept 'intensity_only' is not mentioned or implied in the given snippet, which discusses the performance of LFM-ASK and LFM-PSK waveforms in terms of PSLR, BER, and sensing accuracy, without focusing on intensity as the sole parameter.","Also, we measure the BER performance of the LFM-ASK waveform with different data rates. Fig. [14](#page-7-18) presents the measured BER and the eye diagram at 2, 4, and 6 Gbit/s, respectively, and all the data rate performance can reach below the soft decision forward-error-correction (SD-FEC) threshold. However, the BER performance of the LFM-ASK waveform is about two orders of magnitude worse than that of the LFM-PSK waveform.",242,242,*B. Communication Performance of LFM-BPSK Waveform and Data Rate Optimization* > *C. Comparison Between LFM-PSK and LFM-ASK Waveform*,,,meta-llama/llama-4-scout-17b-16e-instruct,NONE,llama-3.3-70b-versatile,NONE,True
O_ISAC_350,4D,intensity_only,intensity,lexical,INDIRECT,"The intensity of the transmitter is mentioned to gradually increase for currents from 20 μA to 100 μA, but the concept of intensity_only is not directly discussed.","[Figure 6](#page-7-0) (color online) shows the electroluminescence spectra and spectral responsivity of the optoelectronic chip measured at different injection currents. The visible light signal was collected at 5 mm from the upper surface of the transmitter using a 200 μm diameter multimode fiber in dark and coupled to an Ocean Optics USB4000 spectrometer for characterization. The five Gaussian distribution curves with different colors in [Figure 6](#page-7-0) are the electroluminescence spectra of the transmitter with different drive currents, and the peak wavelength is at 461.61 nm, which is the visible signal in the blue band. The luminescence intensity of the transmitter gradually increases for currents from 20 μA to 100 μA. The pink curve of the connecting point corresponding to the right axis in [Figure 6](#page-7-0) is the spectral responsivity of the receiver, which is measured by the IQE-200B quantum efficiency measurement system. The light blue region indicated by the arrow is the spectral overlap region between the electroluminescence spectrum and the spectral responsivity. The visible light signal transmitted from the photoelectric chip transmitter can be detected by the receiver on the same chip in the blue light band",147,147,2.1 Working principle and fabrication process of optoelectronic chip > 3 Characterization of optoelectronic performance of optoelectronic chips > 3.1 Electrical characteristics test > 3.2 Optical characteristic test,,,meta-llama/llama-4-scout-17b-16e-instruct,INDIRECT,llama-3.3-70b-versatile,INDIRECT,True
O_ISAC_350,4D,intensity_only,intensity,lexical,DIRECT,"The snippet directly shows that the intensity of the visible light signal transmitted by the transmitter intensifies with increasing current, which is related to the concept of 'intensity_only'.","[Figure 7](#page-7-1) shows the luminescence photographs for transmitter under currents of 10 μA, 50 μA, and 100 μA. Different currents were applied through the probe stage by using an Agilent B1500A semiconductor device analyzer in dark. It can be clearly observed that the intensity of the visible light signal in the blue band transmitted by the transmitter intensifies with increasing current. The experimental results show that when the optoelectronic chip is applied to motion detection, increasing the injected current can enhance the intensity of the receiver photocurrent converted by the visible light signal modulated by the object motion to be measured. It indicates that the non-destructive photodetection signal intensity of the optoelectronic chip can be freely and flexibly modulated by the driving current.",157,157,2.1 Working principle and fabrication process of optoelectronic chip > 3 Characterization of optoelectronic performance of optoelectronic chips > 3.1 Electrical characteristics test > 3.2 Optical characteristic test,,,meta-llama/llama-4-scout-17b-16e-instruct,DIRECT,,,False
O_ISAC_350,4D,intensity_only,magnitude,lexical,NONE,"The text does not mention the intensity of the light signal, it only discusses the effect of the rotation speed of the mirror on the test results.",The effect of the transmitter bias voltage on the magnitude of the receiver photocurrent change is,181,181,2.1 Working principle and fabrication process of optoelectronic chip > 4 Motion detection of optoelectronic chips > 4.1 Motion detection with variable speed,,,meta-llama/llama-4-scout-17b-16e-instruct,NONE,llama-3.3-70b-versatile,NONE,True
O_ISAC_350,4D,intensity_only,intensity,lexical,INDIRECT,"The text mentions that the larger the bias voltage, the greater the intensity of the transmitted visible light, but it does not directly discuss the concept of intensity_only.","also investigated for a constant rotation speed. The same test duration of 10 seconds was set at the reflector speed of 200 rpm. The transmitter bias voltage is 2.7 V~2.9 V (Figure 10). The change period of the photocurrent curves at different bias voltages all correspond to the rotation speed of the reflector, and the change of the receiver photocurrent increases from 6 nA to 10 nA. It indicates that within the linear bias dynamic operating range of the transmitter, the larger the bias voltage, i.e., the greater the intensity of the transmitted visible light",189,189,2.1 Working principle and fabrication process of optoelectronic chip > 4 Motion detection of optoelectronic chips > 4.1 Motion detection with variable speed,,,meta-llama/llama-4-scout-17b-16e-instruct,INDIRECT,llama-3.3-70b-versatile,INDIRECT,True
O_ISAC_351,4D,intensity_only,intensity,lexical,NONE,"The text does not mention intensity-only concept, it discusses the evolution of sensing technology in 6G wireless networks and the integration of sensing and communication.","3D time-of-flight (ToF) imaging technology has made great strides in recent years [\[14](#page-8-11)[–16](#page-8-12)]. As an active detection technique that is able to generate both intensity and depth maps, the distance from a ToF camera to scene object is calculated by exploiting the round-trip time or phase shift of the modulated light signal. Compared with stereoscopy and structured light methods requiring more cameras and heavy computational loads [\[17](#page-8-13),[18\]](#page-8-14), ToF based depth sensing can provide more accurate imaging information in high ambient light scenarios with compactness and low calculation complexity. Typically, ToF cameras are segregated into two categories, i.e., direct ToF (DToF) and indirect ToF (IToF). DToF cameras are commonly used in radar systems, requiring high-gain photodetectors, such as avalanche photodiodes (APD) and single-photon avalanche diode (SPAD) [[19,](#page-8-15)[20\]](#page-8-16). In contrast, IToF cameras aim to measure phase shifts between the illumination and reflection, which is adopted commercially in the computer vision community [\[21](#page-8-17)[–24](#page-8-18)] due to their low-cost and low-power consumption (e.g. Microsoft Kinect, PMD and SoftKinectic). The light source (a solid-state laser or a LED) of IToF can be modulated by a continuous-wave (CW-ToF) or a non-continuous wave (e.g., an impulse train, PL-ToF). As well known, LED-based visible light communication (VLC) is also a promising and accessible technology due to costeffectiveness, license-free, immunity to electromagnetic interference, and unregulated wide spectrum [[25\]](#page-8-19). VLC and ToF sensing have made",30,30,**1. Introduction**,,,meta-llama/llama-4-scout-17b-16e-instruct,NONE,llama-3.3-70b-versatile,NONE,True
O_ISAC_351,4D,intensity_only,intensity,lexical,INDIRECT,"The text mentions intensity measurements (K denotes the number of intensity measurements) but does not directly focus on the concept of intensity-only, instead, it discusses the timing diagram of modulation and demodulation signals for a Hamiltonian coding scheme.","<span id=""page-2-1""></span>long-coding curve, non-self-intersection and locality preservation [[34\]](#page-8-28). Herein, an impulse (delta) train is adopted as the light source modulation function. Note that IToF system utilizing a non-continuous wave (e.g., an impulse train, PL-ToF) is not an impulse ToF system, as such systems, i.e., DToF, directly measure the time delay between the transmitted and the reflected pulse. In contrast, IToF system measures the time delay indirectly by measuring the temporal correlation between the reflected signal and the demodulation signal, thus usually requiring multiple measurements. *K* denotes the number of intensity measurements. [Fig.](#page-2-1) [2](#page-2-1) illustrates the timing diagram of the modulation and demodulation functions for a Hamiltonian coding scheme. The modulation function () is an impulse train used at the beginning of each integration period . The demodulation function () corresponding to each measurement period is different (e.g., with different profiles), which could be generated by an arbitrary waveform generator (AWG) with multiple channels, or by proper number of AWGs. Each measurement is obtained using a different pair of modulation and demodulation functions. The target scene depth is determined by *K* measurements.",67,67,*2.1. System model consideration* > *2.2. Principle of the system*,,,meta-llama/llama-4-scout-17b-16e-instruct,INDIRECT,llama-3.3-70b-versatile,INDIRECT,True
O_ISAC_351,4D,intensity_only,intensity,lexical,DIRECT,"The context explicitly mentions 'intensity measurements' and 'capturing the light intensity', which directly relates to the concept of intensity.","where C(L) is the normalized correlation function, L denotes the scene depth,  $M_{total} = \int_0^\tau M_i(t) \, dt$  is the total energy emitted by light source towards scene within an integration period  $\tau$ . There are three unknowns in Eq. (4), which are depth L, albedo factor  $\beta(p)$ , and ambient brightness A(p), and thus,  $K \geq 3$  intensity measurements are required.",96,96,*2.1. System model consideration* > *2.2. Principle of the system*,,,meta-llama/llama-4-scout-17b-16e-instruct,DIRECT,,,False
O_ISAC_351,4D,intensity_only,intensity,lexical,DIRECT,"The context explicitly mentions 'intensity measurements' and 'capturing the light intensity', which directly relates to the concept of intensity.","For each measurement,  $B_i(1 \leq i \leq K)$  is taken by a different pair of modulation and demodulation functions, corresponding to the ith correlation function  $C_i(L)$ . For any coding scheme, there is a one-to-one mapping between the correlation function  $C_i(L)$  and the depth value L, thus the depth value can be calculated by determining the correlation function. Two approaches can be taken to computed the correlation function  $C_i(L)$  according to Eqs. (4) and (5), one is performing the correlation operation between the modulation and demodulation functions according to the phase shift, the other is directly capturing the light intensity  $B_i$  in a per-pixel basis and estimating the unknowns  $\beta$  and A, and then obtaining  $C_i(L)$ . And the former one is adopted in our paper.",98,98,*2.1. System model consideration* > *2.2. Principle of the system*,,,meta-llama/llama-4-scout-17b-16e-instruct,DIRECT,,,False
O_ISAC_351,4D,intensity_only,intensity,lexical,NONE,"The text does not mention intensity_only as a concept, it discusses comparisons between Hamiltonian coding and sinusoid coding schemes for depth measurement.","**Comparisons with the sinusoid coding scheme:** Sinusoid coding is commonly used in commercial IToF cameras. To illustrate that the Hamiltonian coding utilized in this paper is superior to sinusoid coding scheme in depth measurement, comparisons about them are performed using the same setup. For this experiment, the modulation frequency is the same of 20 MHz, that is, the maximum unambiguous distance is 15 m. Take several locations within this range for measurement, as shown in [Fig.](#page-6-0) [8,](#page-6-0) the measured distance varies from 2.2 to 3.8 m, with an interval of 0.4 m. The sampling frequency of DSO is set to 2.5 GSa/s, data storage depth is 100 Kpts, and intensity measurements = 5. Experimental and simulation results prove that Hamiltonian coding is able to achieve considerably lower depth error compared to sinusoid coding. Obviously, the mean depth error of sinusoid coding scheme is approximately 10 times that of Hamiltonian coding, indicating that the system adopting Hamiltonian coding scheme for depth measurement could accomplish higher-accuracy depth estimation and has stronger anti-ambient interference ability.",184,184,*2.1. System model consideration* > *5.1. Results for single-frequency*,,,meta-llama/llama-4-scout-17b-16e-instruct,NONE,llama-3.3-70b-versatile,NONE,True
O_ISAC_354,4D,intensity_only,intensity,lexical,INDIRECT,"The concept 'intensity_only' is related to the change in photocurrent, which is an indirect measure of motion detection. The text describes how the rotating mirror modulates the reflected light signal, causing a change in the photocurrent of the receiver, but it does not directly measure the intensity of the light.","rotation motor with variable speed is installed at the bottom of the silver mirror, at the end of the reflected light path. The transmitter was subjected to a bias voltage of 2.8 V, while the rotation speeds of the motor were set to 28, 70, and 100 rpm. As the rotating mirror modulates the reflected light signal, it causes the change of the photocurrent of the receiver, resulting in a variation period consistent with the rotation period of the mirror, as depicted in Figure 4b. Therefore, the photonics chip can detect motion by sensing changes of photocurrent. Additionally, we explored the effect of transmitter bias voltage on the variation amplitude of the receiver's photocurrent, as shown in Figure 4c. At 70 rpm of rotation motor, increasing the bias voltage from 2.6 to 3 V resulted in the corresponding variation amplitude of photocurrent changing from 3 to 9 nA. In the linear dynamic range of the transmitter, higher bias voltage corresponded to greater emitting light signal intensity and better motion monitoring performance.",77,77,■ **INTRODUCTION** > MATERIALS AND METHODS > RESULTS AND DISCUSSION,,,meta-llama/llama-4-scout-17b-16e-instruct,INDIRECT,llama-3.3-70b-versatile,INDIRECT,True
O_ISAC_356,4D,intensity_only,magnitude,lexical,NONE,"The provided snippet does not directly discuss or imply the concept of 'intensity_only'. It appears to focus on the performance of different modulation schemes (16-QAM and 32-QAM) in a wireless transmission context, discussing error vector magnitude (EVM) performance, data rates, and forward error correction (FEC) limits, without explicitly addressing intensity as a standalone concept.","error vector magnitude (EVM) performance and the constellations, where 10 GBaud data rate 16-QAM symbols are modulated onto the up-chirp carriers. We can observe that when the photocurrent is greater than 3 mA, all the 3 channels reach the hard-decision forward error correction (HD-FEC) limit with an overhead of 7% [17], resulting in a row data rate of 10 GBaud × 4 bit/s/Hz × 3 channels = 120 Gbit/s with a net data rate of 112.15 Gbit/s. There is a performance penalty between adjacent channels of approximately 0.5 mA, which is caused by the non-flat frequency responses of the optical carriers and the THz devices. Moreover, we also conduct the wireless transmission of 8 GBaud 32-QAM, and the results are shown in Fig. 3(b). As can be seen, the measured EVM can stay below the soft-decision forward error correction (SD-FEC) with 20% overhead in all 3 channels and photocurrents, corresponding to a row data rate of 8 GBaud × 5 bit/s/Hz × 3 channels = 120 Gbit/s with a net data rate of 100 Gbit/s.",47,47,Photonic THz-ISAC Demonstration with Simultaneous 120Gbit/s Communication and 2.5mm Sensing Resolution > **Experimental Setup** > **Results and Discussions**,,,meta-llama/llama-4-scout-17b-16e-instruct,NONE,llama-3.3-70b-versatile,NONE,True
O_ISAC_356,4D,json:rx_detection_type,,json,DIRECT,Structured receiver field,,,,,scenario_level[0].receiver.rx_detection_type,coherent,json,DIRECT,,,False
O_ISAC_360,4D,intensity_only,intensity,lexical,INDIRECT,"The concept of intensity_only is related to the discussion of light emission intensity and its modulation through current adjustments, but it is not the primary focus of the snippet.","The chip was placed on the probe table to capture the emitted light through a multimode fiber, which was subsequently channeled to a spectrometer for analysis. Figure 3(c) shows the measured electroluminescence (EL) spectra of the transmitter, delineated based on injection current. The peak emission wavelength increased as the injection current variations from 2 mA to 10 mA, and was found to be approximately 385 nm. A rise in injection current corresponded with amplified light emission intensity, suggesting that light intensity modulation is achievable through current adjustments, a pivotal feature for visible light communication systems. The superposition of the EL and responsivity spectra suggested that the diode can detect the higher-energy light emitted by the diode itself. Therefore, the simultaneous emission-detection ability of the diodes offers a potential to obtain optical communication between two identical MQW-diodes.",47,47,**Monolithic III-nitride photonic circuit for integrated sensing and communication system** > **Abstract** > **1 Introduction** > **3 Measurement results**,,,meta-llama/llama-4-scout-17b-16e-instruct,INDIRECT,llama-3.3-70b-versatile,INDIRECT,True
O_ISAC_360,4D,intensity_only,intensity,lexical,INDIRECT,"Similar to the first snippet, the concept of intensity_only is mentioned in relation to the modulation of light intensity, but the main topic is the relationship between the photocurrent and the transmitter's injection current.","Figure 3(d) exhibits the relationship between the logscaled photocurrent and the transmitter's injection current. Enhancing the forward current of the transmitter augments the intensity of radiated light, directly influencing the photocurrent. Consequently, the transmitter's injection current can modulate the receiver's photocurrent, underscoring the potential of a monolithic photonic circuit with augmented functionalities. While the receiver can discern the leakage of EL emission through free space, the main source of the induced photocurrent is the light coupled to the comb coupler.",49,49,**Monolithic III-nitride photonic circuit for integrated sensing and communication system** > **Abstract** > **1 Introduction** > **3 Measurement results**,,,meta-llama/llama-4-scout-17b-16e-instruct,INDIRECT,llama-3.3-70b-versatile,INDIRECT,True
O_ISAC_360,4D,json:rx_detection_type,,json,DIRECT,Structured receiver field,,,,,scenario_level[0].receiver.rx_detection_type,direct,json,DIRECT,,,False
O_ISAC_368,4D,coherent,coherent detection,lexical,DIRECT,"The concept of 'coherent' is directly related to the context, which discusses coherent detection in optical fiber channel transmission and digital coherent optical transmission systems.",The sensitivity of polarization rotation vector of optical fiber channel transmission matrix to environmental perturbations is discussed in [10]. An environmental sensing scheme is proposed based on coherent detection without the help of extra equipment.,85,85,1) Machine Learning (ML)-based Eavesdropping Detection > 2) Polarization rotation vector,,,meta-llama/llama-4-scout-17b-16e-instruct,INDIRECT,llama-3.3-70b-versatile,DIRECT,True
O_ISAC_368,4D,coherent,coherent detection,lexical,NONE,"The concept of 'coherent' is not mentioned or implied in the context, which appears to be a list of references.","- [10] A. Mecozzi et al., ""Use of Optical Coherent Detection for Environmental Sensing,"" Journal of Lightwave Technology, vol. 41, 2023",130,130,REFERENCES,,,meta-llama/llama-4-scout-17b-16e-instruct,NONE,llama-3.3-70b-versatile,NONE,True
O_ISAC_368,4D,intensity_only,intensity,lexical,INDIRECT,"The concept of intensity_only is related to the integration of intensity modulation communication, but the text does not directly discuss intensity_only, instead it talks about a scheme that integrates intensity modulation communication and distributed sensing.","To solve this problem, He et al. proposed a scheme to integrate intensity modulation communication and distributed sensing in a single channel [8].",61,61,1) DOFS combined with Wavelength Division Multiplexing (WDM) > 2) DOFS combined with joint waveform,,,meta-llama/llama-4-scout-17b-16e-instruct,INDIRECT,llama-3.3-70b-versatile,INDIRECT,True
O_ISAC_368,4D,json:rx_detection_type,,json,DIRECT,Structured receiver field,,,,,scenario_level[0].receiver.rx_detection_type,direct,json,DIRECT,,,False
O_ISAC_371,4D,imdd,im/dd,lexical,DIRECT,"The snippet directly mentions 'Intensity modulation/direct detection (IM/DD)' which seems to be related to 'imdd' concept, indicating a direct reference.","Intensity modulation/direct detection (IM/DD) is usually used in VLC systems. Compared with the system communication rate, the movement rate of transmitters, receivers and other objects is very slow, and there is no multipath fading [\[8](#page-12-5)[–11\]](#page-13-0). Therefore, the impulse response can be used to represent the channel model [\[10](#page-12-6)[,12](#page-13-1)[–14](#page-13-2)]. In VLC-OCC-CDMA system, the transmitting end of VLC-OCC-CDMA system usually adopts LED array composed of multiple LED chips [\[4,](#page-12-2)[15\]](#page-13-3). The multiple light source system in this paper adopts a four light source structure. Each light source contains 38 groups of RGB LED arrays, namely 152 LED chips. It can meet the international lighting standards, the illumination is more moderate, and will not cause waste of resources.",32,32,Design and Analysis of VLC-OCC-CDMA Rake System > 1 Introduction,,,meta-llama/llama-4-scout-17b-16e-instruct,DIRECT,,,False
O_ISAC_371,4D,intensity_only,intensity,lexical,INDIRECT,"The text mentions intensity modulation/direct detection (IM/DD) which is related to intensity, but it does not directly discuss the concept of intensity_only.","Intensity modulation/direct detection (IM/DD) is usually used in VLC systems. Compared with the system communication rate, the movement rate of transmitters, receivers and other objects is very slow, and there is no multipath fading [\[8](#page-12-5)[–11\]](#page-13-0). Therefore, the impulse response can be used to represent the channel model [\[10](#page-12-6)[,12](#page-13-1)[–14](#page-13-2)]. In VLC-OCC-CDMA system, the transmitting end of VLC-OCC-CDMA system usually adopts LED array composed of multiple LED chips [\[4,](#page-12-2)[15\]](#page-13-3). The multiple light source system in this paper adopts a four light source structure. Each light source contains 38 groups of RGB LED arrays, namely 152 LED chips. It can meet the international lighting standards, the illumination is more moderate, and will not cause waste of resources.",32,32,Design and Analysis of VLC-OCC-CDMA Rake System > 1 Introduction,,,meta-llama/llama-4-scout-17b-16e-instruct,INDIRECT,llama-3.3-70b-versatile,INDIRECT,True
O_ISAC_371,4D,intensity_only,intensity,lexical,NONE,"The text provides data about transmitted power and luminous intensity, but it does not relate to the concept of intensity_only in a meaningful way.",| luminous intensity of RGBY LED [24]                  | 76.2 cd                         |,234,234,**4 Simulation Details and Results** > **4.1 Simulation Setup**,,,meta-llama/llama-4-scout-17b-16e-instruct,NONE,llama-3.3-70b-versatile,NONE,True
O_ISAC_377,4D,intensity_only,magnitude,lexical,NONE,"The provided snippet does not directly discuss or imply the concept of intensity_only. It focuses on the processing of the downlink mmW ISAC signal, including synchronization, de-chirping, and equalization, without explicitly mentioning intensity-only aspects.","First, we measure the optical power margin of the mmW ISAC system by calculating the error vector magnitudes (EVMs) under different received optical powers (ROPs). The ROP is controlled by adjusting the VOA in a 1-dB step. The calculated EVM versus the ROP is marked in pink in Fig. [9\(](#page-11-0)a). The EVM improves significantly with the increase of the ROP. The communication performance reaches the 7%-forward error correction (FEC) threshold at a -8 dBm ROP. The constellation diagram at the 3-dBm ROP is plot in Fig. [9\(](#page-11-0)c), where the constellation points are well clustered. To investigate the effect of communication rate on communication performance, the QPSK signal is halved to 2.875 GBaud. The calculated EVM as a function the ROP is marked in blue in Fig. [9\(](#page-11-0)a). The receiving sensitivity at the FEC limit is improved by about 1.5 dB. At the 3-dBm ROP, the performance is almost the same as the 5.75-Gbaud one, as observed from the Fig. [9\(](#page-11-0)b). The effect of LFWCW bandwidth on communication performance is also investigated by halving the LFMCW to 0.71875 GHz while fixing the QPSK at 5.75 GBaud. The relationship between the ROP and EVM is marked in green in Fig. [9\(](#page-11-0)a). The receiving sensitivity is slightly worse at the FEC limit, but the EVM is improved by about 1% at the 3-dBm ROP. Therefore, the constellation points are more clustered as presented in Fig. [9\(](#page-11-0)c). In addition, when the ROP reaches -3 dBm, error-free transmission can be achieved in all three cases, resulting in a net rate up to 11.5 Gbit/s. This also indicates that the constraint of sensing on communication is lifted owing to the DC offset.",198,198,*3.3. mmW wireless communications*,,,meta-llama/llama-4-scout-17b-16e-instruct,NONE,llama-3.3-70b-versatile,NONE,True
O_ISAC_377,4D,complex_field,sophisticated area,fuzzy:88.88888888888889,NONE,"The provided snippet does not contain any information directly related to the concept of 'complex_field'. The text discusses time division multiplexing, radar and communication functions, and various system configurations, but does not explicitly mention or imply a connection to complex fields.","The TDM scheme allocates radar and communication functions at different time slots. In [\[19\]](#page-14-13), an envelope-detector-based JRC system in 300-GHz band was proposed. The radar and communication functions were achieved by alternately coupling an optical on-off keying (OOK) sequence and an optical linear frequency-modulated continuous wave (LFMCW) into a shared uni-traveling-carrier photodiode. Despite the ultra-high carrier frequency, the spatial resolution and communication rate were limited to only 19 cm and 1 Gbit/s, respectively. To simplify the system configuration, a JRC system in W band based on frequency quadrupling was reported [\[20\]](#page-14-18). The frequency quadrupling avoids the involving of an optical local oscillation (LO), but an extra phase precoding algorithm was required. By optimizing the time slots for radar and communication, the spatial resolution of dual-target detection and the communication rate were measured to be 10 cm and 10 Gbit/s, respectively. To generate JRC signal with higher bandwidth, the frequency quadrupling was replaced by coherent up-conversion in [\[21\]](#page-14-14). Although the communication rate was improved to be 46.55 Gbit/s by a sophisticated frequency offset",46,46,*1.1. Time division multiplexing (TDM)*,,,meta-llama/llama-4-scout-17b-16e-instruct,NONE,llama-3.3-70b-versatile,NONE,True
O_ISAC_379,4D,intensity_only,magnitude,lexical,NONE,"The provided snippet does not directly mention or imply the concept of 'intensity_only'. It discusses an experiment setup involving various components like lasers, amplifiers, and detectors, focusing on signal processing and communication performance, without explicitly addressing intensity as the sole factor.","in Fig. 4. The signal should be resampled and synchronized first, and then filtered by a digital low-pass filter to eliminate the LFM signal. To improve communication performance, least mean square equalization was performed. After down-converting, down-sampling, and CP removal, an FFT was used to demodulate the signal, and then calculated the error vector magnitude (EVM) to evaluate the communication performance.",131,131,"<span id=""page-2-0""></span>**2. Principle** > Optics EXPRESS > Optics EXPRESS",,,meta-llama/llama-4-scout-17b-16e-instruct,NONE,llama-3.3-70b-versatile,NONE,True
O_ISAC_381,4D,intensity_only,intensity,fuzzy:88.88888888888889,NONE,"The provided snippet does not mention the concept of intensity_only, which typically refers to a method of communication or signal transmission that relies solely on the intensity of a signal, such as light, to convey information. The text discusses LED display-camera communication (LED-DCC) systems and their applications but does not specifically address the concept of intensity_only.","Unlike conventional optical camera communication (OCC) [\[6\]](#page-10-4), the optical signal transmitting element of LED-DCC is the LED display pixel point, which is constrained by display conditions and has the characteristics of a small, single-point, light-emitting area and low-signal power, limiting the communication performance of LED-DCC. Based on the potential application prospects of DCC, there has been some research carried out on DCC systems that make a trade-off between the visual experience and communication performance, including the data rate and bit error rate (BER) [\[7\]](#page-10-5). In 2016, Nguyen, V. et al. proposed a spatially adaptive embedding scheme, TextureCode, to achieve flicker-free communication by exploiting the low sensitivity of the human visual system in the texturerich region, and also proposed a TextureCode-Hybrid scheme, which is a mix of the HiLight and TextureCode schemes under plain and high-texture blocks, achieving a higher transmission rate [\[8\]](#page-10-6). RainBar [\[9\]](#page-10-7) features a code locator detection and localization scheme to allow flexible frame synchronization and accurate code extraction. ChromaCode [\[10\]](#page-10-8) proposed an outcome-based adaptive embedding scheme, which adapts to both pixel lightness and frame texture. In 2019, RU codes and vRU codes [\[11\]](#page-10-9) were proposed to combine 2D barcodes with images and videos for unobtrusive DCC at high data rates, based on the properties of the human visual system and the concept of a complementary framework. In the DaViD system [\[12\]](#page-10-10), Xu, J. et al. addressed the spatial synchronization problem by utilizing localization patterns for detecting the modulation area and a separate optimization of columns and rows for data resampling. Based on that, clean data frames can be reconstructed by using a slight temporal oversampling. In 2021, Ryu et al. proposed a DCC method based on spatial frequency modulation by hiding data bits through the modulation of the high spatial frequency on the discrete cosine domain, and ""0"" and ""1"" bits are embedded in the transition between blurred and sharpened frames [\[13\]](#page-10-11). In 2022, Klein, J. et al. proposed a frame recovery method based on differential modulation to solve the synchronization problem for the invisible DCC system, in which the original display frames are recovered from asynchronous recordings in the receiver [\[4\]](#page-10-3). To avoid flicker and the resulting interference with the displayed content, these DCC systems use different modulation schemes for the raw pixel intensities of images and videos. Due to the distortion from the interframe interference problem [\[9\]](#page-10-7), the schemes for embedding data in video content are more complex with regard to the design of channel coding and demodulation, which leads to higher computational complexity and difficulty in real-time communication.",42,42,"<span id=""page-0-0""></span>**1. Introduction**",,,meta-llama/llama-4-scout-17b-16e-instruct,NONE,llama-3.3-70b-versatile,NONE,True
O_ISAC_381,4D,json:rx_detection_type,,json,DIRECT,Structured receiver field,,,,,scenario_level[0].receiver.rx_detection_type,direct,json,DIRECT,,,False
O_ISAC_386,4D,json:rx_detection_type,,json,DIRECT,Structured receiver field,,,,,scenario_level[0].receiver.rx_detection_type,direct,json,DIRECT,,,False
O_ISAC_388,4D,imdd,im/dd,lexical,DIRECT,The concept 'imdd' is directly mentioned in the context as 'intensity modulation/direct detection (IM/DD)' which is a key aspect of VLC-CDMA systems.,"The design of the signature codes is extremely important in VLC-CDMA systems. The bipolar codes have been widely used to separate users and eliminate multipath interference and multiple access interference (MAI) among users in RF wireless communications. However, VLC-CDMA systems with intensity modulation/direct detection (IM/DD) require that real unipolar signals should be loaded on LEDs, and thus the bipolar codes suitable for traditional RF wireless communications should not be used directly in VLC communications if bias units are not available. It is not possible to use ""0"" directly to replace ""–1"" in bipolar codes to generate unipolar codes, because the change from ""–1"" to ""0"" may destroy the original correlation properties of the bipolar codes, which increases MAI and undermines system performance [2].",15,15,Introduction,,,meta-llama/llama-4-scout-17b-16e-instruct,INDIRECT,llama-3.3-70b-versatile,DIRECT,True
O_ISAC_388,4D,imdd,im/dd,lexical,DIRECT,"The snippet explicitly mentions 'an indoor VLC scenario with IM/DD', directly referencing the concept 'imdd'.","Digital Object Identifier: 10.1109/MWC.2019.1900071 In an indoor VLC scenario with IM/DD, the transmitter, receiver, and anything in-between are slow moving objects, such that the coherent time of the channel is much longer than a bit duration. Such a channel can be viewed as a linear time-invariant system.",25,25,Introduction,,,meta-llama/llama-4-scout-17b-16e-instruct,DIRECT,,,False
O_ISAC_388,4D,imdd,im/dd,lexical,DIRECT,"The snippet mentions 'an indoor VLC scenario with IM/DD' and provides a detailed explanation of the channel characteristics, directly referencing the concept 'imdd'.","In an indoor VLC scenario with IM/DD, the transmitter, receiver, and anything in-between are slow moving objects, such that the coherent time of the channel is much longer than a bit duration. Such a channel can be viewed as a linear time-invariant system. A fundamental feature of a linear time-invariant system can be characterized by its impulse response h(t). With the given characteristic features of transmitters and receivers, the baseband impulse response for an IM/DD communication channel can be determined.",39,39,Introduction > SYSTEM MODEL > CHANNEL MODEL,,,meta-llama/llama-4-scout-17b-16e-instruct,DIRECT,,,False
O_ISAC_388,4D,imdd,im/dd,lexical,NONE,"The concept 'imdd' is not mentioned in the context, which appears to be a list of references related to VLC and optical wireless communications.","- [7] M. Rahaim and T. D. C. Little, ""Interference in IM/DD Optical Wireless Communication Networks,"" *J. Optical Commun. Networking*, vol. 9, no. 9, Sept. 2017, pp. D51–63.",204,204,References,,,meta-llama/llama-4-scout-17b-16e-instruct,NONE,llama-3.3-70b-versatile,NONE,True
O_ISAC_388,4D,intensity_only,intensity,lexical,NONE,"The text discusses VLC-CDMA systems, multipath interference, and multi-user interference cancellation, but does not directly relate to the concept of intensity_only.","The design of the signature codes is extremely important in VLC-CDMA systems. The bipolar codes have been widely used to separate users and eliminate multipath interference and multiple access interference (MAI) among users in RF wireless communications. However, VLC-CDMA systems with intensity modulation/direct detection (IM/DD) require that real unipolar signals should be loaded on LEDs, and thus the bipolar codes suitable for traditional RF wireless communications should not be used directly in VLC communications if bias units are not available. It is not possible to use ""0"" directly to replace ""–1"" in bipolar codes to generate unipolar codes, because the change from ""–1"" to ""0"" may destroy the original correlation properties of the bipolar codes, which increases MAI and undermines system performance [2].",15,15,Introduction,,,meta-llama/llama-4-scout-17b-16e-instruct,NONE,llama-3.3-70b-versatile,NONE,True
